ISO-10303-21;
HEADER;
/* Generated by software containing ST-Developer
 * from STEP Tools, Inc. (www.steptools.com) 
 */
/* OPTION: strings as raw bytes, not using required /X/ escapes */

FILE_DESCRIPTION(
/* description */ ('Unknown'),
/* implementation_level */ '2;1');

FILE_NAME(
/* name */ 'PD0922J5050S2HF',
/* time_stamp */ '2024-07-05T08:47:48+02:00',
/* author */ ('Unknown'),
/* organization */ ('Unknown'),
/* preprocessor_version */ 'ST-DEVELOPER v18.102',
/* originating_system */ 'Solid Edge',
/* authorisation */ 'Unknown');

FILE_SCHEMA (('AUTOMOTIVE_DESIGN {1 0 10303 214 3 1 1}'));
ENDSEC;

DATA;
#10=PROPERTY_DEFINITION_REPRESENTATION(#14,#12);
#11=PROPERTY_DEFINITION_REPRESENTATION(#15,#13);
#12=REPRESENTATION('',(#16),#2730);
#13=REPRESENTATION('',(#17),#2730);
#14=PROPERTY_DEFINITION('pmi validation property','',#2735);
#15=PROPERTY_DEFINITION('pmi validation property','',#2735);
#16=VALUE_REPRESENTATION_ITEM('number of annotations',COUNT_MEASURE(0.));
#17=VALUE_REPRESENTATION_ITEM('number of views',COUNT_MEASURE(0.));
#18=SHAPE_REPRESENTATION_RELATIONSHIP('','',#1821,#19);
#19=ADVANCED_BREP_SHAPE_REPRESENTATION('',(#1819),#2730);
#20=CYLINDRICAL_SURFACE('',#1888,0.025);
#21=CYLINDRICAL_SURFACE('',#1890,0.025);
#22=CYLINDRICAL_SURFACE('',#1892,0.025);
#23=CYLINDRICAL_SURFACE('',#1894,0.025);
#24=CYLINDRICAL_SURFACE('',#1896,0.025);
#25=CYLINDRICAL_SURFACE('',#1898,0.025);
#26=CYLINDRICAL_SURFACE('',#1900,0.025);
#27=CYLINDRICAL_SURFACE('',#1902,0.025);
#28=CYLINDRICAL_SURFACE('',#1909,0.025);
#29=CYLINDRICAL_SURFACE('',#1911,0.025);
#30=CYLINDRICAL_SURFACE('',#1913,0.025);
#31=CYLINDRICAL_SURFACE('',#1915,0.025);
#32=CYLINDRICAL_SURFACE('',#1923,0.025);
#33=CYLINDRICAL_SURFACE('',#1925,0.025);
#34=CYLINDRICAL_SURFACE('',#1927,0.025);
#35=CYLINDRICAL_SURFACE('',#1929,0.025);
#36=CYLINDRICAL_SURFACE('',#1935,0.025);
#37=CYLINDRICAL_SURFACE('',#1937,0.025);
#38=CYLINDRICAL_SURFACE('',#1939,0.025);
#39=CYLINDRICAL_SURFACE('',#1941,0.025);
#40=CYLINDRICAL_SURFACE('',#1948,0.025);
#41=CYLINDRICAL_SURFACE('',#1950,0.025);
#42=CYLINDRICAL_SURFACE('',#1952,0.025);
#43=CYLINDRICAL_SURFACE('',#1954,0.025);
#44=CYLINDRICAL_SURFACE('',#1956,0.0875);
#45=CYLINDRICAL_SURFACE('',#1959,0.0875);
#46=B_SPLINE_CURVE_WITH_KNOTS('',3,(#2422,#2423,#2424,#2425,#2426,#2427,
#2428,#2429,#2430,#2431,#2432),.UNSPECIFIED.,.T.,.F.,(1,1,1,1,1,1,1,1,1,
1,1,1,1,1,1),(-0.3815789453125,-0.256578947265625,-0.131578947363281,0.,
0.11875,0.2434375,0.368421875,0.49342109375,0.6184210546875,0.743421052734375,
0.868421052636719,1.,1.11875,1.2434375,1.368421875),.UNSPECIFIED.);
#47=DRAUGHTING_PRE_DEFINED_COLOUR('white');
#48=LINE('',#2361,#156);
#49=LINE('',#2365,#157);
#50=LINE('',#2369,#158);
#51=LINE('',#2373,#159);
#52=LINE('',#2384,#160);
#53=LINE('',#2388,#161);
#54=LINE('',#2392,#162);
#55=LINE('',#2396,#163);
#56=LINE('',#2434,#164);
#57=LINE('',#2439,#165);
#58=LINE('',#2443,#166);
#59=LINE('',#2447,#167);
#60=LINE('',#2450,#168);
#61=LINE('',#2455,#169);
#62=LINE('',#2459,#170);
#63=LINE('',#2463,#171);
#64=LINE('',#2469,#172);
#65=LINE('',#2473,#173);
#66=LINE('',#2477,#174);
#67=LINE('',#2481,#175);
#68=LINE('',#2485,#176);
#69=LINE('',#2489,#177);
#70=LINE('',#2493,#178);
#71=LINE('',#2497,#179);
#72=LINE('',#2501,#180);
#73=LINE('',#2505,#181);
#74=LINE('',#2509,#182);
#75=LINE('',#2513,#183);
#76=LINE('',#2514,#184);
#77=LINE('',#2517,#185);
#78=LINE('',#2519,#186);
#79=LINE('',#2521,#187);
#80=LINE('',#2525,#188);
#81=LINE('',#2529,#189);
#82=LINE('',#2533,#190);
#83=LINE('',#2537,#191);
#84=LINE('',#2539,#192);
#85=LINE('',#2541,#193);
#86=LINE('',#2543,#194);
#87=LINE('',#2545,#195);
#88=LINE('',#2547,#196);
#89=LINE('',#2549,#197);
#90=LINE('',#2551,#198);
#91=LINE('',#2553,#199);
#92=LINE('',#2558,#200);
#93=LINE('',#2559,#201);
#94=LINE('',#2561,#202);
#95=LINE('',#2563,#203);
#96=LINE('',#2565,#204);
#97=LINE('',#2567,#205);
#98=LINE('',#2569,#206);
#99=LINE('',#2571,#207);
#100=LINE('',#2574,#208);
#101=LINE('',#2575,#209);
#102=LINE('',#2577,#210);
#103=LINE('',#2579,#211);
#104=LINE('',#2581,#212);
#105=LINE('',#2583,#213);
#106=LINE('',#2585,#214);
#107=LINE('',#2587,#215);
#108=LINE('',#2590,#216);
#109=LINE('',#2595,#217);
#110=LINE('',#2599,#218);
#111=LINE('',#2603,#219);
#112=LINE('',#2607,#220);
#113=LINE('',#2608,#221);
#114=LINE('',#2610,#222);
#115=LINE('',#2612,#223);
#116=LINE('',#2614,#224);
#117=LINE('',#2616,#225);
#118=LINE('',#2618,#226);
#119=LINE('',#2620,#227);
#120=LINE('',#2623,#228);
#121=LINE('',#2628,#229);
#122=LINE('',#2632,#230);
#123=LINE('',#2636,#231);
#124=LINE('',#2640,#232);
#125=LINE('',#2641,#233);
#126=LINE('',#2643,#234);
#127=LINE('',#2645,#235);
#128=LINE('',#2647,#236);
#129=LINE('',#2649,#237);
#130=LINE('',#2651,#238);
#131=LINE('',#2653,#239);
#132=LINE('',#2659,#240);
#133=LINE('',#2663,#241);
#134=LINE('',#2667,#242);
#135=LINE('',#2671,#243);
#136=LINE('',#2673,#244);
#137=LINE('',#2674,#245);
#138=LINE('',#2676,#246);
#139=LINE('',#2678,#247);
#140=LINE('',#2680,#248);
#141=LINE('',#2682,#249);
#142=LINE('',#2684,#250);
#143=LINE('',#2686,#251);
#144=LINE('',#2692,#252);
#145=LINE('',#2696,#253);
#146=LINE('',#2700,#254);
#147=LINE('',#2704,#255);
#148=LINE('',#2706,#256);
#149=LINE('',#2707,#257);
#150=LINE('',#2709,#258);
#151=LINE('',#2711,#259);
#152=LINE('',#2713,#260);
#153=LINE('',#2715,#261);
#154=LINE('',#2717,#262);
#155=LINE('',#2719,#263);
#156=VECTOR('',#1976,1000.);
#157=VECTOR('',#1979,1000.);
#158=VECTOR('',#1982,1000.);
#159=VECTOR('',#1985,1000.);
#160=VECTOR('',#1998,1000.);
#161=VECTOR('',#2001,1000.);
#162=VECTOR('',#2004,1000.);
#163=VECTOR('',#2007,1000.);
#164=VECTOR('',#2042,1000.);
#165=VECTOR('',#2045,1000.);
#166=VECTOR('',#2048,1000.);
#167=VECTOR('',#2051,1000.);
#168=VECTOR('',#2054,1000.);
#169=VECTOR('',#2057,1000.);
#170=VECTOR('',#2060,1000.);
#171=VECTOR('',#2063,1000.);
#172=VECTOR('',#2068,1000.);
#173=VECTOR('',#2071,1000.);
#174=VECTOR('',#2074,1000.);
#175=VECTOR('',#2077,1000.);
#176=VECTOR('',#2080,1000.);
#177=VECTOR('',#2083,1000.);
#178=VECTOR('',#2086,1000.);
#179=VECTOR('',#2089,1000.);
#180=VECTOR('',#2092,1000.);
#181=VECTOR('',#2095,1000.);
#182=VECTOR('',#2098,1000.);
#183=VECTOR('',#2101,1000.);
#184=VECTOR('',#2102,1000.);
#185=VECTOR('',#2103,1000.);
#186=VECTOR('',#2104,1000.);
#187=VECTOR('',#2105,1000.);
#188=VECTOR('',#2108,1000.);
#189=VECTOR('',#2111,1000.);
#190=VECTOR('',#2114,1000.);
#191=VECTOR('',#2117,1000.);
#192=VECTOR('',#2120,1000.);
#193=VECTOR('',#2121,1000.);
#194=VECTOR('',#2122,1000.);
#195=VECTOR('',#2125,1000.);
#196=VECTOR('',#2126,1000.);
#197=VECTOR('',#2129,1000.);
#198=VECTOR('',#2130,1000.);
#199=VECTOR('',#2133,1000.);
#200=VECTOR('',#2140,1000.);
#201=VECTOR('',#2141,1000.);
#202=VECTOR('',#2144,1000.);
#203=VECTOR('',#2147,1000.);
#204=VECTOR('',#2150,1000.);
#205=VECTOR('',#2153,1000.);
#206=VECTOR('',#2156,1000.);
#207=VECTOR('',#2159,1000.);
#208=VECTOR('',#2164,1000.);
#209=VECTOR('',#2165,1000.);
#210=VECTOR('',#2168,1000.);
#211=VECTOR('',#2171,1000.);
#212=VECTOR('',#2174,1000.);
#213=VECTOR('',#2177,1000.);
#214=VECTOR('',#2180,1000.);
#215=VECTOR('',#2183,1000.);
#216=VECTOR('',#2188,1000.);
#217=VECTOR('',#2191,1000.);
#218=VECTOR('',#2194,1000.);
#219=VECTOR('',#2197,1000.);
#220=VECTOR('',#2202,1000.);
#221=VECTOR('',#2203,1000.);
#222=VECTOR('',#2206,1000.);
#223=VECTOR('',#2209,1000.);
#224=VECTOR('',#2212,1000.);
#225=VECTOR('',#2215,1000.);
#226=VECTOR('',#2218,1000.);
#227=VECTOR('',#2221,1000.);
#228=VECTOR('',#2226,1000.);
#229=VECTOR('',#2229,1000.);
#230=VECTOR('',#2232,1000.);
#231=VECTOR('',#2235,1000.);
#232=VECTOR('',#2240,1000.);
#233=VECTOR('',#2241,1000.);
#234=VECTOR('',#2244,1000.);
#235=VECTOR('',#2247,1000.);
#236=VECTOR('',#2250,1000.);
#237=VECTOR('',#2253,1000.);
#238=VECTOR('',#2256,1000.);
#239=VECTOR('',#2259,1000.);
#240=VECTOR('',#2266,1000.);
#241=VECTOR('',#2269,1000.);
#242=VECTOR('',#2272,1000.);
#243=VECTOR('',#2275,1000.);
#244=VECTOR('',#2278,1000.);
#245=VECTOR('',#2279,1000.);
#246=VECTOR('',#2282,1000.);
#247=VECTOR('',#2285,1000.);
#248=VECTOR('',#2288,1000.);
#249=VECTOR('',#2291,1000.);
#250=VECTOR('',#2294,1000.);
#251=VECTOR('',#2297,1000.);
#252=VECTOR('',#2304,1000.);
#253=VECTOR('',#2307,1000.);
#254=VECTOR('',#2310,1000.);
#255=VECTOR('',#2313,1000.);
#256=VECTOR('',#2316,1000.);
#257=VECTOR('',#2317,1000.);
#258=VECTOR('',#2320,1000.);
#259=VECTOR('',#2323,1000.);
#260=VECTOR('',#2326,1000.);
#261=VECTOR('',#2329,1000.);
#262=VECTOR('',#2332,1000.);
#263=VECTOR('',#2335,1000.);
#264=TOROIDAL_SURFACE('',#1825,0.0377016552308534,0.0141750000000002);
#265=TOROIDAL_SURFACE('',#1834,0.0377016552308534,0.0141750000000002);
#266=TOROIDAL_SURFACE('',#1841,0.0377016552308534,0.0141750000000002);
#267=TOROIDAL_SURFACE('',#1845,0.0377016552308534,0.0141750000000002);
#268=TOROIDAL_SURFACE('',#1849,0.0377016552308534,0.0141750000000002);
#269=TOROIDAL_SURFACE('',#1853,0.0377016552308534,0.0141750000000002);
#270=ORIENTED_EDGE('',*,*,#614,.T.);
#271=ORIENTED_EDGE('',*,*,#615,.F.);
#272=ORIENTED_EDGE('',*,*,#614,.F.);
#273=ORIENTED_EDGE('',*,*,#616,.T.);
#274=ORIENTED_EDGE('',*,*,#617,.T.);
#275=ORIENTED_EDGE('',*,*,#618,.T.);
#276=ORIENTED_EDGE('',*,*,#619,.T.);
#277=ORIENTED_EDGE('',*,*,#620,.T.);
#278=ORIENTED_EDGE('',*,*,#621,.T.);
#279=ORIENTED_EDGE('',*,*,#622,.T.);
#280=ORIENTED_EDGE('',*,*,#623,.T.);
#281=ORIENTED_EDGE('',*,*,#615,.T.);
#282=ORIENTED_EDGE('',*,*,#624,.T.);
#283=ORIENTED_EDGE('',*,*,#625,.F.);
#284=ORIENTED_EDGE('',*,*,#624,.F.);
#285=ORIENTED_EDGE('',*,*,#626,.T.);
#286=ORIENTED_EDGE('',*,*,#627,.T.);
#287=ORIENTED_EDGE('',*,*,#628,.T.);
#288=ORIENTED_EDGE('',*,*,#629,.T.);
#289=ORIENTED_EDGE('',*,*,#630,.T.);
#290=ORIENTED_EDGE('',*,*,#631,.T.);
#291=ORIENTED_EDGE('',*,*,#632,.T.);
#292=ORIENTED_EDGE('',*,*,#633,.T.);
#293=ORIENTED_EDGE('',*,*,#625,.T.);
#294=ORIENTED_EDGE('',*,*,#634,.F.);
#295=ORIENTED_EDGE('',*,*,#635,.T.);
#296=ORIENTED_EDGE('',*,*,#634,.T.);
#297=ORIENTED_EDGE('',*,*,#636,.F.);
#298=ORIENTED_EDGE('',*,*,#637,.T.);
#299=ORIENTED_EDGE('',*,*,#636,.T.);
#300=ORIENTED_EDGE('',*,*,#638,.F.);
#301=ORIENTED_EDGE('',*,*,#639,.T.);
#302=ORIENTED_EDGE('',*,*,#638,.T.);
#303=ORIENTED_EDGE('',*,*,#640,.F.);
#304=ORIENTED_EDGE('',*,*,#641,.T.);
#305=ORIENTED_EDGE('',*,*,#640,.T.);
#306=ORIENTED_EDGE('',*,*,#642,.T.);
#307=ORIENTED_EDGE('',*,*,#643,.T.);
#308=ORIENTED_EDGE('',*,*,#644,.T.);
#309=ORIENTED_EDGE('',*,*,#645,.T.);
#310=ORIENTED_EDGE('',*,*,#646,.T.);
#311=ORIENTED_EDGE('',*,*,#647,.T.);
#312=ORIENTED_EDGE('',*,*,#648,.T.);
#313=ORIENTED_EDGE('',*,*,#649,.T.);
#314=ORIENTED_EDGE('',*,*,#650,.T.);
#315=ORIENTED_EDGE('',*,*,#651,.T.);
#316=ORIENTED_EDGE('',*,*,#652,.T.);
#317=ORIENTED_EDGE('',*,*,#653,.T.);
#318=ORIENTED_EDGE('',*,*,#654,.T.);
#319=ORIENTED_EDGE('',*,*,#655,.T.);
#320=ORIENTED_EDGE('',*,*,#656,.T.);
#321=ORIENTED_EDGE('',*,*,#657,.T.);
#322=ORIENTED_EDGE('',*,*,#658,.T.);
#323=ORIENTED_EDGE('',*,*,#659,.T.);
#324=ORIENTED_EDGE('',*,*,#660,.T.);
#325=ORIENTED_EDGE('',*,*,#661,.T.);
#326=ORIENTED_EDGE('',*,*,#662,.T.);
#327=ORIENTED_EDGE('',*,*,#663,.T.);
#328=ORIENTED_EDGE('',*,*,#664,.T.);
#329=ORIENTED_EDGE('',*,*,#665,.T.);
#330=ORIENTED_EDGE('',*,*,#666,.T.);
#331=ORIENTED_EDGE('',*,*,#667,.T.);
#332=ORIENTED_EDGE('',*,*,#668,.T.);
#333=ORIENTED_EDGE('',*,*,#669,.T.);
#334=ORIENTED_EDGE('',*,*,#670,.T.);
#335=ORIENTED_EDGE('',*,*,#671,.T.);
#336=ORIENTED_EDGE('',*,*,#672,.T.);
#337=ORIENTED_EDGE('',*,*,#673,.T.);
#338=ORIENTED_EDGE('',*,*,#674,.T.);
#339=ORIENTED_EDGE('',*,*,#675,.F.);
#340=ORIENTED_EDGE('',*,*,#676,.F.);
#341=ORIENTED_EDGE('',*,*,#677,.F.);
#342=ORIENTED_EDGE('',*,*,#678,.F.);
#343=ORIENTED_EDGE('',*,*,#679,.F.);
#344=ORIENTED_EDGE('',*,*,#680,.F.);
#345=ORIENTED_EDGE('',*,*,#681,.F.);
#346=ORIENTED_EDGE('',*,*,#682,.F.);
#347=ORIENTED_EDGE('',*,*,#683,.F.);
#348=ORIENTED_EDGE('',*,*,#684,.F.);
#349=ORIENTED_EDGE('',*,*,#685,.F.);
#350=ORIENTED_EDGE('',*,*,#686,.F.);
#351=ORIENTED_EDGE('',*,*,#687,.F.);
#352=ORIENTED_EDGE('',*,*,#688,.F.);
#353=ORIENTED_EDGE('',*,*,#689,.F.);
#354=ORIENTED_EDGE('',*,*,#690,.F.);
#355=ORIENTED_EDGE('',*,*,#691,.F.);
#356=ORIENTED_EDGE('',*,*,#692,.F.);
#357=ORIENTED_EDGE('',*,*,#693,.F.);
#358=ORIENTED_EDGE('',*,*,#694,.F.);
#359=ORIENTED_EDGE('',*,*,#683,.T.);
#360=ORIENTED_EDGE('',*,*,#695,.F.);
#361=ORIENTED_EDGE('',*,*,#696,.F.);
#362=ORIENTED_EDGE('',*,*,#697,.T.);
#363=ORIENTED_EDGE('',*,*,#686,.T.);
#364=ORIENTED_EDGE('',*,*,#698,.F.);
#365=ORIENTED_EDGE('',*,*,#699,.F.);
#366=ORIENTED_EDGE('',*,*,#695,.T.);
#367=ORIENTED_EDGE('',*,*,#685,.T.);
#368=ORIENTED_EDGE('',*,*,#700,.F.);
#369=ORIENTED_EDGE('',*,*,#701,.F.);
#370=ORIENTED_EDGE('',*,*,#698,.T.);
#371=ORIENTED_EDGE('',*,*,#684,.T.);
#372=ORIENTED_EDGE('',*,*,#697,.F.);
#373=ORIENTED_EDGE('',*,*,#702,.F.);
#374=ORIENTED_EDGE('',*,*,#700,.T.);
#375=ORIENTED_EDGE('',*,*,#703,.F.);
#376=ORIENTED_EDGE('',*,*,#696,.T.);
#377=ORIENTED_EDGE('',*,*,#699,.T.);
#378=ORIENTED_EDGE('',*,*,#701,.T.);
#379=ORIENTED_EDGE('',*,*,#702,.T.);
#380=ORIENTED_EDGE('',*,*,#675,.T.);
#381=ORIENTED_EDGE('',*,*,#704,.F.);
#382=ORIENTED_EDGE('',*,*,#616,.F.);
#383=ORIENTED_EDGE('',*,*,#705,.T.);
#384=ORIENTED_EDGE('',*,*,#682,.T.);
#385=ORIENTED_EDGE('',*,*,#706,.F.);
#386=ORIENTED_EDGE('',*,*,#617,.F.);
#387=ORIENTED_EDGE('',*,*,#704,.T.);
#388=ORIENTED_EDGE('',*,*,#681,.T.);
#389=ORIENTED_EDGE('',*,*,#707,.F.);
#390=ORIENTED_EDGE('',*,*,#618,.F.);
#391=ORIENTED_EDGE('',*,*,#706,.T.);
#392=ORIENTED_EDGE('',*,*,#680,.T.);
#393=ORIENTED_EDGE('',*,*,#708,.F.);
#394=ORIENTED_EDGE('',*,*,#619,.F.);
#395=ORIENTED_EDGE('',*,*,#707,.T.);
#396=ORIENTED_EDGE('',*,*,#679,.T.);
#397=ORIENTED_EDGE('',*,*,#709,.F.);
#398=ORIENTED_EDGE('',*,*,#620,.F.);
#399=ORIENTED_EDGE('',*,*,#708,.T.);
#400=ORIENTED_EDGE('',*,*,#678,.T.);
#401=ORIENTED_EDGE('',*,*,#710,.F.);
#402=ORIENTED_EDGE('',*,*,#621,.F.);
#403=ORIENTED_EDGE('',*,*,#709,.T.);
#404=ORIENTED_EDGE('',*,*,#677,.T.);
#405=ORIENTED_EDGE('',*,*,#711,.F.);
#406=ORIENTED_EDGE('',*,*,#622,.F.);
#407=ORIENTED_EDGE('',*,*,#710,.T.);
#408=ORIENTED_EDGE('',*,*,#676,.T.);
#409=ORIENTED_EDGE('',*,*,#705,.F.);
#410=ORIENTED_EDGE('',*,*,#623,.F.);
#411=ORIENTED_EDGE('',*,*,#711,.T.);
#412=ORIENTED_EDGE('',*,*,#687,.T.);
#413=ORIENTED_EDGE('',*,*,#712,.F.);
#414=ORIENTED_EDGE('',*,*,#626,.F.);
#415=ORIENTED_EDGE('',*,*,#713,.T.);
#416=ORIENTED_EDGE('',*,*,#694,.T.);
#417=ORIENTED_EDGE('',*,*,#714,.F.);
#418=ORIENTED_EDGE('',*,*,#627,.F.);
#419=ORIENTED_EDGE('',*,*,#712,.T.);
#420=ORIENTED_EDGE('',*,*,#693,.T.);
#421=ORIENTED_EDGE('',*,*,#715,.F.);
#422=ORIENTED_EDGE('',*,*,#628,.F.);
#423=ORIENTED_EDGE('',*,*,#714,.T.);
#424=ORIENTED_EDGE('',*,*,#692,.T.);
#425=ORIENTED_EDGE('',*,*,#716,.F.);
#426=ORIENTED_EDGE('',*,*,#629,.F.);
#427=ORIENTED_EDGE('',*,*,#715,.T.);
#428=ORIENTED_EDGE('',*,*,#691,.T.);
#429=ORIENTED_EDGE('',*,*,#717,.F.);
#430=ORIENTED_EDGE('',*,*,#630,.F.);
#431=ORIENTED_EDGE('',*,*,#716,.T.);
#432=ORIENTED_EDGE('',*,*,#690,.T.);
#433=ORIENTED_EDGE('',*,*,#718,.F.);
#434=ORIENTED_EDGE('',*,*,#631,.F.);
#435=ORIENTED_EDGE('',*,*,#717,.T.);
#436=ORIENTED_EDGE('',*,*,#689,.T.);
#437=ORIENTED_EDGE('',*,*,#719,.F.);
#438=ORIENTED_EDGE('',*,*,#632,.F.);
#439=ORIENTED_EDGE('',*,*,#718,.T.);
#440=ORIENTED_EDGE('',*,*,#688,.T.);
#441=ORIENTED_EDGE('',*,*,#713,.F.);
#442=ORIENTED_EDGE('',*,*,#633,.F.);
#443=ORIENTED_EDGE('',*,*,#719,.T.);
#444=ORIENTED_EDGE('',*,*,#641,.F.);
#445=ORIENTED_EDGE('',*,*,#720,.F.);
#446=ORIENTED_EDGE('',*,*,#721,.F.);
#447=ORIENTED_EDGE('',*,*,#722,.F.);
#448=ORIENTED_EDGE('',*,*,#723,.F.);
#449=ORIENTED_EDGE('',*,*,#724,.F.);
#450=ORIENTED_EDGE('',*,*,#725,.F.);
#451=ORIENTED_EDGE('',*,*,#726,.F.);
#452=ORIENTED_EDGE('',*,*,#727,.F.);
#453=ORIENTED_EDGE('',*,*,#669,.F.);
#454=ORIENTED_EDGE('',*,*,#728,.F.);
#455=ORIENTED_EDGE('',*,*,#727,.T.);
#456=ORIENTED_EDGE('',*,*,#729,.T.);
#457=ORIENTED_EDGE('',*,*,#670,.F.);
#458=ORIENTED_EDGE('',*,*,#729,.F.);
#459=ORIENTED_EDGE('',*,*,#726,.T.);
#460=ORIENTED_EDGE('',*,*,#730,.T.);
#461=ORIENTED_EDGE('',*,*,#671,.F.);
#462=ORIENTED_EDGE('',*,*,#730,.F.);
#463=ORIENTED_EDGE('',*,*,#725,.T.);
#464=ORIENTED_EDGE('',*,*,#731,.T.);
#465=ORIENTED_EDGE('',*,*,#672,.F.);
#466=ORIENTED_EDGE('',*,*,#731,.F.);
#467=ORIENTED_EDGE('',*,*,#724,.T.);
#468=ORIENTED_EDGE('',*,*,#732,.T.);
#469=ORIENTED_EDGE('',*,*,#673,.F.);
#470=ORIENTED_EDGE('',*,*,#732,.F.);
#471=ORIENTED_EDGE('',*,*,#723,.T.);
#472=ORIENTED_EDGE('',*,*,#733,.T.);
#473=ORIENTED_EDGE('',*,*,#674,.F.);
#474=ORIENTED_EDGE('',*,*,#733,.F.);
#475=ORIENTED_EDGE('',*,*,#722,.T.);
#476=ORIENTED_EDGE('',*,*,#734,.T.);
#477=ORIENTED_EDGE('',*,*,#667,.F.);
#478=ORIENTED_EDGE('',*,*,#734,.F.);
#479=ORIENTED_EDGE('',*,*,#721,.T.);
#480=ORIENTED_EDGE('',*,*,#735,.T.);
#481=ORIENTED_EDGE('',*,*,#668,.F.);
#482=ORIENTED_EDGE('',*,*,#735,.F.);
#483=ORIENTED_EDGE('',*,*,#720,.T.);
#484=ORIENTED_EDGE('',*,*,#728,.T.);
#485=ORIENTED_EDGE('',*,*,#637,.F.);
#486=ORIENTED_EDGE('',*,*,#736,.F.);
#487=ORIENTED_EDGE('',*,*,#737,.F.);
#488=ORIENTED_EDGE('',*,*,#738,.F.);
#489=ORIENTED_EDGE('',*,*,#739,.F.);
#490=ORIENTED_EDGE('',*,*,#740,.F.);
#491=ORIENTED_EDGE('',*,*,#741,.F.);
#492=ORIENTED_EDGE('',*,*,#742,.F.);
#493=ORIENTED_EDGE('',*,*,#743,.F.);
#494=ORIENTED_EDGE('',*,*,#660,.F.);
#495=ORIENTED_EDGE('',*,*,#744,.F.);
#496=ORIENTED_EDGE('',*,*,#736,.T.);
#497=ORIENTED_EDGE('',*,*,#745,.T.);
#498=ORIENTED_EDGE('',*,*,#661,.F.);
#499=ORIENTED_EDGE('',*,*,#745,.F.);
#500=ORIENTED_EDGE('',*,*,#743,.T.);
#501=ORIENTED_EDGE('',*,*,#746,.T.);
#502=ORIENTED_EDGE('',*,*,#662,.F.);
#503=ORIENTED_EDGE('',*,*,#746,.F.);
#504=ORIENTED_EDGE('',*,*,#742,.T.);
#505=ORIENTED_EDGE('',*,*,#747,.T.);
#506=ORIENTED_EDGE('',*,*,#663,.F.);
#507=ORIENTED_EDGE('',*,*,#747,.F.);
#508=ORIENTED_EDGE('',*,*,#741,.T.);
#509=ORIENTED_EDGE('',*,*,#748,.T.);
#510=ORIENTED_EDGE('',*,*,#664,.F.);
#511=ORIENTED_EDGE('',*,*,#748,.F.);
#512=ORIENTED_EDGE('',*,*,#740,.T.);
#513=ORIENTED_EDGE('',*,*,#749,.T.);
#514=ORIENTED_EDGE('',*,*,#665,.F.);
#515=ORIENTED_EDGE('',*,*,#749,.F.);
#516=ORIENTED_EDGE('',*,*,#739,.T.);
#517=ORIENTED_EDGE('',*,*,#750,.T.);
#518=ORIENTED_EDGE('',*,*,#666,.F.);
#519=ORIENTED_EDGE('',*,*,#750,.F.);
#520=ORIENTED_EDGE('',*,*,#738,.T.);
#521=ORIENTED_EDGE('',*,*,#751,.T.);
#522=ORIENTED_EDGE('',*,*,#659,.F.);
#523=ORIENTED_EDGE('',*,*,#751,.F.);
#524=ORIENTED_EDGE('',*,*,#737,.T.);
#525=ORIENTED_EDGE('',*,*,#744,.T.);
#526=ORIENTED_EDGE('',*,*,#635,.F.);
#527=ORIENTED_EDGE('',*,*,#752,.F.);
#528=ORIENTED_EDGE('',*,*,#753,.F.);
#529=ORIENTED_EDGE('',*,*,#754,.F.);
#530=ORIENTED_EDGE('',*,*,#755,.F.);
#531=ORIENTED_EDGE('',*,*,#756,.F.);
#532=ORIENTED_EDGE('',*,*,#757,.F.);
#533=ORIENTED_EDGE('',*,*,#758,.F.);
#534=ORIENTED_EDGE('',*,*,#759,.F.);
#535=ORIENTED_EDGE('',*,*,#652,.F.);
#536=ORIENTED_EDGE('',*,*,#760,.F.);
#537=ORIENTED_EDGE('',*,*,#752,.T.);
#538=ORIENTED_EDGE('',*,*,#761,.T.);
#539=ORIENTED_EDGE('',*,*,#653,.F.);
#540=ORIENTED_EDGE('',*,*,#761,.F.);
#541=ORIENTED_EDGE('',*,*,#759,.T.);
#542=ORIENTED_EDGE('',*,*,#762,.T.);
#543=ORIENTED_EDGE('',*,*,#654,.F.);
#544=ORIENTED_EDGE('',*,*,#762,.F.);
#545=ORIENTED_EDGE('',*,*,#758,.T.);
#546=ORIENTED_EDGE('',*,*,#763,.T.);
#547=ORIENTED_EDGE('',*,*,#655,.F.);
#548=ORIENTED_EDGE('',*,*,#763,.F.);
#549=ORIENTED_EDGE('',*,*,#757,.T.);
#550=ORIENTED_EDGE('',*,*,#764,.T.);
#551=ORIENTED_EDGE('',*,*,#656,.F.);
#552=ORIENTED_EDGE('',*,*,#764,.F.);
#553=ORIENTED_EDGE('',*,*,#756,.T.);
#554=ORIENTED_EDGE('',*,*,#765,.T.);
#555=ORIENTED_EDGE('',*,*,#657,.F.);
#556=ORIENTED_EDGE('',*,*,#765,.F.);
#557=ORIENTED_EDGE('',*,*,#755,.T.);
#558=ORIENTED_EDGE('',*,*,#766,.T.);
#559=ORIENTED_EDGE('',*,*,#658,.F.);
#560=ORIENTED_EDGE('',*,*,#766,.F.);
#561=ORIENTED_EDGE('',*,*,#754,.T.);
#562=ORIENTED_EDGE('',*,*,#767,.T.);
#563=ORIENTED_EDGE('',*,*,#651,.F.);
#564=ORIENTED_EDGE('',*,*,#767,.F.);
#565=ORIENTED_EDGE('',*,*,#753,.T.);
#566=ORIENTED_EDGE('',*,*,#760,.T.);
#567=ORIENTED_EDGE('',*,*,#639,.F.);
#568=ORIENTED_EDGE('',*,*,#768,.F.);
#569=ORIENTED_EDGE('',*,*,#769,.F.);
#570=ORIENTED_EDGE('',*,*,#770,.F.);
#571=ORIENTED_EDGE('',*,*,#771,.F.);
#572=ORIENTED_EDGE('',*,*,#772,.F.);
#573=ORIENTED_EDGE('',*,*,#773,.F.);
#574=ORIENTED_EDGE('',*,*,#774,.F.);
#575=ORIENTED_EDGE('',*,*,#775,.F.);
#576=ORIENTED_EDGE('',*,*,#644,.F.);
#577=ORIENTED_EDGE('',*,*,#776,.F.);
#578=ORIENTED_EDGE('',*,*,#768,.T.);
#579=ORIENTED_EDGE('',*,*,#777,.T.);
#580=ORIENTED_EDGE('',*,*,#645,.F.);
#581=ORIENTED_EDGE('',*,*,#777,.F.);
#582=ORIENTED_EDGE('',*,*,#775,.T.);
#583=ORIENTED_EDGE('',*,*,#778,.T.);
#584=ORIENTED_EDGE('',*,*,#646,.F.);
#585=ORIENTED_EDGE('',*,*,#778,.F.);
#586=ORIENTED_EDGE('',*,*,#774,.T.);
#587=ORIENTED_EDGE('',*,*,#779,.T.);
#588=ORIENTED_EDGE('',*,*,#647,.F.);
#589=ORIENTED_EDGE('',*,*,#779,.F.);
#590=ORIENTED_EDGE('',*,*,#773,.T.);
#591=ORIENTED_EDGE('',*,*,#780,.T.);
#592=ORIENTED_EDGE('',*,*,#648,.F.);
#593=ORIENTED_EDGE('',*,*,#780,.F.);
#594=ORIENTED_EDGE('',*,*,#772,.T.);
#595=ORIENTED_EDGE('',*,*,#781,.T.);
#596=ORIENTED_EDGE('',*,*,#649,.F.);
#597=ORIENTED_EDGE('',*,*,#781,.F.);
#598=ORIENTED_EDGE('',*,*,#771,.T.);
#599=ORIENTED_EDGE('',*,*,#782,.T.);
#600=ORIENTED_EDGE('',*,*,#650,.F.);
#601=ORIENTED_EDGE('',*,*,#782,.F.);
#602=ORIENTED_EDGE('',*,*,#770,.T.);
#603=ORIENTED_EDGE('',*,*,#783,.T.);
#604=ORIENTED_EDGE('',*,*,#643,.F.);
#605=ORIENTED_EDGE('',*,*,#783,.F.);
#606=ORIENTED_EDGE('',*,*,#769,.T.);
#607=ORIENTED_EDGE('',*,*,#776,.T.);
#608=ORIENTED_EDGE('',*,*,#784,.T.);
#609=ORIENTED_EDGE('',*,*,#642,.F.);
#610=ORIENTED_EDGE('',*,*,#784,.F.);
#611=ORIENTED_EDGE('',*,*,#703,.T.);
#612=ORIENTED_EDGE('',*,*,#785,.F.);
#613=ORIENTED_EDGE('',*,*,#785,.T.);
#614=EDGE_CURVE('',#786,#786,#906,.F.);
#615=EDGE_CURVE('',#787,#787,#907,.F.);
#616=EDGE_CURVE('',#788,#789,#908,.T.);
#617=EDGE_CURVE('',#789,#790,#48,.T.);
#618=EDGE_CURVE('',#790,#791,#909,.T.);
#619=EDGE_CURVE('',#791,#792,#49,.T.);
#620=EDGE_CURVE('',#792,#793,#910,.T.);
#621=EDGE_CURVE('',#793,#794,#50,.T.);
#622=EDGE_CURVE('',#794,#795,#911,.T.);
#623=EDGE_CURVE('',#795,#788,#51,.T.);
#624=EDGE_CURVE('',#796,#796,#912,.F.);
#625=EDGE_CURVE('',#797,#797,#913,.F.);
#626=EDGE_CURVE('',#798,#799,#914,.T.);
#627=EDGE_CURVE('',#799,#800,#52,.T.);
#628=EDGE_CURVE('',#800,#801,#915,.T.);
#629=EDGE_CURVE('',#801,#802,#53,.T.);
#630=EDGE_CURVE('',#802,#803,#916,.T.);
#631=EDGE_CURVE('',#803,#804,#54,.T.);
#632=EDGE_CURVE('',#804,#805,#917,.T.);
#633=EDGE_CURVE('',#805,#798,#55,.T.);
#634=EDGE_CURVE('',#806,#806,#918,.F.);
#635=EDGE_CURVE('',#807,#807,#919,.F.);
#636=EDGE_CURVE('',#808,#808,#920,.F.);
#637=EDGE_CURVE('',#809,#809,#921,.F.);
#638=EDGE_CURVE('',#810,#810,#922,.F.);
#639=EDGE_CURVE('',#811,#811,#923,.F.);
#640=EDGE_CURVE('',#812,#812,#924,.F.);
#641=EDGE_CURVE('',#813,#813,#925,.F.);
#642=EDGE_CURVE('',#814,#814,#46,.T.);
#643=EDGE_CURVE('',#815,#816,#56,.T.);
#644=EDGE_CURVE('',#816,#817,#926,.T.);
#645=EDGE_CURVE('',#817,#818,#57,.T.);
#646=EDGE_CURVE('',#818,#819,#927,.T.);
#647=EDGE_CURVE('',#819,#820,#58,.T.);
#648=EDGE_CURVE('',#820,#821,#928,.T.);
#649=EDGE_CURVE('',#821,#822,#59,.T.);
#650=EDGE_CURVE('',#822,#815,#929,.T.);
#651=EDGE_CURVE('',#823,#824,#60,.T.);
#652=EDGE_CURVE('',#824,#825,#930,.T.);
#653=EDGE_CURVE('',#825,#826,#61,.T.);
#654=EDGE_CURVE('',#826,#827,#931,.T.);
#655=EDGE_CURVE('',#827,#828,#62,.T.);
#656=EDGE_CURVE('',#828,#829,#932,.T.);
#657=EDGE_CURVE('',#829,#830,#63,.T.);
#658=EDGE_CURVE('',#830,#823,#933,.T.);
#659=EDGE_CURVE('',#831,#832,#934,.T.);
#660=EDGE_CURVE('',#832,#833,#64,.T.);
#661=EDGE_CURVE('',#833,#834,#935,.T.);
#662=EDGE_CURVE('',#834,#835,#65,.T.);
#663=EDGE_CURVE('',#835,#836,#936,.T.);
#664=EDGE_CURVE('',#836,#837,#66,.T.);
#665=EDGE_CURVE('',#837,#838,#937,.T.);
#666=EDGE_CURVE('',#838,#831,#67,.T.);
#667=EDGE_CURVE('',#839,#840,#938,.T.);
#668=EDGE_CURVE('',#840,#841,#68,.T.);
#669=EDGE_CURVE('',#841,#842,#939,.T.);
#670=EDGE_CURVE('',#842,#843,#69,.T.);
#671=EDGE_CURVE('',#843,#844,#940,.T.);
#672=EDGE_CURVE('',#844,#845,#70,.T.);
#673=EDGE_CURVE('',#845,#846,#941,.T.);
#674=EDGE_CURVE('',#846,#839,#71,.T.);
#675=EDGE_CURVE('',#847,#848,#942,.T.);
#676=EDGE_CURVE('',#849,#847,#72,.T.);
#677=EDGE_CURVE('',#850,#849,#943,.T.);
#678=EDGE_CURVE('',#851,#850,#73,.T.);
#679=EDGE_CURVE('',#852,#851,#944,.T.);
#680=EDGE_CURVE('',#853,#852,#74,.T.);
#681=EDGE_CURVE('',#854,#853,#945,.T.);
#682=EDGE_CURVE('',#848,#854,#75,.T.);
#683=EDGE_CURVE('',#855,#856,#76,.T.);
#684=EDGE_CURVE('',#857,#855,#77,.T.);
#685=EDGE_CURVE('',#858,#857,#78,.T.);
#686=EDGE_CURVE('',#856,#858,#79,.T.);
#687=EDGE_CURVE('',#859,#860,#946,.T.);
#688=EDGE_CURVE('',#861,#859,#80,.T.);
#689=EDGE_CURVE('',#862,#861,#947,.T.);
#690=EDGE_CURVE('',#863,#862,#81,.T.);
#691=EDGE_CURVE('',#864,#863,#948,.T.);
#692=EDGE_CURVE('',#865,#864,#82,.T.);
#693=EDGE_CURVE('',#866,#865,#949,.T.);
#694=EDGE_CURVE('',#860,#866,#83,.T.);
#695=EDGE_CURVE('',#867,#856,#84,.T.);
#696=EDGE_CURVE('',#868,#867,#85,.T.);
#697=EDGE_CURVE('',#868,#855,#86,.T.);
#698=EDGE_CURVE('',#869,#858,#87,.T.);
#699=EDGE_CURVE('',#867,#869,#88,.T.);
#700=EDGE_CURVE('',#870,#857,#89,.T.);
#701=EDGE_CURVE('',#869,#870,#90,.T.);
#702=EDGE_CURVE('',#870,#868,#91,.T.);
#703=EDGE_CURVE('',#871,#871,#950,.T.);
#704=EDGE_CURVE('',#789,#848,#92,.T.);
#705=EDGE_CURVE('',#788,#847,#93,.T.);
#706=EDGE_CURVE('',#790,#854,#94,.T.);
#707=EDGE_CURVE('',#791,#853,#95,.T.);
#708=EDGE_CURVE('',#792,#852,#96,.T.);
#709=EDGE_CURVE('',#793,#851,#97,.T.);
#710=EDGE_CURVE('',#794,#850,#98,.T.);
#711=EDGE_CURVE('',#795,#849,#99,.T.);
#712=EDGE_CURVE('',#799,#860,#100,.T.);
#713=EDGE_CURVE('',#798,#859,#101,.T.);
#714=EDGE_CURVE('',#800,#866,#102,.T.);
#715=EDGE_CURVE('',#801,#865,#103,.T.);
#716=EDGE_CURVE('',#802,#864,#104,.T.);
#717=EDGE_CURVE('',#803,#863,#105,.T.);
#718=EDGE_CURVE('',#804,#862,#106,.T.);
#719=EDGE_CURVE('',#805,#861,#107,.T.);
#720=EDGE_CURVE('',#872,#873,#108,.T.);
#721=EDGE_CURVE('',#874,#872,#951,.T.);
#722=EDGE_CURVE('',#875,#874,#109,.T.);
#723=EDGE_CURVE('',#876,#875,#952,.T.);
#724=EDGE_CURVE('',#877,#876,#110,.T.);
#725=EDGE_CURVE('',#878,#877,#953,.T.);
#726=EDGE_CURVE('',#879,#878,#111,.T.);
#727=EDGE_CURVE('',#873,#879,#954,.T.);
#728=EDGE_CURVE('',#873,#841,#112,.T.);
#729=EDGE_CURVE('',#879,#842,#113,.T.);
#730=EDGE_CURVE('',#878,#843,#114,.T.);
#731=EDGE_CURVE('',#877,#844,#115,.T.);
#732=EDGE_CURVE('',#876,#845,#116,.T.);
#733=EDGE_CURVE('',#875,#846,#117,.T.);
#734=EDGE_CURVE('',#874,#839,#118,.T.);
#735=EDGE_CURVE('',#872,#840,#119,.T.);
#736=EDGE_CURVE('',#880,#881,#120,.T.);
#737=EDGE_CURVE('',#882,#880,#955,.T.);
#738=EDGE_CURVE('',#883,#882,#121,.T.);
#739=EDGE_CURVE('',#884,#883,#956,.T.);
#740=EDGE_CURVE('',#885,#884,#122,.T.);
#741=EDGE_CURVE('',#886,#885,#957,.T.);
#742=EDGE_CURVE('',#887,#886,#123,.T.);
#743=EDGE_CURVE('',#881,#887,#958,.T.);
#744=EDGE_CURVE('',#880,#832,#124,.T.);
#745=EDGE_CURVE('',#881,#833,#125,.T.);
#746=EDGE_CURVE('',#887,#834,#126,.T.);
#747=EDGE_CURVE('',#886,#835,#127,.T.);
#748=EDGE_CURVE('',#885,#836,#128,.T.);
#749=EDGE_CURVE('',#884,#837,#129,.T.);
#750=EDGE_CURVE('',#883,#838,#130,.T.);
#751=EDGE_CURVE('',#882,#831,#131,.T.);
#752=EDGE_CURVE('',#888,#889,#959,.T.);
#753=EDGE_CURVE('',#890,#888,#132,.T.);
#754=EDGE_CURVE('',#891,#890,#960,.T.);
#755=EDGE_CURVE('',#892,#891,#133,.T.);
#756=EDGE_CURVE('',#893,#892,#961,.T.);
#757=EDGE_CURVE('',#894,#893,#134,.T.);
#758=EDGE_CURVE('',#895,#894,#962,.T.);
#759=EDGE_CURVE('',#889,#895,#135,.T.);
#760=EDGE_CURVE('',#888,#824,#136,.T.);
#761=EDGE_CURVE('',#889,#825,#137,.T.);
#762=EDGE_CURVE('',#895,#826,#138,.T.);
#763=EDGE_CURVE('',#894,#827,#139,.T.);
#764=EDGE_CURVE('',#893,#828,#140,.T.);
#765=EDGE_CURVE('',#892,#829,#141,.T.);
#766=EDGE_CURVE('',#891,#830,#142,.T.);
#767=EDGE_CURVE('',#890,#823,#143,.T.);
#768=EDGE_CURVE('',#896,#897,#963,.T.);
#769=EDGE_CURVE('',#898,#896,#144,.T.);
#770=EDGE_CURVE('',#899,#898,#964,.T.);
#771=EDGE_CURVE('',#900,#899,#145,.T.);
#772=EDGE_CURVE('',#901,#900,#965,.T.);
#773=EDGE_CURVE('',#902,#901,#146,.T.);
#774=EDGE_CURVE('',#903,#902,#966,.T.);
#775=EDGE_CURVE('',#897,#903,#147,.T.);
#776=EDGE_CURVE('',#896,#816,#148,.T.);
#777=EDGE_CURVE('',#897,#817,#149,.T.);
#778=EDGE_CURVE('',#903,#818,#150,.T.);
#779=EDGE_CURVE('',#902,#819,#151,.T.);
#780=EDGE_CURVE('',#901,#820,#152,.T.);
#781=EDGE_CURVE('',#900,#821,#153,.T.);
#782=EDGE_CURVE('',#899,#822,#154,.T.);
#783=EDGE_CURVE('',#898,#815,#155,.T.);
#784=EDGE_CURVE('',#904,#904,#967,.T.);
#785=EDGE_CURVE('',#905,#905,#968,.T.);
#786=VERTEX_POINT('',#2353);
#787=VERTEX_POINT('',#2356);
#788=VERTEX_POINT('',#2359);
#789=VERTEX_POINT('',#2360);
#790=VERTEX_POINT('',#2362);
#791=VERTEX_POINT('',#2364);
#792=VERTEX_POINT('',#2366);
#793=VERTEX_POINT('',#2368);
#794=VERTEX_POINT('',#2370);
#795=VERTEX_POINT('',#2372);
#796=VERTEX_POINT('',#2376);
#797=VERTEX_POINT('',#2379);
#798=VERTEX_POINT('',#2382);
#799=VERTEX_POINT('',#2383);
#800=VERTEX_POINT('',#2385);
#801=VERTEX_POINT('',#2387);
#802=VERTEX_POINT('',#2389);
#803=VERTEX_POINT('',#2391);
#804=VERTEX_POINT('',#2393);
#805=VERTEX_POINT('',#2395);
#806=VERTEX_POINT('',#2399);
#807=VERTEX_POINT('',#2401);
#808=VERTEX_POINT('',#2405);
#809=VERTEX_POINT('',#2407);
#810=VERTEX_POINT('',#2411);
#811=VERTEX_POINT('',#2413);
#812=VERTEX_POINT('',#2417);
#813=VERTEX_POINT('',#2419);
#814=VERTEX_POINT('',#2433);
#815=VERTEX_POINT('',#2435);
#816=VERTEX_POINT('',#2436);
#817=VERTEX_POINT('',#2438);
#818=VERTEX_POINT('',#2440);
#819=VERTEX_POINT('',#2442);
#820=VERTEX_POINT('',#2444);
#821=VERTEX_POINT('',#2446);
#822=VERTEX_POINT('',#2448);
#823=VERTEX_POINT('',#2451);
#824=VERTEX_POINT('',#2452);
#825=VERTEX_POINT('',#2454);
#826=VERTEX_POINT('',#2456);
#827=VERTEX_POINT('',#2458);
#828=VERTEX_POINT('',#2460);
#829=VERTEX_POINT('',#2462);
#830=VERTEX_POINT('',#2464);
#831=VERTEX_POINT('',#2467);
#832=VERTEX_POINT('',#2468);
#833=VERTEX_POINT('',#2470);
#834=VERTEX_POINT('',#2472);
#835=VERTEX_POINT('',#2474);
#836=VERTEX_POINT('',#2476);
#837=VERTEX_POINT('',#2478);
#838=VERTEX_POINT('',#2480);
#839=VERTEX_POINT('',#2483);
#840=VERTEX_POINT('',#2484);
#841=VERTEX_POINT('',#2486);
#842=VERTEX_POINT('',#2488);
#843=VERTEX_POINT('',#2490);
#844=VERTEX_POINT('',#2492);
#845=VERTEX_POINT('',#2494);
#846=VERTEX_POINT('',#2496);
#847=VERTEX_POINT('',#2499);
#848=VERTEX_POINT('',#2500);
#849=VERTEX_POINT('',#2502);
#850=VERTEX_POINT('',#2504);
#851=VERTEX_POINT('',#2506);
#852=VERTEX_POINT('',#2508);
#853=VERTEX_POINT('',#2510);
#854=VERTEX_POINT('',#2512);
#855=VERTEX_POINT('',#2515);
#856=VERTEX_POINT('',#2516);
#857=VERTEX_POINT('',#2518);
#858=VERTEX_POINT('',#2520);
#859=VERTEX_POINT('',#2523);
#860=VERTEX_POINT('',#2524);
#861=VERTEX_POINT('',#2526);
#862=VERTEX_POINT('',#2528);
#863=VERTEX_POINT('',#2530);
#864=VERTEX_POINT('',#2532);
#865=VERTEX_POINT('',#2534);
#866=VERTEX_POINT('',#2536);
#867=VERTEX_POINT('',#2540);
#868=VERTEX_POINT('',#2542);
#869=VERTEX_POINT('',#2546);
#870=VERTEX_POINT('',#2550);
#871=VERTEX_POINT('',#2556);
#872=VERTEX_POINT('',#2591);
#873=VERTEX_POINT('',#2592);
#874=VERTEX_POINT('',#2594);
#875=VERTEX_POINT('',#2596);
#876=VERTEX_POINT('',#2598);
#877=VERTEX_POINT('',#2600);
#878=VERTEX_POINT('',#2602);
#879=VERTEX_POINT('',#2604);
#880=VERTEX_POINT('',#2624);
#881=VERTEX_POINT('',#2625);
#882=VERTEX_POINT('',#2627);
#883=VERTEX_POINT('',#2629);
#884=VERTEX_POINT('',#2631);
#885=VERTEX_POINT('',#2633);
#886=VERTEX_POINT('',#2635);
#887=VERTEX_POINT('',#2637);
#888=VERTEX_POINT('',#2657);
#889=VERTEX_POINT('',#2658);
#890=VERTEX_POINT('',#2660);
#891=VERTEX_POINT('',#2662);
#892=VERTEX_POINT('',#2664);
#893=VERTEX_POINT('',#2666);
#894=VERTEX_POINT('',#2668);
#895=VERTEX_POINT('',#2670);
#896=VERTEX_POINT('',#2690);
#897=VERTEX_POINT('',#2691);
#898=VERTEX_POINT('',#2693);
#899=VERTEX_POINT('',#2695);
#900=VERTEX_POINT('',#2697);
#901=VERTEX_POINT('',#2699);
#902=VERTEX_POINT('',#2701);
#903=VERTEX_POINT('',#2703);
#904=VERTEX_POINT('',#2723);
#905=VERTEX_POINT('',#2727);
#906=CIRCLE('',#1824,0.0377016552308534);
#907=CIRCLE('',#1826,0.05);
#908=CIRCLE('',#1828,0.025);
#909=CIRCLE('',#1829,0.025);
#910=CIRCLE('',#1830,0.025);
#911=CIRCLE('',#1831,0.025);
#912=CIRCLE('',#1833,0.0377016552308534);
#913=CIRCLE('',#1835,0.05);
#914=CIRCLE('',#1837,0.025);
#915=CIRCLE('',#1838,0.025);
#916=CIRCLE('',#1839,0.025);
#917=CIRCLE('',#1840,0.025);
#918=CIRCLE('',#1842,0.0377016552308534);
#919=CIRCLE('',#1843,0.05);
#920=CIRCLE('',#1846,0.0377016552308534);
#921=CIRCLE('',#1847,0.05);
#922=CIRCLE('',#1850,0.0377016552308534);
#923=CIRCLE('',#1851,0.05);
#924=CIRCLE('',#1854,0.0377016552308534);
#925=CIRCLE('',#1855,0.05);
#926=CIRCLE('',#1858,0.025);
#927=CIRCLE('',#1859,0.025);
#928=CIRCLE('',#1860,0.025);
#929=CIRCLE('',#1861,0.025);
#930=CIRCLE('',#1862,0.025);
#931=CIRCLE('',#1863,0.025);
#932=CIRCLE('',#1864,0.025);
#933=CIRCLE('',#1865,0.025);
#934=CIRCLE('',#1866,0.025);
#935=CIRCLE('',#1867,0.025);
#936=CIRCLE('',#1868,0.025);
#937=CIRCLE('',#1869,0.025);
#938=CIRCLE('',#1870,0.025);
#939=CIRCLE('',#1871,0.025);
#940=CIRCLE('',#1872,0.025);
#941=CIRCLE('',#1873,0.025);
#942=CIRCLE('',#1874,0.025);
#943=CIRCLE('',#1875,0.025);
#944=CIRCLE('',#1876,0.025);
#945=CIRCLE('',#1877,0.025);
#946=CIRCLE('',#1878,0.025);
#947=CIRCLE('',#1879,0.025);
#948=CIRCLE('',#1880,0.025);
#949=CIRCLE('',#1881,0.025);
#950=CIRCLE('',#1887,0.0875);
#951=CIRCLE('',#1905,0.025);
#952=CIRCLE('',#1906,0.025);
#953=CIRCLE('',#1907,0.025);
#954=CIRCLE('',#1908,0.025);
#955=CIRCLE('',#1918,0.025);
#956=CIRCLE('',#1919,0.025);
#957=CIRCLE('',#1920,0.025);
#958=CIRCLE('',#1921,0.025);
#959=CIRCLE('',#1931,0.025);
#960=CIRCLE('',#1932,0.025);
#961=CIRCLE('',#1933,0.025);
#962=CIRCLE('',#1934,0.025);
#963=CIRCLE('',#1944,0.025);
#964=CIRCLE('',#1945,0.025);
#965=CIRCLE('',#1946,0.025);
#966=CIRCLE('',#1947,0.025);
#967=CIRCLE('',#1957,0.0875);
#968=CIRCLE('',#1960,0.0875);
#969=EDGE_LOOP('',(#270));
#970=EDGE_LOOP('',(#271));
#971=EDGE_LOOP('',(#272));
#972=EDGE_LOOP('',(#273,#274,#275,#276,#277,#278,#279,#280));
#973=EDGE_LOOP('',(#281));
#974=EDGE_LOOP('',(#282));
#975=EDGE_LOOP('',(#283));
#976=EDGE_LOOP('',(#284));
#977=EDGE_LOOP('',(#285,#286,#287,#288,#289,#290,#291,#292));
#978=EDGE_LOOP('',(#293));
#979=EDGE_LOOP('',(#294));
#980=EDGE_LOOP('',(#295));
#981=EDGE_LOOP('',(#296));
#982=EDGE_LOOP('',(#297));
#983=EDGE_LOOP('',(#298));
#984=EDGE_LOOP('',(#299));
#985=EDGE_LOOP('',(#300));
#986=EDGE_LOOP('',(#301));
#987=EDGE_LOOP('',(#302));
#988=EDGE_LOOP('',(#303));
#989=EDGE_LOOP('',(#304));
#990=EDGE_LOOP('',(#305));
#991=EDGE_LOOP('',(#306));
#992=EDGE_LOOP('',(#307,#308,#309,#310,#311,#312,#313,#314));
#993=EDGE_LOOP('',(#315,#316,#317,#318,#319,#320,#321,#322));
#994=EDGE_LOOP('',(#323,#324,#325,#326,#327,#328,#329,#330));
#995=EDGE_LOOP('',(#331,#332,#333,#334,#335,#336,#337,#338));
#996=EDGE_LOOP('',(#339,#340,#341,#342,#343,#344,#345,#346));
#997=EDGE_LOOP('',(#347,#348,#349,#350));
#998=EDGE_LOOP('',(#351,#352,#353,#354,#355,#356,#357,#358));
#999=EDGE_LOOP('',(#359,#360,#361,#362));
#1000=EDGE_LOOP('',(#363,#364,#365,#366));
#1001=EDGE_LOOP('',(#367,#368,#369,#370));
#1002=EDGE_LOOP('',(#371,#372,#373,#374));
#1003=EDGE_LOOP('',(#375));
#1004=EDGE_LOOP('',(#376,#377,#378,#379));
#1005=EDGE_LOOP('',(#380,#381,#382,#383));
#1006=EDGE_LOOP('',(#384,#385,#386,#387));
#1007=EDGE_LOOP('',(#388,#389,#390,#391));
#1008=EDGE_LOOP('',(#392,#393,#394,#395));
#1009=EDGE_LOOP('',(#396,#397,#398,#399));
#1010=EDGE_LOOP('',(#400,#401,#402,#403));
#1011=EDGE_LOOP('',(#404,#405,#406,#407));
#1012=EDGE_LOOP('',(#408,#409,#410,#411));
#1013=EDGE_LOOP('',(#412,#413,#414,#415));
#1014=EDGE_LOOP('',(#416,#417,#418,#419));
#1015=EDGE_LOOP('',(#420,#421,#422,#423));
#1016=EDGE_LOOP('',(#424,#425,#426,#427));
#1017=EDGE_LOOP('',(#428,#429,#430,#431));
#1018=EDGE_LOOP('',(#432,#433,#434,#435));
#1019=EDGE_LOOP('',(#436,#437,#438,#439));
#1020=EDGE_LOOP('',(#440,#441,#442,#443));
#1021=EDGE_LOOP('',(#444));
#1022=EDGE_LOOP('',(#445,#446,#447,#448,#449,#450,#451,#452));
#1023=EDGE_LOOP('',(#453,#454,#455,#456));
#1024=EDGE_LOOP('',(#457,#458,#459,#460));
#1025=EDGE_LOOP('',(#461,#462,#463,#464));
#1026=EDGE_LOOP('',(#465,#466,#467,#468));
#1027=EDGE_LOOP('',(#469,#470,#471,#472));
#1028=EDGE_LOOP('',(#473,#474,#475,#476));
#1029=EDGE_LOOP('',(#477,#478,#479,#480));
#1030=EDGE_LOOP('',(#481,#482,#483,#484));
#1031=EDGE_LOOP('',(#485));
#1032=EDGE_LOOP('',(#486,#487,#488,#489,#490,#491,#492,#493));
#1033=EDGE_LOOP('',(#494,#495,#496,#497));
#1034=EDGE_LOOP('',(#498,#499,#500,#501));
#1035=EDGE_LOOP('',(#502,#503,#504,#505));
#1036=EDGE_LOOP('',(#506,#507,#508,#509));
#1037=EDGE_LOOP('',(#510,#511,#512,#513));
#1038=EDGE_LOOP('',(#514,#515,#516,#517));
#1039=EDGE_LOOP('',(#518,#519,#520,#521));
#1040=EDGE_LOOP('',(#522,#523,#524,#525));
#1041=EDGE_LOOP('',(#526));
#1042=EDGE_LOOP('',(#527,#528,#529,#530,#531,#532,#533,#534));
#1043=EDGE_LOOP('',(#535,#536,#537,#538));
#1044=EDGE_LOOP('',(#539,#540,#541,#542));
#1045=EDGE_LOOP('',(#543,#544,#545,#546));
#1046=EDGE_LOOP('',(#547,#548,#549,#550));
#1047=EDGE_LOOP('',(#551,#552,#553,#554));
#1048=EDGE_LOOP('',(#555,#556,#557,#558));
#1049=EDGE_LOOP('',(#559,#560,#561,#562));
#1050=EDGE_LOOP('',(#563,#564,#565,#566));
#1051=EDGE_LOOP('',(#567));
#1052=EDGE_LOOP('',(#568,#569,#570,#571,#572,#573,#574,#575));
#1053=EDGE_LOOP('',(#576,#577,#578,#579));
#1054=EDGE_LOOP('',(#580,#581,#582,#583));
#1055=EDGE_LOOP('',(#584,#585,#586,#587));
#1056=EDGE_LOOP('',(#588,#589,#590,#591));
#1057=EDGE_LOOP('',(#592,#593,#594,#595));
#1058=EDGE_LOOP('',(#596,#597,#598,#599));
#1059=EDGE_LOOP('',(#600,#601,#602,#603));
#1060=EDGE_LOOP('',(#604,#605,#606,#607));
#1061=EDGE_LOOP('',(#608));
#1062=EDGE_LOOP('',(#609));
#1063=EDGE_LOOP('',(#610));
#1064=EDGE_LOOP('',(#611));
#1065=EDGE_LOOP('',(#612));
#1066=EDGE_LOOP('',(#613));
#1067=FACE_BOUND('',#969,.T.);
#1068=FACE_BOUND('',#970,.T.);
#1069=FACE_BOUND('',#971,.T.);
#1070=FACE_BOUND('',#972,.T.);
#1071=FACE_BOUND('',#973,.T.);
#1072=FACE_BOUND('',#974,.T.);
#1073=FACE_BOUND('',#975,.T.);
#1074=FACE_BOUND('',#976,.T.);
#1075=FACE_BOUND('',#977,.T.);
#1076=FACE_BOUND('',#978,.T.);
#1077=FACE_BOUND('',#979,.T.);
#1078=FACE_BOUND('',#980,.T.);
#1079=FACE_BOUND('',#981,.T.);
#1080=FACE_BOUND('',#982,.T.);
#1081=FACE_BOUND('',#983,.T.);
#1082=FACE_BOUND('',#984,.T.);
#1083=FACE_BOUND('',#985,.T.);
#1084=FACE_BOUND('',#986,.T.);
#1085=FACE_BOUND('',#987,.T.);
#1086=FACE_BOUND('',#988,.T.);
#1087=FACE_BOUND('',#989,.T.);
#1088=FACE_BOUND('',#990,.T.);
#1089=FACE_BOUND('',#991,.T.);
#1090=FACE_BOUND('',#992,.T.);
#1091=FACE_BOUND('',#993,.T.);
#1092=FACE_BOUND('',#994,.T.);
#1093=FACE_BOUND('',#995,.T.);
#1094=FACE_BOUND('',#996,.T.);
#1095=FACE_BOUND('',#997,.T.);
#1096=FACE_BOUND('',#998,.T.);
#1097=FACE_BOUND('',#999,.T.);
#1098=FACE_BOUND('',#1000,.T.);
#1099=FACE_BOUND('',#1001,.T.);
#1100=FACE_BOUND('',#1002,.T.);
#1101=FACE_BOUND('',#1003,.T.);
#1102=FACE_BOUND('',#1004,.T.);
#1103=FACE_BOUND('',#1005,.T.);
#1104=FACE_BOUND('',#1006,.T.);
#1105=FACE_BOUND('',#1007,.T.);
#1106=FACE_BOUND('',#1008,.T.);
#1107=FACE_BOUND('',#1009,.T.);
#1108=FACE_BOUND('',#1010,.T.);
#1109=FACE_BOUND('',#1011,.T.);
#1110=FACE_BOUND('',#1012,.T.);
#1111=FACE_BOUND('',#1013,.T.);
#1112=FACE_BOUND('',#1014,.T.);
#1113=FACE_BOUND('',#1015,.T.);
#1114=FACE_BOUND('',#1016,.T.);
#1115=FACE_BOUND('',#1017,.T.);
#1116=FACE_BOUND('',#1018,.T.);
#1117=FACE_BOUND('',#1019,.T.);
#1118=FACE_BOUND('',#1020,.T.);
#1119=FACE_BOUND('',#1021,.T.);
#1120=FACE_BOUND('',#1022,.T.);
#1121=FACE_BOUND('',#1023,.T.);
#1122=FACE_BOUND('',#1024,.T.);
#1123=FACE_BOUND('',#1025,.T.);
#1124=FACE_BOUND('',#1026,.T.);
#1125=FACE_BOUND('',#1027,.T.);
#1126=FACE_BOUND('',#1028,.T.);
#1127=FACE_BOUND('',#1029,.T.);
#1128=FACE_BOUND('',#1030,.T.);
#1129=FACE_BOUND('',#1031,.T.);
#1130=FACE_BOUND('',#1032,.T.);
#1131=FACE_BOUND('',#1033,.T.);
#1132=FACE_BOUND('',#1034,.T.);
#1133=FACE_BOUND('',#1035,.T.);
#1134=FACE_BOUND('',#1036,.T.);
#1135=FACE_BOUND('',#1037,.T.);
#1136=FACE_BOUND('',#1038,.T.);
#1137=FACE_BOUND('',#1039,.T.);
#1138=FACE_BOUND('',#1040,.T.);
#1139=FACE_BOUND('',#1041,.T.);
#1140=FACE_BOUND('',#1042,.T.);
#1141=FACE_BOUND('',#1043,.T.);
#1142=FACE_BOUND('',#1044,.T.);
#1143=FACE_BOUND('',#1045,.T.);
#1144=FACE_BOUND('',#1046,.T.);
#1145=FACE_BOUND('',#1047,.T.);
#1146=FACE_BOUND('',#1048,.T.);
#1147=FACE_BOUND('',#1049,.T.);
#1148=FACE_BOUND('',#1050,.T.);
#1149=FACE_BOUND('',#1051,.T.);
#1150=FACE_BOUND('',#1052,.T.);
#1151=FACE_BOUND('',#1053,.T.);
#1152=FACE_BOUND('',#1054,.T.);
#1153=FACE_BOUND('',#1055,.T.);
#1154=FACE_BOUND('',#1056,.T.);
#1155=FACE_BOUND('',#1057,.T.);
#1156=FACE_BOUND('',#1058,.T.);
#1157=FACE_BOUND('',#1059,.T.);
#1158=FACE_BOUND('',#1060,.T.);
#1159=FACE_BOUND('',#1061,.T.);
#1160=FACE_BOUND('',#1062,.T.);
#1161=FACE_BOUND('',#1063,.T.);
#1162=FACE_BOUND('',#1064,.T.);
#1163=FACE_BOUND('',#1065,.T.);
#1164=FACE_BOUND('',#1066,.T.);
#1165=PLANE('',#1823);
#1166=PLANE('',#1827);
#1167=PLANE('',#1832);
#1168=PLANE('',#1836);
#1169=PLANE('',#1844);
#1170=PLANE('',#1848);
#1171=PLANE('',#1852);
#1172=PLANE('',#1856);
#1173=PLANE('',#1857);
#1174=PLANE('',#1882);
#1175=PLANE('',#1883);
#1176=PLANE('',#1884);
#1177=PLANE('',#1885);
#1178=PLANE('',#1886);
#1179=PLANE('',#1889);
#1180=PLANE('',#1891);
#1181=PLANE('',#1893);
#1182=PLANE('',#1895);
#1183=PLANE('',#1897);
#1184=PLANE('',#1899);
#1185=PLANE('',#1901);
#1186=PLANE('',#1903);
#1187=PLANE('',#1904);
#1188=PLANE('',#1910);
#1189=PLANE('',#1912);
#1190=PLANE('',#1914);
#1191=PLANE('',#1916);
#1192=PLANE('',#1917);
#1193=PLANE('',#1922);
#1194=PLANE('',#1924);
#1195=PLANE('',#1926);
#1196=PLANE('',#1928);
#1197=PLANE('',#1930);
#1198=PLANE('',#1936);
#1199=PLANE('',#1938);
#1200=PLANE('',#1940);
#1201=PLANE('',#1942);
#1202=PLANE('',#1943);
#1203=PLANE('',#1949);
#1204=PLANE('',#1951);
#1205=PLANE('',#1953);
#1206=PLANE('',#1955);
#1207=PLANE('',#1958);
#1208=PLANE('',#1961);
#1209=STYLED_ITEM('',(#1285),#1742);
#1210=STYLED_ITEM('',(#1286),#1743);
#1211=STYLED_ITEM('',(#1287),#1744);
#1212=STYLED_ITEM('',(#1288),#1745);
#1213=STYLED_ITEM('',(#1289),#1746);
#1214=STYLED_ITEM('',(#1290),#1747);
#1215=STYLED_ITEM('',(#1291),#1748);
#1216=STYLED_ITEM('',(#1292),#1749);
#1217=STYLED_ITEM('',(#1293),#1750);
#1218=STYLED_ITEM('',(#1294),#1751);
#1219=STYLED_ITEM('',(#1295),#1752);
#1220=STYLED_ITEM('',(#1296),#1753);
#1221=STYLED_ITEM('',(#1297),#1754);
#1222=STYLED_ITEM('',(#1298),#1755);
#1223=STYLED_ITEM('',(#1299),#1756);
#1224=STYLED_ITEM('',(#1300),#1757);
#1225=STYLED_ITEM('',(#1301),#1758);
#1226=STYLED_ITEM('',(#1302),#1759);
#1227=STYLED_ITEM('',(#1303),#1760);
#1228=STYLED_ITEM('',(#1304),#1761);
#1229=STYLED_ITEM('',(#1305),#1762);
#1230=STYLED_ITEM('',(#1306),#1763);
#1231=STYLED_ITEM('',(#1307),#1764);
#1232=STYLED_ITEM('',(#1308),#1765);
#1233=STYLED_ITEM('',(#1309),#1766);
#1234=STYLED_ITEM('',(#1310),#1767);
#1235=STYLED_ITEM('',(#1311),#1768);
#1236=STYLED_ITEM('',(#1312),#1769);
#1237=STYLED_ITEM('',(#1313),#1770);
#1238=STYLED_ITEM('',(#1314),#1771);
#1239=STYLED_ITEM('',(#1315),#1772);
#1240=STYLED_ITEM('',(#1316),#1773);
#1241=STYLED_ITEM('',(#1317),#1774);
#1242=STYLED_ITEM('',(#1318),#1775);
#1243=STYLED_ITEM('',(#1319),#1776);
#1244=STYLED_ITEM('',(#1320),#1777);
#1245=STYLED_ITEM('',(#1321),#1778);
#1246=STYLED_ITEM('',(#1322),#1779);
#1247=STYLED_ITEM('',(#1323),#1780);
#1248=STYLED_ITEM('',(#1324),#1781);
#1249=STYLED_ITEM('',(#1325),#1782);
#1250=STYLED_ITEM('',(#1326),#1783);
#1251=STYLED_ITEM('',(#1327),#1784);
#1252=STYLED_ITEM('',(#1328),#1785);
#1253=STYLED_ITEM('',(#1329),#1786);
#1254=STYLED_ITEM('',(#1330),#1787);
#1255=STYLED_ITEM('',(#1331),#1788);
#1256=STYLED_ITEM('',(#1332),#1789);
#1257=STYLED_ITEM('',(#1333),#1790);
#1258=STYLED_ITEM('',(#1334),#1791);
#1259=STYLED_ITEM('',(#1335),#1792);
#1260=STYLED_ITEM('',(#1336),#1793);
#1261=STYLED_ITEM('',(#1337),#1794);
#1262=STYLED_ITEM('',(#1338),#1795);
#1263=STYLED_ITEM('',(#1339),#1796);
#1264=STYLED_ITEM('',(#1340),#1797);
#1265=STYLED_ITEM('',(#1341),#1798);
#1266=STYLED_ITEM('',(#1342),#1799);
#1267=STYLED_ITEM('',(#1343),#1800);
#1268=STYLED_ITEM('',(#1344),#1801);
#1269=STYLED_ITEM('',(#1345),#1802);
#1270=STYLED_ITEM('',(#1346),#1803);
#1271=STYLED_ITEM('',(#1347),#1804);
#1272=STYLED_ITEM('',(#1348),#1805);
#1273=STYLED_ITEM('',(#1349),#1806);
#1274=STYLED_ITEM('',(#1350),#1807);
#1275=STYLED_ITEM('',(#1351),#1808);
#1276=STYLED_ITEM('',(#1352),#1809);
#1277=STYLED_ITEM('',(#1353),#1810);
#1278=STYLED_ITEM('',(#1354),#1811);
#1279=STYLED_ITEM('',(#1355),#1812);
#1280=STYLED_ITEM('',(#1356),#1813);
#1281=STYLED_ITEM('',(#1357),#1814);
#1282=STYLED_ITEM('',(#1358),#1815);
#1283=STYLED_ITEM('',(#1359),#1816);
#1284=STYLED_ITEM('',(#1360),#1817);
#1285=PRESENTATION_STYLE_ASSIGNMENT((#1361));
#1286=PRESENTATION_STYLE_ASSIGNMENT((#1362));
#1287=PRESENTATION_STYLE_ASSIGNMENT((#1363));
#1288=PRESENTATION_STYLE_ASSIGNMENT((#1364));
#1289=PRESENTATION_STYLE_ASSIGNMENT((#1365));
#1290=PRESENTATION_STYLE_ASSIGNMENT((#1366));
#1291=PRESENTATION_STYLE_ASSIGNMENT((#1367));
#1292=PRESENTATION_STYLE_ASSIGNMENT((#1368));
#1293=PRESENTATION_STYLE_ASSIGNMENT((#1369));
#1294=PRESENTATION_STYLE_ASSIGNMENT((#1370));
#1295=PRESENTATION_STYLE_ASSIGNMENT((#1371));
#1296=PRESENTATION_STYLE_ASSIGNMENT((#1372));
#1297=PRESENTATION_STYLE_ASSIGNMENT((#1373));
#1298=PRESENTATION_STYLE_ASSIGNMENT((#1374));
#1299=PRESENTATION_STYLE_ASSIGNMENT((#1375));
#1300=PRESENTATION_STYLE_ASSIGNMENT((#1376));
#1301=PRESENTATION_STYLE_ASSIGNMENT((#1377));
#1302=PRESENTATION_STYLE_ASSIGNMENT((#1378));
#1303=PRESENTATION_STYLE_ASSIGNMENT((#1379));
#1304=PRESENTATION_STYLE_ASSIGNMENT((#1380));
#1305=PRESENTATION_STYLE_ASSIGNMENT((#1381));
#1306=PRESENTATION_STYLE_ASSIGNMENT((#1382));
#1307=PRESENTATION_STYLE_ASSIGNMENT((#1383));
#1308=PRESENTATION_STYLE_ASSIGNMENT((#1384));
#1309=PRESENTATION_STYLE_ASSIGNMENT((#1385));
#1310=PRESENTATION_STYLE_ASSIGNMENT((#1386));
#1311=PRESENTATION_STYLE_ASSIGNMENT((#1387));
#1312=PRESENTATION_STYLE_ASSIGNMENT((#1388));
#1313=PRESENTATION_STYLE_ASSIGNMENT((#1389));
#1314=PRESENTATION_STYLE_ASSIGNMENT((#1390));
#1315=PRESENTATION_STYLE_ASSIGNMENT((#1391));
#1316=PRESENTATION_STYLE_ASSIGNMENT((#1392));
#1317=PRESENTATION_STYLE_ASSIGNMENT((#1393));
#1318=PRESENTATION_STYLE_ASSIGNMENT((#1394));
#1319=PRESENTATION_STYLE_ASSIGNMENT((#1395));
#1320=PRESENTATION_STYLE_ASSIGNMENT((#1396));
#1321=PRESENTATION_STYLE_ASSIGNMENT((#1397));
#1322=PRESENTATION_STYLE_ASSIGNMENT((#1398));
#1323=PRESENTATION_STYLE_ASSIGNMENT((#1399));
#1324=PRESENTATION_STYLE_ASSIGNMENT((#1400));
#1325=PRESENTATION_STYLE_ASSIGNMENT((#1401));
#1326=PRESENTATION_STYLE_ASSIGNMENT((#1402));
#1327=PRESENTATION_STYLE_ASSIGNMENT((#1403));
#1328=PRESENTATION_STYLE_ASSIGNMENT((#1404));
#1329=PRESENTATION_STYLE_ASSIGNMENT((#1405));
#1330=PRESENTATION_STYLE_ASSIGNMENT((#1406));
#1331=PRESENTATION_STYLE_ASSIGNMENT((#1407));
#1332=PRESENTATION_STYLE_ASSIGNMENT((#1408));
#1333=PRESENTATION_STYLE_ASSIGNMENT((#1409));
#1334=PRESENTATION_STYLE_ASSIGNMENT((#1410));
#1335=PRESENTATION_STYLE_ASSIGNMENT((#1411));
#1336=PRESENTATION_STYLE_ASSIGNMENT((#1412));
#1337=PRESENTATION_STYLE_ASSIGNMENT((#1413));
#1338=PRESENTATION_STYLE_ASSIGNMENT((#1414));
#1339=PRESENTATION_STYLE_ASSIGNMENT((#1415));
#1340=PRESENTATION_STYLE_ASSIGNMENT((#1416));
#1341=PRESENTATION_STYLE_ASSIGNMENT((#1417));
#1342=PRESENTATION_STYLE_ASSIGNMENT((#1418));
#1343=PRESENTATION_STYLE_ASSIGNMENT((#1419));
#1344=PRESENTATION_STYLE_ASSIGNMENT((#1420));
#1345=PRESENTATION_STYLE_ASSIGNMENT((#1421));
#1346=PRESENTATION_STYLE_ASSIGNMENT((#1422));
#1347=PRESENTATION_STYLE_ASSIGNMENT((#1423));
#1348=PRESENTATION_STYLE_ASSIGNMENT((#1424));
#1349=PRESENTATION_STYLE_ASSIGNMENT((#1425));
#1350=PRESENTATION_STYLE_ASSIGNMENT((#1426));
#1351=PRESENTATION_STYLE_ASSIGNMENT((#1427));
#1352=PRESENTATION_STYLE_ASSIGNMENT((#1428));
#1353=PRESENTATION_STYLE_ASSIGNMENT((#1429));
#1354=PRESENTATION_STYLE_ASSIGNMENT((#1430));
#1355=PRESENTATION_STYLE_ASSIGNMENT((#1431));
#1356=PRESENTATION_STYLE_ASSIGNMENT((#1432));
#1357=PRESENTATION_STYLE_ASSIGNMENT((#1433));
#1358=PRESENTATION_STYLE_ASSIGNMENT((#1434));
#1359=PRESENTATION_STYLE_ASSIGNMENT((#1435));
#1360=PRESENTATION_STYLE_ASSIGNMENT((#1436));
#1361=SURFACE_STYLE_USAGE(.BOTH.,#1437);
#1362=SURFACE_STYLE_USAGE(.BOTH.,#1438);
#1363=SURFACE_STYLE_USAGE(.BOTH.,#1439);
#1364=SURFACE_STYLE_USAGE(.BOTH.,#1440);
#1365=SURFACE_STYLE_USAGE(.BOTH.,#1441);
#1366=SURFACE_STYLE_USAGE(.BOTH.,#1442);
#1367=SURFACE_STYLE_USAGE(.BOTH.,#1443);
#1368=SURFACE_STYLE_USAGE(.BOTH.,#1444);
#1369=SURFACE_STYLE_USAGE(.BOTH.,#1445);
#1370=SURFACE_STYLE_USAGE(.BOTH.,#1446);
#1371=SURFACE_STYLE_USAGE(.BOTH.,#1447);
#1372=SURFACE_STYLE_USAGE(.BOTH.,#1448);
#1373=SURFACE_STYLE_USAGE(.BOTH.,#1449);
#1374=SURFACE_STYLE_USAGE(.BOTH.,#1450);
#1375=SURFACE_STYLE_USAGE(.BOTH.,#1451);
#1376=SURFACE_STYLE_USAGE(.BOTH.,#1452);
#1377=SURFACE_STYLE_USAGE(.BOTH.,#1453);
#1378=SURFACE_STYLE_USAGE(.BOTH.,#1454);
#1379=SURFACE_STYLE_USAGE(.BOTH.,#1455);
#1380=SURFACE_STYLE_USAGE(.BOTH.,#1456);
#1381=SURFACE_STYLE_USAGE(.BOTH.,#1457);
#1382=SURFACE_STYLE_USAGE(.BOTH.,#1458);
#1383=SURFACE_STYLE_USAGE(.BOTH.,#1459);
#1384=SURFACE_STYLE_USAGE(.BOTH.,#1460);
#1385=SURFACE_STYLE_USAGE(.BOTH.,#1461);
#1386=SURFACE_STYLE_USAGE(.BOTH.,#1462);
#1387=SURFACE_STYLE_USAGE(.BOTH.,#1463);
#1388=SURFACE_STYLE_USAGE(.BOTH.,#1464);
#1389=SURFACE_STYLE_USAGE(.BOTH.,#1465);
#1390=SURFACE_STYLE_USAGE(.BOTH.,#1466);
#1391=SURFACE_STYLE_USAGE(.BOTH.,#1467);
#1392=SURFACE_STYLE_USAGE(.BOTH.,#1468);
#1393=SURFACE_STYLE_USAGE(.BOTH.,#1469);
#1394=SURFACE_STYLE_USAGE(.BOTH.,#1470);
#1395=SURFACE_STYLE_USAGE(.BOTH.,#1471);
#1396=SURFACE_STYLE_USAGE(.BOTH.,#1472);
#1397=SURFACE_STYLE_USAGE(.BOTH.,#1473);
#1398=SURFACE_STYLE_USAGE(.BOTH.,#1474);
#1399=SURFACE_STYLE_USAGE(.BOTH.,#1475);
#1400=SURFACE_STYLE_USAGE(.BOTH.,#1476);
#1401=SURFACE_STYLE_USAGE(.BOTH.,#1477);
#1402=SURFACE_STYLE_USAGE(.BOTH.,#1478);
#1403=SURFACE_STYLE_USAGE(.BOTH.,#1479);
#1404=SURFACE_STYLE_USAGE(.BOTH.,#1480);
#1405=SURFACE_STYLE_USAGE(.BOTH.,#1481);
#1406=SURFACE_STYLE_USAGE(.BOTH.,#1482);
#1407=SURFACE_STYLE_USAGE(.BOTH.,#1483);
#1408=SURFACE_STYLE_USAGE(.BOTH.,#1484);
#1409=SURFACE_STYLE_USAGE(.BOTH.,#1485);
#1410=SURFACE_STYLE_USAGE(.BOTH.,#1486);
#1411=SURFACE_STYLE_USAGE(.BOTH.,#1487);
#1412=SURFACE_STYLE_USAGE(.BOTH.,#1488);
#1413=SURFACE_STYLE_USAGE(.BOTH.,#1489);
#1414=SURFACE_STYLE_USAGE(.BOTH.,#1490);
#1415=SURFACE_STYLE_USAGE(.BOTH.,#1491);
#1416=SURFACE_STYLE_USAGE(.BOTH.,#1492);
#1417=SURFACE_STYLE_USAGE(.BOTH.,#1493);
#1418=SURFACE_STYLE_USAGE(.BOTH.,#1494);
#1419=SURFACE_STYLE_USAGE(.BOTH.,#1495);
#1420=SURFACE_STYLE_USAGE(.BOTH.,#1496);
#1421=SURFACE_STYLE_USAGE(.BOTH.,#1497);
#1422=SURFACE_STYLE_USAGE(.BOTH.,#1498);
#1423=SURFACE_STYLE_USAGE(.BOTH.,#1499);
#1424=SURFACE_STYLE_USAGE(.BOTH.,#1500);
#1425=SURFACE_STYLE_USAGE(.BOTH.,#1501);
#1426=SURFACE_STYLE_USAGE(.BOTH.,#1502);
#1427=SURFACE_STYLE_USAGE(.BOTH.,#1503);
#1428=SURFACE_STYLE_USAGE(.BOTH.,#1504);
#1429=SURFACE_STYLE_USAGE(.BOTH.,#1505);
#1430=SURFACE_STYLE_USAGE(.BOTH.,#1506);
#1431=SURFACE_STYLE_USAGE(.BOTH.,#1507);
#1432=SURFACE_STYLE_USAGE(.BOTH.,#1508);
#1433=SURFACE_STYLE_USAGE(.BOTH.,#1509);
#1434=SURFACE_STYLE_USAGE(.BOTH.,#1510);
#1435=SURFACE_STYLE_USAGE(.BOTH.,#1511);
#1436=SURFACE_STYLE_USAGE(.BOTH.,#1512);
#1437=SURFACE_SIDE_STYLE('',(#1513));
#1438=SURFACE_SIDE_STYLE('',(#1514));
#1439=SURFACE_SIDE_STYLE('',(#1515));
#1440=SURFACE_SIDE_STYLE('',(#1516));
#1441=SURFACE_SIDE_STYLE('',(#1517));
#1442=SURFACE_SIDE_STYLE('',(#1518));
#1443=SURFACE_SIDE_STYLE('',(#1519));
#1444=SURFACE_SIDE_STYLE('',(#1520));
#1445=SURFACE_SIDE_STYLE('',(#1521));
#1446=SURFACE_SIDE_STYLE('',(#1522));
#1447=SURFACE_SIDE_STYLE('',(#1523));
#1448=SURFACE_SIDE_STYLE('',(#1524));
#1449=SURFACE_SIDE_STYLE('',(#1525));
#1450=SURFACE_SIDE_STYLE('',(#1526));
#1451=SURFACE_SIDE_STYLE('',(#1527));
#1452=SURFACE_SIDE_STYLE('',(#1528));
#1453=SURFACE_SIDE_STYLE('',(#1529));
#1454=SURFACE_SIDE_STYLE('',(#1530));
#1455=SURFACE_SIDE_STYLE('',(#1531));
#1456=SURFACE_SIDE_STYLE('',(#1532));
#1457=SURFACE_SIDE_STYLE('',(#1533));
#1458=SURFACE_SIDE_STYLE('',(#1534));
#1459=SURFACE_SIDE_STYLE('',(#1535));
#1460=SURFACE_SIDE_STYLE('',(#1536));
#1461=SURFACE_SIDE_STYLE('',(#1537));
#1462=SURFACE_SIDE_STYLE('',(#1538));
#1463=SURFACE_SIDE_STYLE('',(#1539));
#1464=SURFACE_SIDE_STYLE('',(#1540));
#1465=SURFACE_SIDE_STYLE('',(#1541));
#1466=SURFACE_SIDE_STYLE('',(#1542));
#1467=SURFACE_SIDE_STYLE('',(#1543));
#1468=SURFACE_SIDE_STYLE('',(#1544));
#1469=SURFACE_SIDE_STYLE('',(#1545));
#1470=SURFACE_SIDE_STYLE('',(#1546));
#1471=SURFACE_SIDE_STYLE('',(#1547));
#1472=SURFACE_SIDE_STYLE('',(#1548));
#1473=SURFACE_SIDE_STYLE('',(#1549));
#1474=SURFACE_SIDE_STYLE('',(#1550));
#1475=SURFACE_SIDE_STYLE('',(#1551));
#1476=SURFACE_SIDE_STYLE('',(#1552));
#1477=SURFACE_SIDE_STYLE('',(#1553));
#1478=SURFACE_SIDE_STYLE('',(#1554));
#1479=SURFACE_SIDE_STYLE('',(#1555));
#1480=SURFACE_SIDE_STYLE('',(#1556));
#1481=SURFACE_SIDE_STYLE('',(#1557));
#1482=SURFACE_SIDE_STYLE('',(#1558));
#1483=SURFACE_SIDE_STYLE('',(#1559));
#1484=SURFACE_SIDE_STYLE('',(#1560));
#1485=SURFACE_SIDE_STYLE('',(#1561));
#1486=SURFACE_SIDE_STYLE('',(#1562));
#1487=SURFACE_SIDE_STYLE('',(#1563));
#1488=SURFACE_SIDE_STYLE('',(#1564));
#1489=SURFACE_SIDE_STYLE('',(#1565));
#1490=SURFACE_SIDE_STYLE('',(#1566));
#1491=SURFACE_SIDE_STYLE('',(#1567));
#1492=SURFACE_SIDE_STYLE('',(#1568));
#1493=SURFACE_SIDE_STYLE('',(#1569));
#1494=SURFACE_SIDE_STYLE('',(#1570));
#1495=SURFACE_SIDE_STYLE('',(#1571));
#1496=SURFACE_SIDE_STYLE('',(#1572));
#1497=SURFACE_SIDE_STYLE('',(#1573));
#1498=SURFACE_SIDE_STYLE('',(#1574));
#1499=SURFACE_SIDE_STYLE('',(#1575));
#1500=SURFACE_SIDE_STYLE('',(#1576));
#1501=SURFACE_SIDE_STYLE('',(#1577));
#1502=SURFACE_SIDE_STYLE('',(#1578));
#1503=SURFACE_SIDE_STYLE('',(#1579));
#1504=SURFACE_SIDE_STYLE('',(#1580));
#1505=SURFACE_SIDE_STYLE('',(#1581));
#1506=SURFACE_SIDE_STYLE('',(#1582));
#1507=SURFACE_SIDE_STYLE('',(#1583));
#1508=SURFACE_SIDE_STYLE('',(#1584));
#1509=SURFACE_SIDE_STYLE('',(#1585));
#1510=SURFACE_SIDE_STYLE('',(#1586));
#1511=SURFACE_SIDE_STYLE('',(#1587));
#1512=SURFACE_SIDE_STYLE('',(#1588));
#1513=SURFACE_STYLE_FILL_AREA(#1589);
#1514=SURFACE_STYLE_FILL_AREA(#1590);
#1515=SURFACE_STYLE_FILL_AREA(#1591);
#1516=SURFACE_STYLE_FILL_AREA(#1592);
#1517=SURFACE_STYLE_FILL_AREA(#1593);
#1518=SURFACE_STYLE_FILL_AREA(#1594);
#1519=SURFACE_STYLE_FILL_AREA(#1595);
#1520=SURFACE_STYLE_FILL_AREA(#1596);
#1521=SURFACE_STYLE_FILL_AREA(#1597);
#1522=SURFACE_STYLE_FILL_AREA(#1598);
#1523=SURFACE_STYLE_FILL_AREA(#1599);
#1524=SURFACE_STYLE_FILL_AREA(#1600);
#1525=SURFACE_STYLE_FILL_AREA(#1601);
#1526=SURFACE_STYLE_FILL_AREA(#1602);
#1527=SURFACE_STYLE_FILL_AREA(#1603);
#1528=SURFACE_STYLE_FILL_AREA(#1604);
#1529=SURFACE_STYLE_FILL_AREA(#1605);
#1530=SURFACE_STYLE_FILL_AREA(#1606);
#1531=SURFACE_STYLE_FILL_AREA(#1607);
#1532=SURFACE_STYLE_FILL_AREA(#1608);
#1533=SURFACE_STYLE_FILL_AREA(#1609);
#1534=SURFACE_STYLE_FILL_AREA(#1610);
#1535=SURFACE_STYLE_FILL_AREA(#1611);
#1536=SURFACE_STYLE_FILL_AREA(#1612);
#1537=SURFACE_STYLE_FILL_AREA(#1613);
#1538=SURFACE_STYLE_FILL_AREA(#1614);
#1539=SURFACE_STYLE_FILL_AREA(#1615);
#1540=SURFACE_STYLE_FILL_AREA(#1616);
#1541=SURFACE_STYLE_FILL_AREA(#1617);
#1542=SURFACE_STYLE_FILL_AREA(#1618);
#1543=SURFACE_STYLE_FILL_AREA(#1619);
#1544=SURFACE_STYLE_FILL_AREA(#1620);
#1545=SURFACE_STYLE_FILL_AREA(#1621);
#1546=SURFACE_STYLE_FILL_AREA(#1622);
#1547=SURFACE_STYLE_FILL_AREA(#1623);
#1548=SURFACE_STYLE_FILL_AREA(#1624);
#1549=SURFACE_STYLE_FILL_AREA(#1625);
#1550=SURFACE_STYLE_FILL_AREA(#1626);
#1551=SURFACE_STYLE_FILL_AREA(#1627);
#1552=SURFACE_STYLE_FILL_AREA(#1628);
#1553=SURFACE_STYLE_FILL_AREA(#1629);
#1554=SURFACE_STYLE_FILL_AREA(#1630);
#1555=SURFACE_STYLE_FILL_AREA(#1631);
#1556=SURFACE_STYLE_FILL_AREA(#1632);
#1557=SURFACE_STYLE_FILL_AREA(#1633);
#1558=SURFACE_STYLE_FILL_AREA(#1634);
#1559=SURFACE_STYLE_FILL_AREA(#1635);
#1560=SURFACE_STYLE_FILL_AREA(#1636);
#1561=SURFACE_STYLE_FILL_AREA(#1637);
#1562=SURFACE_STYLE_FILL_AREA(#1638);
#1563=SURFACE_STYLE_FILL_AREA(#1639);
#1564=SURFACE_STYLE_FILL_AREA(#1640);
#1565=SURFACE_STYLE_FILL_AREA(#1641);
#1566=SURFACE_STYLE_FILL_AREA(#1642);
#1567=SURFACE_STYLE_FILL_AREA(#1643);
#1568=SURFACE_STYLE_FILL_AREA(#1644);
#1569=SURFACE_STYLE_FILL_AREA(#1645);
#1570=SURFACE_STYLE_FILL_AREA(#1646);
#1571=SURFACE_STYLE_FILL_AREA(#1647);
#1572=SURFACE_STYLE_FILL_AREA(#1648);
#1573=SURFACE_STYLE_FILL_AREA(#1649);
#1574=SURFACE_STYLE_FILL_AREA(#1650);
#1575=SURFACE_STYLE_FILL_AREA(#1651);
#1576=SURFACE_STYLE_FILL_AREA(#1652);
#1577=SURFACE_STYLE_FILL_AREA(#1653);
#1578=SURFACE_STYLE_FILL_AREA(#1654);
#1579=SURFACE_STYLE_FILL_AREA(#1655);
#1580=SURFACE_STYLE_FILL_AREA(#1656);
#1581=SURFACE_STYLE_FILL_AREA(#1657);
#1582=SURFACE_STYLE_FILL_AREA(#1658);
#1583=SURFACE_STYLE_FILL_AREA(#1659);
#1584=SURFACE_STYLE_FILL_AREA(#1660);
#1585=SURFACE_STYLE_FILL_AREA(#1661);
#1586=SURFACE_STYLE_FILL_AREA(#1662);
#1587=SURFACE_STYLE_FILL_AREA(#1663);
#1588=SURFACE_STYLE_FILL_AREA(#1664);
#1589=FILL_AREA_STYLE('',(#1665));
#1590=FILL_AREA_STYLE('',(#1666));
#1591=FILL_AREA_STYLE('',(#1667));
#1592=FILL_AREA_STYLE('',(#1668));
#1593=FILL_AREA_STYLE('',(#1669));
#1594=FILL_AREA_STYLE('',(#1670));
#1595=FILL_AREA_STYLE('',(#1671));
#1596=FILL_AREA_STYLE('',(#1672));
#1597=FILL_AREA_STYLE('',(#1673));
#1598=FILL_AREA_STYLE('',(#1674));
#1599=FILL_AREA_STYLE('',(#1675));
#1600=FILL_AREA_STYLE('',(#1676));
#1601=FILL_AREA_STYLE('',(#1677));
#1602=FILL_AREA_STYLE('',(#1678));
#1603=FILL_AREA_STYLE('',(#1679));
#1604=FILL_AREA_STYLE('',(#1680));
#1605=FILL_AREA_STYLE('',(#1681));
#1606=FILL_AREA_STYLE('',(#1682));
#1607=FILL_AREA_STYLE('',(#1683));
#1608=FILL_AREA_STYLE('',(#1684));
#1609=FILL_AREA_STYLE('',(#1685));
#1610=FILL_AREA_STYLE('',(#1686));
#1611=FILL_AREA_STYLE('',(#1687));
#1612=FILL_AREA_STYLE('',(#1688));
#1613=FILL_AREA_STYLE('',(#1689));
#1614=FILL_AREA_STYLE('',(#1690));
#1615=FILL_AREA_STYLE('',(#1691));
#1616=FILL_AREA_STYLE('',(#1692));
#1617=FILL_AREA_STYLE('',(#1693));
#1618=FILL_AREA_STYLE('',(#1694));
#1619=FILL_AREA_STYLE('',(#1695));
#1620=FILL_AREA_STYLE('',(#1696));
#1621=FILL_AREA_STYLE('',(#1697));
#1622=FILL_AREA_STYLE('',(#1698));
#1623=FILL_AREA_STYLE('',(#1699));
#1624=FILL_AREA_STYLE('',(#1700));
#1625=FILL_AREA_STYLE('',(#1701));
#1626=FILL_AREA_STYLE('',(#1702));
#1627=FILL_AREA_STYLE('',(#1703));
#1628=FILL_AREA_STYLE('',(#1704));
#1629=FILL_AREA_STYLE('',(#1705));
#1630=FILL_AREA_STYLE('',(#1706));
#1631=FILL_AREA_STYLE('',(#1707));
#1632=FILL_AREA_STYLE('',(#1708));
#1633=FILL_AREA_STYLE('',(#1709));
#1634=FILL_AREA_STYLE('',(#1710));
#1635=FILL_AREA_STYLE('',(#1711));
#1636=FILL_AREA_STYLE('',(#1712));
#1637=FILL_AREA_STYLE('',(#1713));
#1638=FILL_AREA_STYLE('',(#1714));
#1639=FILL_AREA_STYLE('',(#1715));
#1640=FILL_AREA_STYLE('',(#1716));
#1641=FILL_AREA_STYLE('',(#1717));
#1642=FILL_AREA_STYLE('',(#1718));
#1643=FILL_AREA_STYLE('',(#1719));
#1644=FILL_AREA_STYLE('',(#1720));
#1645=FILL_AREA_STYLE('',(#1721));
#1646=FILL_AREA_STYLE('',(#1722));
#1647=FILL_AREA_STYLE('',(#1723));
#1648=FILL_AREA_STYLE('',(#1724));
#1649=FILL_AREA_STYLE('',(#1725));
#1650=FILL_AREA_STYLE('',(#1726));
#1651=FILL_AREA_STYLE('',(#1727));
#1652=FILL_AREA_STYLE('',(#1728));
#1653=FILL_AREA_STYLE('',(#1729));
#1654=FILL_AREA_STYLE('',(#1730));
#1655=FILL_AREA_STYLE('',(#1731));
#1656=FILL_AREA_STYLE('',(#1732));
#1657=FILL_AREA_STYLE('',(#1733));
#1658=FILL_AREA_STYLE('',(#1734));
#1659=FILL_AREA_STYLE('',(#1735));
#1660=FILL_AREA_STYLE('',(#1736));
#1661=FILL_AREA_STYLE('',(#1737));
#1662=FILL_AREA_STYLE('',(#1738));
#1663=FILL_AREA_STYLE('',(#1739));
#1664=FILL_AREA_STYLE('',(#1740));
#1665=FILL_AREA_STYLE_COLOUR('',#1741);
#1666=FILL_AREA_STYLE_COLOUR('',#1741);
#1667=FILL_AREA_STYLE_COLOUR('',#1741);
#1668=FILL_AREA_STYLE_COLOUR('',#1741);
#1669=FILL_AREA_STYLE_COLOUR('',#1741);
#1670=FILL_AREA_STYLE_COLOUR('',#1741);
#1671=FILL_AREA_STYLE_COLOUR('',#1741);
#1672=FILL_AREA_STYLE_COLOUR('',#1741);
#1673=FILL_AREA_STYLE_COLOUR('',#1741);
#1674=FILL_AREA_STYLE_COLOUR('',#1741);
#1675=FILL_AREA_STYLE_COLOUR('',#1741);
#1676=FILL_AREA_STYLE_COLOUR('',#1741);
#1677=FILL_AREA_STYLE_COLOUR('',#1741);
#1678=FILL_AREA_STYLE_COLOUR('',#1741);
#1679=FILL_AREA_STYLE_COLOUR('',#47);
#1680=FILL_AREA_STYLE_COLOUR('',#47);
#1681=FILL_AREA_STYLE_COLOUR('',#47);
#1682=FILL_AREA_STYLE_COLOUR('',#47);
#1683=FILL_AREA_STYLE_COLOUR('',#47);
#1684=FILL_AREA_STYLE_COLOUR('',#47);
#1685=FILL_AREA_STYLE_COLOUR('',#1741);
#1686=FILL_AREA_STYLE_COLOUR('',#1741);
#1687=FILL_AREA_STYLE_COLOUR('',#1741);
#1688=FILL_AREA_STYLE_COLOUR('',#1741);
#1689=FILL_AREA_STYLE_COLOUR('',#1741);
#1690=FILL_AREA_STYLE_COLOUR('',#1741);
#1691=FILL_AREA_STYLE_COLOUR('',#1741);
#1692=FILL_AREA_STYLE_COLOUR('',#1741);
#1693=FILL_AREA_STYLE_COLOUR('',#1741);
#1694=FILL_AREA_STYLE_COLOUR('',#1741);
#1695=FILL_AREA_STYLE_COLOUR('',#1741);
#1696=FILL_AREA_STYLE_COLOUR('',#1741);
#1697=FILL_AREA_STYLE_COLOUR('',#1741);
#1698=FILL_AREA_STYLE_COLOUR('',#1741);
#1699=FILL_AREA_STYLE_COLOUR('',#1741);
#1700=FILL_AREA_STYLE_COLOUR('',#1741);
#1701=FILL_AREA_STYLE_COLOUR('',#1741);
#1702=FILL_AREA_STYLE_COLOUR('',#1741);
#1703=FILL_AREA_STYLE_COLOUR('',#1741);
#1704=FILL_AREA_STYLE_COLOUR('',#1741);
#1705=FILL_AREA_STYLE_COLOUR('',#1741);
#1706=FILL_AREA_STYLE_COLOUR('',#1741);
#1707=FILL_AREA_STYLE_COLOUR('',#1741);
#1708=FILL_AREA_STYLE_COLOUR('',#1741);
#1709=FILL_AREA_STYLE_COLOUR('',#1741);
#1710=FILL_AREA_STYLE_COLOUR('',#1741);
#1711=FILL_AREA_STYLE_COLOUR('',#1741);
#1712=FILL_AREA_STYLE_COLOUR('',#1741);
#1713=FILL_AREA_STYLE_COLOUR('',#1741);
#1714=FILL_AREA_STYLE_COLOUR('',#1741);
#1715=FILL_AREA_STYLE_COLOUR('',#1741);
#1716=FILL_AREA_STYLE_COLOUR('',#1741);
#1717=FILL_AREA_STYLE_COLOUR('',#1741);
#1718=FILL_AREA_STYLE_COLOUR('',#1741);
#1719=FILL_AREA_STYLE_COLOUR('',#1741);
#1720=FILL_AREA_STYLE_COLOUR('',#1741);
#1721=FILL_AREA_STYLE_COLOUR('',#1741);
#1722=FILL_AREA_STYLE_COLOUR('',#1741);
#1723=FILL_AREA_STYLE_COLOUR('',#1741);
#1724=FILL_AREA_STYLE_COLOUR('',#1741);
#1725=FILL_AREA_STYLE_COLOUR('',#1741);
#1726=FILL_AREA_STYLE_COLOUR('',#1741);
#1727=FILL_AREA_STYLE_COLOUR('',#1741);
#1728=FILL_AREA_STYLE_COLOUR('',#1741);
#1729=FILL_AREA_STYLE_COLOUR('',#1741);
#1730=FILL_AREA_STYLE_COLOUR('',#1741);
#1731=FILL_AREA_STYLE_COLOUR('',#1741);
#1732=FILL_AREA_STYLE_COLOUR('',#1741);
#1733=FILL_AREA_STYLE_COLOUR('',#1741);
#1734=FILL_AREA_STYLE_COLOUR('',#1741);
#1735=FILL_AREA_STYLE_COLOUR('',#1741);
#1736=FILL_AREA_STYLE_COLOUR('',#1741);
#1737=FILL_AREA_STYLE_COLOUR('',#1741);
#1738=FILL_AREA_STYLE_COLOUR('',#1741);
#1739=FILL_AREA_STYLE_COLOUR('',#1741);
#1740=FILL_AREA_STYLE_COLOUR('',#1741);
#1741=COLOUR_RGB('',0.699999988079071,0.699999988079071,0.699999988079071);
#1742=ADVANCED_FACE('',(#1067),#1165,.F.);
#1743=ADVANCED_FACE('',(#1068,#1069),#264,.F.);
#1744=ADVANCED_FACE('',(#1070,#1071),#1166,.T.);
#1745=ADVANCED_FACE('',(#1072),#1167,.F.);
#1746=ADVANCED_FACE('',(#1073,#1074),#265,.F.);
#1747=ADVANCED_FACE('',(#1075,#1076),#1168,.T.);
#1748=ADVANCED_FACE('',(#1077,#1078),#266,.F.);
#1749=ADVANCED_FACE('',(#1079),#1169,.F.);
#1750=ADVANCED_FACE('',(#1080,#1081),#267,.F.);
#1751=ADVANCED_FACE('',(#1082),#1170,.F.);
#1752=ADVANCED_FACE('',(#1083,#1084),#268,.F.);
#1753=ADVANCED_FACE('',(#1085),#1171,.F.);
#1754=ADVANCED_FACE('',(#1086,#1087),#269,.F.);
#1755=ADVANCED_FACE('',(#1088),#1172,.F.);
#1756=ADVANCED_FACE('',(#1089,#1090,#1091,#1092,#1093,#1094,#1095,#1096),
#1173,.F.);
#1757=ADVANCED_FACE('',(#1097),#1174,.F.);
#1758=ADVANCED_FACE('',(#1098),#1175,.F.);
#1759=ADVANCED_FACE('',(#1099),#1176,.F.);
#1760=ADVANCED_FACE('',(#1100),#1177,.F.);
#1761=ADVANCED_FACE('',(#1101,#1102),#1178,.T.);
#1762=ADVANCED_FACE('',(#1103),#20,.T.);
#1763=ADVANCED_FACE('',(#1104),#1179,.F.);
#1764=ADVANCED_FACE('',(#1105),#21,.T.);
#1765=ADVANCED_FACE('',(#1106),#1180,.F.);
#1766=ADVANCED_FACE('',(#1107),#22,.T.);
#1767=ADVANCED_FACE('',(#1108),#1181,.F.);
#1768=ADVANCED_FACE('',(#1109),#23,.T.);
#1769=ADVANCED_FACE('',(#1110),#1182,.F.);
#1770=ADVANCED_FACE('',(#1111),#24,.T.);
#1771=ADVANCED_FACE('',(#1112),#1183,.F.);
#1772=ADVANCED_FACE('',(#1113),#25,.T.);
#1773=ADVANCED_FACE('',(#1114),#1184,.F.);
#1774=ADVANCED_FACE('',(#1115),#26,.T.);
#1775=ADVANCED_FACE('',(#1116),#1185,.F.);
#1776=ADVANCED_FACE('',(#1117),#27,.T.);
#1777=ADVANCED_FACE('',(#1118),#1186,.F.);
#1778=ADVANCED_FACE('',(#1119,#1120),#1187,.F.);
#1779=ADVANCED_FACE('',(#1121),#28,.T.);
#1780=ADVANCED_FACE('',(#1122),#1188,.T.);
#1781=ADVANCED_FACE('',(#1123),#29,.T.);
#1782=ADVANCED_FACE('',(#1124),#1189,.T.);
#1783=ADVANCED_FACE('',(#1125),#30,.T.);
#1784=ADVANCED_FACE('',(#1126),#1190,.T.);
#1785=ADVANCED_FACE('',(#1127),#31,.T.);
#1786=ADVANCED_FACE('',(#1128),#1191,.T.);
#1787=ADVANCED_FACE('',(#1129,#1130),#1192,.F.);
#1788=ADVANCED_FACE('',(#1131),#1193,.T.);
#1789=ADVANCED_FACE('',(#1132),#32,.T.);
#1790=ADVANCED_FACE('',(#1133),#1194,.T.);
#1791=ADVANCED_FACE('',(#1134),#33,.T.);
#1792=ADVANCED_FACE('',(#1135),#1195,.T.);
#1793=ADVANCED_FACE('',(#1136),#34,.T.);
#1794=ADVANCED_FACE('',(#1137),#1196,.T.);
#1795=ADVANCED_FACE('',(#1138),#35,.T.);
#1796=ADVANCED_FACE('',(#1139,#1140),#1197,.F.);
#1797=ADVANCED_FACE('',(#1141),#36,.T.);
#1798=ADVANCED_FACE('',(#1142),#1198,.T.);
#1799=ADVANCED_FACE('',(#1143),#37,.T.);
#1800=ADVANCED_FACE('',(#1144),#1199,.T.);
#1801=ADVANCED_FACE('',(#1145),#38,.T.);
#1802=ADVANCED_FACE('',(#1146),#1200,.T.);
#1803=ADVANCED_FACE('',(#1147),#39,.T.);
#1804=ADVANCED_FACE('',(#1148),#1201,.T.);
#1805=ADVANCED_FACE('',(#1149,#1150),#1202,.F.);
#1806=ADVANCED_FACE('',(#1151),#40,.T.);
#1807=ADVANCED_FACE('',(#1152),#1203,.T.);
#1808=ADVANCED_FACE('',(#1153),#41,.T.);
#1809=ADVANCED_FACE('',(#1154),#1204,.T.);
#1810=ADVANCED_FACE('',(#1155),#42,.T.);
#1811=ADVANCED_FACE('',(#1156),#1205,.T.);
#1812=ADVANCED_FACE('',(#1157),#43,.T.);
#1813=ADVANCED_FACE('',(#1158),#1206,.T.);
#1814=ADVANCED_FACE('',(#1159,#1160),#44,.T.);
#1815=ADVANCED_FACE('',(#1161),#1207,.F.);
#1816=ADVANCED_FACE('',(#1162,#1163),#45,.T.);
#1817=ADVANCED_FACE('',(#1164),#1208,.T.);
#1818=CLOSED_SHELL('',(#1742,#1743,#1744,#1745,#1746,#1747,#1748,#1749,
#1750,#1751,#1752,#1753,#1754,#1755,#1756,#1757,#1758,#1759,#1760,#1761,
#1762,#1763,#1764,#1765,#1766,#1767,#1768,#1769,#1770,#1771,#1772,#1773,
#1774,#1775,#1776,#1777,#1778,#1779,#1780,#1781,#1782,#1783,#1784,#1785,
#1786,#1787,#1788,#1789,#1790,#1791,#1792,#1793,#1794,#1795,#1796,#1797,
#1798,#1799,#1800,#1801,#1802,#1803,#1804,#1805,#1806,#1807,#1808,#1809,
#1810,#1811,#1812,#1813,#1814,#1815,#1816,#1817));
#1819=MANIFOLD_SOLID_BREP('',#1818);
#1820=SHAPE_DEFINITION_REPRESENTATION(#2735,#1821);
#1821=SHAPE_REPRESENTATION('PD0922J5050S2HF',(#1822),#2730);
#1822=AXIS2_PLACEMENT_3D('',#2350,#1962,#1963);
#1823=AXIS2_PLACEMENT_3D('',#2351,#1964,#1965);
#1824=AXIS2_PLACEMENT_3D('',#2352,#1966,#1967);
#1825=AXIS2_PLACEMENT_3D('',#2354,#1968,#1969);
#1826=AXIS2_PLACEMENT_3D('',#2355,#1970,#1971);
#1827=AXIS2_PLACEMENT_3D('',#2357,#1972,#1973);
#1828=AXIS2_PLACEMENT_3D('',#2358,#1974,#1975);
#1829=AXIS2_PLACEMENT_3D('',#2363,#1977,#1978);
#1830=AXIS2_PLACEMENT_3D('',#2367,#1980,#1981);
#1831=AXIS2_PLACEMENT_3D('',#2371,#1983,#1984);
#1832=AXIS2_PLACEMENT_3D('',#2374,#1986,#1987);
#1833=AXIS2_PLACEMENT_3D('',#2375,#1988,#1989);
#1834=AXIS2_PLACEMENT_3D('',#2377,#1990,#1991);
#1835=AXIS2_PLACEMENT_3D('',#2378,#1992,#1993);
#1836=AXIS2_PLACEMENT_3D('',#2380,#1994,#1995);
#1837=AXIS2_PLACEMENT_3D('',#2381,#1996,#1997);
#1838=AXIS2_PLACEMENT_3D('',#2386,#1999,#2000);
#1839=AXIS2_PLACEMENT_3D('',#2390,#2002,#2003);
#1840=AXIS2_PLACEMENT_3D('',#2394,#2005,#2006);
#1841=AXIS2_PLACEMENT_3D('',#2397,#2008,#2009);
#1842=AXIS2_PLACEMENT_3D('',#2398,#2010,#2011);
#1843=AXIS2_PLACEMENT_3D('',#2400,#2012,#2013);
#1844=AXIS2_PLACEMENT_3D('',#2402,#2014,#2015);
#1845=AXIS2_PLACEMENT_3D('',#2403,#2016,#2017);
#1846=AXIS2_PLACEMENT_3D('',#2404,#2018,#2019);
#1847=AXIS2_PLACEMENT_3D('',#2406,#2020,#2021);
#1848=AXIS2_PLACEMENT_3D('',#2408,#2022,#2023);
#1849=AXIS2_PLACEMENT_3D('',#2409,#2024,#2025);
#1850=AXIS2_PLACEMENT_3D('',#2410,#2026,#2027);
#1851=AXIS2_PLACEMENT_3D('',#2412,#2028,#2029);
#1852=AXIS2_PLACEMENT_3D('',#2414,#2030,#2031);
#1853=AXIS2_PLACEMENT_3D('',#2415,#2032,#2033);
#1854=AXIS2_PLACEMENT_3D('',#2416,#2034,#2035);
#1855=AXIS2_PLACEMENT_3D('',#2418,#2036,#2037);
#1856=AXIS2_PLACEMENT_3D('',#2420,#2038,#2039);
#1857=AXIS2_PLACEMENT_3D('',#2421,#2040,#2041);
#1858=AXIS2_PLACEMENT_3D('',#2437,#2043,#2044);
#1859=AXIS2_PLACEMENT_3D('',#2441,#2046,#2047);
#1860=AXIS2_PLACEMENT_3D('',#2445,#2049,#2050);
#1861=AXIS2_PLACEMENT_3D('',#2449,#2052,#2053);
#1862=AXIS2_PLACEMENT_3D('',#2453,#2055,#2056);
#1863=AXIS2_PLACEMENT_3D('',#2457,#2058,#2059);
#1864=AXIS2_PLACEMENT_3D('',#2461,#2061,#2062);
#1865=AXIS2_PLACEMENT_3D('',#2465,#2064,#2065);
#1866=AXIS2_PLACEMENT_3D('',#2466,#2066,#2067);
#1867=AXIS2_PLACEMENT_3D('',#2471,#2069,#2070);
#1868=AXIS2_PLACEMENT_3D('',#2475,#2072,#2073);
#1869=AXIS2_PLACEMENT_3D('',#2479,#2075,#2076);
#1870=AXIS2_PLACEMENT_3D('',#2482,#2078,#2079);
#1871=AXIS2_PLACEMENT_3D('',#2487,#2081,#2082);
#1872=AXIS2_PLACEMENT_3D('',#2491,#2084,#2085);
#1873=AXIS2_PLACEMENT_3D('',#2495,#2087,#2088);
#1874=AXIS2_PLACEMENT_3D('',#2498,#2090,#2091);
#1875=AXIS2_PLACEMENT_3D('',#2503,#2093,#2094);
#1876=AXIS2_PLACEMENT_3D('',#2507,#2096,#2097);
#1877=AXIS2_PLACEMENT_3D('',#2511,#2099,#2100);
#1878=AXIS2_PLACEMENT_3D('',#2522,#2106,#2107);
#1879=AXIS2_PLACEMENT_3D('',#2527,#2109,#2110);
#1880=AXIS2_PLACEMENT_3D('',#2531,#2112,#2113);
#1881=AXIS2_PLACEMENT_3D('',#2535,#2115,#2116);
#1882=AXIS2_PLACEMENT_3D('',#2538,#2118,#2119);
#1883=AXIS2_PLACEMENT_3D('',#2544,#2123,#2124);
#1884=AXIS2_PLACEMENT_3D('',#2548,#2127,#2128);
#1885=AXIS2_PLACEMENT_3D('',#2552,#2131,#2132);
#1886=AXIS2_PLACEMENT_3D('',#2554,#2134,#2135);
#1887=AXIS2_PLACEMENT_3D('',#2555,#2136,#2137);
#1888=AXIS2_PLACEMENT_3D('',#2557,#2138,#2139);
#1889=AXIS2_PLACEMENT_3D('',#2560,#2142,#2143);
#1890=AXIS2_PLACEMENT_3D('',#2562,#2145,#2146);
#1891=AXIS2_PLACEMENT_3D('',#2564,#2148,#2149);
#1892=AXIS2_PLACEMENT_3D('',#2566,#2151,#2152);
#1893=AXIS2_PLACEMENT_3D('',#2568,#2154,#2155);
#1894=AXIS2_PLACEMENT_3D('',#2570,#2157,#2158);
#1895=AXIS2_PLACEMENT_3D('',#2572,#2160,#2161);
#1896=AXIS2_PLACEMENT_3D('',#2573,#2162,#2163);
#1897=AXIS2_PLACEMENT_3D('',#2576,#2166,#2167);
#1898=AXIS2_PLACEMENT_3D('',#2578,#2169,#2170);
#1899=AXIS2_PLACEMENT_3D('',#2580,#2172,#2173);
#1900=AXIS2_PLACEMENT_3D('',#2582,#2175,#2176);
#1901=AXIS2_PLACEMENT_3D('',#2584,#2178,#2179);
#1902=AXIS2_PLACEMENT_3D('',#2586,#2181,#2182);
#1903=AXIS2_PLACEMENT_3D('',#2588,#2184,#2185);
#1904=AXIS2_PLACEMENT_3D('',#2589,#2186,#2187);
#1905=AXIS2_PLACEMENT_3D('',#2593,#2189,#2190);
#1906=AXIS2_PLACEMENT_3D('',#2597,#2192,#2193);
#1907=AXIS2_PLACEMENT_3D('',#2601,#2195,#2196);
#1908=AXIS2_PLACEMENT_3D('',#2605,#2198,#2199);
#1909=AXIS2_PLACEMENT_3D('',#2606,#2200,#2201);
#1910=AXIS2_PLACEMENT_3D('',#2609,#2204,#2205);
#1911=AXIS2_PLACEMENT_3D('',#2611,#2207,#2208);
#1912=AXIS2_PLACEMENT_3D('',#2613,#2210,#2211);
#1913=AXIS2_PLACEMENT_3D('',#2615,#2213,#2214);
#1914=AXIS2_PLACEMENT_3D('',#2617,#2216,#2217);
#1915=AXIS2_PLACEMENT_3D('',#2619,#2219,#2220);
#1916=AXIS2_PLACEMENT_3D('',#2621,#2222,#2223);
#1917=AXIS2_PLACEMENT_3D('',#2622,#2224,#2225);
#1918=AXIS2_PLACEMENT_3D('',#2626,#2227,#2228);
#1919=AXIS2_PLACEMENT_3D('',#2630,#2230,#2231);
#1920=AXIS2_PLACEMENT_3D('',#2634,#2233,#2234);
#1921=AXIS2_PLACEMENT_3D('',#2638,#2236,#2237);
#1922=AXIS2_PLACEMENT_3D('',#2639,#2238,#2239);
#1923=AXIS2_PLACEMENT_3D('',#2642,#2242,#2243);
#1924=AXIS2_PLACEMENT_3D('',#2644,#2245,#2246);
#1925=AXIS2_PLACEMENT_3D('',#2646,#2248,#2249);
#1926=AXIS2_PLACEMENT_3D('',#2648,#2251,#2252);
#1927=AXIS2_PLACEMENT_3D('',#2650,#2254,#2255);
#1928=AXIS2_PLACEMENT_3D('',#2652,#2257,#2258);
#1929=AXIS2_PLACEMENT_3D('',#2654,#2260,#2261);
#1930=AXIS2_PLACEMENT_3D('',#2655,#2262,#2263);
#1931=AXIS2_PLACEMENT_3D('',#2656,#2264,#2265);
#1932=AXIS2_PLACEMENT_3D('',#2661,#2267,#2268);
#1933=AXIS2_PLACEMENT_3D('',#2665,#2270,#2271);
#1934=AXIS2_PLACEMENT_3D('',#2669,#2273,#2274);
#1935=AXIS2_PLACEMENT_3D('',#2672,#2276,#2277);
#1936=AXIS2_PLACEMENT_3D('',#2675,#2280,#2281);
#1937=AXIS2_PLACEMENT_3D('',#2677,#2283,#2284);
#1938=AXIS2_PLACEMENT_3D('',#2679,#2286,#2287);
#1939=AXIS2_PLACEMENT_3D('',#2681,#2289,#2290);
#1940=AXIS2_PLACEMENT_3D('',#2683,#2292,#2293);
#1941=AXIS2_PLACEMENT_3D('',#2685,#2295,#2296);
#1942=AXIS2_PLACEMENT_3D('',#2687,#2298,#2299);
#1943=AXIS2_PLACEMENT_3D('',#2688,#2300,#2301);
#1944=AXIS2_PLACEMENT_3D('',#2689,#2302,#2303);
#1945=AXIS2_PLACEMENT_3D('',#2694,#2305,#2306);
#1946=AXIS2_PLACEMENT_3D('',#2698,#2308,#2309);
#1947=AXIS2_PLACEMENT_3D('',#2702,#2311,#2312);
#1948=AXIS2_PLACEMENT_3D('',#2705,#2314,#2315);
#1949=AXIS2_PLACEMENT_3D('',#2708,#2318,#2319);
#1950=AXIS2_PLACEMENT_3D('',#2710,#2321,#2322);
#1951=AXIS2_PLACEMENT_3D('',#2712,#2324,#2325);
#1952=AXIS2_PLACEMENT_3D('',#2714,#2327,#2328);
#1953=AXIS2_PLACEMENT_3D('',#2716,#2330,#2331);
#1954=AXIS2_PLACEMENT_3D('',#2718,#2333,#2334);
#1955=AXIS2_PLACEMENT_3D('',#2720,#2336,#2337);
#1956=AXIS2_PLACEMENT_3D('',#2721,#2338,#2339);
#1957=AXIS2_PLACEMENT_3D('',#2722,#2340,#2341);
#1958=AXIS2_PLACEMENT_3D('',#2724,#2342,#2343);
#1959=AXIS2_PLACEMENT_3D('',#2725,#2344,#2345);
#1960=AXIS2_PLACEMENT_3D('',#2726,#2346,#2347);
#1961=AXIS2_PLACEMENT_3D('',#2728,#2348,#2349);
#1962=DIRECTION('',(0.,0.,1.));
#1963=DIRECTION('',(1.,0.,0.));
#1964=DIRECTION('',(0.,0.,1.));
#1965=DIRECTION('',(1.,0.,0.));
#1966=DIRECTION('',(0.,0.,1.));
#1967=DIRECTION('',(1.,0.,0.));
#1968=DIRECTION('',(0.,0.,1.));
#1969=DIRECTION('',(1.,0.,0.));
#1970=DIRECTION('',(0.,0.,-1.));
#1971=DIRECTION('',(-1.,0.,0.));
#1972=DIRECTION('',(0.,0.,-1.));
#1973=DIRECTION('',(-1.,0.,0.));
#1974=DIRECTION('',(0.,0.,-1.));
#1975=DIRECTION('',(-1.,0.,0.));
#1976=DIRECTION('',(6.37765983815003E-16,-1.,0.));
#1977=DIRECTION('',(0.,0.,-1.));
#1978=DIRECTION('',(-1.,0.,0.));
#1979=DIRECTION('',(-1.,0.,0.));
#1980=DIRECTION('',(0.,0.,-1.));
#1981=DIRECTION('',(1.,0.,0.));
#1982=DIRECTION('',(-6.37765983815003E-16,1.,0.));
#1983=DIRECTION('',(0.,0.,-1.));
#1984=DIRECTION('',(1.,0.,0.));
#1985=DIRECTION('',(1.,0.,0.));
#1986=DIRECTION('',(0.,0.,1.));
#1987=DIRECTION('',(1.,0.,0.));
#1988=DIRECTION('',(0.,0.,1.));
#1989=DIRECTION('',(1.,0.,0.));
#1990=DIRECTION('',(0.,0.,1.));
#1991=DIRECTION('',(1.,0.,0.));
#1992=DIRECTION('',(0.,0.,-1.));
#1993=DIRECTION('',(-1.,0.,0.));
#1994=DIRECTION('',(0.,0.,-1.));
#1995=DIRECTION('',(-1.,0.,0.));
#1996=DIRECTION('',(0.,0.,-1.));
#1997=DIRECTION('',(-1.,0.,0.));
#1998=DIRECTION('',(0.,-1.,0.));
#1999=DIRECTION('',(0.,0.,-1.));
#2000=DIRECTION('',(-1.,0.,0.));
#2001=DIRECTION('',(-1.,0.,0.));
#2002=DIRECTION('',(0.,0.,-1.));
#2003=DIRECTION('',(1.,0.,0.));
#2004=DIRECTION('',(1.59441495953751E-16,1.,0.));
#2005=DIRECTION('',(0.,0.,-1.));
#2006=DIRECTION('',(-1.,0.,0.));
#2007=DIRECTION('',(1.,-2.16840434497101E-16,0.));
#2008=DIRECTION('',(0.,0.,1.));
#2009=DIRECTION('',(1.,0.,0.));
#2010=DIRECTION('',(0.,0.,1.));
#2011=DIRECTION('',(1.,0.,0.));
#2012=DIRECTION('',(0.,0.,1.));
#2013=DIRECTION('',(1.,0.,0.));
#2014=DIRECTION('',(0.,0.,1.));
#2015=DIRECTION('',(1.,0.,0.));
#2016=DIRECTION('',(0.,0.,1.));
#2017=DIRECTION('',(1.,0.,0.));
#2018=DIRECTION('',(0.,0.,1.));
#2019=DIRECTION('',(1.,0.,0.));
#2020=DIRECTION('',(0.,0.,1.));
#2021=DIRECTION('',(1.,0.,0.));
#2022=DIRECTION('',(0.,0.,1.));
#2023=DIRECTION('',(1.,0.,0.));
#2024=DIRECTION('',(0.,0.,1.));
#2025=DIRECTION('',(1.,0.,0.));
#2026=DIRECTION('',(0.,0.,1.));
#2027=DIRECTION('',(1.,0.,0.));
#2028=DIRECTION('',(0.,0.,1.));
#2029=DIRECTION('',(1.,0.,0.));
#2030=DIRECTION('',(0.,0.,1.));
#2031=DIRECTION('',(1.,0.,0.));
#2032=DIRECTION('',(0.,0.,1.));
#2033=DIRECTION('',(1.,0.,0.));
#2034=DIRECTION('',(0.,0.,1.));
#2035=DIRECTION('',(1.,0.,0.));
#2036=DIRECTION('',(0.,0.,1.));
#2037=DIRECTION('',(1.,0.,0.));
#2038=DIRECTION('',(0.,0.,1.));
#2039=DIRECTION('',(1.,0.,0.));
#2040=DIRECTION('',(0.,0.,1.));
#2041=DIRECTION('',(1.,0.,0.));
#2042=DIRECTION('',(1.,0.,0.));
#2043=DIRECTION('',(0.,0.,1.));
#2044=DIRECTION('',(-1.,0.,0.));
#2045=DIRECTION('',(-3.18882991907501E-16,1.,0.));
#2046=DIRECTION('',(0.,0.,1.));
#2047=DIRECTION('',(-1.,0.,0.));
#2048=DIRECTION('',(-1.,4.33680868994202E-16,0.));
#2049=DIRECTION('',(0.,0.,1.));
#2050=DIRECTION('',(1.,0.,0.));
#2051=DIRECTION('',(1.59441495953751E-16,-1.,0.));
#2052=DIRECTION('',(0.,0.,1.));
#2053=DIRECTION('',(1.,0.,0.));
#2054=DIRECTION('',(6.37765983815003E-16,1.,0.));
#2055=DIRECTION('',(0.,0.,1.));
#2056=DIRECTION('',(-1.,0.,0.));
#2057=DIRECTION('',(-1.,-2.16840434497101E-16,0.));
#2058=DIRECTION('',(0.,0.,1.));
#2059=DIRECTION('',(1.,0.,0.));
#2060=DIRECTION('',(-6.37765983815003E-16,-1.,0.));
#2061=DIRECTION('',(0.,0.,1.));
#2062=DIRECTION('',(1.,0.,0.));
#2063=DIRECTION('',(1.,-4.33680868994202E-16,0.));
#2064=DIRECTION('',(0.,0.,1.));
#2065=DIRECTION('',(-1.,0.,0.));
#2066=DIRECTION('',(0.,0.,1.));
#2067=DIRECTION('',(-1.,0.,0.));
#2068=DIRECTION('',(-1.,0.,0.));
#2069=DIRECTION('',(0.,0.,1.));
#2070=DIRECTION('',(1.,0.,0.));
#2071=DIRECTION('',(6.37765983815003E-16,-1.,0.));
#2072=DIRECTION('',(0.,0.,1.));
#2073=DIRECTION('',(1.,0.,0.));
#2074=DIRECTION('',(1.,-2.16840434497101E-16,0.));
#2075=DIRECTION('',(0.,0.,1.));
#2076=DIRECTION('',(-1.,0.,0.));
#2077=DIRECTION('',(-6.37765983815003E-16,1.,0.));
#2078=DIRECTION('',(0.,0.,1.));
#2079=DIRECTION('',(1.,0.,0.));
#2080=DIRECTION('',(-6.37765983815003E-16,-1.,0.));
#2081=DIRECTION('',(0.,0.,1.));
#2082=DIRECTION('',(-1.,0.,0.));
#2083=DIRECTION('',(1.,0.,0.));
#2084=DIRECTION('',(0.,0.,1.));
#2085=DIRECTION('',(-1.,0.,0.));
#2086=DIRECTION('',(6.37765983815003E-16,1.,0.));
#2087=DIRECTION('',(0.,0.,1.));
#2088=DIRECTION('',(-1.,0.,0.));
#2089=DIRECTION('',(-1.,4.33680868994202E-16,0.));
#2090=DIRECTION('',(0.,0.,-1.));
#2091=DIRECTION('',(-1.,0.,0.));
#2092=DIRECTION('',(1.,0.,0.));
#2093=DIRECTION('',(0.,0.,-1.));
#2094=DIRECTION('',(1.,0.,0.));
#2095=DIRECTION('',(-6.37765983815003E-16,1.,0.));
#2096=DIRECTION('',(0.,0.,-1.));
#2097=DIRECTION('',(1.,0.,0.));
#2098=DIRECTION('',(-1.,0.,0.));
#2099=DIRECTION('',(0.,0.,-1.));
#2100=DIRECTION('',(-1.,0.,0.));
#2101=DIRECTION('',(6.37765983815003E-16,-1.,0.));
#2102=DIRECTION('',(1.,0.,0.));
#2103=DIRECTION('',(0.,-1.,0.));
#2104=DIRECTION('',(-1.,0.,0.));
#2105=DIRECTION('',(0.,1.,0.));
#2106=DIRECTION('',(0.,0.,-1.));
#2107=DIRECTION('',(-1.,0.,0.));
#2108=DIRECTION('',(1.,-2.16840434497101E-16,0.));
#2109=DIRECTION('',(0.,0.,-1.));
#2110=DIRECTION('',(-1.,0.,0.));
#2111=DIRECTION('',(1.59441495953751E-16,1.,0.));
#2112=DIRECTION('',(0.,0.,-1.));
#2113=DIRECTION('',(1.,0.,0.));
#2114=DIRECTION('',(-1.,0.,0.));
#2115=DIRECTION('',(0.,0.,-1.));
#2116=DIRECTION('',(-1.,0.,0.));
#2117=DIRECTION('',(0.,-1.,0.));
#2118=DIRECTION('',(0.,1.,0.));
#2119=DIRECTION('',(0.,0.,1.));
#2120=DIRECTION('',(0.,0.,-1.));
#2121=DIRECTION('',(1.,0.,0.));
#2122=DIRECTION('',(0.,0.,-1.));
#2123=DIRECTION('',(-1.,0.,0.));
#2124=DIRECTION('',(0.,0.,1.));
#2125=DIRECTION('',(0.,0.,-1.));
#2126=DIRECTION('',(0.,1.,0.));
#2127=DIRECTION('',(0.,-1.,0.));
#2128=DIRECTION('',(0.,0.,-1.));
#2129=DIRECTION('',(0.,0.,-1.));
#2130=DIRECTION('',(-1.,0.,0.));
#2131=DIRECTION('',(1.,0.,0.));
#2132=DIRECTION('',(0.,0.,-1.));
#2133=DIRECTION('',(0.,-1.,0.));
#2134=DIRECTION('',(0.,0.,1.));
#2135=DIRECTION('',(1.,0.,0.));
#2136=DIRECTION('',(0.,0.,1.));
#2137=DIRECTION('',(1.,0.,0.));
#2138=DIRECTION('',(0.,0.,1.));
#2139=DIRECTION('',(1.,0.,0.));
#2140=DIRECTION('',(0.,0.,1.));
#2141=DIRECTION('',(0.,0.,1.));
#2142=DIRECTION('',(-1.,-6.37765983815003E-16,0.));
#2143=DIRECTION('',(6.37765983815003E-16,-1.,0.));
#2144=DIRECTION('',(0.,0.,1.));
#2145=DIRECTION('',(0.,0.,1.));
#2146=DIRECTION('',(1.,0.,0.));
#2147=DIRECTION('',(0.,0.,1.));
#2148=DIRECTION('',(0.,1.,0.));
#2149=DIRECTION('',(0.,0.,1.));
#2150=DIRECTION('',(0.,0.,1.));
#2151=DIRECTION('',(0.,0.,1.));
#2152=DIRECTION('',(1.,0.,0.));
#2153=DIRECTION('',(0.,0.,1.));
#2154=DIRECTION('',(1.,6.37765983815003E-16,0.));
#2155=DIRECTION('',(-6.37765983815003E-16,1.,0.));
#2156=DIRECTION('',(0.,0.,1.));
#2157=DIRECTION('',(0.,0.,1.));
#2158=DIRECTION('',(1.,0.,0.));
#2159=DIRECTION('',(0.,0.,1.));
#2160=DIRECTION('',(0.,-1.,0.));
#2161=DIRECTION('',(0.,0.,-1.));
#2162=DIRECTION('',(0.,0.,1.));
#2163=DIRECTION('',(1.,0.,0.));
#2164=DIRECTION('',(0.,0.,1.));
#2165=DIRECTION('',(0.,0.,1.));
#2166=DIRECTION('',(-1.,0.,0.));
#2167=DIRECTION('',(0.,0.,1.));
#2168=DIRECTION('',(0.,0.,1.));
#2169=DIRECTION('',(0.,0.,1.));
#2170=DIRECTION('',(1.,0.,0.));
#2171=DIRECTION('',(0.,0.,1.));
#2172=DIRECTION('',(0.,1.,0.));
#2173=DIRECTION('',(0.,0.,1.));
#2174=DIRECTION('',(0.,0.,1.));
#2175=DIRECTION('',(0.,0.,1.));
#2176=DIRECTION('',(1.,0.,0.));
#2177=DIRECTION('',(0.,0.,1.));
#2178=DIRECTION('',(1.,-1.59441495953751E-16,0.));
#2179=DIRECTION('',(1.59441495953751E-16,1.,0.));
#2180=DIRECTION('',(0.,0.,1.));
#2181=DIRECTION('',(0.,0.,1.));
#2182=DIRECTION('',(1.,0.,0.));
#2183=DIRECTION('',(0.,0.,1.));
#2184=DIRECTION('',(-2.16840434497101E-16,-1.,0.));
#2185=DIRECTION('',(1.,-2.16840434497101E-16,0.));
#2186=DIRECTION('',(0.,0.,1.));
#2187=DIRECTION('',(1.,0.,0.));
#2188=DIRECTION('',(-6.37765983815003E-16,-1.,0.));
#2189=DIRECTION('',(0.,0.,1.));
#2190=DIRECTION('',(1.,0.,0.));
#2191=DIRECTION('',(-1.,4.33680868994202E-16,0.));
#2192=DIRECTION('',(0.,0.,1.));
#2193=DIRECTION('',(-1.,0.,0.));
#2194=DIRECTION('',(6.37765983815003E-16,1.,0.));
#2195=DIRECTION('',(0.,0.,1.));
#2196=DIRECTION('',(-1.,0.,0.));
#2197=DIRECTION('',(1.,0.,0.));
#2198=DIRECTION('',(0.,0.,1.));
#2199=DIRECTION('',(-1.,0.,0.));
#2200=DIRECTION('',(0.,0.,1.));
#2201=DIRECTION('',(1.,0.,0.));
#2202=DIRECTION('',(0.,0.,1.));
#2203=DIRECTION('',(0.,0.,1.));
#2204=DIRECTION('',(0.,-1.,0.));
#2205=DIRECTION('',(0.,0.,-1.));
#2206=DIRECTION('',(0.,0.,1.));
#2207=DIRECTION('',(0.,0.,1.));
#2208=DIRECTION('',(1.,0.,0.));
#2209=DIRECTION('',(0.,0.,1.));
#2210=DIRECTION('',(1.,-6.37765983815003E-16,0.));
#2211=DIRECTION('',(6.37765983815003E-16,1.,0.));
#2212=DIRECTION('',(0.,0.,1.));
#2213=DIRECTION('',(0.,0.,1.));
#2214=DIRECTION('',(1.,0.,0.));
#2215=DIRECTION('',(0.,0.,1.));
#2216=DIRECTION('',(4.33680868994202E-16,1.,0.));
#2217=DIRECTION('',(-1.,4.33680868994202E-16,0.));
#2218=DIRECTION('',(0.,0.,1.));
#2219=DIRECTION('',(0.,0.,1.));
#2220=DIRECTION('',(1.,0.,0.));
#2221=DIRECTION('',(0.,0.,1.));
#2222=DIRECTION('',(-1.,6.37765983815003E-16,0.));
#2223=DIRECTION('',(-6.37765983815003E-16,-1.,0.));
#2224=DIRECTION('',(0.,0.,1.));
#2225=DIRECTION('',(1.,0.,0.));
#2226=DIRECTION('',(-1.,0.,0.));
#2227=DIRECTION('',(0.,0.,1.));
#2228=DIRECTION('',(-1.,0.,0.));
#2229=DIRECTION('',(-6.37765983815003E-16,1.,0.));
#2230=DIRECTION('',(0.,0.,1.));
#2231=DIRECTION('',(-1.,0.,0.));
#2232=DIRECTION('',(1.,-2.16840434497101E-16,0.));
#2233=DIRECTION('',(0.,0.,1.));
#2234=DIRECTION('',(1.,0.,0.));
#2235=DIRECTION('',(6.37765983815003E-16,-1.,0.));
#2236=DIRECTION('',(0.,0.,1.));
#2237=DIRECTION('',(1.,0.,0.));
#2238=DIRECTION('',(0.,1.,0.));
#2239=DIRECTION('',(0.,0.,1.));
#2240=DIRECTION('',(0.,0.,1.));
#2241=DIRECTION('',(0.,0.,1.));
#2242=DIRECTION('',(0.,0.,1.));
#2243=DIRECTION('',(1.,0.,0.));
#2244=DIRECTION('',(0.,0.,1.));
#2245=DIRECTION('',(-1.,-6.37765983815003E-16,0.));
#2246=DIRECTION('',(6.37765983815003E-16,-1.,0.));
#2247=DIRECTION('',(0.,0.,1.));
#2248=DIRECTION('',(0.,0.,1.));
#2249=DIRECTION('',(1.,0.,0.));
#2250=DIRECTION('',(0.,0.,1.));
#2251=DIRECTION('',(-2.16840434497101E-16,-1.,0.));
#2252=DIRECTION('',(1.,-2.16840434497101E-16,0.));
#2253=DIRECTION('',(0.,0.,1.));
#2254=DIRECTION('',(0.,0.,1.));
#2255=DIRECTION('',(1.,0.,0.));
#2256=DIRECTION('',(0.,0.,1.));
#2257=DIRECTION('',(1.,6.37765983815003E-16,0.));
#2258=DIRECTION('',(-6.37765983815003E-16,1.,0.));
#2259=DIRECTION('',(0.,0.,1.));
#2260=DIRECTION('',(0.,0.,1.));
#2261=DIRECTION('',(1.,0.,0.));
#2262=DIRECTION('',(0.,0.,1.));
#2263=DIRECTION('',(1.,0.,0.));
#2264=DIRECTION('',(0.,0.,1.));
#2265=DIRECTION('',(-1.,0.,0.));
#2266=DIRECTION('',(6.37765983815003E-16,1.,0.));
#2267=DIRECTION('',(0.,0.,1.));
#2268=DIRECTION('',(-1.,0.,0.));
#2269=DIRECTION('',(1.,-4.33680868994202E-16,0.));
#2270=DIRECTION('',(0.,0.,1.));
#2271=DIRECTION('',(1.,0.,0.));
#2272=DIRECTION('',(-6.37765983815003E-16,-1.,0.));
#2273=DIRECTION('',(0.,0.,1.));
#2274=DIRECTION('',(1.,0.,0.));
#2275=DIRECTION('',(-1.,-2.16840434497101E-16,0.));
#2276=DIRECTION('',(0.,0.,1.));
#2277=DIRECTION('',(1.,0.,0.));
#2278=DIRECTION('',(0.,0.,1.));
#2279=DIRECTION('',(0.,0.,1.));
#2280=DIRECTION('',(-2.16840434497101E-16,1.,0.));
#2281=DIRECTION('',(-1.,-2.16840434497101E-16,0.));
#2282=DIRECTION('',(0.,0.,1.));
#2283=DIRECTION('',(0.,0.,1.));
#2284=DIRECTION('',(1.,0.,0.));
#2285=DIRECTION('',(0.,0.,1.));
#2286=DIRECTION('',(-1.,6.37765983815003E-16,0.));
#2287=DIRECTION('',(-6.37765983815003E-16,-1.,0.));
#2288=DIRECTION('',(0.,0.,1.));
#2289=DIRECTION('',(0.,0.,1.));
#2290=DIRECTION('',(1.,0.,0.));
#2291=DIRECTION('',(0.,0.,1.));
#2292=DIRECTION('',(-4.33680868994202E-16,-1.,0.));
#2293=DIRECTION('',(1.,-4.33680868994202E-16,0.));
#2294=DIRECTION('',(0.,0.,1.));
#2295=DIRECTION('',(0.,0.,1.));
#2296=DIRECTION('',(1.,0.,0.));
#2297=DIRECTION('',(0.,0.,1.));
#2298=DIRECTION('',(1.,-6.37765983815003E-16,0.));
#2299=DIRECTION('',(6.37765983815003E-16,1.,0.));
#2300=DIRECTION('',(0.,0.,1.));
#2301=DIRECTION('',(1.,0.,0.));
#2302=DIRECTION('',(0.,0.,1.));
#2303=DIRECTION('',(-1.,0.,0.));
#2304=DIRECTION('',(1.,0.,0.));
#2305=DIRECTION('',(0.,0.,1.));
#2306=DIRECTION('',(1.,0.,0.));
#2307=DIRECTION('',(1.59441495953751E-16,-1.,0.));
#2308=DIRECTION('',(0.,0.,1.));
#2309=DIRECTION('',(1.,0.,0.));
#2310=DIRECTION('',(-1.,4.33680868994202E-16,0.));
#2311=DIRECTION('',(0.,0.,1.));
#2312=DIRECTION('',(-1.,0.,0.));
#2313=DIRECTION('',(-3.18882991907501E-16,1.,0.));
#2314=DIRECTION('',(0.,0.,1.));
#2315=DIRECTION('',(1.,0.,0.));
#2316=DIRECTION('',(0.,0.,1.));
#2317=DIRECTION('',(0.,0.,1.));
#2318=DIRECTION('',(1.,3.18882991907501E-16,0.));
#2319=DIRECTION('',(-3.18882991907501E-16,1.,0.));
#2320=DIRECTION('',(0.,0.,1.));
#2321=DIRECTION('',(0.,0.,1.));
#2322=DIRECTION('',(1.,0.,0.));
#2323=DIRECTION('',(0.,0.,1.));
#2324=DIRECTION('',(4.33680868994202E-16,1.,0.));
#2325=DIRECTION('',(-1.,4.33680868994202E-16,0.));
#2326=DIRECTION('',(0.,0.,1.));
#2327=DIRECTION('',(0.,0.,1.));
#2328=DIRECTION('',(1.,0.,0.));
#2329=DIRECTION('',(0.,0.,1.));
#2330=DIRECTION('',(-1.,-1.59441495953751E-16,0.));
#2331=DIRECTION('',(1.59441495953751E-16,-1.,0.));
#2332=DIRECTION('',(0.,0.,1.));
#2333=DIRECTION('',(0.,0.,1.));
#2334=DIRECTION('',(1.,0.,0.));
#2335=DIRECTION('',(0.,0.,1.));
#2336=DIRECTION('',(0.,-1.,0.));
#2337=DIRECTION('',(0.,0.,-1.));
#2338=DIRECTION('',(0.,0.,1.));
#2339=DIRECTION('',(1.,0.,0.));
#2340=DIRECTION('',(0.,0.,1.));
#2341=DIRECTION('',(1.,0.,0.));
#2342=DIRECTION('',(0.,0.,1.));
#2343=DIRECTION('',(1.,0.,0.));
#2344=DIRECTION('',(0.,0.,-1.));
#2345=DIRECTION('',(-1.,0.,0.));
#2346=DIRECTION('',(0.,0.,1.));
#2347=DIRECTION('',(1.,0.,0.));
#2348=DIRECTION('',(0.,0.,1.));
#2349=DIRECTION('',(1.,0.,0.));
#2350=CARTESIAN_POINT('',(0.,0.,0.));
#2351=CARTESIAN_POINT('',(0.65,-0.49,-0.00287349919764546));
#2352=CARTESIAN_POINT('',(0.65,-0.49,-0.00287349919764546));
#2353=CARTESIAN_POINT('',(0.687701655230853,-0.49,-0.00287349919764546));
#2354=CARTESIAN_POINT('',(0.65,-0.49,-0.0170484991976457));
#2355=CARTESIAN_POINT('',(0.65,-0.49,-0.01));
#2356=CARTESIAN_POINT('',(0.6,-0.49,-0.01));
#2357=CARTESIAN_POINT('',(0.775,-0.405,-0.01));
#2358=CARTESIAN_POINT('',(0.775,-0.405,-0.01));
#2359=CARTESIAN_POINT('',(0.775,-0.38,-0.01));
#2360=CARTESIAN_POINT('',(0.8,-0.405,-0.01));
#2361=CARTESIAN_POINT('',(0.8,-0.405,-0.01));
#2362=CARTESIAN_POINT('',(0.8,-0.575,-0.01));
#2363=CARTESIAN_POINT('',(0.775,-0.575,-0.01));
#2364=CARTESIAN_POINT('',(0.775,-0.6,-0.01));
#2365=CARTESIAN_POINT('',(0.775,-0.6,-0.01));
#2366=CARTESIAN_POINT('',(0.525,-0.6,-0.01));
#2367=CARTESIAN_POINT('',(0.525,-0.575,-0.01));
#2368=CARTESIAN_POINT('',(0.5,-0.575,-0.01));
#2369=CARTESIAN_POINT('',(0.5,-0.575,-0.01));
#2370=CARTESIAN_POINT('',(0.5,-0.405,-0.01));
#2371=CARTESIAN_POINT('',(0.525,-0.405,-0.01));
#2372=CARTESIAN_POINT('',(0.525,-0.38,-0.01));
#2373=CARTESIAN_POINT('',(0.525,-0.38,-0.01));
#2374=CARTESIAN_POINT('',(0.,-0.49,-0.00287349919764546));
#2375=CARTESIAN_POINT('',(0.,-0.49,-0.00287349919764546));
#2376=CARTESIAN_POINT('',(0.0377016552308534,-0.49,-0.00287349919764546));
#2377=CARTESIAN_POINT('',(0.,-0.49,-0.0170484991976457));
#2378=CARTESIAN_POINT('',(0.,-0.49,-0.01));
#2379=CARTESIAN_POINT('',(-0.05,-0.49,-0.01));
#2380=CARTESIAN_POINT('',(0.125,-0.405,-0.01));
#2381=CARTESIAN_POINT('',(0.125,-0.405,-0.01));
#2382=CARTESIAN_POINT('',(0.125,-0.38,-0.01));
#2383=CARTESIAN_POINT('',(0.15,-0.405,-0.01));
#2384=CARTESIAN_POINT('',(0.15,-0.405,-0.01));
#2385=CARTESIAN_POINT('',(0.15,-0.575,-0.01));
#2386=CARTESIAN_POINT('',(0.125,-0.575,-0.01));
#2387=CARTESIAN_POINT('',(0.125,-0.6,-0.01));
#2388=CARTESIAN_POINT('',(0.125,-0.6,-0.01));
#2389=CARTESIAN_POINT('',(-0.125,-0.6,-0.01));
#2390=CARTESIAN_POINT('',(-0.125,-0.575,-0.01));
#2391=CARTESIAN_POINT('',(-0.15,-0.575,-0.01));
#2392=CARTESIAN_POINT('',(-0.15,-0.575,-0.01));
#2393=CARTESIAN_POINT('',(-0.15,-0.405,-0.01));
#2394=CARTESIAN_POINT('',(-0.125,-0.405,-0.01));
#2395=CARTESIAN_POINT('',(-0.125,-0.38,-0.01));
#2396=CARTESIAN_POINT('',(-0.125,-0.38,-0.01));
#2397=CARTESIAN_POINT('',(-0.65,-0.49,-0.0170484991976457));
#2398=CARTESIAN_POINT('',(-0.65,-0.49,-0.00287349919764546));
#2399=CARTESIAN_POINT('',(-0.612298344769147,-0.49,-0.00287349919764546));
#2400=CARTESIAN_POINT('',(-0.65,-0.49,-0.01));
#2401=CARTESIAN_POINT('',(-0.6,-0.49,-0.01));
#2402=CARTESIAN_POINT('',(-0.65,-0.49,-0.00287349919764546));
#2403=CARTESIAN_POINT('',(-0.65,0.49,-0.0170484991976457));
#2404=CARTESIAN_POINT('',(-0.65,0.49,-0.00287349919764546));
#2405=CARTESIAN_POINT('',(-0.612298344769147,0.49,-0.00287349919764546));
#2406=CARTESIAN_POINT('',(-0.65,0.49,-0.01));
#2407=CARTESIAN_POINT('',(-0.6,0.49,-0.01));
#2408=CARTESIAN_POINT('',(-0.65,0.49,-0.00287349919764546));
#2409=CARTESIAN_POINT('',(0.,0.49,-0.0170484991976457));
#2410=CARTESIAN_POINT('',(0.,0.49,-0.00287349919764546));
#2411=CARTESIAN_POINT('',(0.0377016552308534,0.49,-0.00287349919764546));
#2412=CARTESIAN_POINT('',(0.,0.49,-0.01));
#2413=CARTESIAN_POINT('',(0.05,0.49,-0.01));
#2414=CARTESIAN_POINT('',(0.,0.49,-0.00287349919764546));
#2415=CARTESIAN_POINT('',(0.65,0.49,-0.0170484991976457));
#2416=CARTESIAN_POINT('',(0.65,0.49,-0.00287349919764546));
#2417=CARTESIAN_POINT('',(0.687701655230853,0.49,-0.00287349919764546));
#2418=CARTESIAN_POINT('',(0.65,0.49,-0.01));
#2419=CARTESIAN_POINT('',(0.7,0.49,-0.01));
#2420=CARTESIAN_POINT('',(0.65,0.49,-0.00287349919764546));
#2421=CARTESIAN_POINT('',(0.,0.,0.));
#2422=CARTESIAN_POINT('',(0.79885454499897,0.0711619774508564,0.));
#2423=CARTESIAN_POINT('',(0.768609802208193,0.0022504508189855,0.));
#2424=CARTESIAN_POINT('',(0.795415674031881,-0.06603444610775,0.));
#2425=CARTESIAN_POINT('',(0.861379336411319,-0.0968554999964957,0.));
#2426=CARTESIAN_POINT('',(0.931083142145422,-0.0714940576380703,0.));
#2427=CARTESIAN_POINT('',(0.962454392465073,-0.00425882776432707,0.));
#2428=CARTESIAN_POINT('',(0.937092645591404,0.0654905943382213,0.));
#2429=CARTESIAN_POINT('',(0.869856889035696,0.0968351154050155,0.));
#2430=CARTESIAN_POINT('',(0.79885454499897,0.0711619774508564,0.));
#2431=CARTESIAN_POINT('',(0.768609802208193,0.0022504508189855,0.));
#2432=CARTESIAN_POINT('',(0.795415674031881,-0.06603444610775,0.));
#2433=CARTESIAN_POINT('',(0.77809273333172,0.,0.));
#2434=CARTESIAN_POINT('',(-0.125,0.38,0.));
#2435=CARTESIAN_POINT('',(-0.125,0.38,0.));
#2436=CARTESIAN_POINT('',(0.125,0.38,0.));
#2437=CARTESIAN_POINT('',(0.125,0.405,0.));
#2438=CARTESIAN_POINT('',(0.15,0.405,0.));
#2439=CARTESIAN_POINT('',(0.15,0.405,0.));
#2440=CARTESIAN_POINT('',(0.15,0.575,0.));
#2441=CARTESIAN_POINT('',(0.125,0.575,0.));
#2442=CARTESIAN_POINT('',(0.125,0.6,0.));
#2443=CARTESIAN_POINT('',(0.125,0.6,0.));
#2444=CARTESIAN_POINT('',(-0.125,0.6,0.));
#2445=CARTESIAN_POINT('',(-0.125,0.575,0.));
#2446=CARTESIAN_POINT('',(-0.15,0.575,0.));
#2447=CARTESIAN_POINT('',(-0.15,0.575,0.));
#2448=CARTESIAN_POINT('',(-0.15,0.405,0.));
#2449=CARTESIAN_POINT('',(-0.125,0.405,0.));
#2450=CARTESIAN_POINT('',(-0.5,-0.575,0.));
#2451=CARTESIAN_POINT('',(-0.5,-0.575,0.));
#2452=CARTESIAN_POINT('',(-0.5,-0.405,0.));
#2453=CARTESIAN_POINT('',(-0.525,-0.405,0.));
#2454=CARTESIAN_POINT('',(-0.525,-0.38,0.));
#2455=CARTESIAN_POINT('',(-0.525,-0.38,0.));
#2456=CARTESIAN_POINT('',(-0.775,-0.38,0.));
#2457=CARTESIAN_POINT('',(-0.775,-0.405,0.));
#2458=CARTESIAN_POINT('',(-0.8,-0.405,0.));
#2459=CARTESIAN_POINT('',(-0.8,-0.405,0.));
#2460=CARTESIAN_POINT('',(-0.8,-0.575,0.));
#2461=CARTESIAN_POINT('',(-0.775,-0.575,0.));
#2462=CARTESIAN_POINT('',(-0.775,-0.6,0.));
#2463=CARTESIAN_POINT('',(-0.775,-0.6,0.));
#2464=CARTESIAN_POINT('',(-0.525,-0.6,0.));
#2465=CARTESIAN_POINT('',(-0.525,-0.575,0.));
#2466=CARTESIAN_POINT('',(-0.525,0.575,0.));
#2467=CARTESIAN_POINT('',(-0.5,0.575,0.));
#2468=CARTESIAN_POINT('',(-0.525,0.6,0.));
#2469=CARTESIAN_POINT('',(-0.775,0.6,0.));
#2470=CARTESIAN_POINT('',(-0.775,0.6,0.));
#2471=CARTESIAN_POINT('',(-0.775,0.575,0.));
#2472=CARTESIAN_POINT('',(-0.8,0.575,0.));
#2473=CARTESIAN_POINT('',(-0.8,0.405,0.));
#2474=CARTESIAN_POINT('',(-0.8,0.405,0.));
#2475=CARTESIAN_POINT('',(-0.775,0.405,0.));
#2476=CARTESIAN_POINT('',(-0.775,0.38,0.));
#2477=CARTESIAN_POINT('',(-0.525,0.38,0.));
#2478=CARTESIAN_POINT('',(-0.525,0.38,0.));
#2479=CARTESIAN_POINT('',(-0.525,0.405,0.));
#2480=CARTESIAN_POINT('',(-0.5,0.405,0.));
#2481=CARTESIAN_POINT('',(-0.5,0.575,0.));
#2482=CARTESIAN_POINT('',(0.525,0.575,0.));
#2483=CARTESIAN_POINT('',(0.525,0.6,0.));
#2484=CARTESIAN_POINT('',(0.5,0.575,0.));
#2485=CARTESIAN_POINT('',(0.5,0.575,0.));
#2486=CARTESIAN_POINT('',(0.5,0.405,0.));
#2487=CARTESIAN_POINT('',(0.525,0.405,0.));
#2488=CARTESIAN_POINT('',(0.525,0.38,0.));
#2489=CARTESIAN_POINT('',(0.525,0.38,0.));
#2490=CARTESIAN_POINT('',(0.775,0.38,0.));
#2491=CARTESIAN_POINT('',(0.775,0.405,0.));
#2492=CARTESIAN_POINT('',(0.8,0.405,0.));
#2493=CARTESIAN_POINT('',(0.8,0.405,0.));
#2494=CARTESIAN_POINT('',(0.8,0.575,0.));
#2495=CARTESIAN_POINT('',(0.775,0.575,0.));
#2496=CARTESIAN_POINT('',(0.775,0.6,0.));
#2497=CARTESIAN_POINT('',(0.775,0.6,0.));
#2498=CARTESIAN_POINT('',(0.775,-0.405,0.));
#2499=CARTESIAN_POINT('',(0.775,-0.38,0.));
#2500=CARTESIAN_POINT('',(0.8,-0.405,0.));
#2501=CARTESIAN_POINT('',(0.525,-0.38,0.));
#2502=CARTESIAN_POINT('',(0.525,-0.38,0.));
#2503=CARTESIAN_POINT('',(0.525,-0.405,0.));
#2504=CARTESIAN_POINT('',(0.5,-0.405,0.));
#2505=CARTESIAN_POINT('',(0.5,-0.575,0.));
#2506=CARTESIAN_POINT('',(0.5,-0.575,0.));
#2507=CARTESIAN_POINT('',(0.525,-0.575,0.));
#2508=CARTESIAN_POINT('',(0.525,-0.6,0.));
#2509=CARTESIAN_POINT('',(0.775,-0.6,0.));
#2510=CARTESIAN_POINT('',(0.775,-0.6,0.));
#2511=CARTESIAN_POINT('',(0.775,-0.575,0.));
#2512=CARTESIAN_POINT('',(0.8,-0.575,0.));
#2513=CARTESIAN_POINT('',(0.8,-0.405,0.));
#2514=CARTESIAN_POINT('',(-1.02,-0.645,0.));
#2515=CARTESIAN_POINT('',(-1.02,-0.645,0.));
#2516=CARTESIAN_POINT('',(1.02,-0.645,0.));
#2517=CARTESIAN_POINT('',(-1.02,0.645,0.));
#2518=CARTESIAN_POINT('',(-1.02,0.645,0.));
#2519=CARTESIAN_POINT('',(1.02,0.645,0.));
#2520=CARTESIAN_POINT('',(1.02,0.645,0.));
#2521=CARTESIAN_POINT('',(1.02,-0.645,0.));
#2522=CARTESIAN_POINT('',(0.125,-0.405,0.));
#2523=CARTESIAN_POINT('',(0.125,-0.38,0.));
#2524=CARTESIAN_POINT('',(0.15,-0.405,0.));
#2525=CARTESIAN_POINT('',(-0.125,-0.38,0.));
#2526=CARTESIAN_POINT('',(-0.125,-0.38,0.));
#2527=CARTESIAN_POINT('',(-0.125,-0.405,0.));
#2528=CARTESIAN_POINT('',(-0.15,-0.405,0.));
#2529=CARTESIAN_POINT('',(-0.15,-0.575,0.));
#2530=CARTESIAN_POINT('',(-0.15,-0.575,0.));
#2531=CARTESIAN_POINT('',(-0.125,-0.575,0.));
#2532=CARTESIAN_POINT('',(-0.125,-0.6,0.));
#2533=CARTESIAN_POINT('',(0.125,-0.6,0.));
#2534=CARTESIAN_POINT('',(0.125,-0.6,0.));
#2535=CARTESIAN_POINT('',(0.125,-0.575,0.));
#2536=CARTESIAN_POINT('',(0.15,-0.575,0.));
#2537=CARTESIAN_POINT('',(0.15,-0.405,0.));
#2538=CARTESIAN_POINT('',(-1.02,-0.645,0.51));
#2539=CARTESIAN_POINT('',(1.02,-0.645,0.51));
#2540=CARTESIAN_POINT('',(1.02,-0.645,0.52));
#2541=CARTESIAN_POINT('',(-1.02,-0.645,0.52));
#2542=CARTESIAN_POINT('',(-1.02,-0.645,0.52));
#2543=CARTESIAN_POINT('',(-1.02,-0.645,0.51));
#2544=CARTESIAN_POINT('',(1.02,-0.645,0.51));
#2545=CARTESIAN_POINT('',(1.02,0.645,0.51));
#2546=CARTESIAN_POINT('',(1.02,0.645,0.52));
#2547=CARTESIAN_POINT('',(1.02,-0.645,0.52));
#2548=CARTESIAN_POINT('',(1.02,0.645,0.51));
#2549=CARTESIAN_POINT('',(-1.02,0.645,0.51));
#2550=CARTESIAN_POINT('',(-1.02,0.645,0.52));
#2551=CARTESIAN_POINT('',(1.02,0.645,0.52));
#2552=CARTESIAN_POINT('',(-1.02,0.645,0.51));
#2553=CARTESIAN_POINT('',(-1.02,0.645,0.52));
#2554=CARTESIAN_POINT('',(0.,0.,0.52));
#2555=CARTESIAN_POINT('',(0.86559273333172,0.,0.52));
#2556=CARTESIAN_POINT('',(0.95309273333172,0.,0.52));
#2557=CARTESIAN_POINT('',(0.775,-0.405,-0.03));
#2558=CARTESIAN_POINT('',(0.8,-0.405,-0.03));
#2559=CARTESIAN_POINT('',(0.775,-0.38,-0.03));
#2560=CARTESIAN_POINT('',(0.8,-0.405,-0.03));
#2561=CARTESIAN_POINT('',(0.8,-0.575,-0.03));
#2562=CARTESIAN_POINT('',(0.775,-0.575,-0.03));
#2563=CARTESIAN_POINT('',(0.775,-0.6,-0.03));
#2564=CARTESIAN_POINT('',(0.775,-0.6,-0.03));
#2565=CARTESIAN_POINT('',(0.525,-0.6,-0.03));
#2566=CARTESIAN_POINT('',(0.525,-0.575,-0.03));
#2567=CARTESIAN_POINT('',(0.5,-0.575,-0.03));
#2568=CARTESIAN_POINT('',(0.5,-0.575,-0.03));
#2569=CARTESIAN_POINT('',(0.5,-0.405,-0.03));
#2570=CARTESIAN_POINT('',(0.525,-0.405,-0.03));
#2571=CARTESIAN_POINT('',(0.525,-0.38,-0.03));
#2572=CARTESIAN_POINT('',(0.525,-0.38,-0.03));
#2573=CARTESIAN_POINT('',(0.125,-0.405,-0.03));
#2574=CARTESIAN_POINT('',(0.15,-0.405,-0.03));
#2575=CARTESIAN_POINT('',(0.125,-0.38,-0.03));
#2576=CARTESIAN_POINT('',(0.15,-0.405,-0.03));
#2577=CARTESIAN_POINT('',(0.15,-0.575,-0.03));
#2578=CARTESIAN_POINT('',(0.125,-0.575,-0.03));
#2579=CARTESIAN_POINT('',(0.125,-0.6,-0.03));
#2580=CARTESIAN_POINT('',(0.125,-0.6,-0.03));
#2581=CARTESIAN_POINT('',(-0.125,-0.6,-0.03));
#2582=CARTESIAN_POINT('',(-0.125,-0.575,-0.03));
#2583=CARTESIAN_POINT('',(-0.15,-0.575,-0.03));
#2584=CARTESIAN_POINT('',(-0.15,-0.575,-0.03));
#2585=CARTESIAN_POINT('',(-0.15,-0.405,-0.03));
#2586=CARTESIAN_POINT('',(-0.125,-0.405,-0.03));
#2587=CARTESIAN_POINT('',(-0.125,-0.38,-0.03));
#2588=CARTESIAN_POINT('',(-0.125,-0.38,-0.03));
#2589=CARTESIAN_POINT('',(0.525,0.405,-0.01));
#2590=CARTESIAN_POINT('',(0.5,0.575,-0.01));
#2591=CARTESIAN_POINT('',(0.5,0.575,-0.01));
#2592=CARTESIAN_POINT('',(0.5,0.405,-0.01));
#2593=CARTESIAN_POINT('',(0.525,0.575,-0.01));
#2594=CARTESIAN_POINT('',(0.525,0.6,-0.01));
#2595=CARTESIAN_POINT('',(0.775,0.6,-0.01));
#2596=CARTESIAN_POINT('',(0.775,0.6,-0.01));
#2597=CARTESIAN_POINT('',(0.775,0.575,-0.01));
#2598=CARTESIAN_POINT('',(0.8,0.575,-0.01));
#2599=CARTESIAN_POINT('',(0.8,0.405,-0.01));
#2600=CARTESIAN_POINT('',(0.8,0.405,-0.01));
#2601=CARTESIAN_POINT('',(0.775,0.405,-0.01));
#2602=CARTESIAN_POINT('',(0.775,0.38,-0.01));
#2603=CARTESIAN_POINT('',(0.525,0.38,-0.01));
#2604=CARTESIAN_POINT('',(0.525,0.38,-0.01));
#2605=CARTESIAN_POINT('',(0.525,0.405,-0.01));
#2606=CARTESIAN_POINT('',(0.525,0.405,-0.03));
#2607=CARTESIAN_POINT('',(0.5,0.405,-0.03));
#2608=CARTESIAN_POINT('',(0.525,0.38,-0.03));
#2609=CARTESIAN_POINT('',(0.525,0.38,-0.03));
#2610=CARTESIAN_POINT('',(0.775,0.38,-0.03));
#2611=CARTESIAN_POINT('',(0.775,0.405,-0.03));
#2612=CARTESIAN_POINT('',(0.8,0.405,-0.03));
#2613=CARTESIAN_POINT('',(0.8,0.405,-0.03));
#2614=CARTESIAN_POINT('',(0.8,0.575,-0.03));
#2615=CARTESIAN_POINT('',(0.775,0.575,-0.03));
#2616=CARTESIAN_POINT('',(0.775,0.6,-0.03));
#2617=CARTESIAN_POINT('',(0.775,0.6,-0.03));
#2618=CARTESIAN_POINT('',(0.525,0.6,-0.03));
#2619=CARTESIAN_POINT('',(0.525,0.575,-0.03));
#2620=CARTESIAN_POINT('',(0.5,0.575,-0.03));
#2621=CARTESIAN_POINT('',(0.5,0.575,-0.03));
#2622=CARTESIAN_POINT('',(-0.775,0.575,-0.01));
#2623=CARTESIAN_POINT('',(-0.775,0.6,-0.01));
#2624=CARTESIAN_POINT('',(-0.525,0.6,-0.01));
#2625=CARTESIAN_POINT('',(-0.775,0.6,-0.01));
#2626=CARTESIAN_POINT('',(-0.525,0.575,-0.01));
#2627=CARTESIAN_POINT('',(-0.5,0.575,-0.01));
#2628=CARTESIAN_POINT('',(-0.5,0.575,-0.01));
#2629=CARTESIAN_POINT('',(-0.5,0.405,-0.01));
#2630=CARTESIAN_POINT('',(-0.525,0.405,-0.01));
#2631=CARTESIAN_POINT('',(-0.525,0.38,-0.01));
#2632=CARTESIAN_POINT('',(-0.525,0.38,-0.01));
#2633=CARTESIAN_POINT('',(-0.775,0.38,-0.01));
#2634=CARTESIAN_POINT('',(-0.775,0.405,-0.01));
#2635=CARTESIAN_POINT('',(-0.8,0.405,-0.01));
#2636=CARTESIAN_POINT('',(-0.8,0.405,-0.01));
#2637=CARTESIAN_POINT('',(-0.8,0.575,-0.01));
#2638=CARTESIAN_POINT('',(-0.775,0.575,-0.01));
#2639=CARTESIAN_POINT('',(-0.775,0.6,-0.03));
#2640=CARTESIAN_POINT('',(-0.525,0.6,-0.03));
#2641=CARTESIAN_POINT('',(-0.775,0.6,-0.03));
#2642=CARTESIAN_POINT('',(-0.775,0.575,-0.03));
#2643=CARTESIAN_POINT('',(-0.8,0.575,-0.03));
#2644=CARTESIAN_POINT('',(-0.8,0.405,-0.03));
#2645=CARTESIAN_POINT('',(-0.8,0.405,-0.03));
#2646=CARTESIAN_POINT('',(-0.775,0.405,-0.03));
#2647=CARTESIAN_POINT('',(-0.775,0.38,-0.03));
#2648=CARTESIAN_POINT('',(-0.525,0.38,-0.03));
#2649=CARTESIAN_POINT('',(-0.525,0.38,-0.03));
#2650=CARTESIAN_POINT('',(-0.525,0.405,-0.03));
#2651=CARTESIAN_POINT('',(-0.5,0.405,-0.03));
#2652=CARTESIAN_POINT('',(-0.5,0.575,-0.03));
#2653=CARTESIAN_POINT('',(-0.5,0.575,-0.03));
#2654=CARTESIAN_POINT('',(-0.525,0.575,-0.03));
#2655=CARTESIAN_POINT('',(-0.525,-0.405,-0.01));
#2656=CARTESIAN_POINT('',(-0.525,-0.405,-0.01));
#2657=CARTESIAN_POINT('',(-0.5,-0.405,-0.01));
#2658=CARTESIAN_POINT('',(-0.525,-0.38,-0.01));
#2659=CARTESIAN_POINT('',(-0.5,-0.575,-0.01));
#2660=CARTESIAN_POINT('',(-0.5,-0.575,-0.01));
#2661=CARTESIAN_POINT('',(-0.525,-0.575,-0.01));
#2662=CARTESIAN_POINT('',(-0.525,-0.6,-0.01));
#2663=CARTESIAN_POINT('',(-0.775,-0.6,-0.01));
#2664=CARTESIAN_POINT('',(-0.775,-0.6,-0.01));
#2665=CARTESIAN_POINT('',(-0.775,-0.575,-0.01));
#2666=CARTESIAN_POINT('',(-0.8,-0.575,-0.01));
#2667=CARTESIAN_POINT('',(-0.8,-0.405,-0.01));
#2668=CARTESIAN_POINT('',(-0.8,-0.405,-0.01));
#2669=CARTESIAN_POINT('',(-0.775,-0.405,-0.01));
#2670=CARTESIAN_POINT('',(-0.775,-0.38,-0.01));
#2671=CARTESIAN_POINT('',(-0.525,-0.38,-0.01));
#2672=CARTESIAN_POINT('',(-0.525,-0.405,-0.03));
#2673=CARTESIAN_POINT('',(-0.5,-0.405,-0.03));
#2674=CARTESIAN_POINT('',(-0.525,-0.38,-0.03));
#2675=CARTESIAN_POINT('',(-0.525,-0.38,-0.03));
#2676=CARTESIAN_POINT('',(-0.775,-0.38,-0.03));
#2677=CARTESIAN_POINT('',(-0.775,-0.405,-0.03));
#2678=CARTESIAN_POINT('',(-0.8,-0.405,-0.03));
#2679=CARTESIAN_POINT('',(-0.8,-0.405,-0.03));
#2680=CARTESIAN_POINT('',(-0.8,-0.575,-0.03));
#2681=CARTESIAN_POINT('',(-0.775,-0.575,-0.03));
#2682=CARTESIAN_POINT('',(-0.775,-0.6,-0.03));
#2683=CARTESIAN_POINT('',(-0.775,-0.6,-0.03));
#2684=CARTESIAN_POINT('',(-0.525,-0.6,-0.03));
#2685=CARTESIAN_POINT('',(-0.525,-0.575,-0.03));
#2686=CARTESIAN_POINT('',(-0.5,-0.575,-0.03));
#2687=CARTESIAN_POINT('',(-0.5,-0.575,-0.03));
#2688=CARTESIAN_POINT('',(0.125,0.405,-0.01));
#2689=CARTESIAN_POINT('',(0.125,0.405,-0.01));
#2690=CARTESIAN_POINT('',(0.125,0.38,-0.01));
#2691=CARTESIAN_POINT('',(0.15,0.405,-0.01));
#2692=CARTESIAN_POINT('',(-0.125,0.38,-0.01));
#2693=CARTESIAN_POINT('',(-0.125,0.38,-0.01));
#2694=CARTESIAN_POINT('',(-0.125,0.405,-0.01));
#2695=CARTESIAN_POINT('',(-0.15,0.405,-0.01));
#2696=CARTESIAN_POINT('',(-0.15,0.575,-0.01));
#2697=CARTESIAN_POINT('',(-0.15,0.575,-0.01));
#2698=CARTESIAN_POINT('',(-0.125,0.575,-0.01));
#2699=CARTESIAN_POINT('',(-0.125,0.6,-0.01));
#2700=CARTESIAN_POINT('',(0.125,0.6,-0.01));
#2701=CARTESIAN_POINT('',(0.125,0.6,-0.01));
#2702=CARTESIAN_POINT('',(0.125,0.575,-0.01));
#2703=CARTESIAN_POINT('',(0.15,0.575,-0.01));
#2704=CARTESIAN_POINT('',(0.15,0.405,-0.01));
#2705=CARTESIAN_POINT('',(0.125,0.405,-0.03));
#2706=CARTESIAN_POINT('',(0.125,0.38,-0.03));
#2707=CARTESIAN_POINT('',(0.15,0.405,-0.03));
#2708=CARTESIAN_POINT('',(0.15,0.405,-0.03));
#2709=CARTESIAN_POINT('',(0.15,0.575,-0.03));
#2710=CARTESIAN_POINT('',(0.125,0.575,-0.03));
#2711=CARTESIAN_POINT('',(0.125,0.6,-0.03));
#2712=CARTESIAN_POINT('',(0.125,0.6,-0.03));
#2713=CARTESIAN_POINT('',(-0.125,0.6,-0.03));
#2714=CARTESIAN_POINT('',(-0.125,0.575,-0.03));
#2715=CARTESIAN_POINT('',(-0.15,0.575,-0.03));
#2716=CARTESIAN_POINT('',(-0.15,0.575,-0.03));
#2717=CARTESIAN_POINT('',(-0.15,0.405,-0.03));
#2718=CARTESIAN_POINT('',(-0.125,0.405,-0.03));
#2719=CARTESIAN_POINT('',(-0.125,0.38,-0.03));
#2720=CARTESIAN_POINT('',(-0.125,0.38,-0.03));
#2721=CARTESIAN_POINT('',(0.86559273333172,0.,-0.03));
#2722=CARTESIAN_POINT('',(0.86559273333172,0.,-0.01));
#2723=CARTESIAN_POINT('',(0.95309273333172,0.,-0.01));
#2724=CARTESIAN_POINT('',(0.86559273333172,0.,-0.01));
#2725=CARTESIAN_POINT('',(0.86559273333172,0.,0.53190973875838));
#2726=CARTESIAN_POINT('',(0.86559273333172,0.,0.53));
#2727=CARTESIAN_POINT('',(0.95309273333172,0.,0.53));
#2728=CARTESIAN_POINT('',(0.86559273333172,0.,0.53));
#2729=MECHANICAL_DESIGN_GEOMETRIC_PRESENTATION_REPRESENTATION('',(#1209,
#1210,#1211,#1212,#1213,#1214,#1215,#1216,#1217,#1218,#1219,#1220,#1221,
#1222,#1223,#1224,#1225,#1226,#1227,#1228,#1229,#1230,#1231,#1232,#1233,
#1234,#1235,#1236,#1237,#1238,#1239,#1240,#1241,#1242,#1243,#1244,#1245,
#1246,#1247,#1248,#1249,#1250,#1251,#1252,#1253,#1254,#1255,#1256,#1257,
#1258,#1259,#1260,#1261,#1262,#1263,#1264,#1265,#1266,#1267,#1268,#1269,
#1270,#1271,#1272,#1273,#1274,#1275,#1276,#1277,#1278,#1279,#1280,#1281,
#1282,#1283,#1284),#2730);
#2730=(
GEOMETRIC_REPRESENTATION_CONTEXT(3)
GLOBAL_UNCERTAINTY_ASSIGNED_CONTEXT((#2731))
GLOBAL_UNIT_ASSIGNED_CONTEXT((#2734,#2733,#2732))
REPRESENTATION_CONTEXT('PD0922J5050S2HF','TOP_LEVEL_ASSEMBLY_PART')
);
#2731=UNCERTAINTY_MEASURE_WITH_UNIT(LENGTH_MEASURE(0.005),#2734,
'DISTANCE_ACCURACY_VALUE','Maximum Tolerance applied to model');
#2732=(
NAMED_UNIT(*)
SI_UNIT($,.STERADIAN.)
SOLID_ANGLE_UNIT()
);
#2733=(
NAMED_UNIT(*)
PLANE_ANGLE_UNIT()
SI_UNIT($,.RADIAN.)
);
#2734=(
LENGTH_UNIT()
NAMED_UNIT(*)
SI_UNIT(.MILLI.,.METRE.)
);
#2735=PRODUCT_DEFINITION_SHAPE('','',#2736);
#2736=PRODUCT_DEFINITION('','',#2738,#2737);
#2737=PRODUCT_DEFINITION_CONTEXT('',#2744,'design');
#2738=PRODUCT_DEFINITION_FORMATION_WITH_SPECIFIED_SOURCE('','',#2740,
 .NOT_KNOWN.);
#2739=PRODUCT_RELATED_PRODUCT_CATEGORY('','',(#2740));
#2740=PRODUCT('PD0922J5050S2HF','PD0922J5050S2HF','PD0922J5050S2HF',(#2742));
#2741=PRODUCT_CATEGORY('','');
#2742=PRODUCT_CONTEXT('',#2744,'mechanical');
#2743=APPLICATION_PROTOCOL_DEFINITION('international standard',
'automotive_design',2010,#2744);
#2744=APPLICATION_CONTEXT(
'core data for automotive mechanical design processes');
ENDSEC;
END-ISO-10303-21;
