ISO-10303-21;
HEADER;
/* Generated by software containing ST-Developer
 * from STEP Tools, Inc. (www.steptools.com) 
 */

FILE_DESCRIPTION(
/* description */ (''),
/* implementation_level */ '2;1');

FILE_NAME(
/* name */ 'PSA4-5043+.step',
/* time_stamp */ '2023-06-26T12:07:51+02:00',
/* author */ (''),
/* organization */ (''),
/* preprocessor_version */ 'ST-DEVELOPER v19.2',
/* originating_system */ 'Autodesk Translation Framework v12.6.0.85',
/* authorisation */ '');

FILE_SCHEMA (('AUTOMOTIVE_DESIGN { 1 0 10303 214 3 1 1 }'));
ENDSEC;

DATA;
#10=MECHANICAL_DESIGN_GEOMETRIC_PRESENTATION_REPRESENTATION('',(#539,#540,
#541,#542,#543,#544,#545,#546,#547,#548,#549,#550,#551,#552,#553,#554,#555,
#556,#557,#558,#559,#560,#561,#562,#563,#564,#565,#566,#567,#568,#569,#570,
#571),#1572);
#11=SHAPE_REPRESENTATION_RELATIONSHIP('SRR','None',#1579,#12);
#12=ADVANCED_BREP_SHAPE_REPRESENTATION('',(#13),#1571);
#13=MANIFOLD_SOLID_BREP('Body1',#604);
#14=CYLINDRICAL_SURFACE('',#641,0.1);
#15=FACE_BOUND('',#104,.T.);
#16=CIRCLE('',#640,0.1);
#17=CIRCLE('',#642,0.1);
#18=B_SPLINE_SURFACE_WITH_KNOTS('',3,1,((#827,#828),(#829,#830),(#831,#832),
(#833,#834),(#835,#836),(#837,#838),(#839,#840),(#841,#842),(#843,#844),
(#845,#846),(#847,#848),(#849,#850),(#851,#852),(#853,#854),(#855,#856),
(#857,#858),(#859,#860),(#861,#862),(#863,#864),(#865,#866),(#867,#868)),
 .UNSPECIFIED.,.F.,.F.,.F.,(4,1,1,1,1,1,1,1,1,1,1,1,1,1,1,1,1,1,4),(2,2),
(0.,0.0622733312337711,0.11713916316687,0.166409993360368,0.21184967965096,
0.255028895639551,0.297227422625723,0.381932158209469,0.469746440595239,
0.559616191171749,0.690063745359337,0.801896558831819,0.833622211931342,
0.863130518401957,0.891960056283164,0.914607499784797,0.939434088360797,
0.967573077055584,1.),(0.,0.0762000000000018),.UNSPECIFIED.);
#19=B_SPLINE_SURFACE_WITH_KNOTS('',3,1,((#920,#921),(#922,#923),(#924,#925),
(#926,#927),(#928,#929),(#930,#931),(#932,#933),(#934,#935),(#936,#937),
(#938,#939),(#940,#941),(#942,#943),(#944,#945),(#946,#947),(#948,#949),
(#950,#951),(#952,#953),(#954,#955),(#956,#957),(#958,#959),(#960,#961)),
 .UNSPECIFIED.,.F.,.F.,.F.,(4,1,1,1,1,1,1,1,1,1,1,1,1,1,1,1,1,1,4),(2,2),
(0.,0.0324269229444156,0.0605659116392032,0.0853925002152027,0.108039943716836,
0.136869481598043,0.166377788068658,0.198103441168181,0.309936254640662,
0.440383808828251,0.530253559404761,0.618067841790531,0.702772577374277,
0.744971104360449,0.78815032034904,0.833590006639632,0.88286083683313,0.937726668766229,
1.),(0.,0.0762000000000014),.UNSPECIFIED.);
#20=B_SPLINE_SURFACE_WITH_KNOTS('',3,1,((#1014,#1015),(#1016,#1017),(#1018,
#1019),(#1020,#1021),(#1022,#1023),(#1024,#1025),(#1026,#1027),(#1028,#1029),
(#1030,#1031),(#1032,#1033),(#1034,#1035),(#1036,#1037),(#1038,#1039),(#1040,
#1041),(#1042,#1043),(#1044,#1045),(#1046,#1047),(#1048,#1049),(#1050,#1051),
(#1052,#1053),(#1054,#1055)),.UNSPECIFIED.,.F.,.F.,.F.,(4,1,1,1,1,1,1,1,
1,1,1,1,1,1,1,1,1,1,4),(2,2),(0.,0.062273331233771,0.11713916316687,0.166409993360368,
0.21184967965096,0.255028895639551,0.297227422625723,0.381932158209468,
0.469746440595237,0.559616191171749,0.690063745359337,0.801896558831818,
0.833622211931341,0.863130518401956,0.891960056283165,0.914607499784797,
0.939434088360797,0.967573077055584,1.),(0.,0.03),.UNSPECIFIED.);
#21=B_SPLINE_SURFACE_WITH_KNOTS('',3,1,((#1107,#1108),(#1109,#1110),(#1111,
#1112),(#1113,#1114),(#1115,#1116),(#1117,#1118),(#1119,#1120),(#1121,#1122),
(#1123,#1124),(#1125,#1126),(#1127,#1128),(#1129,#1130),(#1131,#1132),(#1133,
#1134),(#1135,#1136),(#1137,#1138),(#1139,#1140),(#1141,#1142),(#1143,#1144),
(#1145,#1146),(#1147,#1148)),.UNSPECIFIED.,.F.,.F.,.F.,(4,1,1,1,1,1,1,1,
1,1,1,1,1,1,1,1,1,1,4),(2,2),(0.,0.0324269229444163,0.0605659116392034,
0.0853925002152029,0.108039943716835,0.136869481598044,0.166377788068659,
0.198103441168182,0.309936254640663,0.440383808828251,0.530253559404763,
0.618067841790532,0.702772577374277,0.744971104360449,0.78815032034904,
0.833590006639632,0.88286083683313,0.937726668766229,1.),(0.,0.0299999999999993),
 .UNSPECIFIED.);
#22=B_SPLINE_SURFACE_WITH_KNOTS('',3,1,((#1201,#1202),(#1203,#1204),(#1205,
#1206),(#1207,#1208),(#1209,#1210),(#1211,#1212),(#1213,#1214),(#1215,#1216),
(#1217,#1218),(#1219,#1220),(#1221,#1222),(#1223,#1224),(#1225,#1226),(#1227,
#1228),(#1229,#1230),(#1231,#1232),(#1233,#1234),(#1235,#1236),(#1237,#1238),
(#1239,#1240),(#1241,#1242)),.UNSPECIFIED.,.F.,.F.,.F.,(4,1,1,1,1,1,1,1,
1,1,1,1,1,1,1,1,1,1,4),(2,2),(0.,0.0324269229444167,0.0605659116392039,
0.0853925002152039,0.108039943716837,0.136869481598044,0.166377788068662,
0.198103441168185,0.309936254640666,0.440383808828254,0.530253559404766,
0.618067841790536,0.702772577374281,0.744971104360452,0.788150320349042,
0.833590006639634,0.882860836833131,0.93772666876623,1.),(0.,0.0299999999999992),
 .UNSPECIFIED.);
#23=B_SPLINE_SURFACE_WITH_KNOTS('',3,1,((#1294,#1295),(#1296,#1297),(#1298,
#1299),(#1300,#1301),(#1302,#1303),(#1304,#1305),(#1306,#1307),(#1308,#1309),
(#1310,#1311),(#1312,#1313),(#1314,#1315),(#1316,#1317),(#1318,#1319),(#1320,
#1321),(#1322,#1323),(#1324,#1325),(#1326,#1327),(#1328,#1329),(#1330,#1331),
(#1332,#1333),(#1334,#1335)),.UNSPECIFIED.,.F.,.F.,.F.,(4,1,1,1,1,1,1,1,
1,1,1,1,1,1,1,1,1,1,4),(2,2),(0.,0.0622733312337697,0.117139163166869,0.166409993360366,
0.211849679650958,0.255028895639548,0.297227422625719,0.381932158209464,
0.469746440595234,0.559616191171746,0.690063745359334,0.801896558831815,
0.833622211931338,0.863130518401956,0.891960056283163,0.914607499784796,
0.939434088360796,0.967573077055583,1.),(0.,0.0299999999999975),
 .UNSPECIFIED.);
#24=B_SPLINE_SURFACE_WITH_KNOTS('',3,1,((#1388,#1389),(#1390,#1391),(#1392,
#1393),(#1394,#1395),(#1396,#1397),(#1398,#1399),(#1400,#1401),(#1402,#1403),
(#1404,#1405),(#1406,#1407),(#1408,#1409),(#1410,#1411),(#1412,#1413),(#1414,
#1415),(#1416,#1417),(#1418,#1419),(#1420,#1421),(#1422,#1423),(#1424,#1425),
(#1426,#1427),(#1428,#1429)),.UNSPECIFIED.,.F.,.F.,.F.,(4,1,1,1,1,1,1,1,
1,1,1,1,1,1,1,1,1,1,4),(2,2),(0.,0.0324269229444167,0.0605659116392036,
0.0853925002152036,0.108039943716836,0.136869481598044,0.166377788068661,
0.198103441168183,0.309936254640665,0.440383808828254,0.530253559404766,
0.618067841790535,0.70277257737428,0.744971104360451,0.788150320349042,
0.833590006639634,0.882860836833131,0.93772666876623,1.),(0.,0.0299999999999999),
 .UNSPECIFIED.);
#25=B_SPLINE_SURFACE_WITH_KNOTS('',3,1,((#1481,#1482),(#1483,#1484),(#1485,
#1486),(#1487,#1488),(#1489,#1490),(#1491,#1492),(#1493,#1494),(#1495,#1496),
(#1497,#1498),(#1499,#1500),(#1501,#1502),(#1503,#1504),(#1505,#1506),(#1507,
#1508),(#1509,#1510),(#1511,#1512),(#1513,#1514),(#1515,#1516),(#1517,#1518),
(#1519,#1520),(#1521,#1522)),.UNSPECIFIED.,.F.,.F.,.F.,(4,1,1,1,1,1,1,1,
1,1,1,1,1,1,1,1,1,1,4),(2,2),(0.,0.0622733312337698,0.117139163166869,0.166409993360366,
0.211849679650958,0.255028895639549,0.29722742262572,0.381932158209465,
0.469746440595234,0.559616191171746,0.690063745359335,0.801896558831817,
0.833622211931339,0.863130518401956,0.891960056283164,0.914607499784796,
0.939434088360796,0.967573077055583,1.),(0.,0.0299999999999999),
 .UNSPECIFIED.);
#26=B_SPLINE_CURVE_WITH_KNOTS('',3,(#783,#784,#785,#786,#787,#788,#789,
#790,#791,#792,#793,#794,#795,#796,#797,#798,#799,#800,#801,#802,#803),
 .UNSPECIFIED.,.F.,.F.,(4,1,1,1,1,1,1,1,1,1,1,1,1,1,1,1,1,1,4),(0.,0.0324269229444156,
0.0605659116392032,0.0853925002152027,0.108039943716836,0.136869481598043,
0.166377788068658,0.198103441168181,0.309936254640662,0.440383808828251,
0.530253559404761,0.618067841790531,0.702772577374277,0.744971104360449,
0.78815032034904,0.833590006639632,0.88286083683313,0.937726668766229,1.),
 .UNSPECIFIED.);
#27=B_SPLINE_CURVE_WITH_KNOTS('',3,(#806,#807,#808,#809,#810,#811,#812,
#813,#814,#815,#816,#817,#818,#819,#820,#821,#822,#823,#824,#825,#826),
 .UNSPECIFIED.,.F.,.F.,(4,1,1,1,1,1,1,1,1,1,1,1,1,1,1,1,1,1,4),(0.,0.0324269229444156,
0.0605659116392032,0.0853925002152027,0.108039943716836,0.136869481598043,
0.166377788068658,0.198103441168181,0.309936254640662,0.440383808828251,
0.530253559404761,0.618067841790531,0.702772577374277,0.744971104360449,
0.78815032034904,0.833590006639632,0.88286083683313,0.937726668766229,1.),
 .UNSPECIFIED.);
#28=B_SPLINE_CURVE_WITH_KNOTS('',3,(#872,#873,#874,#875,#876,#877,#878,
#879,#880,#881,#882,#883,#884,#885,#886,#887,#888,#889,#890,#891,#892),
 .UNSPECIFIED.,.F.,.F.,(4,1,1,1,1,1,1,1,1,1,1,1,1,1,1,1,1,1,4),(0.,0.0324269229444156,
0.0605659116392032,0.0853925002152027,0.108039943716836,0.136869481598043,
0.166377788068658,0.198103441168181,0.309936254640662,0.440383808828251,
0.530253559404761,0.618067841790531,0.702772577374277,0.744971104360449,
0.78815032034904,0.833590006639632,0.88286083683313,0.937726668766229,1.),
 .UNSPECIFIED.);
#29=B_SPLINE_CURVE_WITH_KNOTS('',3,(#898,#899,#900,#901,#902,#903,#904,
#905,#906,#907,#908,#909,#910,#911,#912,#913,#914,#915,#916,#917,#918),
 .UNSPECIFIED.,.F.,.F.,(4,1,1,1,1,1,1,1,1,1,1,1,1,1,1,1,1,1,4),(0.,0.0324269229444156,
0.0605659116392032,0.0853925002152027,0.108039943716836,0.136869481598043,
0.166377788068658,0.198103441168181,0.309936254640662,0.440383808828251,
0.530253559404761,0.618067841790531,0.702772577374277,0.744971104360449,
0.78815032034904,0.833590006639632,0.88286083683313,0.937726668766229,1.),
 .UNSPECIFIED.);
#30=B_SPLINE_CURVE_WITH_KNOTS('',3,(#970,#971,#972,#973,#974,#975,#976,
#977,#978,#979,#980,#981,#982,#983,#984,#985,#986,#987,#988,#989,#990),
 .UNSPECIFIED.,.F.,.F.,(4,1,1,1,1,1,1,1,1,1,1,1,1,1,1,1,1,1,4),(0.,0.0324269229444163,
0.0605659116392034,0.0853925002152029,0.108039943716835,0.136869481598044,
0.166377788068659,0.198103441168182,0.309936254640663,0.440383808828251,
0.530253559404763,0.618067841790532,0.702772577374277,0.744971104360449,
0.78815032034904,0.833590006639632,0.88286083683313,0.937726668766229,1.),
 .UNSPECIFIED.);
#31=B_SPLINE_CURVE_WITH_KNOTS('',3,(#993,#994,#995,#996,#997,#998,#999,
#1000,#1001,#1002,#1003,#1004,#1005,#1006,#1007,#1008,#1009,#1010,#1011,
#1012,#1013),.UNSPECIFIED.,.F.,.F.,(4,1,1,1,1,1,1,1,1,1,1,1,1,1,1,1,1,1,
4),(0.,0.0324269229444163,0.0605659116392034,0.0853925002152029,0.108039943716835,
0.136869481598044,0.166377788068659,0.198103441168182,0.309936254640663,
0.440383808828251,0.530253559404763,0.618067841790532,0.702772577374277,
0.744971104360449,0.78815032034904,0.833590006639632,0.88286083683313,0.937726668766229,
1.),.UNSPECIFIED.);
#32=B_SPLINE_CURVE_WITH_KNOTS('',3,(#1059,#1060,#1061,#1062,#1063,#1064,
#1065,#1066,#1067,#1068,#1069,#1070,#1071,#1072,#1073,#1074,#1075,#1076,
#1077,#1078,#1079),.UNSPECIFIED.,.F.,.F.,(4,1,1,1,1,1,1,1,1,1,1,1,1,1,1,
1,1,1,4),(0.,0.0324269229444163,0.0605659116392034,0.0853925002152029,0.108039943716835,
0.136869481598044,0.166377788068659,0.198103441168182,0.309936254640663,
0.440383808828251,0.530253559404763,0.618067841790532,0.702772577374277,
0.744971104360449,0.78815032034904,0.833590006639632,0.88286083683313,0.937726668766229,
1.),.UNSPECIFIED.);
#33=B_SPLINE_CURVE_WITH_KNOTS('',3,(#1085,#1086,#1087,#1088,#1089,#1090,
#1091,#1092,#1093,#1094,#1095,#1096,#1097,#1098,#1099,#1100,#1101,#1102,
#1103,#1104,#1105),.UNSPECIFIED.,.F.,.F.,(4,1,1,1,1,1,1,1,1,1,1,1,1,1,1,
1,1,1,4),(0.,0.0324269229444163,0.0605659116392034,0.0853925002152029,0.108039943716835,
0.136869481598044,0.166377788068659,0.198103441168182,0.309936254640663,
0.440383808828251,0.530253559404763,0.618067841790532,0.702772577374277,
0.744971104360449,0.78815032034904,0.833590006639632,0.88286083683313,0.937726668766229,
1.),.UNSPECIFIED.);
#34=B_SPLINE_CURVE_WITH_KNOTS('',3,(#1157,#1158,#1159,#1160,#1161,#1162,
#1163,#1164,#1165,#1166,#1167,#1168,#1169,#1170,#1171,#1172,#1173,#1174,
#1175,#1176,#1177),.UNSPECIFIED.,.F.,.F.,(4,1,1,1,1,1,1,1,1,1,1,1,1,1,1,
1,1,1,4),(0.,0.0324269229444167,0.0605659116392039,0.0853925002152039,0.108039943716837,
0.136869481598044,0.166377788068662,0.198103441168185,0.309936254640666,
0.440383808828254,0.530253559404766,0.618067841790536,0.702772577374281,
0.744971104360452,0.788150320349042,0.833590006639634,0.882860836833131,
0.93772666876623,1.),.UNSPECIFIED.);
#35=B_SPLINE_CURVE_WITH_KNOTS('',3,(#1180,#1181,#1182,#1183,#1184,#1185,
#1186,#1187,#1188,#1189,#1190,#1191,#1192,#1193,#1194,#1195,#1196,#1197,
#1198,#1199,#1200),.UNSPECIFIED.,.F.,.F.,(4,1,1,1,1,1,1,1,1,1,1,1,1,1,1,
1,1,1,4),(0.,0.0324269229444167,0.0605659116392039,0.0853925002152039,0.108039943716837,
0.136869481598044,0.166377788068662,0.198103441168185,0.309936254640666,
0.440383808828254,0.530253559404766,0.618067841790536,0.702772577374281,
0.744971104360452,0.788150320349042,0.833590006639634,0.882860836833131,
0.93772666876623,1.),.UNSPECIFIED.);
#36=B_SPLINE_CURVE_WITH_KNOTS('',3,(#1246,#1247,#1248,#1249,#1250,#1251,
#1252,#1253,#1254,#1255,#1256,#1257,#1258,#1259,#1260,#1261,#1262,#1263,
#1264,#1265,#1266),.UNSPECIFIED.,.F.,.F.,(4,1,1,1,1,1,1,1,1,1,1,1,1,1,1,
1,1,1,4),(0.,0.0324269229444167,0.0605659116392039,0.0853925002152039,0.108039943716837,
0.136869481598044,0.166377788068662,0.198103441168185,0.309936254640666,
0.440383808828254,0.530253559404766,0.618067841790536,0.702772577374281,
0.744971104360452,0.788150320349042,0.833590006639634,0.882860836833131,
0.93772666876623,1.),.UNSPECIFIED.);
#37=B_SPLINE_CURVE_WITH_KNOTS('',3,(#1272,#1273,#1274,#1275,#1276,#1277,
#1278,#1279,#1280,#1281,#1282,#1283,#1284,#1285,#1286,#1287,#1288,#1289,
#1290,#1291,#1292),.UNSPECIFIED.,.F.,.F.,(4,1,1,1,1,1,1,1,1,1,1,1,1,1,1,
1,1,1,4),(0.,0.0324269229444167,0.0605659116392039,0.0853925002152039,0.108039943716837,
0.136869481598044,0.166377788068662,0.198103441168185,0.309936254640666,
0.440383808828254,0.530253559404766,0.618067841790536,0.702772577374281,
0.744971104360452,0.788150320349042,0.833590006639634,0.882860836833131,
0.93772666876623,1.),.UNSPECIFIED.);
#38=B_SPLINE_CURVE_WITH_KNOTS('',3,(#1344,#1345,#1346,#1347,#1348,#1349,
#1350,#1351,#1352,#1353,#1354,#1355,#1356,#1357,#1358,#1359,#1360,#1361,
#1362,#1363,#1364),.UNSPECIFIED.,.F.,.F.,(4,1,1,1,1,1,1,1,1,1,1,1,1,1,1,
1,1,1,4),(0.,0.0324269229444167,0.0605659116392036,0.0853925002152036,0.108039943716836,
0.136869481598044,0.166377788068661,0.198103441168183,0.309936254640665,
0.440383808828254,0.530253559404766,0.618067841790535,0.70277257737428,
0.744971104360451,0.788150320349042,0.833590006639634,0.882860836833131,
0.93772666876623,1.),.UNSPECIFIED.);
#39=B_SPLINE_CURVE_WITH_KNOTS('',3,(#1367,#1368,#1369,#1370,#1371,#1372,
#1373,#1374,#1375,#1376,#1377,#1378,#1379,#1380,#1381,#1382,#1383,#1384,
#1385,#1386,#1387),.UNSPECIFIED.,.F.,.F.,(4,1,1,1,1,1,1,1,1,1,1,1,1,1,1,
1,1,1,4),(0.,0.0324269229444167,0.0605659116392036,0.0853925002152036,0.108039943716836,
0.136869481598044,0.166377788068661,0.198103441168183,0.309936254640665,
0.440383808828254,0.530253559404766,0.618067841790535,0.70277257737428,
0.744971104360451,0.788150320349042,0.833590006639634,0.882860836833131,
0.93772666876623,1.),.UNSPECIFIED.);
#40=B_SPLINE_CURVE_WITH_KNOTS('',3,(#1433,#1434,#1435,#1436,#1437,#1438,
#1439,#1440,#1441,#1442,#1443,#1444,#1445,#1446,#1447,#1448,#1449,#1450,
#1451,#1452,#1453),.UNSPECIFIED.,.F.,.F.,(4,1,1,1,1,1,1,1,1,1,1,1,1,1,1,
1,1,1,4),(0.,0.0324269229444167,0.0605659116392036,0.0853925002152036,0.108039943716836,
0.136869481598044,0.166377788068661,0.198103441168183,0.309936254640665,
0.440383808828254,0.530253559404766,0.618067841790535,0.70277257737428,
0.744971104360451,0.788150320349042,0.833590006639634,0.882860836833131,
0.93772666876623,1.),.UNSPECIFIED.);
#41=B_SPLINE_CURVE_WITH_KNOTS('',3,(#1459,#1460,#1461,#1462,#1463,#1464,
#1465,#1466,#1467,#1468,#1469,#1470,#1471,#1472,#1473,#1474,#1475,#1476,
#1477,#1478,#1479),.UNSPECIFIED.,.F.,.F.,(4,1,1,1,1,1,1,1,1,1,1,1,1,1,1,
1,1,1,4),(0.,0.0324269229444167,0.0605659116392036,0.0853925002152036,0.108039943716836,
0.136869481598044,0.166377788068661,0.198103441168183,0.309936254640665,
0.440383808828254,0.530253559404766,0.618067841790535,0.70277257737428,
0.744971104360451,0.788150320349042,0.833590006639634,0.882860836833131,
0.93772666876623,1.),.UNSPECIFIED.);
#42=FACE_OUTER_BOUND('',#74,.T.);
#43=FACE_OUTER_BOUND('',#75,.T.);
#44=FACE_OUTER_BOUND('',#76,.T.);
#45=FACE_OUTER_BOUND('',#77,.T.);
#46=FACE_OUTER_BOUND('',#78,.T.);
#47=FACE_OUTER_BOUND('',#79,.T.);
#48=FACE_OUTER_BOUND('',#80,.T.);
#49=FACE_OUTER_BOUND('',#81,.T.);
#50=FACE_OUTER_BOUND('',#82,.T.);
#51=FACE_OUTER_BOUND('',#83,.T.);
#52=FACE_OUTER_BOUND('',#84,.T.);
#53=FACE_OUTER_BOUND('',#85,.T.);
#54=FACE_OUTER_BOUND('',#86,.T.);
#55=FACE_OUTER_BOUND('',#87,.T.);
#56=FACE_OUTER_BOUND('',#88,.T.);
#57=FACE_OUTER_BOUND('',#89,.T.);
#58=FACE_OUTER_BOUND('',#90,.T.);
#59=FACE_OUTER_BOUND('',#91,.T.);
#60=FACE_OUTER_BOUND('',#92,.T.);
#61=FACE_OUTER_BOUND('',#93,.T.);
#62=FACE_OUTER_BOUND('',#94,.T.);
#63=FACE_OUTER_BOUND('',#95,.T.);
#64=FACE_OUTER_BOUND('',#96,.T.);
#65=FACE_OUTER_BOUND('',#97,.T.);
#66=FACE_OUTER_BOUND('',#98,.T.);
#67=FACE_OUTER_BOUND('',#99,.T.);
#68=FACE_OUTER_BOUND('',#100,.T.);
#69=FACE_OUTER_BOUND('',#101,.T.);
#70=FACE_OUTER_BOUND('',#102,.T.);
#71=FACE_OUTER_BOUND('',#103,.T.);
#72=FACE_OUTER_BOUND('',#105,.T.);
#73=FACE_OUTER_BOUND('',#106,.T.);
#74=EDGE_LOOP('',(#358,#359,#360,#361));
#75=EDGE_LOOP('',(#362,#363,#364,#365));
#76=EDGE_LOOP('',(#366,#367,#368,#369));
#77=EDGE_LOOP('',(#370,#371,#372,#373));
#78=EDGE_LOOP('',(#374,#375,#376,#377));
#79=EDGE_LOOP('',(#378,#379,#380,#381));
#80=EDGE_LOOP('',(#382,#383,#384,#385));
#81=EDGE_LOOP('',(#386,#387,#388,#389));
#82=EDGE_LOOP('',(#390,#391,#392,#393));
#83=EDGE_LOOP('',(#394,#395,#396,#397));
#84=EDGE_LOOP('',(#398,#399,#400,#401));
#85=EDGE_LOOP('',(#402,#403,#404,#405));
#86=EDGE_LOOP('',(#406,#407,#408,#409));
#87=EDGE_LOOP('',(#410,#411,#412,#413));
#88=EDGE_LOOP('',(#414,#415,#416,#417));
#89=EDGE_LOOP('',(#418,#419,#420,#421));
#90=EDGE_LOOP('',(#422,#423,#424,#425));
#91=EDGE_LOOP('',(#426,#427,#428,#429));
#92=EDGE_LOOP('',(#430,#431,#432,#433));
#93=EDGE_LOOP('',(#434,#435,#436,#437));
#94=EDGE_LOOP('',(#438,#439,#440,#441));
#95=EDGE_LOOP('',(#442,#443,#444,#445));
#96=EDGE_LOOP('',(#446,#447,#448,#449,#450,#451,#452,#453));
#97=EDGE_LOOP('',(#454,#455,#456,#457,#458,#459,#460,#461));
#98=EDGE_LOOP('',(#462,#463,#464,#465));
#99=EDGE_LOOP('',(#466,#467,#468,#469,#470,#471,#472,#473));
#100=EDGE_LOOP('',(#474,#475,#476,#477,#478,#479,#480,#481));
#101=EDGE_LOOP('',(#482,#483,#484,#485,#486,#487,#488,#489,#490,#491,#492,
#493));
#102=EDGE_LOOP('',(#494,#495,#496,#497,#498,#499,#500,#501,#502,#503,#504,
#505));
#103=EDGE_LOOP('',(#506,#507,#508,#509));
#104=EDGE_LOOP('',(#510));
#105=EDGE_LOOP('',(#511,#512,#513,#514));
#106=EDGE_LOOP('',(#515));
#107=LINE('',#763,#168);
#108=LINE('',#765,#169);
#109=LINE('',#767,#170);
#110=LINE('',#768,#171);
#111=LINE('',#772,#172);
#112=LINE('',#774,#173);
#113=LINE('',#776,#174);
#114=LINE('',#777,#175);
#115=LINE('',#781,#176);
#116=LINE('',#805,#177);
#117=LINE('',#870,#178);
#118=LINE('',#893,#179);
#119=LINE('',#896,#180);
#120=LINE('',#919,#181);
#121=LINE('',#962,#182);
#122=LINE('',#963,#183);
#123=LINE('',#968,#184);
#124=LINE('',#992,#185);
#125=LINE('',#1057,#186);
#126=LINE('',#1080,#187);
#127=LINE('',#1083,#188);
#128=LINE('',#1106,#189);
#129=LINE('',#1149,#190);
#130=LINE('',#1150,#191);
#131=LINE('',#1155,#192);
#132=LINE('',#1179,#193);
#133=LINE('',#1244,#194);
#134=LINE('',#1267,#195);
#135=LINE('',#1270,#196);
#136=LINE('',#1293,#197);
#137=LINE('',#1336,#198);
#138=LINE('',#1337,#199);
#139=LINE('',#1342,#200);
#140=LINE('',#1366,#201);
#141=LINE('',#1431,#202);
#142=LINE('',#1454,#203);
#143=LINE('',#1457,#204);
#144=LINE('',#1480,#205);
#145=LINE('',#1523,#206);
#146=LINE('',#1524,#207);
#147=LINE('',#1529,#208);
#148=LINE('',#1531,#209);
#149=LINE('',#1533,#210);
#150=LINE('',#1534,#211);
#151=LINE('',#1535,#212);
#152=LINE('',#1536,#213);
#153=LINE('',#1540,#214);
#154=LINE('',#1542,#215);
#155=LINE('',#1544,#216);
#156=LINE('',#1545,#217);
#157=LINE('',#1546,#218);
#158=LINE('',#1547,#219);
#159=LINE('',#1549,#220);
#160=LINE('',#1550,#221);
#161=LINE('',#1552,#222);
#162=LINE('',#1553,#223);
#163=LINE('',#1554,#224);
#164=LINE('',#1556,#225);
#165=LINE('',#1557,#226);
#166=LINE('',#1558,#227);
#167=LINE('',#1567,#228);
#168=VECTOR('',#648,1000.);
#169=VECTOR('',#649,1000.);
#170=VECTOR('',#650,1000.);
#171=VECTOR('',#651,1000.);
#172=VECTOR('',#654,1000.);
#173=VECTOR('',#655,1000.);
#174=VECTOR('',#656,1000.);
#175=VECTOR('',#657,1000.);
#176=VECTOR('',#660,1000.);
#177=VECTOR('',#661,1000.);
#178=VECTOR('',#662,1000.);
#179=VECTOR('',#663,1000.);
#180=VECTOR('',#666,1000.);
#181=VECTOR('',#667,1000.);
#182=VECTOR('',#668,1000.);
#183=VECTOR('',#669,1000.);
#184=VECTOR('',#674,1000.);
#185=VECTOR('',#675,1000.);
#186=VECTOR('',#676,1000.);
#187=VECTOR('',#677,1000.);
#188=VECTOR('',#680,1000.);
#189=VECTOR('',#681,1000.);
#190=VECTOR('',#682,1000.);
#191=VECTOR('',#683,1000.);
#192=VECTOR('',#688,1000.);
#193=VECTOR('',#689,1000.);
#194=VECTOR('',#690,1000.);
#195=VECTOR('',#691,1000.);
#196=VECTOR('',#694,1000.);
#197=VECTOR('',#695,1000.);
#198=VECTOR('',#696,1000.);
#199=VECTOR('',#697,1000.);
#200=VECTOR('',#702,1000.);
#201=VECTOR('',#703,1000.);
#202=VECTOR('',#704,1000.);
#203=VECTOR('',#705,1000.);
#204=VECTOR('',#708,1000.);
#205=VECTOR('',#709,1000.);
#206=VECTOR('',#710,1000.);
#207=VECTOR('',#711,1000.);
#208=VECTOR('',#716,1000.);
#209=VECTOR('',#717,1000.);
#210=VECTOR('',#718,1000.);
#211=VECTOR('',#719,1000.);
#212=VECTOR('',#720,1000.);
#213=VECTOR('',#721,1000.);
#214=VECTOR('',#724,1000.);
#215=VECTOR('',#725,1000.);
#216=VECTOR('',#726,1000.);
#217=VECTOR('',#727,1000.);
#218=VECTOR('',#728,1000.);
#219=VECTOR('',#729,1000.);
#220=VECTOR('',#732,1000.);
#221=VECTOR('',#733,1000.);
#222=VECTOR('',#736,1000.);
#223=VECTOR('',#737,1000.);
#224=VECTOR('',#738,1000.);
#225=VECTOR('',#741,1000.);
#226=VECTOR('',#742,1000.);
#227=VECTOR('',#743,1000.);
#228=VECTOR('',#756,0.1);
#229=VERTEX_POINT('',#761);
#230=VERTEX_POINT('',#762);
#231=VERTEX_POINT('',#764);
#232=VERTEX_POINT('',#766);
#233=VERTEX_POINT('',#770);
#234=VERTEX_POINT('',#771);
#235=VERTEX_POINT('',#773);
#236=VERTEX_POINT('',#775);
#237=VERTEX_POINT('',#779);
#238=VERTEX_POINT('',#780);
#239=VERTEX_POINT('',#782);
#240=VERTEX_POINT('',#804);
#241=VERTEX_POINT('',#869);
#242=VERTEX_POINT('',#871);
#243=VERTEX_POINT('',#895);
#244=VERTEX_POINT('',#897);
#245=VERTEX_POINT('',#966);
#246=VERTEX_POINT('',#967);
#247=VERTEX_POINT('',#969);
#248=VERTEX_POINT('',#991);
#249=VERTEX_POINT('',#1056);
#250=VERTEX_POINT('',#1058);
#251=VERTEX_POINT('',#1082);
#252=VERTEX_POINT('',#1084);
#253=VERTEX_POINT('',#1153);
#254=VERTEX_POINT('',#1154);
#255=VERTEX_POINT('',#1156);
#256=VERTEX_POINT('',#1178);
#257=VERTEX_POINT('',#1243);
#258=VERTEX_POINT('',#1245);
#259=VERTEX_POINT('',#1269);
#260=VERTEX_POINT('',#1271);
#261=VERTEX_POINT('',#1340);
#262=VERTEX_POINT('',#1341);
#263=VERTEX_POINT('',#1343);
#264=VERTEX_POINT('',#1365);
#265=VERTEX_POINT('',#1430);
#266=VERTEX_POINT('',#1432);
#267=VERTEX_POINT('',#1456);
#268=VERTEX_POINT('',#1458);
#269=VERTEX_POINT('',#1527);
#270=VERTEX_POINT('',#1528);
#271=VERTEX_POINT('',#1530);
#272=VERTEX_POINT('',#1532);
#273=VERTEX_POINT('',#1538);
#274=VERTEX_POINT('',#1539);
#275=VERTEX_POINT('',#1541);
#276=VERTEX_POINT('',#1543);
#277=VERTEX_POINT('',#1562);
#278=VERTEX_POINT('',#1565);
#279=EDGE_CURVE('',#229,#230,#107,.T.);
#280=EDGE_CURVE('',#231,#229,#108,.T.);
#281=EDGE_CURVE('',#232,#231,#109,.T.);
#282=EDGE_CURVE('',#230,#232,#110,.T.);
#283=EDGE_CURVE('',#233,#234,#111,.T.);
#284=EDGE_CURVE('',#235,#233,#112,.T.);
#285=EDGE_CURVE('',#236,#235,#113,.T.);
#286=EDGE_CURVE('',#234,#236,#114,.T.);
#287=EDGE_CURVE('',#237,#238,#115,.T.);
#288=EDGE_CURVE('',#238,#239,#26,.T.);
#289=EDGE_CURVE('',#240,#239,#116,.T.);
#290=EDGE_CURVE('',#237,#240,#27,.T.);
#291=EDGE_CURVE('',#238,#241,#117,.T.);
#292=EDGE_CURVE('',#241,#242,#28,.T.);
#293=EDGE_CURVE('',#239,#242,#118,.T.);
#294=EDGE_CURVE('',#241,#243,#119,.T.);
#295=EDGE_CURVE('',#243,#244,#29,.T.);
#296=EDGE_CURVE('',#242,#244,#120,.T.);
#297=EDGE_CURVE('',#243,#237,#121,.T.);
#298=EDGE_CURVE('',#244,#240,#122,.T.);
#299=EDGE_CURVE('',#245,#246,#123,.T.);
#300=EDGE_CURVE('',#246,#247,#30,.T.);
#301=EDGE_CURVE('',#248,#247,#124,.T.);
#302=EDGE_CURVE('',#245,#248,#31,.T.);
#303=EDGE_CURVE('',#246,#249,#125,.T.);
#304=EDGE_CURVE('',#249,#250,#32,.T.);
#305=EDGE_CURVE('',#247,#250,#126,.T.);
#306=EDGE_CURVE('',#249,#251,#127,.T.);
#307=EDGE_CURVE('',#251,#252,#33,.T.);
#308=EDGE_CURVE('',#250,#252,#128,.T.);
#309=EDGE_CURVE('',#251,#245,#129,.T.);
#310=EDGE_CURVE('',#252,#248,#130,.T.);
#311=EDGE_CURVE('',#253,#254,#131,.T.);
#312=EDGE_CURVE('',#254,#255,#34,.T.);
#313=EDGE_CURVE('',#256,#255,#132,.T.);
#314=EDGE_CURVE('',#253,#256,#35,.T.);
#315=EDGE_CURVE('',#254,#257,#133,.T.);
#316=EDGE_CURVE('',#257,#258,#36,.T.);
#317=EDGE_CURVE('',#255,#258,#134,.T.);
#318=EDGE_CURVE('',#257,#259,#135,.T.);
#319=EDGE_CURVE('',#259,#260,#37,.T.);
#320=EDGE_CURVE('',#258,#260,#136,.T.);
#321=EDGE_CURVE('',#259,#253,#137,.T.);
#322=EDGE_CURVE('',#260,#256,#138,.T.);
#323=EDGE_CURVE('',#261,#262,#139,.T.);
#324=EDGE_CURVE('',#262,#263,#38,.T.);
#325=EDGE_CURVE('',#264,#263,#140,.T.);
#326=EDGE_CURVE('',#261,#264,#39,.T.);
#327=EDGE_CURVE('',#262,#265,#141,.T.);
#328=EDGE_CURVE('',#265,#266,#40,.T.);
#329=EDGE_CURVE('',#263,#266,#142,.T.);
#330=EDGE_CURVE('',#265,#267,#143,.T.);
#331=EDGE_CURVE('',#267,#268,#41,.T.);
#332=EDGE_CURVE('',#266,#268,#144,.T.);
#333=EDGE_CURVE('',#267,#261,#145,.T.);
#334=EDGE_CURVE('',#268,#264,#146,.T.);
#335=EDGE_CURVE('',#269,#270,#147,.T.);
#336=EDGE_CURVE('',#271,#269,#148,.T.);
#337=EDGE_CURVE('',#272,#271,#149,.T.);
#338=EDGE_CURVE('',#261,#272,#150,.T.);
#339=EDGE_CURVE('',#253,#267,#151,.T.);
#340=EDGE_CURVE('',#270,#259,#152,.T.);
#341=EDGE_CURVE('',#273,#274,#153,.T.);
#342=EDGE_CURVE('',#275,#273,#154,.T.);
#343=EDGE_CURVE('',#276,#275,#155,.T.);
#344=EDGE_CURVE('',#237,#276,#156,.T.);
#345=EDGE_CURVE('',#245,#243,#157,.T.);
#346=EDGE_CURVE('',#274,#251,#158,.T.);
#347=EDGE_CURVE('',#275,#269,#159,.T.);
#348=EDGE_CURVE('',#271,#273,#160,.T.);
#349=EDGE_CURVE('',#233,#274,#161,.T.);
#350=EDGE_CURVE('',#232,#234,#162,.T.);
#351=EDGE_CURVE('',#231,#272,#163,.T.);
#352=EDGE_CURVE('',#236,#230,#164,.T.);
#353=EDGE_CURVE('',#235,#276,#165,.T.);
#354=EDGE_CURVE('',#229,#270,#166,.T.);
#355=EDGE_CURVE('',#277,#277,#16,.T.);
#356=EDGE_CURVE('',#278,#278,#17,.T.);
#357=EDGE_CURVE('',#278,#277,#167,.T.);
#358=ORIENTED_EDGE('',*,*,#279,.F.);
#359=ORIENTED_EDGE('',*,*,#280,.F.);
#360=ORIENTED_EDGE('',*,*,#281,.F.);
#361=ORIENTED_EDGE('',*,*,#282,.F.);
#362=ORIENTED_EDGE('',*,*,#283,.F.);
#363=ORIENTED_EDGE('',*,*,#284,.F.);
#364=ORIENTED_EDGE('',*,*,#285,.F.);
#365=ORIENTED_EDGE('',*,*,#286,.F.);
#366=ORIENTED_EDGE('',*,*,#287,.T.);
#367=ORIENTED_EDGE('',*,*,#288,.T.);
#368=ORIENTED_EDGE('',*,*,#289,.F.);
#369=ORIENTED_EDGE('',*,*,#290,.F.);
#370=ORIENTED_EDGE('',*,*,#291,.T.);
#371=ORIENTED_EDGE('',*,*,#292,.T.);
#372=ORIENTED_EDGE('',*,*,#293,.F.);
#373=ORIENTED_EDGE('',*,*,#288,.F.);
#374=ORIENTED_EDGE('',*,*,#294,.T.);
#375=ORIENTED_EDGE('',*,*,#295,.T.);
#376=ORIENTED_EDGE('',*,*,#296,.F.);
#377=ORIENTED_EDGE('',*,*,#292,.F.);
#378=ORIENTED_EDGE('',*,*,#297,.T.);
#379=ORIENTED_EDGE('',*,*,#290,.T.);
#380=ORIENTED_EDGE('',*,*,#298,.F.);
#381=ORIENTED_EDGE('',*,*,#295,.F.);
#382=ORIENTED_EDGE('',*,*,#289,.T.);
#383=ORIENTED_EDGE('',*,*,#293,.T.);
#384=ORIENTED_EDGE('',*,*,#296,.T.);
#385=ORIENTED_EDGE('',*,*,#298,.T.);
#386=ORIENTED_EDGE('',*,*,#299,.T.);
#387=ORIENTED_EDGE('',*,*,#300,.T.);
#388=ORIENTED_EDGE('',*,*,#301,.F.);
#389=ORIENTED_EDGE('',*,*,#302,.F.);
#390=ORIENTED_EDGE('',*,*,#303,.T.);
#391=ORIENTED_EDGE('',*,*,#304,.T.);
#392=ORIENTED_EDGE('',*,*,#305,.F.);
#393=ORIENTED_EDGE('',*,*,#300,.F.);
#394=ORIENTED_EDGE('',*,*,#306,.T.);
#395=ORIENTED_EDGE('',*,*,#307,.T.);
#396=ORIENTED_EDGE('',*,*,#308,.F.);
#397=ORIENTED_EDGE('',*,*,#304,.F.);
#398=ORIENTED_EDGE('',*,*,#309,.T.);
#399=ORIENTED_EDGE('',*,*,#302,.T.);
#400=ORIENTED_EDGE('',*,*,#310,.F.);
#401=ORIENTED_EDGE('',*,*,#307,.F.);
#402=ORIENTED_EDGE('',*,*,#301,.T.);
#403=ORIENTED_EDGE('',*,*,#305,.T.);
#404=ORIENTED_EDGE('',*,*,#308,.T.);
#405=ORIENTED_EDGE('',*,*,#310,.T.);
#406=ORIENTED_EDGE('',*,*,#311,.T.);
#407=ORIENTED_EDGE('',*,*,#312,.T.);
#408=ORIENTED_EDGE('',*,*,#313,.F.);
#409=ORIENTED_EDGE('',*,*,#314,.F.);
#410=ORIENTED_EDGE('',*,*,#315,.T.);
#411=ORIENTED_EDGE('',*,*,#316,.T.);
#412=ORIENTED_EDGE('',*,*,#317,.F.);
#413=ORIENTED_EDGE('',*,*,#312,.F.);
#414=ORIENTED_EDGE('',*,*,#318,.T.);
#415=ORIENTED_EDGE('',*,*,#319,.T.);
#416=ORIENTED_EDGE('',*,*,#320,.F.);
#417=ORIENTED_EDGE('',*,*,#316,.F.);
#418=ORIENTED_EDGE('',*,*,#321,.T.);
#419=ORIENTED_EDGE('',*,*,#314,.T.);
#420=ORIENTED_EDGE('',*,*,#322,.F.);
#421=ORIENTED_EDGE('',*,*,#319,.F.);
#422=ORIENTED_EDGE('',*,*,#313,.T.);
#423=ORIENTED_EDGE('',*,*,#317,.T.);
#424=ORIENTED_EDGE('',*,*,#320,.T.);
#425=ORIENTED_EDGE('',*,*,#322,.T.);
#426=ORIENTED_EDGE('',*,*,#323,.T.);
#427=ORIENTED_EDGE('',*,*,#324,.T.);
#428=ORIENTED_EDGE('',*,*,#325,.F.);
#429=ORIENTED_EDGE('',*,*,#326,.F.);
#430=ORIENTED_EDGE('',*,*,#327,.T.);
#431=ORIENTED_EDGE('',*,*,#328,.T.);
#432=ORIENTED_EDGE('',*,*,#329,.F.);
#433=ORIENTED_EDGE('',*,*,#324,.F.);
#434=ORIENTED_EDGE('',*,*,#330,.T.);
#435=ORIENTED_EDGE('',*,*,#331,.T.);
#436=ORIENTED_EDGE('',*,*,#332,.F.);
#437=ORIENTED_EDGE('',*,*,#328,.F.);
#438=ORIENTED_EDGE('',*,*,#333,.T.);
#439=ORIENTED_EDGE('',*,*,#326,.T.);
#440=ORIENTED_EDGE('',*,*,#334,.F.);
#441=ORIENTED_EDGE('',*,*,#331,.F.);
#442=ORIENTED_EDGE('',*,*,#325,.T.);
#443=ORIENTED_EDGE('',*,*,#329,.T.);
#444=ORIENTED_EDGE('',*,*,#332,.T.);
#445=ORIENTED_EDGE('',*,*,#334,.T.);
#446=ORIENTED_EDGE('',*,*,#335,.F.);
#447=ORIENTED_EDGE('',*,*,#336,.F.);
#448=ORIENTED_EDGE('',*,*,#337,.F.);
#449=ORIENTED_EDGE('',*,*,#338,.F.);
#450=ORIENTED_EDGE('',*,*,#333,.F.);
#451=ORIENTED_EDGE('',*,*,#339,.F.);
#452=ORIENTED_EDGE('',*,*,#321,.F.);
#453=ORIENTED_EDGE('',*,*,#340,.F.);
#454=ORIENTED_EDGE('',*,*,#341,.F.);
#455=ORIENTED_EDGE('',*,*,#342,.F.);
#456=ORIENTED_EDGE('',*,*,#343,.F.);
#457=ORIENTED_EDGE('',*,*,#344,.F.);
#458=ORIENTED_EDGE('',*,*,#297,.F.);
#459=ORIENTED_EDGE('',*,*,#345,.F.);
#460=ORIENTED_EDGE('',*,*,#309,.F.);
#461=ORIENTED_EDGE('',*,*,#346,.F.);
#462=ORIENTED_EDGE('',*,*,#347,.F.);
#463=ORIENTED_EDGE('',*,*,#342,.T.);
#464=ORIENTED_EDGE('',*,*,#348,.F.);
#465=ORIENTED_EDGE('',*,*,#336,.T.);
#466=ORIENTED_EDGE('',*,*,#349,.F.);
#467=ORIENTED_EDGE('',*,*,#283,.T.);
#468=ORIENTED_EDGE('',*,*,#350,.F.);
#469=ORIENTED_EDGE('',*,*,#281,.T.);
#470=ORIENTED_EDGE('',*,*,#351,.T.);
#471=ORIENTED_EDGE('',*,*,#337,.T.);
#472=ORIENTED_EDGE('',*,*,#348,.T.);
#473=ORIENTED_EDGE('',*,*,#341,.T.);
#474=ORIENTED_EDGE('',*,*,#352,.F.);
#475=ORIENTED_EDGE('',*,*,#285,.T.);
#476=ORIENTED_EDGE('',*,*,#353,.T.);
#477=ORIENTED_EDGE('',*,*,#343,.T.);
#478=ORIENTED_EDGE('',*,*,#347,.T.);
#479=ORIENTED_EDGE('',*,*,#335,.T.);
#480=ORIENTED_EDGE('',*,*,#354,.F.);
#481=ORIENTED_EDGE('',*,*,#279,.T.);
#482=ORIENTED_EDGE('',*,*,#351,.F.);
#483=ORIENTED_EDGE('',*,*,#280,.T.);
#484=ORIENTED_EDGE('',*,*,#354,.T.);
#485=ORIENTED_EDGE('',*,*,#340,.T.);
#486=ORIENTED_EDGE('',*,*,#318,.F.);
#487=ORIENTED_EDGE('',*,*,#315,.F.);
#488=ORIENTED_EDGE('',*,*,#311,.F.);
#489=ORIENTED_EDGE('',*,*,#339,.T.);
#490=ORIENTED_EDGE('',*,*,#330,.F.);
#491=ORIENTED_EDGE('',*,*,#327,.F.);
#492=ORIENTED_EDGE('',*,*,#323,.F.);
#493=ORIENTED_EDGE('',*,*,#338,.T.);
#494=ORIENTED_EDGE('',*,*,#353,.F.);
#495=ORIENTED_EDGE('',*,*,#284,.T.);
#496=ORIENTED_EDGE('',*,*,#349,.T.);
#497=ORIENTED_EDGE('',*,*,#346,.T.);
#498=ORIENTED_EDGE('',*,*,#306,.F.);
#499=ORIENTED_EDGE('',*,*,#303,.F.);
#500=ORIENTED_EDGE('',*,*,#299,.F.);
#501=ORIENTED_EDGE('',*,*,#345,.T.);
#502=ORIENTED_EDGE('',*,*,#294,.F.);
#503=ORIENTED_EDGE('',*,*,#291,.F.);
#504=ORIENTED_EDGE('',*,*,#287,.F.);
#505=ORIENTED_EDGE('',*,*,#344,.T.);
#506=ORIENTED_EDGE('',*,*,#350,.T.);
#507=ORIENTED_EDGE('',*,*,#286,.T.);
#508=ORIENTED_EDGE('',*,*,#352,.T.);
#509=ORIENTED_EDGE('',*,*,#282,.T.);
#510=ORIENTED_EDGE('',*,*,#355,.F.);
#511=ORIENTED_EDGE('',*,*,#356,.F.);
#512=ORIENTED_EDGE('',*,*,#357,.T.);
#513=ORIENTED_EDGE('',*,*,#355,.T.);
#514=ORIENTED_EDGE('',*,*,#357,.F.);
#515=ORIENTED_EDGE('',*,*,#356,.T.);
#516=PLANE('',#618);
#517=PLANE('',#619);
#518=PLANE('',#620);
#519=PLANE('',#621);
#520=PLANE('',#622);
#521=PLANE('',#623);
#522=PLANE('',#624);
#523=PLANE('',#625);
#524=PLANE('',#626);
#525=PLANE('',#627);
#526=PLANE('',#628);
#527=PLANE('',#629);
#528=PLANE('',#630);
#529=PLANE('',#631);
#530=PLANE('',#632);
#531=PLANE('',#633);
#532=PLANE('',#634);
#533=PLANE('',#635);
#534=PLANE('',#636);
#535=PLANE('',#637);
#536=PLANE('',#638);
#537=PLANE('',#639);
#538=PLANE('',#643);
#539=STYLED_ITEM('',(#1589),#572);
#540=STYLED_ITEM('',(#1589),#573);
#541=STYLED_ITEM('',(#1590),#574);
#542=STYLED_ITEM('',(#1590),#575);
#543=STYLED_ITEM('',(#1590),#576);
#544=STYLED_ITEM('',(#1590),#577);
#545=STYLED_ITEM('',(#1590),#578);
#546=STYLED_ITEM('',(#1590),#579);
#547=STYLED_ITEM('',(#1590),#580);
#548=STYLED_ITEM('',(#1590),#581);
#549=STYLED_ITEM('',(#1590),#582);
#550=STYLED_ITEM('',(#1590),#583);
#551=STYLED_ITEM('',(#1590),#584);
#552=STYLED_ITEM('',(#1590),#585);
#553=STYLED_ITEM('',(#1590),#586);
#554=STYLED_ITEM('',(#1590),#587);
#555=STYLED_ITEM('',(#1590),#588);
#556=STYLED_ITEM('',(#1590),#589);
#557=STYLED_ITEM('',(#1590),#590);
#558=STYLED_ITEM('',(#1590),#591);
#559=STYLED_ITEM('',(#1590),#592);
#560=STYLED_ITEM('',(#1590),#593);
#561=STYLED_ITEM('',(#1589),#594);
#562=STYLED_ITEM('',(#1589),#595);
#563=STYLED_ITEM('',(#1589),#596);
#564=STYLED_ITEM('',(#1589),#597);
#565=STYLED_ITEM('',(#1589),#598);
#566=STYLED_ITEM('',(#1589),#599);
#567=STYLED_ITEM('',(#1589),#600);
#568=STYLED_ITEM('',(#1589),#601);
#569=STYLED_ITEM('',(#1591),#602);
#570=STYLED_ITEM('',(#1591),#603);
#571=STYLED_ITEM('',(#1588),#13);
#572=ADVANCED_FACE('',(#42),#516,.T.);
#573=ADVANCED_FACE('',(#43),#517,.T.);
#574=ADVANCED_FACE('',(#44),#518,.T.);
#575=ADVANCED_FACE('',(#45),#18,.T.);
#576=ADVANCED_FACE('',(#46),#519,.T.);
#577=ADVANCED_FACE('',(#47),#19,.T.);
#578=ADVANCED_FACE('',(#48),#520,.T.);
#579=ADVANCED_FACE('',(#49),#521,.T.);
#580=ADVANCED_FACE('',(#50),#20,.T.);
#581=ADVANCED_FACE('',(#51),#522,.T.);
#582=ADVANCED_FACE('',(#52),#21,.T.);
#583=ADVANCED_FACE('',(#53),#523,.T.);
#584=ADVANCED_FACE('',(#54),#524,.T.);
#585=ADVANCED_FACE('',(#55),#22,.T.);
#586=ADVANCED_FACE('',(#56),#525,.T.);
#587=ADVANCED_FACE('',(#57),#23,.T.);
#588=ADVANCED_FACE('',(#58),#526,.F.);
#589=ADVANCED_FACE('',(#59),#527,.T.);
#590=ADVANCED_FACE('',(#60),#24,.T.);
#591=ADVANCED_FACE('',(#61),#528,.T.);
#592=ADVANCED_FACE('',(#62),#25,.T.);
#593=ADVANCED_FACE('',(#63),#529,.T.);
#594=ADVANCED_FACE('',(#64),#530,.F.);
#595=ADVANCED_FACE('',(#65),#531,.F.);
#596=ADVANCED_FACE('',(#66),#532,.F.);
#597=ADVANCED_FACE('',(#67),#533,.F.);
#598=ADVANCED_FACE('',(#68),#534,.F.);
#599=ADVANCED_FACE('',(#69),#535,.F.);
#600=ADVANCED_FACE('',(#70),#536,.F.);
#601=ADVANCED_FACE('',(#71,#15),#537,.T.);
#602=ADVANCED_FACE('',(#72),#14,.F.);
#603=ADVANCED_FACE('',(#73),#538,.T.);
#604=CLOSED_SHELL('',(#572,#573,#574,#575,#576,#577,#578,#579,#580,#581,
#582,#583,#584,#585,#586,#587,#588,#589,#590,#591,#592,#593,#594,#595,#596,
#597,#598,#599,#600,#601,#602,#603));
#605=DERIVED_UNIT_ELEMENT(#607,1.);
#606=DERIVED_UNIT_ELEMENT(#1574,-3.);
#607=(
MASS_UNIT()
NAMED_UNIT(*)
SI_UNIT(.KILO.,.GRAM.)
);
#608=DERIVED_UNIT((#605,#606));
#609=MEASURE_REPRESENTATION_ITEM('density measure',
POSITIVE_RATIO_MEASURE(7850.),#608);
#610=PROPERTY_DEFINITION_REPRESENTATION(#615,#612);
#611=PROPERTY_DEFINITION_REPRESENTATION(#616,#613);
#612=REPRESENTATION('material name',(#614),#1571);
#613=REPRESENTATION('density',(#609),#1571);
#614=DESCRIPTIVE_REPRESENTATION_ITEM('Steel','Steel');
#615=PROPERTY_DEFINITION('material property','material name',#1581);
#616=PROPERTY_DEFINITION('material property','density of part',#1581);
#617=AXIS2_PLACEMENT_3D('',#759,#644,#645);
#618=AXIS2_PLACEMENT_3D('',#760,#646,#647);
#619=AXIS2_PLACEMENT_3D('',#769,#652,#653);
#620=AXIS2_PLACEMENT_3D('',#778,#658,#659);
#621=AXIS2_PLACEMENT_3D('',#894,#664,#665);
#622=AXIS2_PLACEMENT_3D('',#964,#670,#671);
#623=AXIS2_PLACEMENT_3D('',#965,#672,#673);
#624=AXIS2_PLACEMENT_3D('',#1081,#678,#679);
#625=AXIS2_PLACEMENT_3D('',#1151,#684,#685);
#626=AXIS2_PLACEMENT_3D('',#1152,#686,#687);
#627=AXIS2_PLACEMENT_3D('',#1268,#692,#693);
#628=AXIS2_PLACEMENT_3D('',#1338,#698,#699);
#629=AXIS2_PLACEMENT_3D('',#1339,#700,#701);
#630=AXIS2_PLACEMENT_3D('',#1455,#706,#707);
#631=AXIS2_PLACEMENT_3D('',#1525,#712,#713);
#632=AXIS2_PLACEMENT_3D('',#1526,#714,#715);
#633=AXIS2_PLACEMENT_3D('',#1537,#722,#723);
#634=AXIS2_PLACEMENT_3D('',#1548,#730,#731);
#635=AXIS2_PLACEMENT_3D('',#1551,#734,#735);
#636=AXIS2_PLACEMENT_3D('',#1555,#739,#740);
#637=AXIS2_PLACEMENT_3D('',#1559,#744,#745);
#638=AXIS2_PLACEMENT_3D('',#1560,#746,#747);
#639=AXIS2_PLACEMENT_3D('',#1561,#748,#749);
#640=AXIS2_PLACEMENT_3D('',#1563,#750,#751);
#641=AXIS2_PLACEMENT_3D('',#1564,#752,#753);
#642=AXIS2_PLACEMENT_3D('',#1566,#754,#755);
#643=AXIS2_PLACEMENT_3D('',#1568,#757,#758);
#644=DIRECTION('axis',(0.,0.,1.));
#645=DIRECTION('refdir',(1.,0.,0.));
#646=DIRECTION('center_axis',(0.,0.965925826289069,0.258819045102517));
#647=DIRECTION('ref_axis',(1.,0.,0.));
#648=DIRECTION('',(4.48979473569237E-17,-0.258819045102517,0.965925826289069));
#649=DIRECTION('',(1.,0.,0.));
#650=DIRECTION('',(-8.97958947138473E-17,0.258819045102517,-0.965925826289069));
#651=DIRECTION('',(-1.,0.,0.));
#652=DIRECTION('center_axis',(0.,-0.965925826289069,0.258819045102517));
#653=DIRECTION('ref_axis',(-1.,0.,0.));
#654=DIRECTION('',(-8.97958947138473E-17,0.258819045102517,0.965925826289069));
#655=DIRECTION('',(-1.,0.,0.));
#656=DIRECTION('',(4.48979473569237E-17,-0.258819045102517,-0.965925826289069));
#657=DIRECTION('',(1.,0.,0.));
#658=DIRECTION('center_axis',(1.,-2.11651048903726E-16,7.2280144832367E-16));
#659=DIRECTION('ref_axis',(-7.2280144832367E-16,0.,1.));
#660=DIRECTION('',(-7.2280144832367E-16,0.,1.));
#661=DIRECTION('',(-7.2280144832367E-16,0.,1.));
#662=DIRECTION('',(-1.,0.,0.));
#663=DIRECTION('',(-1.,0.,0.));
#664=DIRECTION('center_axis',(-1.,-7.45388993583783E-16,0.));
#665=DIRECTION('ref_axis',(0.,0.,-1.));
#666=DIRECTION('',(0.,0.,-1.));
#667=DIRECTION('',(0.,0.,-1.));
#668=DIRECTION('',(1.,0.,0.));
#669=DIRECTION('',(1.,0.,0.));
#670=DIRECTION('center_axis',(0.,-1.,0.));
#671=DIRECTION('ref_axis',(0.,0.,-1.));
#672=DIRECTION('center_axis',(1.,8.13151629364126E-16,0.));
#673=DIRECTION('ref_axis',(0.,0.,1.));
#674=DIRECTION('',(0.,0.,1.));
#675=DIRECTION('',(0.,0.,1.));
#676=DIRECTION('',(-1.,0.,4.33680868994202E-16));
#677=DIRECTION('',(-1.,0.,4.33680868994202E-16));
#678=DIRECTION('center_axis',(-1.,-8.13151629364126E-16,0.));
#679=DIRECTION('ref_axis',(0.,0.,-1.));
#680=DIRECTION('',(0.,0.,-1.));
#681=DIRECTION('',(0.,0.,-1.));
#682=DIRECTION('',(1.,0.,0.));
#683=DIRECTION('',(1.,0.,0.));
#684=DIRECTION('center_axis',(0.,-1.,0.));
#685=DIRECTION('ref_axis',(0.,0.,-1.));
#686=DIRECTION('center_axis',(-1.,-2.71050543121376E-16,0.));
#687=DIRECTION('ref_axis',(0.,0.,1.));
#688=DIRECTION('',(0.,0.,1.));
#689=DIRECTION('',(0.,0.,1.));
#690=DIRECTION('',(1.,0.,0.));
#691=DIRECTION('',(1.,0.,0.));
#692=DIRECTION('center_axis',(1.,2.71050543121376E-16,0.));
#693=DIRECTION('ref_axis',(0.,0.,-1.));
#694=DIRECTION('',(0.,0.,-1.));
#695=DIRECTION('',(0.,0.,-1.));
#696=DIRECTION('',(-1.,0.,0.));
#697=DIRECTION('',(-1.,0.,0.));
#698=DIRECTION('center_axis',(0.,-1.,0.));
#699=DIRECTION('ref_axis',(0.,0.,-1.));
#700=DIRECTION('center_axis',(-1.,-2.71050543121376E-16,0.));
#701=DIRECTION('ref_axis',(0.,0.,1.));
#702=DIRECTION('',(0.,0.,1.));
#703=DIRECTION('',(0.,0.,1.));
#704=DIRECTION('',(1.,0.,0.));
#705=DIRECTION('',(1.,0.,0.));
#706=DIRECTION('center_axis',(1.,2.71050543121376E-16,0.));
#707=DIRECTION('ref_axis',(0.,0.,-1.));
#708=DIRECTION('',(0.,0.,-1.));
#709=DIRECTION('',(0.,0.,-1.));
#710=DIRECTION('',(-1.,0.,0.));
#711=DIRECTION('',(-1.,0.,0.));
#712=DIRECTION('center_axis',(0.,1.,0.));
#713=DIRECTION('ref_axis',(0.,0.,1.));
#714=DIRECTION('center_axis',(0.,-0.984807753012208,0.173648177666931));
#715=DIRECTION('ref_axis',(-1.,0.,0.));
#716=DIRECTION('',(-3.01231570359417E-17,0.173648177666931,0.984807753012208));
#717=DIRECTION('',(1.,0.,0.));
#718=DIRECTION('',(6.02463140718833E-17,-0.173648177666931,-0.984807753012208));
#719=DIRECTION('',(-1.,0.,0.));
#720=DIRECTION('',(-1.,0.,0.));
#721=DIRECTION('',(-1.,0.,0.));
#722=DIRECTION('center_axis',(0.,0.984807753012208,0.173648177666931));
#723=DIRECTION('ref_axis',(1.,0.,0.));
#724=DIRECTION('',(6.02463140718833E-17,-0.173648177666931,0.984807753012208));
#725=DIRECTION('',(-1.,0.,0.));
#726=DIRECTION('',(-3.01231570359417E-17,0.173648177666931,-0.984807753012208));
#727=DIRECTION('',(1.,0.,0.));
#728=DIRECTION('',(1.,0.,0.));
#729=DIRECTION('',(1.,0.,0.));
#730=DIRECTION('center_axis',(0.,0.,1.));
#731=DIRECTION('ref_axis',(1.,0.,0.));
#732=DIRECTION('',(-1.73472347597681E-16,1.,0.));
#733=DIRECTION('',(3.46944695195361E-16,-1.,0.));
#734=DIRECTION('center_axis',(1.,3.46944695195361E-16,0.));
#735=DIRECTION('ref_axis',(-3.46944695195361E-16,1.,0.));
#736=DIRECTION('',(0.,0.,-1.));
#737=DIRECTION('',(3.46944695195361E-16,-1.,0.));
#738=DIRECTION('',(0.,0.,-1.));
#739=DIRECTION('center_axis',(-1.,-1.73472347597681E-16,0.));
#740=DIRECTION('ref_axis',(1.73472347597681E-16,-1.,0.));
#741=DIRECTION('',(-1.73472347597681E-16,1.,0.));
#742=DIRECTION('',(0.,0.,-1.));
#743=DIRECTION('',(0.,0.,-1.));
#744=DIRECTION('center_axis',(0.,-1.,0.));
#745=DIRECTION('ref_axis',(0.,0.,-1.));
#746=DIRECTION('center_axis',(0.,1.,0.));
#747=DIRECTION('ref_axis',(0.,0.,1.));
#748=DIRECTION('center_axis',(0.,0.,1.));
#749=DIRECTION('ref_axis',(1.,0.,0.));
#750=DIRECTION('center_axis',(0.,0.,1.));
#751=DIRECTION('ref_axis',(1.,0.,0.));
#752=DIRECTION('center_axis',(0.,0.,1.));
#753=DIRECTION('ref_axis',(1.,0.,0.));
#754=DIRECTION('center_axis',(0.,0.,1.));
#755=DIRECTION('ref_axis',(-1.,0.,0.));
#756=DIRECTION('',(0.,0.,1.));
#757=DIRECTION('center_axis',(0.,0.,1.));
#758=DIRECTION('ref_axis',(1.,0.,0.));
#759=CARTESIAN_POINT('',(0.,0.,0.));
#760=CARTESIAN_POINT('Origin',(0.,0.578108891324553,0.9));
#761=CARTESIAN_POINT('',(1.,0.625,0.724999999999997));
#762=CARTESIAN_POINT('',(1.,0.578108891324553,0.9));
#763=CARTESIAN_POINT('',(1.,0.578108891324553,0.9));
#764=CARTESIAN_POINT('',(-1.,0.625,0.724999999999997));
#765=CARTESIAN_POINT('',(1.,0.625,0.724999999999997));
#766=CARTESIAN_POINT('',(-1.,0.578108891324553,0.9));
#767=CARTESIAN_POINT('',(-1.,0.578108891324553,0.9));
#768=CARTESIAN_POINT('',(-1.,0.578108891324553,0.9));
#769=CARTESIAN_POINT('Origin',(0.,-0.578108891324554,0.9));
#770=CARTESIAN_POINT('',(-1.,-0.625,0.724999999999997));
#771=CARTESIAN_POINT('',(-1.,-0.578108891324554,0.9));
#772=CARTESIAN_POINT('',(-1.,-0.578108891324554,0.9));
#773=CARTESIAN_POINT('',(1.,-0.625,0.724999999999997));
#774=CARTESIAN_POINT('',(-1.,-0.625,0.724999999999997));
#775=CARTESIAN_POINT('',(1.,-0.578108891324554,0.9));
#776=CARTESIAN_POINT('',(1.,-0.578108891324554,0.9));
#777=CARTESIAN_POINT('',(1.,-0.578108891324554,0.9));
#778=CARTESIAN_POINT('Origin',(0.775,-0.625,0.567128181961773));
#779=CARTESIAN_POINT('',(0.775000000000027,-0.625,0.567128181961771));
#780=CARTESIAN_POINT('',(0.775000000000028,-0.625,0.717128181961773));
#781=CARTESIAN_POINT('',(0.775,-0.625,0.717128181961773));
#782=CARTESIAN_POINT('',(0.77499999999999,-1.025,0.149999999999996));
#783=CARTESIAN_POINT('Ctrl Pts',(0.775,-0.625,0.717128181961773));
#784=CARTESIAN_POINT('Ctrl Pts',(0.775,-0.63703991000404,0.716786751740857));
#785=CARTESIAN_POINT('Ctrl Pts',(0.775000000000001,-0.659527647329551,0.716149039904109));
#786=CARTESIAN_POINT('Ctrl Pts',(0.775,-0.695021183373917,0.70945350532384));
#787=CARTESIAN_POINT('Ctrl Pts',(0.775000000000001,-0.728399356712567,0.697642666707462));
#788=CARTESIAN_POINT('Ctrl Pts',(0.775,-0.762024593819247,0.678476460537401));
#789=CARTESIAN_POINT('Ctrl Pts',(0.775000000000001,-0.793249800564899,0.650196924643736));
#790=CARTESIAN_POINT('Ctrl Pts',(0.775000000000001,-0.817635444172823,0.614897291982991));
#791=CARTESIAN_POINT('Ctrl Pts',(0.775,-0.846839066909496,0.549367941300145));
#792=CARTESIAN_POINT('Ctrl Pts',(0.775,-0.858204310675455,0.462271064044494));
#793=CARTESIAN_POINT('Ctrl Pts',(0.775,-0.862767118603098,0.372520937378984));
#794=CARTESIAN_POINT('Ctrl Pts',(0.775000000000001,-0.868866294594859,0.297275922963675));
#795=CARTESIAN_POINT('Ctrl Pts',(0.775000000000001,-0.879469813248533,0.241267472171847));
#796=CARTESIAN_POINT('Ctrl Pts',(0.775000000000001,-0.894059777978322,0.206574389392696));
#797=CARTESIAN_POINT('Ctrl Pts',(0.775000000000001,-0.908139840496926,0.187371399480475));
#798=CARTESIAN_POINT('Ctrl Pts',(0.775000000000001,-0.920462811549479,0.175764781320387));
#799=CARTESIAN_POINT('Ctrl Pts',(0.775000000000001,-0.936248356023874,0.165823783680935));
#800=CARTESIAN_POINT('Ctrl Pts',(0.775,-0.958022682900615,0.157407602660635));
#801=CARTESIAN_POINT('Ctrl Pts',(0.775000000000001,-0.987558511529483,0.151189608351122));
#802=CARTESIAN_POINT('Ctrl Pts',(0.775,-1.01200421494501,0.150412908115095));
#803=CARTESIAN_POINT('Ctrl Pts',(0.775000000000001,-1.025,0.149999999999996));
#804=CARTESIAN_POINT('',(0.774999999999963,-1.025,-3.46944695195361E-15));
#805=CARTESIAN_POINT('',(0.775000000000001,-1.025,0.149999999999996));
#806=CARTESIAN_POINT('Ctrl Pts',(0.775,-0.625,0.56712818196177));
#807=CARTESIAN_POINT('Ctrl Pts',(0.775,-0.63132117164622,0.566930543514145));
#808=CARTESIAN_POINT('Ctrl Pts',(0.775000000000001,-0.64312764258512,0.566561401095788));
#809=CARTESIAN_POINT('Ctrl Pts',(0.775,-0.656693063715722,0.56378776599246));
#810=CARTESIAN_POINT('Ctrl Pts',(0.775000000000001,-0.666047985127147,0.560356198867475));
#811=CARTESIAN_POINT('Ctrl Pts',(0.775,-0.673047417419322,0.556258516623949));
#812=CARTESIAN_POINT('Ctrl Pts',(0.775000000000001,-0.679072118431457,0.550897699689563));
#813=CARTESIAN_POINT('Ctrl Pts',(0.775000000000001,-0.685801679636956,0.541584463601742));
#814=CARTESIAN_POINT('Ctrl Pts',(0.775,-0.698096598168062,0.515288603907815));
#815=CARTESIAN_POINT('Ctrl Pts',(0.775000000000001,-0.709088986640205,0.451894893217635));
#816=CARTESIAN_POINT('Ctrl Pts',(0.775000000000001,-0.712799540304539,0.365532219045004));
#817=CARTESIAN_POINT('Ctrl Pts',(0.775,-0.719726163564625,0.279754157973507));
#818=CARTESIAN_POINT('Ctrl Pts',(0.775000000000001,-0.733526401987803,0.202701839110044));
#819=CARTESIAN_POINT('Ctrl Pts',(0.775000000000001,-0.759577016392506,0.136550431879144));
#820=CARTESIAN_POINT('Ctrl Pts',(0.775000000000001,-0.794468053729407,0.0881046729886453));
#821=CARTESIAN_POINT('Ctrl Pts',(0.775000000000001,-0.828585529739223,0.0559029411668775));
#822=CARTESIAN_POINT('Ctrl Pts',(0.775000000000001,-0.870172750190075,0.0301161561062686));
#823=CARTESIAN_POINT('Ctrl Pts',(0.775000000000001,-0.917789699347632,0.0121605165891536));
#824=CARTESIAN_POINT('Ctrl Pts',(0.775000000000001,-0.970572162360563,0.00162360133436858));
#825=CARTESIAN_POINT('Ctrl Pts',(0.775000000000001,-1.00610832373753,0.000563545276063891));
#826=CARTESIAN_POINT('Ctrl Pts',(0.775000000000001,-1.025,-3.46944695195361E-15));
#827=CARTESIAN_POINT('Ctrl Pts',(0.775000000000014,-1.025,0.149999999999996));
#828=CARTESIAN_POINT('Ctrl Pts',(0.0129999999999962,-1.025,0.149999999999997));
#829=CARTESIAN_POINT('Ctrl Pts',(0.775000000000014,-1.01200421494501,0.150412908115095));
#830=CARTESIAN_POINT('Ctrl Pts',(0.0129999999999962,-1.01200421494501,0.150412908115096));
#831=CARTESIAN_POINT('Ctrl Pts',(0.775000000000014,-0.987558511529483,0.151189608351122));
#832=CARTESIAN_POINT('Ctrl Pts',(0.0129999999999962,-0.987558511529483,
0.151189608351123));
#833=CARTESIAN_POINT('Ctrl Pts',(0.775000000000014,-0.958022682900615,0.157407602660635));
#834=CARTESIAN_POINT('Ctrl Pts',(0.0129999999999962,-0.958022682900615,
0.157407602660636));
#835=CARTESIAN_POINT('Ctrl Pts',(0.775000000000015,-0.936248356023874,0.165823783680935));
#836=CARTESIAN_POINT('Ctrl Pts',(0.0129999999999973,-0.936248356023874,
0.165823783680936));
#837=CARTESIAN_POINT('Ctrl Pts',(0.775000000000014,-0.920462811549478,0.175764781320387));
#838=CARTESIAN_POINT('Ctrl Pts',(0.0129999999999962,-0.920462811549478,
0.175764781320388));
#839=CARTESIAN_POINT('Ctrl Pts',(0.775000000000014,-0.908139840496926,0.187371399480475));
#840=CARTESIAN_POINT('Ctrl Pts',(0.0129999999999962,-0.908139840496926,
0.187371399480476));
#841=CARTESIAN_POINT('Ctrl Pts',(0.775000000000015,-0.894059777978322,0.206574389392696));
#842=CARTESIAN_POINT('Ctrl Pts',(0.0129999999999973,-0.894059777978322,
0.206574389392697));
#843=CARTESIAN_POINT('Ctrl Pts',(0.775000000000014,-0.879469813248533,0.241267472171847));
#844=CARTESIAN_POINT('Ctrl Pts',(0.0129999999999962,-0.879469813248533,
0.241267472171848));
#845=CARTESIAN_POINT('Ctrl Pts',(0.775000000000015,-0.868866294594861,0.297275922963675));
#846=CARTESIAN_POINT('Ctrl Pts',(0.0129999999999973,-0.868866294594861,
0.297275922963676));
#847=CARTESIAN_POINT('Ctrl Pts',(0.775000000000014,-0.862767118603097,0.372520937378984));
#848=CARTESIAN_POINT('Ctrl Pts',(0.0129999999999962,-0.862767118603097,
0.372520937378985));
#849=CARTESIAN_POINT('Ctrl Pts',(0.775000000000014,-0.858204310675455,0.462271064044494));
#850=CARTESIAN_POINT('Ctrl Pts',(0.0129999999999962,-0.858204310675455,
0.462271064044495));
#851=CARTESIAN_POINT('Ctrl Pts',(0.775000000000014,-0.846839066909496,0.549367941300145));
#852=CARTESIAN_POINT('Ctrl Pts',(0.0129999999999962,-0.846839066909496,
0.549367941300146));
#853=CARTESIAN_POINT('Ctrl Pts',(0.775000000000014,-0.817635444172823,0.614897291982991));
#854=CARTESIAN_POINT('Ctrl Pts',(0.0129999999999962,-0.817635444172823,
0.614897291982992));
#855=CARTESIAN_POINT('Ctrl Pts',(0.775000000000014,-0.793249800564899,0.650196924643737));
#856=CARTESIAN_POINT('Ctrl Pts',(0.0129999999999962,-0.793249800564899,
0.650196924643738));
#857=CARTESIAN_POINT('Ctrl Pts',(0.775000000000014,-0.762024593819246,0.678476460537401));
#858=CARTESIAN_POINT('Ctrl Pts',(0.0129999999999962,-0.762024593819246,
0.678476460537402));
#859=CARTESIAN_POINT('Ctrl Pts',(0.775000000000014,-0.728399356712567,0.697642666707462));
#860=CARTESIAN_POINT('Ctrl Pts',(0.0129999999999962,-0.728399356712567,
0.697642666707463));
#861=CARTESIAN_POINT('Ctrl Pts',(0.775000000000014,-0.695021183373917,0.709453505323839));
#862=CARTESIAN_POINT('Ctrl Pts',(0.0129999999999962,-0.695021183373917,
0.70945350532384));
#863=CARTESIAN_POINT('Ctrl Pts',(0.775000000000014,-0.659527647329551,0.716149039904109));
#864=CARTESIAN_POINT('Ctrl Pts',(0.0129999999999962,-0.659527647329551,
0.71614903990411));
#865=CARTESIAN_POINT('Ctrl Pts',(0.775000000000014,-0.63703991000404,0.716786751740857));
#866=CARTESIAN_POINT('Ctrl Pts',(0.0129999999999962,-0.63703991000404,0.716786751740858));
#867=CARTESIAN_POINT('Ctrl Pts',(0.775000000000014,-0.625,0.717128181961773));
#868=CARTESIAN_POINT('Ctrl Pts',(0.0129999999999962,-0.625,0.717128181961774));
#869=CARTESIAN_POINT('',(0.139999999999998,-0.625,0.717128181961773));
#870=CARTESIAN_POINT('',(0.140000000000001,-0.625,0.717128181961773));
#871=CARTESIAN_POINT('',(0.140000000000002,-1.025,0.149999999999996));
#872=CARTESIAN_POINT('Ctrl Pts',(0.140000000000001,-0.625,0.717128181961773));
#873=CARTESIAN_POINT('Ctrl Pts',(0.140000000000001,-0.63703991000404,0.716786751740857));
#874=CARTESIAN_POINT('Ctrl Pts',(0.14,-0.659527647329551,0.716149039904109));
#875=CARTESIAN_POINT('Ctrl Pts',(0.140000000000001,-0.695021183373917,0.709453505323839));
#876=CARTESIAN_POINT('Ctrl Pts',(0.140000000000001,-0.728399356712567,0.697642666707462));
#877=CARTESIAN_POINT('Ctrl Pts',(0.140000000000001,-0.762024593819246,0.678476460537401));
#878=CARTESIAN_POINT('Ctrl Pts',(0.140000000000001,-0.7932498005649,0.650196924643737));
#879=CARTESIAN_POINT('Ctrl Pts',(0.140000000000001,-0.817635444172824,0.614897291982992));
#880=CARTESIAN_POINT('Ctrl Pts',(0.140000000000001,-0.846839066909497,0.549367941300145));
#881=CARTESIAN_POINT('Ctrl Pts',(0.140000000000001,-0.858204310675455,0.462271064044494));
#882=CARTESIAN_POINT('Ctrl Pts',(0.140000000000001,-0.862767118603096,0.372520937378984));
#883=CARTESIAN_POINT('Ctrl Pts',(0.140000000000001,-0.868866294594863,0.297275922963675));
#884=CARTESIAN_POINT('Ctrl Pts',(0.140000000000001,-0.879469813248534,0.241267472171847));
#885=CARTESIAN_POINT('Ctrl Pts',(0.140000000000001,-0.894059777978322,0.206574389392696));
#886=CARTESIAN_POINT('Ctrl Pts',(0.140000000000001,-0.908139840496927,0.187371399480475));
#887=CARTESIAN_POINT('Ctrl Pts',(0.140000000000001,-0.920462811549479,0.175764781320387));
#888=CARTESIAN_POINT('Ctrl Pts',(0.140000000000001,-0.936248356023874,0.165823783680935));
#889=CARTESIAN_POINT('Ctrl Pts',(0.140000000000001,-0.958022682900615,0.157407602660635));
#890=CARTESIAN_POINT('Ctrl Pts',(0.140000000000001,-0.987558511529483,0.151189608351122));
#891=CARTESIAN_POINT('Ctrl Pts',(0.140000000000001,-1.01200421494501,0.150412908115095));
#892=CARTESIAN_POINT('Ctrl Pts',(0.140000000000001,-1.025,0.149999999999996));
#893=CARTESIAN_POINT('',(0.140000000000001,-1.025,0.149999999999996));
#894=CARTESIAN_POINT('Origin',(0.140000000000001,-0.625,0.717128181961773));
#895=CARTESIAN_POINT('',(0.140000000000016,-0.625,0.567128181961771));
#896=CARTESIAN_POINT('',(0.140000000000001,-0.625,0.717128181961773));
#897=CARTESIAN_POINT('',(0.139999999999979,-1.025,-3.46944695195361E-15));
#898=CARTESIAN_POINT('Ctrl Pts',(0.14,-0.625,0.56712818196177));
#899=CARTESIAN_POINT('Ctrl Pts',(0.140000000000001,-0.63132117164622,0.566930543514145));
#900=CARTESIAN_POINT('Ctrl Pts',(0.140000000000001,-0.64312764258512,0.566561401095788));
#901=CARTESIAN_POINT('Ctrl Pts',(0.140000000000001,-0.656693063715721,0.56378776599246));
#902=CARTESIAN_POINT('Ctrl Pts',(0.140000000000001,-0.666047985127147,0.560356198867475));
#903=CARTESIAN_POINT('Ctrl Pts',(0.140000000000001,-0.673047417419322,0.556258516623949));
#904=CARTESIAN_POINT('Ctrl Pts',(0.140000000000001,-0.679072118431458,0.550897699689563));
#905=CARTESIAN_POINT('Ctrl Pts',(0.140000000000001,-0.685801679636956,0.541584463601742));
#906=CARTESIAN_POINT('Ctrl Pts',(0.140000000000001,-0.698096598168063,0.515288603907815));
#907=CARTESIAN_POINT('Ctrl Pts',(0.140000000000001,-0.709088986640205,0.451894893217635));
#908=CARTESIAN_POINT('Ctrl Pts',(0.140000000000001,-0.712799540304538,0.365532219045005));
#909=CARTESIAN_POINT('Ctrl Pts',(0.14,-0.719726163564628,0.279754157973507));
#910=CARTESIAN_POINT('Ctrl Pts',(0.140000000000001,-0.733526401987804,0.202701839110044));
#911=CARTESIAN_POINT('Ctrl Pts',(0.140000000000001,-0.759577016392506,0.136550431879144));
#912=CARTESIAN_POINT('Ctrl Pts',(0.140000000000001,-0.794468053729407,0.0881046729886454));
#913=CARTESIAN_POINT('Ctrl Pts',(0.140000000000001,-0.828585529739223,0.0559029411668776));
#914=CARTESIAN_POINT('Ctrl Pts',(0.140000000000001,-0.870172750190075,0.0301161561062687));
#915=CARTESIAN_POINT('Ctrl Pts',(0.140000000000001,-0.917789699347632,0.0121605165891536));
#916=CARTESIAN_POINT('Ctrl Pts',(0.140000000000001,-0.970572162360563,0.00162360133436865));
#917=CARTESIAN_POINT('Ctrl Pts',(0.140000000000001,-1.00610832373753,0.000563545276063916));
#918=CARTESIAN_POINT('Ctrl Pts',(0.140000000000001,-1.025,-3.46944695195361E-15));
#919=CARTESIAN_POINT('',(0.140000000000001,-1.025,0.149999999999996));
#920=CARTESIAN_POINT('Ctrl Pts',(0.775000000000027,-0.625,0.567128181961773));
#921=CARTESIAN_POINT('Ctrl Pts',(0.0130000000000131,-0.625000000000001,
0.567128181961773));
#922=CARTESIAN_POINT('Ctrl Pts',(0.775000000000027,-0.63132117164622,0.566930543514145));
#923=CARTESIAN_POINT('Ctrl Pts',(0.0130000000000131,-0.631321171646221,
0.566930543514145));
#924=CARTESIAN_POINT('Ctrl Pts',(0.775000000000027,-0.64312764258512,0.566561401095788));
#925=CARTESIAN_POINT('Ctrl Pts',(0.0130000000000131,-0.643127642585121,
0.566561401095788));
#926=CARTESIAN_POINT('Ctrl Pts',(0.775000000000027,-0.656693063715721,0.56378776599246));
#927=CARTESIAN_POINT('Ctrl Pts',(0.0130000000000131,-0.656693063715722,
0.56378776599246));
#928=CARTESIAN_POINT('Ctrl Pts',(0.775000000000027,-0.666047985127147,0.560356198867475));
#929=CARTESIAN_POINT('Ctrl Pts',(0.0130000000000131,-0.666047985127148,
0.560356198867475));
#930=CARTESIAN_POINT('Ctrl Pts',(0.775000000000027,-0.673047417419322,0.556258516623949));
#931=CARTESIAN_POINT('Ctrl Pts',(0.0130000000000131,-0.673047417419323,
0.556258516623949));
#932=CARTESIAN_POINT('Ctrl Pts',(0.775000000000027,-0.679072118431457,0.550897699689563));
#933=CARTESIAN_POINT('Ctrl Pts',(0.0130000000000131,-0.679072118431458,
0.550897699689563));
#934=CARTESIAN_POINT('Ctrl Pts',(0.775000000000027,-0.685801679636956,0.541584463601742));
#935=CARTESIAN_POINT('Ctrl Pts',(0.0130000000000131,-0.685801679636957,
0.541584463601742));
#936=CARTESIAN_POINT('Ctrl Pts',(0.775000000000027,-0.698096598168062,0.515288603907815));
#937=CARTESIAN_POINT('Ctrl Pts',(0.0130000000000131,-0.698096598168063,
0.515288603907815));
#938=CARTESIAN_POINT('Ctrl Pts',(0.775000000000027,-0.709088986640205,0.451894893217635));
#939=CARTESIAN_POINT('Ctrl Pts',(0.0130000000000131,-0.709088986640206,
0.451894893217635));
#940=CARTESIAN_POINT('Ctrl Pts',(0.775000000000027,-0.712799540304538,0.365532219045004));
#941=CARTESIAN_POINT('Ctrl Pts',(0.0130000000000131,-0.712799540304539,
0.365532219045004));
#942=CARTESIAN_POINT('Ctrl Pts',(0.775000000000027,-0.719726163564626,0.279754157973507));
#943=CARTESIAN_POINT('Ctrl Pts',(0.0130000000000131,-0.719726163564627,
0.279754157973507));
#944=CARTESIAN_POINT('Ctrl Pts',(0.775000000000027,-0.733526401987803,0.202701839110044));
#945=CARTESIAN_POINT('Ctrl Pts',(0.0130000000000131,-0.733526401987804,
0.202701839110044));
#946=CARTESIAN_POINT('Ctrl Pts',(0.775000000000027,-0.759577016392506,0.136550431879144));
#947=CARTESIAN_POINT('Ctrl Pts',(0.0130000000000131,-0.759577016392507,
0.136550431879144));
#948=CARTESIAN_POINT('Ctrl Pts',(0.775000000000027,-0.794468053729407,0.0881046729886453));
#949=CARTESIAN_POINT('Ctrl Pts',(0.0130000000000131,-0.794468053729408,
0.0881046729886453));
#950=CARTESIAN_POINT('Ctrl Pts',(0.775000000000027,-0.828585529739223,0.0559029411668775));
#951=CARTESIAN_POINT('Ctrl Pts',(0.0130000000000131,-0.828585529739224,
0.0559029411668775));
#952=CARTESIAN_POINT('Ctrl Pts',(0.775000000000027,-0.870172750190075,0.0301161561062686));
#953=CARTESIAN_POINT('Ctrl Pts',(0.0130000000000131,-0.870172750190076,
0.0301161561062686));
#954=CARTESIAN_POINT('Ctrl Pts',(0.775000000000027,-0.917789699347632,0.0121605165891535));
#955=CARTESIAN_POINT('Ctrl Pts',(0.0130000000000131,-0.917789699347633,
0.0121605165891535));
#956=CARTESIAN_POINT('Ctrl Pts',(0.775000000000027,-0.970572162360563,0.00162360133436855));
#957=CARTESIAN_POINT('Ctrl Pts',(0.0130000000000131,-0.970572162360564,
0.00162360133436855));
#958=CARTESIAN_POINT('Ctrl Pts',(0.775000000000027,-1.00610832373753,0.000563545276063842));
#959=CARTESIAN_POINT('Ctrl Pts',(0.0130000000000131,-1.00610832373753,0.000563545276063842));
#960=CARTESIAN_POINT('Ctrl Pts',(0.775000000000027,-1.025,-3.53090176362694E-15));
#961=CARTESIAN_POINT('Ctrl Pts',(0.0130000000000131,-1.025,-3.53090176362694E-15));
#962=CARTESIAN_POINT('',(0.140000000000001,-0.625,0.567128181961773));
#963=CARTESIAN_POINT('',(0.140000000000001,-1.025,-3.46944695195361E-15));
#964=CARTESIAN_POINT('Origin',(2.90263944686068E-16,-1.025,-0.567128181961777));
#965=CARTESIAN_POINT('Origin',(-0.525,-0.625,0.567128181961773));
#966=CARTESIAN_POINT('',(-0.524999999999985,-0.625,0.567128181961771));
#967=CARTESIAN_POINT('',(-0.524999999999983,-0.625,0.717128181961773));
#968=CARTESIAN_POINT('',(-0.525,-0.625,0.717128181961773));
#969=CARTESIAN_POINT('',(-0.525000000000006,-1.025,0.149999999999996));
#970=CARTESIAN_POINT('Ctrl Pts',(-0.525,-0.625,0.717128181961773));
#971=CARTESIAN_POINT('Ctrl Pts',(-0.525,-0.63703991000404,0.716786751740857));
#972=CARTESIAN_POINT('Ctrl Pts',(-0.524999999999999,-0.659527647329551,
0.716149039904108));
#973=CARTESIAN_POINT('Ctrl Pts',(-0.525,-0.695021183373918,0.709453505323839));
#974=CARTESIAN_POINT('Ctrl Pts',(-0.524999999999999,-0.728399356712567,
0.697642666707462));
#975=CARTESIAN_POINT('Ctrl Pts',(-0.525,-0.762024593819247,0.678476460537401));
#976=CARTESIAN_POINT('Ctrl Pts',(-0.524999999999999,-0.7932498005649,0.650196924643738));
#977=CARTESIAN_POINT('Ctrl Pts',(-0.524999999999999,-0.817635444172824,
0.614897291982991));
#978=CARTESIAN_POINT('Ctrl Pts',(-0.524999999999999,-0.846839066909499,
0.549367941300147));
#979=CARTESIAN_POINT('Ctrl Pts',(-0.524999999999999,-0.858204310675454,
0.462271064044494));
#980=CARTESIAN_POINT('Ctrl Pts',(-0.525,-0.862767118603095,0.372520937378984));
#981=CARTESIAN_POINT('Ctrl Pts',(-0.524999999999999,-0.868866294594867,
0.297275922963676));
#982=CARTESIAN_POINT('Ctrl Pts',(-0.524999999999999,-0.879469813248534,
0.241267472171847));
#983=CARTESIAN_POINT('Ctrl Pts',(-0.524999999999999,-0.894059777978323,
0.206574389392696));
#984=CARTESIAN_POINT('Ctrl Pts',(-0.524999999999999,-0.908139840496926,
0.187371399480475));
#985=CARTESIAN_POINT('Ctrl Pts',(-0.524999999999999,-0.920462811549478,
0.175764781320387));
#986=CARTESIAN_POINT('Ctrl Pts',(-0.524999999999999,-0.936248356023874,
0.165823783680935));
#987=CARTESIAN_POINT('Ctrl Pts',(-0.524999999999999,-0.958022682900615,
0.157407602660635));
#988=CARTESIAN_POINT('Ctrl Pts',(-0.524999999999999,-0.987558511529483,
0.151189608351122));
#989=CARTESIAN_POINT('Ctrl Pts',(-0.525,-1.01200421494501,0.150412908115095));
#990=CARTESIAN_POINT('Ctrl Pts',(-0.524999999999999,-1.025,0.149999999999996));
#991=CARTESIAN_POINT('',(-0.52500000000002,-1.025,-3.46944695195361E-15));
#992=CARTESIAN_POINT('',(-0.524999999999999,-1.025,0.149999999999996));
#993=CARTESIAN_POINT('Ctrl Pts',(-0.525,-0.625,0.56712818196177));
#994=CARTESIAN_POINT('Ctrl Pts',(-0.525,-0.63132117164622,0.566930543514145));
#995=CARTESIAN_POINT('Ctrl Pts',(-0.525,-0.64312764258512,0.566561401095787));
#996=CARTESIAN_POINT('Ctrl Pts',(-0.525,-0.656693063715722,0.56378776599246));
#997=CARTESIAN_POINT('Ctrl Pts',(-0.524999999999999,-0.666047985127147,
0.560356198867475));
#998=CARTESIAN_POINT('Ctrl Pts',(-0.525,-0.673047417419322,0.55625851662395));
#999=CARTESIAN_POINT('Ctrl Pts',(-0.525,-0.679072118431459,0.550897699689563));
#1000=CARTESIAN_POINT('Ctrl Pts',(-0.524999999999999,-0.685801679636957,
0.541584463601742));
#1001=CARTESIAN_POINT('Ctrl Pts',(-0.525,-0.698096598168065,0.515288603907816));
#1002=CARTESIAN_POINT('Ctrl Pts',(-0.524999999999999,-0.709088986640204,
0.451894893217635));
#1003=CARTESIAN_POINT('Ctrl Pts',(-0.524999999999999,-0.712799540304537,
0.365532219045004));
#1004=CARTESIAN_POINT('Ctrl Pts',(-0.525,-0.719726163564632,0.279754157973508));
#1005=CARTESIAN_POINT('Ctrl Pts',(-0.524999999999999,-0.733526401987804,
0.202701839110044));
#1006=CARTESIAN_POINT('Ctrl Pts',(-0.525,-0.759577016392507,0.136550431879144));
#1007=CARTESIAN_POINT('Ctrl Pts',(-0.524999999999999,-0.794468053729408,
0.0881046729886455));
#1008=CARTESIAN_POINT('Ctrl Pts',(-0.524999999999999,-0.828585529739223,
0.0559029411668778));
#1009=CARTESIAN_POINT('Ctrl Pts',(-0.524999999999999,-0.870172750190075,
0.0301161561062687));
#1010=CARTESIAN_POINT('Ctrl Pts',(-0.524999999999999,-0.917789699347632,
0.0121605165891537));
#1011=CARTESIAN_POINT('Ctrl Pts',(-0.525,-0.970572162360562,0.00162360133436872));
#1012=CARTESIAN_POINT('Ctrl Pts',(-0.525,-1.00610832373753,0.000563545276063941));
#1013=CARTESIAN_POINT('Ctrl Pts',(-0.524999999999999,-1.025,-3.46944695195361E-15));
#1014=CARTESIAN_POINT('Ctrl Pts',(-0.524999999999991,-1.025,0.149999999999996));
#1015=CARTESIAN_POINT('Ctrl Pts',(-0.824999999999991,-1.025,0.149999999999996));
#1016=CARTESIAN_POINT('Ctrl Pts',(-0.524999999999991,-1.01200421494501,
0.150412908115095));
#1017=CARTESIAN_POINT('Ctrl Pts',(-0.824999999999991,-1.01200421494501,
0.150412908115095));
#1018=CARTESIAN_POINT('Ctrl Pts',(-0.524999999999991,-0.987558511529483,
0.151189608351122));
#1019=CARTESIAN_POINT('Ctrl Pts',(-0.824999999999991,-0.987558511529483,
0.151189608351122));
#1020=CARTESIAN_POINT('Ctrl Pts',(-0.524999999999991,-0.958022682900615,
0.157407602660635));
#1021=CARTESIAN_POINT('Ctrl Pts',(-0.824999999999991,-0.958022682900615,
0.157407602660635));
#1022=CARTESIAN_POINT('Ctrl Pts',(-0.524999999999991,-0.936248356023873,
0.165823783680935));
#1023=CARTESIAN_POINT('Ctrl Pts',(-0.824999999999991,-0.936248356023873,
0.165823783680935));
#1024=CARTESIAN_POINT('Ctrl Pts',(-0.524999999999991,-0.920462811549478,
0.175764781320387));
#1025=CARTESIAN_POINT('Ctrl Pts',(-0.824999999999991,-0.920462811549478,
0.175764781320387));
#1026=CARTESIAN_POINT('Ctrl Pts',(-0.524999999999991,-0.908139840496926,
0.187371399480475));
#1027=CARTESIAN_POINT('Ctrl Pts',(-0.824999999999991,-0.908139840496926,
0.187371399480475));
#1028=CARTESIAN_POINT('Ctrl Pts',(-0.524999999999991,-0.894059777978323,
0.206574389392696));
#1029=CARTESIAN_POINT('Ctrl Pts',(-0.824999999999991,-0.894059777978323,
0.206574389392696));
#1030=CARTESIAN_POINT('Ctrl Pts',(-0.524999999999991,-0.879469813248534,
0.241267472171847));
#1031=CARTESIAN_POINT('Ctrl Pts',(-0.824999999999991,-0.879469813248534,
0.241267472171847));
#1032=CARTESIAN_POINT('Ctrl Pts',(-0.524999999999991,-0.868866294594867,
0.297275922963676));
#1033=CARTESIAN_POINT('Ctrl Pts',(-0.824999999999991,-0.868866294594867,
0.297275922963676));
#1034=CARTESIAN_POINT('Ctrl Pts',(-0.524999999999992,-0.862767118603095,
0.372520937378984));
#1035=CARTESIAN_POINT('Ctrl Pts',(-0.824999999999992,-0.862767118603095,
0.372520937378984));
#1036=CARTESIAN_POINT('Ctrl Pts',(-0.524999999999991,-0.858204310675454,
0.462271064044494));
#1037=CARTESIAN_POINT('Ctrl Pts',(-0.824999999999991,-0.858204310675454,
0.462271064044494));
#1038=CARTESIAN_POINT('Ctrl Pts',(-0.524999999999991,-0.846839066909499,
0.549367941300147));
#1039=CARTESIAN_POINT('Ctrl Pts',(-0.824999999999991,-0.846839066909499,
0.549367941300147));
#1040=CARTESIAN_POINT('Ctrl Pts',(-0.524999999999991,-0.817635444172824,
0.614897291982991));
#1041=CARTESIAN_POINT('Ctrl Pts',(-0.824999999999991,-0.817635444172824,
0.614897291982991));
#1042=CARTESIAN_POINT('Ctrl Pts',(-0.524999999999991,-0.7932498005649,0.650196924643738));
#1043=CARTESIAN_POINT('Ctrl Pts',(-0.824999999999991,-0.7932498005649,0.650196924643738));
#1044=CARTESIAN_POINT('Ctrl Pts',(-0.524999999999992,-0.762024593819247,
0.678476460537401));
#1045=CARTESIAN_POINT('Ctrl Pts',(-0.824999999999992,-0.762024593819247,
0.678476460537401));
#1046=CARTESIAN_POINT('Ctrl Pts',(-0.524999999999991,-0.728399356712567,
0.697642666707462));
#1047=CARTESIAN_POINT('Ctrl Pts',(-0.824999999999991,-0.728399356712567,
0.697642666707462));
#1048=CARTESIAN_POINT('Ctrl Pts',(-0.524999999999992,-0.695021183373917,
0.70945350532384));
#1049=CARTESIAN_POINT('Ctrl Pts',(-0.824999999999992,-0.695021183373917,
0.70945350532384));
#1050=CARTESIAN_POINT('Ctrl Pts',(-0.524999999999991,-0.659527647329551,
0.716149039904108));
#1051=CARTESIAN_POINT('Ctrl Pts',(-0.824999999999991,-0.659527647329551,
0.716149039904108));
#1052=CARTESIAN_POINT('Ctrl Pts',(-0.524999999999991,-0.63703991000404,
0.716786751740857));
#1053=CARTESIAN_POINT('Ctrl Pts',(-0.824999999999991,-0.63703991000404,
0.716786751740857));
#1054=CARTESIAN_POINT('Ctrl Pts',(-0.524999999999992,-0.625,0.717128181961773));
#1055=CARTESIAN_POINT('Ctrl Pts',(-0.824999999999992,-0.625,0.717128181961773));
#1056=CARTESIAN_POINT('',(-0.774999999999981,-0.625,0.717128181961773));
#1057=CARTESIAN_POINT('',(-0.775,-0.625,0.717128181961773));
#1058=CARTESIAN_POINT('',(-0.775000000000007,-1.025,0.149999999999996));
#1059=CARTESIAN_POINT('Ctrl Pts',(-0.775,-0.625,0.717128181961773));
#1060=CARTESIAN_POINT('Ctrl Pts',(-0.775,-0.63703991000404,0.716786751740857));
#1061=CARTESIAN_POINT('Ctrl Pts',(-0.774999999999999,-0.659527647329551,
0.716149039904108));
#1062=CARTESIAN_POINT('Ctrl Pts',(-0.775,-0.695021183373917,0.70945350532384));
#1063=CARTESIAN_POINT('Ctrl Pts',(-0.774999999999999,-0.728399356712567,
0.697642666707462));
#1064=CARTESIAN_POINT('Ctrl Pts',(-0.775,-0.762024593819247,0.678476460537401));
#1065=CARTESIAN_POINT('Ctrl Pts',(-0.774999999999999,-0.7932498005649,0.650196924643738));
#1066=CARTESIAN_POINT('Ctrl Pts',(-0.774999999999999,-0.817635444172824,
0.614897291982991));
#1067=CARTESIAN_POINT('Ctrl Pts',(-0.774999999999999,-0.846839066909499,
0.549367941300147));
#1068=CARTESIAN_POINT('Ctrl Pts',(-0.774999999999999,-0.858204310675454,
0.462271064044494));
#1069=CARTESIAN_POINT('Ctrl Pts',(-0.775,-0.862767118603095,0.372520937378984));
#1070=CARTESIAN_POINT('Ctrl Pts',(-0.774999999999999,-0.868866294594868,
0.297275922963676));
#1071=CARTESIAN_POINT('Ctrl Pts',(-0.774999999999999,-0.879469813248535,
0.241267472171848));
#1072=CARTESIAN_POINT('Ctrl Pts',(-0.774999999999999,-0.894059777978323,
0.206574389392696));
#1073=CARTESIAN_POINT('Ctrl Pts',(-0.774999999999999,-0.908139840496927,
0.187371399480475));
#1074=CARTESIAN_POINT('Ctrl Pts',(-0.774999999999999,-0.920462811549479,
0.175764781320387));
#1075=CARTESIAN_POINT('Ctrl Pts',(-0.774999999999999,-0.936248356023873,
0.165823783680935));
#1076=CARTESIAN_POINT('Ctrl Pts',(-0.774999999999999,-0.958022682900615,
0.157407602660635));
#1077=CARTESIAN_POINT('Ctrl Pts',(-0.774999999999999,-0.987558511529483,
0.151189608351122));
#1078=CARTESIAN_POINT('Ctrl Pts',(-0.775,-1.01200421494501,0.150412908115095));
#1079=CARTESIAN_POINT('Ctrl Pts',(-0.774999999999999,-1.025,0.149999999999996));
#1080=CARTESIAN_POINT('',(-0.774999999999999,-1.025,0.149999999999996));
#1081=CARTESIAN_POINT('Origin',(-0.775,-0.625,0.717128181961773));
#1082=CARTESIAN_POINT('',(-0.774999999999979,-0.625,0.567128181961771));
#1083=CARTESIAN_POINT('',(-0.775,-0.625,0.717128181961773));
#1084=CARTESIAN_POINT('',(-0.775000000000029,-1.025,-3.46944695195361E-15));
#1085=CARTESIAN_POINT('Ctrl Pts',(-0.775,-0.625,0.56712818196177));
#1086=CARTESIAN_POINT('Ctrl Pts',(-0.775,-0.63132117164622,0.566930543514145));
#1087=CARTESIAN_POINT('Ctrl Pts',(-0.774999999999999,-0.64312764258512,
0.566561401095787));
#1088=CARTESIAN_POINT('Ctrl Pts',(-0.775,-0.656693063715722,0.56378776599246));
#1089=CARTESIAN_POINT('Ctrl Pts',(-0.774999999999999,-0.666047985127148,
0.560356198867475));
#1090=CARTESIAN_POINT('Ctrl Pts',(-0.775,-0.673047417419322,0.55625851662395));
#1091=CARTESIAN_POINT('Ctrl Pts',(-0.775,-0.679072118431459,0.550897699689564));
#1092=CARTESIAN_POINT('Ctrl Pts',(-0.775,-0.685801679636957,0.541584463601742));
#1093=CARTESIAN_POINT('Ctrl Pts',(-0.775,-0.698096598168065,0.515288603907816));
#1094=CARTESIAN_POINT('Ctrl Pts',(-0.774999999999999,-0.709088986640204,
0.451894893217635));
#1095=CARTESIAN_POINT('Ctrl Pts',(-0.774999999999999,-0.712799540304536,
0.365532219045004));
#1096=CARTESIAN_POINT('Ctrl Pts',(-0.775,-0.719726163564634,0.279754157973508));
#1097=CARTESIAN_POINT('Ctrl Pts',(-0.774999999999999,-0.733526401987805,
0.202701839110044));
#1098=CARTESIAN_POINT('Ctrl Pts',(-0.775,-0.759577016392507,0.136550431879145));
#1099=CARTESIAN_POINT('Ctrl Pts',(-0.774999999999999,-0.794468053729407,
0.0881046729886455));
#1100=CARTESIAN_POINT('Ctrl Pts',(-0.774999999999999,-0.828585529739223,
0.0559029411668779));
#1101=CARTESIAN_POINT('Ctrl Pts',(-0.774999999999999,-0.870172750190074,
0.0301161561062686));
#1102=CARTESIAN_POINT('Ctrl Pts',(-0.774999999999999,-0.917789699347632,
0.0121605165891538));
#1103=CARTESIAN_POINT('Ctrl Pts',(-0.775,-0.970572162360562,0.00162360133436869));
#1104=CARTESIAN_POINT('Ctrl Pts',(-0.775,-1.00610832373753,0.00056354527606393));
#1105=CARTESIAN_POINT('Ctrl Pts',(-0.774999999999999,-1.025,-3.46944695195361E-15));
#1106=CARTESIAN_POINT('',(-0.774999999999999,-1.025,0.149999999999996));
#1107=CARTESIAN_POINT('Ctrl Pts',(-0.524999999999985,-0.625,0.567128181961773));
#1108=CARTESIAN_POINT('Ctrl Pts',(-0.824999999999978,-0.625,0.567128181961773));
#1109=CARTESIAN_POINT('Ctrl Pts',(-0.524999999999985,-0.63132117164622,
0.566930543514145));
#1110=CARTESIAN_POINT('Ctrl Pts',(-0.824999999999978,-0.63132117164622,
0.566930543514145));
#1111=CARTESIAN_POINT('Ctrl Pts',(-0.524999999999984,-0.64312764258512,
0.566561401095787));
#1112=CARTESIAN_POINT('Ctrl Pts',(-0.824999999999977,-0.64312764258512,
0.566561401095787));
#1113=CARTESIAN_POINT('Ctrl Pts',(-0.524999999999985,-0.656693063715722,
0.56378776599246));
#1114=CARTESIAN_POINT('Ctrl Pts',(-0.824999999999978,-0.656693063715722,
0.56378776599246));
#1115=CARTESIAN_POINT('Ctrl Pts',(-0.524999999999984,-0.666047985127147,
0.560356198867475));
#1116=CARTESIAN_POINT('Ctrl Pts',(-0.824999999999977,-0.666047985127147,
0.560356198867475));
#1117=CARTESIAN_POINT('Ctrl Pts',(-0.524999999999985,-0.673047417419322,
0.55625851662395));
#1118=CARTESIAN_POINT('Ctrl Pts',(-0.824999999999978,-0.673047417419322,
0.55625851662395));
#1119=CARTESIAN_POINT('Ctrl Pts',(-0.524999999999985,-0.679072118431459,
0.550897699689563));
#1120=CARTESIAN_POINT('Ctrl Pts',(-0.824999999999978,-0.679072118431459,
0.550897699689563));
#1121=CARTESIAN_POINT('Ctrl Pts',(-0.524999999999984,-0.685801679636957,
0.541584463601742));
#1122=CARTESIAN_POINT('Ctrl Pts',(-0.824999999999977,-0.685801679636957,
0.541584463601742));
#1123=CARTESIAN_POINT('Ctrl Pts',(-0.524999999999985,-0.698096598168065,
0.515288603907816));
#1124=CARTESIAN_POINT('Ctrl Pts',(-0.824999999999978,-0.698096598168065,
0.515288603907816));
#1125=CARTESIAN_POINT('Ctrl Pts',(-0.524999999999984,-0.709088986640204,
0.451894893217635));
#1126=CARTESIAN_POINT('Ctrl Pts',(-0.824999999999977,-0.709088986640204,
0.451894893217635));
#1127=CARTESIAN_POINT('Ctrl Pts',(-0.524999999999984,-0.712799540304536,
0.365532219045004));
#1128=CARTESIAN_POINT('Ctrl Pts',(-0.824999999999977,-0.712799540304536,
0.365532219045004));
#1129=CARTESIAN_POINT('Ctrl Pts',(-0.524999999999985,-0.719726163564633,
0.279754157973508));
#1130=CARTESIAN_POINT('Ctrl Pts',(-0.824999999999978,-0.719726163564633,
0.279754157973508));
#1131=CARTESIAN_POINT('Ctrl Pts',(-0.524999999999984,-0.733526401987804,
0.202701839110044));
#1132=CARTESIAN_POINT('Ctrl Pts',(-0.824999999999977,-0.733526401987804,
0.202701839110044));
#1133=CARTESIAN_POINT('Ctrl Pts',(-0.524999999999985,-0.759577016392507,
0.136550431879144));
#1134=CARTESIAN_POINT('Ctrl Pts',(-0.824999999999978,-0.759577016392507,
0.136550431879144));
#1135=CARTESIAN_POINT('Ctrl Pts',(-0.524999999999984,-0.794468053729407,
0.0881046729886455));
#1136=CARTESIAN_POINT('Ctrl Pts',(-0.824999999999977,-0.794468053729407,
0.0881046729886455));
#1137=CARTESIAN_POINT('Ctrl Pts',(-0.524999999999984,-0.828585529739223,
0.0559029411668779));
#1138=CARTESIAN_POINT('Ctrl Pts',(-0.824999999999977,-0.828585529739223,
0.0559029411668779));
#1139=CARTESIAN_POINT('Ctrl Pts',(-0.524999999999984,-0.870172750190074,
0.0301161561062686));
#1140=CARTESIAN_POINT('Ctrl Pts',(-0.824999999999977,-0.870172750190074,
0.0301161561062686));
#1141=CARTESIAN_POINT('Ctrl Pts',(-0.524999999999984,-0.917789699347632,
0.0121605165891537));
#1142=CARTESIAN_POINT('Ctrl Pts',(-0.824999999999977,-0.917789699347632,
0.0121605165891537));
#1143=CARTESIAN_POINT('Ctrl Pts',(-0.524999999999985,-0.970572162360562,
0.00162360133436869));
#1144=CARTESIAN_POINT('Ctrl Pts',(-0.824999999999978,-0.970572162360562,
0.00162360133436869));
#1145=CARTESIAN_POINT('Ctrl Pts',(-0.524999999999985,-1.00610832373753,
0.00056354527606392));
#1146=CARTESIAN_POINT('Ctrl Pts',(-0.824999999999978,-1.00610832373753,
0.00056354527606392));
#1147=CARTESIAN_POINT('Ctrl Pts',(-0.524999999999984,-1.025,-3.48450477766166E-15));
#1148=CARTESIAN_POINT('Ctrl Pts',(-0.824999999999977,-1.025,-3.48450477766166E-15));
#1149=CARTESIAN_POINT('',(-0.775,-0.625,0.567128181961773));
#1150=CARTESIAN_POINT('',(-0.774999999999999,-1.025,-3.46944695195361E-15));
#1151=CARTESIAN_POINT('Origin',(2.90263944686068E-16,-1.025,-0.567128181961777));
#1152=CARTESIAN_POINT('Origin',(0.525,0.625,0.567128181961773));
#1153=CARTESIAN_POINT('',(0.525000000000046,0.625,0.567128181961771));
#1154=CARTESIAN_POINT('',(0.525,0.625,0.717128181961773));
#1155=CARTESIAN_POINT('',(0.525,0.625,0.567128181961773));
#1156=CARTESIAN_POINT('',(0.525,1.025,0.149999999999999));
#1157=CARTESIAN_POINT('Ctrl Pts',(0.525,0.625,0.717128181961773));
#1158=CARTESIAN_POINT('Ctrl Pts',(0.525,0.637039910004039,0.716786751740857));
#1159=CARTESIAN_POINT('Ctrl Pts',(0.525,0.65952764732955,0.716149039904108));
#1160=CARTESIAN_POINT('Ctrl Pts',(0.525,0.695021183373918,0.70945350532384));
#1161=CARTESIAN_POINT('Ctrl Pts',(0.525,0.728399356712567,0.697642666707463));
#1162=CARTESIAN_POINT('Ctrl Pts',(0.525,0.762024593819247,0.678476460537402));
#1163=CARTESIAN_POINT('Ctrl Pts',(0.525,0.7932498005649,0.650196924643736));
#1164=CARTESIAN_POINT('Ctrl Pts',(0.525,0.817635444172825,0.614897291982993));
#1165=CARTESIAN_POINT('Ctrl Pts',(0.525,0.846839066909501,0.549367941300147));
#1166=CARTESIAN_POINT('Ctrl Pts',(0.525,0.858204310675454,0.462271064044494));
#1167=CARTESIAN_POINT('Ctrl Pts',(0.525,0.862767118603096,0.372520937378985));
#1168=CARTESIAN_POINT('Ctrl Pts',(0.525,0.868866294594867,0.297275922963675));
#1169=CARTESIAN_POINT('Ctrl Pts',(0.525,0.879469813248538,0.241267472171847));
#1170=CARTESIAN_POINT('Ctrl Pts',(0.525,0.894059777978324,0.206574389392696));
#1171=CARTESIAN_POINT('Ctrl Pts',(0.525,0.908139840496928,0.187371399480475));
#1172=CARTESIAN_POINT('Ctrl Pts',(0.525,0.92046281154948,0.175764781320388));
#1173=CARTESIAN_POINT('Ctrl Pts',(0.525,0.936248356023875,0.165823783680936));
#1174=CARTESIAN_POINT('Ctrl Pts',(0.525,0.958022682900615,0.157407602660636));
#1175=CARTESIAN_POINT('Ctrl Pts',(0.525,0.987558511529483,0.151189608351123));
#1176=CARTESIAN_POINT('Ctrl Pts',(0.525,1.01200421494501,0.150412908115097));
#1177=CARTESIAN_POINT('Ctrl Pts',(0.525,1.025,0.149999999999999));
#1178=CARTESIAN_POINT('',(0.524999999999934,1.025,-1.30104260698261E-15));
#1179=CARTESIAN_POINT('',(0.525,1.025,-1.30104260698261E-15));
#1180=CARTESIAN_POINT('Ctrl Pts',(0.525,0.625,0.56712818196177));
#1181=CARTESIAN_POINT('Ctrl Pts',(0.525,0.63132117164622,0.566930543514145));
#1182=CARTESIAN_POINT('Ctrl Pts',(0.525,0.64312764258512,0.566561401095787));
#1183=CARTESIAN_POINT('Ctrl Pts',(0.525,0.656693063715722,0.56378776599246));
#1184=CARTESIAN_POINT('Ctrl Pts',(0.525,0.666047985127148,0.560356198867475));
#1185=CARTESIAN_POINT('Ctrl Pts',(0.525,0.673047417419323,0.55625851662395));
#1186=CARTESIAN_POINT('Ctrl Pts',(0.525,0.679072118431458,0.550897699689563));
#1187=CARTESIAN_POINT('Ctrl Pts',(0.525,0.685801679636959,0.541584463601743));
#1188=CARTESIAN_POINT('Ctrl Pts',(0.525,0.698096598168066,0.515288603907815));
#1189=CARTESIAN_POINT('Ctrl Pts',(0.525,0.709088986640205,0.451894893217635));
#1190=CARTESIAN_POINT('Ctrl Pts',(0.525,0.712799540304537,0.365532219045004));
#1191=CARTESIAN_POINT('Ctrl Pts',(0.525,0.719726163564632,0.279754157973508));
#1192=CARTESIAN_POINT('Ctrl Pts',(0.525,0.733526401987807,0.202701839110044));
#1193=CARTESIAN_POINT('Ctrl Pts',(0.525,0.759577016392509,0.136550431879144));
#1194=CARTESIAN_POINT('Ctrl Pts',(0.525,0.794468053729408,0.0881046729886463));
#1195=CARTESIAN_POINT('Ctrl Pts',(0.525,0.828585529739224,0.0559029411668784));
#1196=CARTESIAN_POINT('Ctrl Pts',(0.525,0.870172750190075,0.0301161561062701));
#1197=CARTESIAN_POINT('Ctrl Pts',(0.525,0.917789699347632,0.012160516589155));
#1198=CARTESIAN_POINT('Ctrl Pts',(0.525,0.970572162360562,0.00162360133436947));
#1199=CARTESIAN_POINT('Ctrl Pts',(0.525,1.00610832373753,0.000563545276065613));
#1200=CARTESIAN_POINT('Ctrl Pts',(0.525,1.025,-1.30104260698261E-15));
#1201=CARTESIAN_POINT('Ctrl Pts',(0.774999999999993,0.625,0.717128181961773));
#1202=CARTESIAN_POINT('Ctrl Pts',(0.475000000000001,0.625,0.717128181961773));
#1203=CARTESIAN_POINT('Ctrl Pts',(0.774999999999993,0.637039910004039,0.716786751740857));
#1204=CARTESIAN_POINT('Ctrl Pts',(0.475000000000001,0.637039910004039,0.716786751740857));
#1205=CARTESIAN_POINT('Ctrl Pts',(0.774999999999993,0.65952764732955,0.716149039904108));
#1206=CARTESIAN_POINT('Ctrl Pts',(0.475000000000001,0.65952764732955,0.716149039904108));
#1207=CARTESIAN_POINT('Ctrl Pts',(0.774999999999993,0.695021183373918,0.70945350532384));
#1208=CARTESIAN_POINT('Ctrl Pts',(0.475000000000001,0.695021183373918,0.70945350532384));
#1209=CARTESIAN_POINT('Ctrl Pts',(0.774999999999993,0.728399356712567,0.697642666707463));
#1210=CARTESIAN_POINT('Ctrl Pts',(0.475000000000001,0.728399356712567,0.697642666707463));
#1211=CARTESIAN_POINT('Ctrl Pts',(0.774999999999993,0.762024593819247,0.678476460537402));
#1212=CARTESIAN_POINT('Ctrl Pts',(0.475000000000001,0.762024593819247,0.678476460537402));
#1213=CARTESIAN_POINT('Ctrl Pts',(0.774999999999993,0.7932498005649,0.650196924643736));
#1214=CARTESIAN_POINT('Ctrl Pts',(0.475000000000001,0.7932498005649,0.650196924643736));
#1215=CARTESIAN_POINT('Ctrl Pts',(0.774999999999993,0.817635444172826,0.614897291982993));
#1216=CARTESIAN_POINT('Ctrl Pts',(0.475000000000001,0.817635444172826,0.614897291982993));
#1217=CARTESIAN_POINT('Ctrl Pts',(0.774999999999993,0.846839066909501,0.549367941300147));
#1218=CARTESIAN_POINT('Ctrl Pts',(0.475000000000001,0.846839066909501,0.549367941300147));
#1219=CARTESIAN_POINT('Ctrl Pts',(0.774999999999994,0.858204310675454,0.462271064044494));
#1220=CARTESIAN_POINT('Ctrl Pts',(0.475000000000002,0.858204310675454,0.462271064044494));
#1221=CARTESIAN_POINT('Ctrl Pts',(0.774999999999993,0.862767118603096,0.372520937378985));
#1222=CARTESIAN_POINT('Ctrl Pts',(0.475000000000001,0.862767118603096,0.372520937378985));
#1223=CARTESIAN_POINT('Ctrl Pts',(0.774999999999993,0.868866294594866,0.297275922963675));
#1224=CARTESIAN_POINT('Ctrl Pts',(0.475000000000001,0.868866294594866,0.297275922963675));
#1225=CARTESIAN_POINT('Ctrl Pts',(0.774999999999993,0.879469813248538,0.241267472171847));
#1226=CARTESIAN_POINT('Ctrl Pts',(0.475000000000001,0.879469813248538,0.241267472171847));
#1227=CARTESIAN_POINT('Ctrl Pts',(0.774999999999993,0.894059777978324,0.206574389392696));
#1228=CARTESIAN_POINT('Ctrl Pts',(0.475000000000001,0.894059777978324,0.206574389392696));
#1229=CARTESIAN_POINT('Ctrl Pts',(0.774999999999993,0.908139840496928,0.187371399480475));
#1230=CARTESIAN_POINT('Ctrl Pts',(0.475000000000001,0.908139840496928,0.187371399480475));
#1231=CARTESIAN_POINT('Ctrl Pts',(0.774999999999993,0.920462811549479,0.175764781320388));
#1232=CARTESIAN_POINT('Ctrl Pts',(0.475000000000001,0.920462811549479,0.175764781320388));
#1233=CARTESIAN_POINT('Ctrl Pts',(0.774999999999993,0.936248356023875,0.165823783680936));
#1234=CARTESIAN_POINT('Ctrl Pts',(0.475000000000001,0.936248356023875,0.165823783680936));
#1235=CARTESIAN_POINT('Ctrl Pts',(0.774999999999993,0.958022682900615,0.157407602660636));
#1236=CARTESIAN_POINT('Ctrl Pts',(0.475000000000001,0.958022682900615,0.157407602660636));
#1237=CARTESIAN_POINT('Ctrl Pts',(0.774999999999993,0.987558511529483,0.151189608351123));
#1238=CARTESIAN_POINT('Ctrl Pts',(0.475000000000001,0.987558511529483,0.151189608351123));
#1239=CARTESIAN_POINT('Ctrl Pts',(0.774999999999993,1.01200421494501,0.150412908115097));
#1240=CARTESIAN_POINT('Ctrl Pts',(0.475000000000001,1.01200421494501,0.150412908115097));
#1241=CARTESIAN_POINT('Ctrl Pts',(0.774999999999993,1.025,0.149999999999999));
#1242=CARTESIAN_POINT('Ctrl Pts',(0.475000000000001,1.025,0.149999999999999));
#1243=CARTESIAN_POINT('',(0.774999999999993,0.625,0.717128181961773));
#1244=CARTESIAN_POINT('',(0.775,0.625,0.717128181961773));
#1245=CARTESIAN_POINT('',(0.775000000000003,1.025,0.149999999999999));
#1246=CARTESIAN_POINT('Ctrl Pts',(0.775,0.625,0.717128181961773));
#1247=CARTESIAN_POINT('Ctrl Pts',(0.775,0.637039910004039,0.716786751740857));
#1248=CARTESIAN_POINT('Ctrl Pts',(0.775,0.65952764732955,0.716149039904108));
#1249=CARTESIAN_POINT('Ctrl Pts',(0.775,0.695021183373918,0.70945350532384));
#1250=CARTESIAN_POINT('Ctrl Pts',(0.775,0.728399356712567,0.697642666707463));
#1251=CARTESIAN_POINT('Ctrl Pts',(0.775,0.762024593819247,0.678476460537402));
#1252=CARTESIAN_POINT('Ctrl Pts',(0.775,0.7932498005649,0.650196924643736));
#1253=CARTESIAN_POINT('Ctrl Pts',(0.775,0.817635444172826,0.614897291982993));
#1254=CARTESIAN_POINT('Ctrl Pts',(0.775,0.846839066909501,0.549367941300147));
#1255=CARTESIAN_POINT('Ctrl Pts',(0.775,0.858204310675454,0.462271064044494));
#1256=CARTESIAN_POINT('Ctrl Pts',(0.775,0.862767118603096,0.372520937378985));
#1257=CARTESIAN_POINT('Ctrl Pts',(0.775,0.868866294594866,0.297275922963675));
#1258=CARTESIAN_POINT('Ctrl Pts',(0.775,0.879469813248539,0.241267472171847));
#1259=CARTESIAN_POINT('Ctrl Pts',(0.775,0.894059777978324,0.206574389392696));
#1260=CARTESIAN_POINT('Ctrl Pts',(0.775,0.908139840496928,0.187371399480475));
#1261=CARTESIAN_POINT('Ctrl Pts',(0.775,0.920462811549479,0.175764781320388));
#1262=CARTESIAN_POINT('Ctrl Pts',(0.775,0.936248356023875,0.165823783680936));
#1263=CARTESIAN_POINT('Ctrl Pts',(0.775,0.958022682900616,0.157407602660636));
#1264=CARTESIAN_POINT('Ctrl Pts',(0.775,0.987558511529483,0.151189608351123));
#1265=CARTESIAN_POINT('Ctrl Pts',(0.775,1.01200421494501,0.150412908115097));
#1266=CARTESIAN_POINT('Ctrl Pts',(0.775,1.025,0.149999999999999));
#1267=CARTESIAN_POINT('',(0.775,1.025,0.149999999999999));
#1268=CARTESIAN_POINT('Origin',(0.775,0.625,0.717128181961773));
#1269=CARTESIAN_POINT('',(0.775000000000003,0.625,0.567128181961771));
#1270=CARTESIAN_POINT('',(0.775,0.625,0.567128181961773));
#1271=CARTESIAN_POINT('',(0.774999999999997,1.025,-1.30104260698261E-15));
#1272=CARTESIAN_POINT('Ctrl Pts',(0.775,0.625,0.56712818196177));
#1273=CARTESIAN_POINT('Ctrl Pts',(0.775,0.63132117164622,0.566930543514145));
#1274=CARTESIAN_POINT('Ctrl Pts',(0.775,0.64312764258512,0.566561401095787));
#1275=CARTESIAN_POINT('Ctrl Pts',(0.775,0.656693063715722,0.563787765992461));
#1276=CARTESIAN_POINT('Ctrl Pts',(0.775,0.666047985127148,0.560356198867475));
#1277=CARTESIAN_POINT('Ctrl Pts',(0.775,0.673047417419323,0.55625851662395));
#1278=CARTESIAN_POINT('Ctrl Pts',(0.775,0.679072118431458,0.550897699689563));
#1279=CARTESIAN_POINT('Ctrl Pts',(0.775,0.685801679636959,0.541584463601743));
#1280=CARTESIAN_POINT('Ctrl Pts',(0.775,0.698096598168067,0.515288603907815));
#1281=CARTESIAN_POINT('Ctrl Pts',(0.775,0.709088986640204,0.451894893217635));
#1282=CARTESIAN_POINT('Ctrl Pts',(0.775,0.712799540304537,0.365532219045004));
#1283=CARTESIAN_POINT('Ctrl Pts',(0.775,0.719726163564632,0.279754157973508));
#1284=CARTESIAN_POINT('Ctrl Pts',(0.775,0.733526401987808,0.202701839110045));
#1285=CARTESIAN_POINT('Ctrl Pts',(0.775,0.759577016392509,0.136550431879144));
#1286=CARTESIAN_POINT('Ctrl Pts',(0.775,0.794468053729408,0.0881046729886464));
#1287=CARTESIAN_POINT('Ctrl Pts',(0.775,0.828585529739224,0.0559029411668785));
#1288=CARTESIAN_POINT('Ctrl Pts',(0.775,0.870172750190075,0.0301161561062701));
#1289=CARTESIAN_POINT('Ctrl Pts',(0.775,0.917789699347632,0.012160516589155));
#1290=CARTESIAN_POINT('Ctrl Pts',(0.775,0.970572162360562,0.00162360133436947));
#1291=CARTESIAN_POINT('Ctrl Pts',(0.775,1.00610832373753,0.000563545276065613));
#1292=CARTESIAN_POINT('Ctrl Pts',(0.775,1.025,-1.30104260698261E-15));
#1293=CARTESIAN_POINT('',(0.775,1.025,-1.30104260698261E-15));
#1294=CARTESIAN_POINT('Ctrl Pts',(0.775000000000001,1.025,-1.28514258851557E-15));
#1295=CARTESIAN_POINT('Ctrl Pts',(0.475000000000026,1.025,-1.32330263283644E-15));
#1296=CARTESIAN_POINT('Ctrl Pts',(0.775000000000001,1.00610832373753,0.000563545276065629));
#1297=CARTESIAN_POINT('Ctrl Pts',(0.475000000000026,1.00610832373753,0.000563545276065591));
#1298=CARTESIAN_POINT('Ctrl Pts',(0.775000000000001,0.970572162360562,0.00162360133436948));
#1299=CARTESIAN_POINT('Ctrl Pts',(0.475000000000026,0.970572162360562,0.00162360133436944));
#1300=CARTESIAN_POINT('Ctrl Pts',(0.775,0.917789699347632,0.012160516589155));
#1301=CARTESIAN_POINT('Ctrl Pts',(0.475000000000025,0.917789699347632,0.012160516589155));
#1302=CARTESIAN_POINT('Ctrl Pts',(0.775000000000001,0.870172750190075,0.0301161561062701));
#1303=CARTESIAN_POINT('Ctrl Pts',(0.475000000000026,0.870172750190075,0.0301161561062701));
#1304=CARTESIAN_POINT('Ctrl Pts',(0.775000000000001,0.828585529739224,0.0559029411668785));
#1305=CARTESIAN_POINT('Ctrl Pts',(0.475000000000026,0.828585529739224,0.0559029411668785));
#1306=CARTESIAN_POINT('Ctrl Pts',(0.775000000000001,0.794468053729408,0.0881046729886464));
#1307=CARTESIAN_POINT('Ctrl Pts',(0.475000000000026,0.794468053729408,0.0881046729886464));
#1308=CARTESIAN_POINT('Ctrl Pts',(0.775000000000001,0.759577016392509,0.136550431879144));
#1309=CARTESIAN_POINT('Ctrl Pts',(0.475000000000026,0.759577016392509,0.136550431879144));
#1310=CARTESIAN_POINT('Ctrl Pts',(0.775000000000001,0.733526401987808,0.202701839110044));
#1311=CARTESIAN_POINT('Ctrl Pts',(0.475000000000026,0.733526401987808,0.202701839110044));
#1312=CARTESIAN_POINT('Ctrl Pts',(0.775000000000001,0.719726163564632,0.279754157973508));
#1313=CARTESIAN_POINT('Ctrl Pts',(0.475000000000026,0.719726163564632,0.279754157973508));
#1314=CARTESIAN_POINT('Ctrl Pts',(0.775000000000001,0.712799540304537,0.365532219045004));
#1315=CARTESIAN_POINT('Ctrl Pts',(0.475000000000026,0.712799540304537,0.365532219045004));
#1316=CARTESIAN_POINT('Ctrl Pts',(0.775000000000001,0.709088986640204,0.451894893217635));
#1317=CARTESIAN_POINT('Ctrl Pts',(0.475000000000026,0.709088986640204,0.451894893217635));
#1318=CARTESIAN_POINT('Ctrl Pts',(0.775000000000001,0.698096598168066,0.515288603907815));
#1319=CARTESIAN_POINT('Ctrl Pts',(0.475000000000026,0.698096598168066,0.515288603907815));
#1320=CARTESIAN_POINT('Ctrl Pts',(0.775000000000001,0.685801679636959,0.541584463601743));
#1321=CARTESIAN_POINT('Ctrl Pts',(0.475000000000026,0.685801679636959,0.541584463601743));
#1322=CARTESIAN_POINT('Ctrl Pts',(0.775000000000001,0.679072118431458,0.550897699689563));
#1323=CARTESIAN_POINT('Ctrl Pts',(0.475000000000026,0.679072118431458,0.550897699689563));
#1324=CARTESIAN_POINT('Ctrl Pts',(0.775000000000001,0.673047417419323,0.55625851662395));
#1325=CARTESIAN_POINT('Ctrl Pts',(0.475000000000026,0.673047417419323,0.55625851662395));
#1326=CARTESIAN_POINT('Ctrl Pts',(0.775000000000001,0.666047985127148,0.560356198867475));
#1327=CARTESIAN_POINT('Ctrl Pts',(0.475000000000026,0.666047985127148,0.560356198867475));
#1328=CARTESIAN_POINT('Ctrl Pts',(0.775000000000001,0.656693063715722,0.563787765992461));
#1329=CARTESIAN_POINT('Ctrl Pts',(0.475000000000026,0.656693063715722,0.563787765992461));
#1330=CARTESIAN_POINT('Ctrl Pts',(0.775000000000001,0.64312764258512,0.566561401095787));
#1331=CARTESIAN_POINT('Ctrl Pts',(0.475000000000026,0.64312764258512,0.566561401095787));
#1332=CARTESIAN_POINT('Ctrl Pts',(0.775000000000001,0.63132117164622,0.566930543514145));
#1333=CARTESIAN_POINT('Ctrl Pts',(0.475000000000026,0.63132117164622,0.566930543514145));
#1334=CARTESIAN_POINT('Ctrl Pts',(0.775000000000001,0.625,0.567128181961773));
#1335=CARTESIAN_POINT('Ctrl Pts',(0.475000000000026,0.625,0.567128181961773));
#1336=CARTESIAN_POINT('',(0.775,0.625,0.567128181961773));
#1337=CARTESIAN_POINT('',(0.775,1.025,-1.30104260698261E-15));
#1338=CARTESIAN_POINT('Origin',(-6.441999889294E-17,1.025,-0.567128181961775));
#1339=CARTESIAN_POINT('Origin',(-0.775,0.625,0.567128181961773));
#1340=CARTESIAN_POINT('',(-0.774999999999991,0.625,0.567128181961771));
#1341=CARTESIAN_POINT('',(-0.774999999999993,0.625,0.717128181961773));
#1342=CARTESIAN_POINT('',(-0.775,0.625,0.717128181961773));
#1343=CARTESIAN_POINT('',(-0.775000000000003,1.025,0.149999999999999));
#1344=CARTESIAN_POINT('Ctrl Pts',(-0.775,0.625,0.717128181961773));
#1345=CARTESIAN_POINT('Ctrl Pts',(-0.775,0.637039910004039,0.716786751740857));
#1346=CARTESIAN_POINT('Ctrl Pts',(-0.775,0.65952764732955,0.716149039904108));
#1347=CARTESIAN_POINT('Ctrl Pts',(-0.775,0.695021183373918,0.70945350532384));
#1348=CARTESIAN_POINT('Ctrl Pts',(-0.775,0.728399356712567,0.697642666707463));
#1349=CARTESIAN_POINT('Ctrl Pts',(-0.775,0.762024593819247,0.678476460537401));
#1350=CARTESIAN_POINT('Ctrl Pts',(-0.775,0.7932498005649,0.650196924643738));
#1351=CARTESIAN_POINT('Ctrl Pts',(-0.775,0.817635444172824,0.614897291982992));
#1352=CARTESIAN_POINT('Ctrl Pts',(-0.775,0.846839066909499,0.549367941300146));
#1353=CARTESIAN_POINT('Ctrl Pts',(-0.775,0.858204310675455,0.462271064044493));
#1354=CARTESIAN_POINT('Ctrl Pts',(-0.775,0.862767118603095,0.372520937378984));
#1355=CARTESIAN_POINT('Ctrl Pts',(-0.775,0.868866294594868,0.297275922963675));
#1356=CARTESIAN_POINT('Ctrl Pts',(-0.775,0.879469813248534,0.241267472171847));
#1357=CARTESIAN_POINT('Ctrl Pts',(-0.775,0.894059777978323,0.206574389392696));
#1358=CARTESIAN_POINT('Ctrl Pts',(-0.775,0.908139840496927,0.187371399480475));
#1359=CARTESIAN_POINT('Ctrl Pts',(-0.775,0.92046281154948,0.175764781320388));
#1360=CARTESIAN_POINT('Ctrl Pts',(-0.775,0.936248356023874,0.165823783680936));
#1361=CARTESIAN_POINT('Ctrl Pts',(-0.775,0.958022682900616,0.157407602660636));
#1362=CARTESIAN_POINT('Ctrl Pts',(-0.775,0.987558511529483,0.151189608351123));
#1363=CARTESIAN_POINT('Ctrl Pts',(-0.775,1.01200421494501,0.150412908115097));
#1364=CARTESIAN_POINT('Ctrl Pts',(-0.775,1.025,0.149999999999999));
#1365=CARTESIAN_POINT('',(-0.775000000000014,1.025,-1.30104260698261E-15));
#1366=CARTESIAN_POINT('',(-0.775,1.025,0.149999999999999));
#1367=CARTESIAN_POINT('Ctrl Pts',(-0.775,0.625,0.56712818196177));
#1368=CARTESIAN_POINT('Ctrl Pts',(-0.775,0.63132117164622,0.566930543514145));
#1369=CARTESIAN_POINT('Ctrl Pts',(-0.775,0.64312764258512,0.566561401095787));
#1370=CARTESIAN_POINT('Ctrl Pts',(-0.775,0.656693063715721,0.56378776599246));
#1371=CARTESIAN_POINT('Ctrl Pts',(-0.775,0.666047985127148,0.560356198867475));
#1372=CARTESIAN_POINT('Ctrl Pts',(-0.775,0.673047417419322,0.55625851662395));
#1373=CARTESIAN_POINT('Ctrl Pts',(-0.775,0.679072118431459,0.550897699689563));
#1374=CARTESIAN_POINT('Ctrl Pts',(-0.775,0.685801679636957,0.541584463601742));
#1375=CARTESIAN_POINT('Ctrl Pts',(-0.775,0.698096598168064,0.515288603907815));
#1376=CARTESIAN_POINT('Ctrl Pts',(-0.775,0.709088986640205,0.451894893217634));
#1377=CARTESIAN_POINT('Ctrl Pts',(-0.775,0.712799540304536,0.365532219045003));
#1378=CARTESIAN_POINT('Ctrl Pts',(-0.775,0.719726163564633,0.279754157973508));
#1379=CARTESIAN_POINT('Ctrl Pts',(-0.775,0.733526401987804,0.202701839110043));
#1380=CARTESIAN_POINT('Ctrl Pts',(-0.775,0.759577016392507,0.136550431879144));
#1381=CARTESIAN_POINT('Ctrl Pts',(-0.775,0.794468053729408,0.0881046729886457));
#1382=CARTESIAN_POINT('Ctrl Pts',(-0.775,0.828585529739224,0.0559029411668788));
#1383=CARTESIAN_POINT('Ctrl Pts',(-0.775,0.870172750190075,0.0301161561062696));
#1384=CARTESIAN_POINT('Ctrl Pts',(-0.775,0.917789699347632,0.012160516589155));
#1385=CARTESIAN_POINT('Ctrl Pts',(-0.775,0.970572162360562,0.00162360133436929));
#1386=CARTESIAN_POINT('Ctrl Pts',(-0.775,1.00610832373753,0.000563545276065551));
#1387=CARTESIAN_POINT('Ctrl Pts',(-0.775,1.025,-1.30104260698261E-15));
#1388=CARTESIAN_POINT('Ctrl Pts',(-0.524999999999994,0.625,0.717128181961773));
#1389=CARTESIAN_POINT('Ctrl Pts',(-0.824999999999993,0.625,0.717128181961773));
#1390=CARTESIAN_POINT('Ctrl Pts',(-0.524999999999994,0.637039910004039,
0.716786751740857));
#1391=CARTESIAN_POINT('Ctrl Pts',(-0.824999999999993,0.637039910004039,
0.716786751740857));
#1392=CARTESIAN_POINT('Ctrl Pts',(-0.524999999999994,0.65952764732955,0.716149039904108));
#1393=CARTESIAN_POINT('Ctrl Pts',(-0.824999999999993,0.65952764732955,0.716149039904108));
#1394=CARTESIAN_POINT('Ctrl Pts',(-0.524999999999995,0.695021183373918,
0.70945350532384));
#1395=CARTESIAN_POINT('Ctrl Pts',(-0.824999999999994,0.695021183373918,
0.70945350532384));
#1396=CARTESIAN_POINT('Ctrl Pts',(-0.524999999999994,0.728399356712567,
0.697642666707463));
#1397=CARTESIAN_POINT('Ctrl Pts',(-0.824999999999993,0.728399356712567,
0.697642666707463));
#1398=CARTESIAN_POINT('Ctrl Pts',(-0.524999999999994,0.762024593819247,
0.678476460537401));
#1399=CARTESIAN_POINT('Ctrl Pts',(-0.824999999999993,0.762024593819247,
0.678476460537401));
#1400=CARTESIAN_POINT('Ctrl Pts',(-0.524999999999994,0.7932498005649,0.650196924643738));
#1401=CARTESIAN_POINT('Ctrl Pts',(-0.824999999999993,0.7932498005649,0.650196924643738));
#1402=CARTESIAN_POINT('Ctrl Pts',(-0.524999999999995,0.817635444172825,
0.614897291982992));
#1403=CARTESIAN_POINT('Ctrl Pts',(-0.824999999999994,0.817635444172825,
0.614897291982992));
#1404=CARTESIAN_POINT('Ctrl Pts',(-0.524999999999994,0.846839066909499,
0.549367941300146));
#1405=CARTESIAN_POINT('Ctrl Pts',(-0.824999999999993,0.846839066909499,
0.549367941300146));
#1406=CARTESIAN_POINT('Ctrl Pts',(-0.524999999999994,0.858204310675455,
0.462271064044493));
#1407=CARTESIAN_POINT('Ctrl Pts',(-0.824999999999993,0.858204310675455,
0.462271064044493));
#1408=CARTESIAN_POINT('Ctrl Pts',(-0.524999999999994,0.862767118603095,
0.372520937378984));
#1409=CARTESIAN_POINT('Ctrl Pts',(-0.824999999999993,0.862767118603095,
0.372520937378984));
#1410=CARTESIAN_POINT('Ctrl Pts',(-0.524999999999995,0.868866294594868,
0.297275922963675));
#1411=CARTESIAN_POINT('Ctrl Pts',(-0.824999999999994,0.868866294594868,
0.297275922963675));
#1412=CARTESIAN_POINT('Ctrl Pts',(-0.524999999999994,0.879469813248535,
0.241267472171847));
#1413=CARTESIAN_POINT('Ctrl Pts',(-0.824999999999993,0.879469813248535,
0.241267472171847));
#1414=CARTESIAN_POINT('Ctrl Pts',(-0.524999999999995,0.894059777978323,
0.206574389392696));
#1415=CARTESIAN_POINT('Ctrl Pts',(-0.824999999999994,0.894059777978323,
0.206574389392696));
#1416=CARTESIAN_POINT('Ctrl Pts',(-0.524999999999995,0.908139840496927,
0.187371399480475));
#1417=CARTESIAN_POINT('Ctrl Pts',(-0.824999999999994,0.908139840496927,
0.187371399480475));
#1418=CARTESIAN_POINT('Ctrl Pts',(-0.524999999999994,0.92046281154948,0.175764781320388));
#1419=CARTESIAN_POINT('Ctrl Pts',(-0.824999999999993,0.92046281154948,0.175764781320388));
#1420=CARTESIAN_POINT('Ctrl Pts',(-0.524999999999994,0.936248356023874,
0.165823783680936));
#1421=CARTESIAN_POINT('Ctrl Pts',(-0.824999999999993,0.936248356023874,
0.165823783680936));
#1422=CARTESIAN_POINT('Ctrl Pts',(-0.524999999999995,0.958022682900616,
0.157407602660636));
#1423=CARTESIAN_POINT('Ctrl Pts',(-0.824999999999994,0.958022682900616,
0.157407602660636));
#1424=CARTESIAN_POINT('Ctrl Pts',(-0.524999999999994,0.987558511529483,
0.151189608351123));
#1425=CARTESIAN_POINT('Ctrl Pts',(-0.824999999999993,0.987558511529483,
0.151189608351123));
#1426=CARTESIAN_POINT('Ctrl Pts',(-0.524999999999994,1.01200421494501,0.150412908115097));
#1427=CARTESIAN_POINT('Ctrl Pts',(-0.824999999999993,1.01200421494501,0.150412908115097));
#1428=CARTESIAN_POINT('Ctrl Pts',(-0.524999999999994,1.025,0.149999999999999));
#1429=CARTESIAN_POINT('Ctrl Pts',(-0.824999999999993,1.025,0.149999999999999));
#1430=CARTESIAN_POINT('',(-0.524999999999995,0.625,0.717128181961773));
#1431=CARTESIAN_POINT('',(-0.525,0.625,0.717128181961773));
#1432=CARTESIAN_POINT('',(-0.525000000000002,1.025,0.149999999999999));
#1433=CARTESIAN_POINT('Ctrl Pts',(-0.525,0.625,0.717128181961773));
#1434=CARTESIAN_POINT('Ctrl Pts',(-0.525,0.637039910004039,0.716786751740857));
#1435=CARTESIAN_POINT('Ctrl Pts',(-0.525,0.65952764732955,0.716149039904108));
#1436=CARTESIAN_POINT('Ctrl Pts',(-0.525,0.695021183373918,0.70945350532384));
#1437=CARTESIAN_POINT('Ctrl Pts',(-0.525,0.728399356712567,0.697642666707463));
#1438=CARTESIAN_POINT('Ctrl Pts',(-0.525,0.762024593819247,0.678476460537401));
#1439=CARTESIAN_POINT('Ctrl Pts',(-0.525,0.7932498005649,0.650196924643737));
#1440=CARTESIAN_POINT('Ctrl Pts',(-0.525,0.817635444172825,0.614897291982992));
#1441=CARTESIAN_POINT('Ctrl Pts',(-0.525,0.846839066909499,0.549367941300146));
#1442=CARTESIAN_POINT('Ctrl Pts',(-0.525,0.858204310675455,0.462271064044493));
#1443=CARTESIAN_POINT('Ctrl Pts',(-0.525,0.862767118603095,0.372520937378984));
#1444=CARTESIAN_POINT('Ctrl Pts',(-0.525,0.868866294594868,0.297275922963675));
#1445=CARTESIAN_POINT('Ctrl Pts',(-0.525,0.879469813248535,0.241267472171847));
#1446=CARTESIAN_POINT('Ctrl Pts',(-0.525,0.894059777978323,0.206574389392696));
#1447=CARTESIAN_POINT('Ctrl Pts',(-0.525,0.908139840496927,0.187371399480475));
#1448=CARTESIAN_POINT('Ctrl Pts',(-0.525,0.92046281154948,0.175764781320388));
#1449=CARTESIAN_POINT('Ctrl Pts',(-0.525,0.936248356023874,0.165823783680936));
#1450=CARTESIAN_POINT('Ctrl Pts',(-0.525,0.958022682900616,0.157407602660636));
#1451=CARTESIAN_POINT('Ctrl Pts',(-0.525,0.987558511529483,0.151189608351123));
#1452=CARTESIAN_POINT('Ctrl Pts',(-0.525,1.01200421494501,0.150412908115097));
#1453=CARTESIAN_POINT('Ctrl Pts',(-0.525,1.025,0.149999999999999));
#1454=CARTESIAN_POINT('',(-0.525,1.025,0.149999999999999));
#1455=CARTESIAN_POINT('Origin',(-0.525,0.625,0.717128181961773));
#1456=CARTESIAN_POINT('',(-0.524999999999994,0.625,0.567128181961771));
#1457=CARTESIAN_POINT('',(-0.525,0.625,0.717128181961773));
#1458=CARTESIAN_POINT('',(-0.525000000000009,1.025,-1.30104260698261E-15));
#1459=CARTESIAN_POINT('Ctrl Pts',(-0.525,0.625,0.56712818196177));
#1460=CARTESIAN_POINT('Ctrl Pts',(-0.525,0.63132117164622,0.566930543514145));
#1461=CARTESIAN_POINT('Ctrl Pts',(-0.525,0.64312764258512,0.566561401095787));
#1462=CARTESIAN_POINT('Ctrl Pts',(-0.525,0.656693063715721,0.56378776599246));
#1463=CARTESIAN_POINT('Ctrl Pts',(-0.525,0.666047985127148,0.560356198867475));
#1464=CARTESIAN_POINT('Ctrl Pts',(-0.525,0.673047417419322,0.55625851662395));
#1465=CARTESIAN_POINT('Ctrl Pts',(-0.525,0.679072118431459,0.550897699689563));
#1466=CARTESIAN_POINT('Ctrl Pts',(-0.525,0.685801679636958,0.541584463601742));
#1467=CARTESIAN_POINT('Ctrl Pts',(-0.525,0.698096598168065,0.515288603907815));
#1468=CARTESIAN_POINT('Ctrl Pts',(-0.525,0.709088986640205,0.451894893217634));
#1469=CARTESIAN_POINT('Ctrl Pts',(-0.525,0.712799540304536,0.365532219045004));
#1470=CARTESIAN_POINT('Ctrl Pts',(-0.525,0.719726163564633,0.279754157973508));
#1471=CARTESIAN_POINT('Ctrl Pts',(-0.525,0.733526401987805,0.202701839110043));
#1472=CARTESIAN_POINT('Ctrl Pts',(-0.525,0.759577016392507,0.136550431879144));
#1473=CARTESIAN_POINT('Ctrl Pts',(-0.525,0.794468053729408,0.0881046729886457));
#1474=CARTESIAN_POINT('Ctrl Pts',(-0.525,0.828585529739224,0.0559029411668789));
#1475=CARTESIAN_POINT('Ctrl Pts',(-0.525,0.870172750190075,0.0301161561062695));
#1476=CARTESIAN_POINT('Ctrl Pts',(-0.525,0.917789699347633,0.012160516589155));
#1477=CARTESIAN_POINT('Ctrl Pts',(-0.525,0.970572162360562,0.00162360133436929));
#1478=CARTESIAN_POINT('Ctrl Pts',(-0.525,1.00610832373753,0.000563545276065551));
#1479=CARTESIAN_POINT('Ctrl Pts',(-0.525,1.025,-1.30104260698261E-15));
#1480=CARTESIAN_POINT('',(-0.525,1.025,0.149999999999999));
#1481=CARTESIAN_POINT('Ctrl Pts',(-0.524999999999997,1.025,-1.28600656212177E-15));
#1482=CARTESIAN_POINT('Ctrl Pts',(-0.824999999999996,1.025,-1.32209306978777E-15));
#1483=CARTESIAN_POINT('Ctrl Pts',(-0.524999999999997,1.00610832373753,0.000563545276065566));
#1484=CARTESIAN_POINT('Ctrl Pts',(-0.824999999999996,1.00610832373753,0.00056354527606553));
#1485=CARTESIAN_POINT('Ctrl Pts',(-0.524999999999997,0.970572162360562,
0.0016236013343693));
#1486=CARTESIAN_POINT('Ctrl Pts',(-0.824999999999996,0.970572162360562,
0.00162360133436926));
#1487=CARTESIAN_POINT('Ctrl Pts',(-0.524999999999997,0.917789699347633,
0.012160516589155));
#1488=CARTESIAN_POINT('Ctrl Pts',(-0.824999999999996,0.917789699347633,
0.012160516589155));
#1489=CARTESIAN_POINT('Ctrl Pts',(-0.524999999999997,0.870172750190075,
0.0301161561062696));
#1490=CARTESIAN_POINT('Ctrl Pts',(-0.824999999999996,0.870172750190075,
0.0301161561062696));
#1491=CARTESIAN_POINT('Ctrl Pts',(-0.524999999999997,0.828585529739224,
0.0559029411668789));
#1492=CARTESIAN_POINT('Ctrl Pts',(-0.824999999999996,0.828585529739224,
0.0559029411668789));
#1493=CARTESIAN_POINT('Ctrl Pts',(-0.524999999999997,0.794468053729408,
0.0881046729886457));
#1494=CARTESIAN_POINT('Ctrl Pts',(-0.824999999999996,0.794468053729408,
0.0881046729886457));
#1495=CARTESIAN_POINT('Ctrl Pts',(-0.524999999999997,0.759577016392507,
0.136550431879144));
#1496=CARTESIAN_POINT('Ctrl Pts',(-0.824999999999996,0.759577016392507,
0.136550431879144));
#1497=CARTESIAN_POINT('Ctrl Pts',(-0.524999999999997,0.733526401987804,
0.202701839110043));
#1498=CARTESIAN_POINT('Ctrl Pts',(-0.824999999999996,0.733526401987804,
0.202701839110043));
#1499=CARTESIAN_POINT('Ctrl Pts',(-0.524999999999998,0.719726163564633,
0.279754157973508));
#1500=CARTESIAN_POINT('Ctrl Pts',(-0.824999999999997,0.719726163564633,
0.279754157973508));
#1501=CARTESIAN_POINT('Ctrl Pts',(-0.524999999999997,0.712799540304536,
0.365532219045003));
#1502=CARTESIAN_POINT('Ctrl Pts',(-0.824999999999996,0.712799540304536,
0.365532219045003));
#1503=CARTESIAN_POINT('Ctrl Pts',(-0.524999999999997,0.709088986640205,
0.451894893217634));
#1504=CARTESIAN_POINT('Ctrl Pts',(-0.824999999999996,0.709088986640205,
0.451894893217634));
#1505=CARTESIAN_POINT('Ctrl Pts',(-0.524999999999997,0.698096598168065,
0.515288603907815));
#1506=CARTESIAN_POINT('Ctrl Pts',(-0.824999999999996,0.698096598168065,
0.515288603907815));
#1507=CARTESIAN_POINT('Ctrl Pts',(-0.524999999999998,0.685801679636957,
0.541584463601742));
#1508=CARTESIAN_POINT('Ctrl Pts',(-0.824999999999997,0.685801679636957,
0.541584463601742));
#1509=CARTESIAN_POINT('Ctrl Pts',(-0.524999999999997,0.679072118431459,
0.550897699689563));
#1510=CARTESIAN_POINT('Ctrl Pts',(-0.824999999999996,0.679072118431459,
0.550897699689563));
#1511=CARTESIAN_POINT('Ctrl Pts',(-0.524999999999997,0.673047417419322,
0.55625851662395));
#1512=CARTESIAN_POINT('Ctrl Pts',(-0.824999999999996,0.673047417419322,
0.55625851662395));
#1513=CARTESIAN_POINT('Ctrl Pts',(-0.524999999999997,0.666047985127148,
0.560356198867475));
#1514=CARTESIAN_POINT('Ctrl Pts',(-0.824999999999996,0.666047985127148,
0.560356198867475));
#1515=CARTESIAN_POINT('Ctrl Pts',(-0.524999999999997,0.656693063715721,
0.56378776599246));
#1516=CARTESIAN_POINT('Ctrl Pts',(-0.824999999999996,0.656693063715721,
0.56378776599246));
#1517=CARTESIAN_POINT('Ctrl Pts',(-0.524999999999997,0.64312764258512,0.566561401095787));
#1518=CARTESIAN_POINT('Ctrl Pts',(-0.824999999999996,0.64312764258512,0.566561401095787));
#1519=CARTESIAN_POINT('Ctrl Pts',(-0.524999999999997,0.63132117164622,0.566930543514145));
#1520=CARTESIAN_POINT('Ctrl Pts',(-0.824999999999996,0.63132117164622,0.566930543514145));
#1521=CARTESIAN_POINT('Ctrl Pts',(-0.524999999999997,0.625,0.567128181961773));
#1522=CARTESIAN_POINT('Ctrl Pts',(-0.824999999999996,0.625,0.567128181961773));
#1523=CARTESIAN_POINT('',(-0.525,0.625,0.567128181961773));
#1524=CARTESIAN_POINT('',(-0.525,1.025,-1.30104260698261E-15));
#1525=CARTESIAN_POINT('Origin',(-6.441999889294E-17,1.025,-0.567128181961775));
#1526=CARTESIAN_POINT('Origin',(-1.,0.625,0.56712818196177));
#1527=CARTESIAN_POINT('',(1.,0.525,-5.42101086242752E-17));
#1528=CARTESIAN_POINT('',(1.,0.625,0.567128181961773));
#1529=CARTESIAN_POINT('',(1.,0.625,0.56712818196177));
#1530=CARTESIAN_POINT('',(-1.,0.525,0.));
#1531=CARTESIAN_POINT('',(0.,0.525,0.));
#1532=CARTESIAN_POINT('',(-1.,0.625,0.567128181961773));
#1533=CARTESIAN_POINT('',(-1.,0.625,0.56712818196177));
#1534=CARTESIAN_POINT('',(-1.,0.625,0.56712818196177));
#1535=CARTESIAN_POINT('',(-1.,0.625,0.56712818196177));
#1536=CARTESIAN_POINT('',(-1.,0.625,0.56712818196177));
#1537=CARTESIAN_POINT('Origin',(-1.,-0.625,0.56712818196177));
#1538=CARTESIAN_POINT('',(-1.,-0.525,-1.0842021724855E-16));
#1539=CARTESIAN_POINT('',(-1.,-0.625000000000001,0.567128181961773));
#1540=CARTESIAN_POINT('',(-1.,-0.625,0.56712818196177));
#1541=CARTESIAN_POINT('',(1.,-0.525,0.));
#1542=CARTESIAN_POINT('',(0.,-0.525,0.));
#1543=CARTESIAN_POINT('',(1.,-0.625000000000001,0.567128181961773));
#1544=CARTESIAN_POINT('',(1.,-0.625,0.56712818196177));
#1545=CARTESIAN_POINT('',(-1.,-0.625,0.56712818196177));
#1546=CARTESIAN_POINT('',(-1.,-0.625,0.56712818196177));
#1547=CARTESIAN_POINT('',(-1.,-0.625,0.56712818196177));
#1548=CARTESIAN_POINT('Origin',(0.,0.,0.));
#1549=CARTESIAN_POINT('',(1.,0.625,0.));
#1550=CARTESIAN_POINT('',(-1.,0.625,0.));
#1551=CARTESIAN_POINT('Origin',(-1.,0.625,0.9));
#1552=CARTESIAN_POINT('',(-1.,-0.625,0.9));
#1553=CARTESIAN_POINT('',(-1.,0.625,0.9));
#1554=CARTESIAN_POINT('',(-1.,0.625,0.9));
#1555=CARTESIAN_POINT('Origin',(1.,0.625,0.9));
#1556=CARTESIAN_POINT('',(1.,0.625,0.9));
#1557=CARTESIAN_POINT('',(1.,-0.625,0.9));
#1558=CARTESIAN_POINT('',(1.,0.625,0.9));
#1559=CARTESIAN_POINT('Origin',(-1.,0.625,0.9));
#1560=CARTESIAN_POINT('Origin',(-1.,-0.625,0.9));
#1561=CARTESIAN_POINT('Origin',(0.,0.,0.9));
#1562=CARTESIAN_POINT('',(-0.750956123861334,-0.312400818370951,0.9));
#1563=CARTESIAN_POINT('Origin',(-0.650956123861334,-0.312400818370951,0.9));
#1564=CARTESIAN_POINT('Origin',(-0.650956123861334,-0.312400818370951,0.878883351881605));
#1565=CARTESIAN_POINT('',(-0.750956123861334,-0.312400818370951,0.878883351881605));
#1566=CARTESIAN_POINT('Origin',(-0.650956123861334,-0.312400818370951,0.878883351881605));
#1567=CARTESIAN_POINT('',(-0.750956123861334,-0.312400818370951,0.878883351881605));
#1568=CARTESIAN_POINT('Origin',(-0.650956123861334,-0.312400818370951,0.878883351881605));
#1569=UNCERTAINTY_MEASURE_WITH_UNIT(LENGTH_MEASURE(0.01),#1573,
'DISTANCE_ACCURACY_VALUE',
'Maximum model space distance between geometric entities at asserted c
onnectivities');
#1570=UNCERTAINTY_MEASURE_WITH_UNIT(LENGTH_MEASURE(0.01),#1573,
'DISTANCE_ACCURACY_VALUE',
'Maximum model space distance between geometric entities at asserted c
onnectivities');
#1571=(
GEOMETRIC_REPRESENTATION_CONTEXT(3)
GLOBAL_UNCERTAINTY_ASSIGNED_CONTEXT((#1569))
GLOBAL_UNIT_ASSIGNED_CONTEXT((#1573,#1575,#1576))
REPRESENTATION_CONTEXT('','3D')
);
#1572=(
GEOMETRIC_REPRESENTATION_CONTEXT(3)
GLOBAL_UNCERTAINTY_ASSIGNED_CONTEXT((#1570))
GLOBAL_UNIT_ASSIGNED_CONTEXT((#1573,#1575,#1576))
REPRESENTATION_CONTEXT('','3D')
);
#1573=(
LENGTH_UNIT()
NAMED_UNIT(*)
SI_UNIT(.MILLI.,.METRE.)
);
#1574=(
LENGTH_UNIT()
NAMED_UNIT(*)
SI_UNIT($,.METRE.)
);
#1575=(
NAMED_UNIT(*)
PLANE_ANGLE_UNIT()
SI_UNIT($,.RADIAN.)
);
#1576=(
NAMED_UNIT(*)
SI_UNIT($,.STERADIAN.)
SOLID_ANGLE_UNIT()
);
#1577=SHAPE_DEFINITION_REPRESENTATION(#1578,#1579);
#1578=PRODUCT_DEFINITION_SHAPE('',$,#1581);
#1579=SHAPE_REPRESENTATION('',(#617),#1571);
#1580=PRODUCT_DEFINITION_CONTEXT('part definition',#1585,'design');
#1581=PRODUCT_DEFINITION('(Unsaved)','(Unsaved)',#1582,#1580);
#1582=PRODUCT_DEFINITION_FORMATION('',$,#1587);
#1583=PRODUCT_RELATED_PRODUCT_CATEGORY('(Unsaved)','(Unsaved)',(#1587));
#1584=APPLICATION_PROTOCOL_DEFINITION('international standard',
'automotive_design',2009,#1585);
#1585=APPLICATION_CONTEXT(
'Core Data for Automotive Mechanical Design Process');
#1586=PRODUCT_CONTEXT('part definition',#1585,'mechanical');
#1587=PRODUCT('(Unsaved)','(Unsaved)',$,(#1586));
#1588=PRESENTATION_STYLE_ASSIGNMENT((#1592));
#1589=PRESENTATION_STYLE_ASSIGNMENT((#1593));
#1590=PRESENTATION_STYLE_ASSIGNMENT((#1594));
#1591=PRESENTATION_STYLE_ASSIGNMENT((#1595));
#1592=SURFACE_STYLE_USAGE(.BOTH.,#1596);
#1593=SURFACE_STYLE_USAGE(.BOTH.,#1597);
#1594=SURFACE_STYLE_USAGE(.BOTH.,#1598);
#1595=SURFACE_STYLE_USAGE(.BOTH.,#1599);
#1596=SURFACE_SIDE_STYLE('',(#1600));
#1597=SURFACE_SIDE_STYLE('',(#1601));
#1598=SURFACE_SIDE_STYLE('',(#1602));
#1599=SURFACE_SIDE_STYLE('',(#1603));
#1600=SURFACE_STYLE_FILL_AREA(#1604);
#1601=SURFACE_STYLE_FILL_AREA(#1605);
#1602=SURFACE_STYLE_FILL_AREA(#1606);
#1603=SURFACE_STYLE_FILL_AREA(#1607);
#1604=FILL_AREA_STYLE('Steel - Satin',(#1608));
#1605=FILL_AREA_STYLE('Opaque(48,48,48)',(#1609));
#1606=FILL_AREA_STYLE('Opaque(208,208,208)',(#1610));
#1607=FILL_AREA_STYLE('Opaque(51,51,51)',(#1611));
#1608=FILL_AREA_STYLE_COLOUR('Steel - Satin',#1612);
#1609=FILL_AREA_STYLE_COLOUR('Opaque(48,48,48)',#1613);
#1610=FILL_AREA_STYLE_COLOUR('Opaque(208,208,208)',#1614);
#1611=FILL_AREA_STYLE_COLOUR('Opaque(51,51,51)',#1615);
#1612=COLOUR_RGB('Steel - Satin',0.627450980392157,0.627450980392157,0.627450980392157);
#1613=COLOUR_RGB('Opaque(48,48,48)',0.188235294117647,0.188235294117647,
0.188235294117647);
#1614=COLOUR_RGB('Opaque(208,208,208)',0.815686274509804,0.815686274509804,
0.815686274509804);
#1615=COLOUR_RGB('Opaque(51,51,51)',0.2,0.2,0.2);
ENDSEC;
END-ISO-10303-21;
