ISO-10303-21;
HEADER;
FILE_DESCRIPTION (( 'STEP AP214' ),
    '1' );
FILE_NAME ('QPC6614TR13.STEP',
    '2022-08-31T04:04:23',
    ( '' ),
    ( '' ),
    'SwSTEP 2.0',
    'SolidWorks 2017',
    '' );
FILE_SCHEMA (( 'AUTOMOTIVE_DESIGN' ));
ENDSEC;

DATA;
#1 = ORIENTED_EDGE ( 'NONE', *, *, #3425, .F. ) ;
#2 = VECTOR ( 'NONE', #1586, 1000.000000000000000 ) ;
#3 = CARTESIAN_POINT ( 'NONE',  ( -0.6249999999999947800, 0.1000000000000002600, -1.599999999999999000 ) ) ;
#4 = ADVANCED_FACE ( 'NONE', ( #1252 ), #2107, .T. ) ;
#5 = ORIENTED_EDGE ( 'NONE', *, *, #2197, .F. ) ;
#6 = DIRECTION ( 'NONE',  ( -0.0000000000000000000, 1.000000000000000000, 0.0000000000000000000 ) ) ;
#7 = LINE ( 'NONE', #6818, #5335 ) ;
#8 = SURFACE_SIDE_STYLE ('',( #3714 ) ) ;
#9 = ORIENTED_EDGE ( 'NONE', *, *, #3547, .F. ) ;
#10 = CARTESIAN_POINT ( 'NONE',  ( -1.999999999999994900, 0.1000000000000002600, -0.8750000000000001100 ) ) ;
#11 = EDGE_CURVE ( 'NONE', #1154, #268, #4265, .T. ) ;
#12 = LINE ( 'NONE', #2994, #6445 ) ;
#13 = PLANE ( 'NONE',  #518 ) ;
#14 = ADVANCED_FACE ( 'NONE', ( #3457 ), #3979, .T. ) ;
#15 = DIRECTION ( 'NONE',  ( -0.7071067811865474600, 0.0000000000000000000, 0.7071067811865474600 ) ) ;
#16 = LINE ( 'NONE', #5748, #6648 ) ;
#17 = CARTESIAN_POINT ( 'NONE',  ( -1.600000000000000300, 0.9500000000000000700, -1.450000000000000400 ) ) ;
#18 = DIRECTION ( 'NONE',  ( 1.029992063861228900E-014, 0.0000000000000000000, 1.000000000000000000 ) ) ;
#19 = FACE_OUTER_BOUND ( 'NONE', #7073, .T. ) ;
#20 = CARTESIAN_POINT ( 'NONE',  ( -1.374999999999994200, 4.059797974644667700, 1.599999999999995900 ) ) ;
#21 = VECTOR ( 'NONE', #7275, 1000.000000000000000 ) ;
#22 = CARTESIAN_POINT ( 'NONE',  ( 1.600000000000004300, 0.1000000000000000100, -0.3750000000000244800 ) ) ;
#23 = DIRECTION ( 'NONE',  ( -1.000000000000000000, 0.0000000000000000000, 6.132518538120488200E-014 ) ) ;
#24 = EDGE_CURVE ( 'NONE', #2147, #270, #5991, .T. ) ;
#25 = VECTOR ( 'NONE', #4662, 1000.000000000000000 ) ;
#26 = CARTESIAN_POINT ( 'NONE',  ( 1.124999999999994400, 4.059797974644667700, 1.599999999999998500 ) ) ;
#27 = DIRECTION ( 'NONE',  ( -1.000000000000000000, 0.0000000000000000000, -1.548860246407863600E-016 ) ) ;
#28 = ORIENTED_EDGE ( 'NONE', *, *, #1200, .T. ) ;
#29 = CARTESIAN_POINT ( 'NONE',  ( 1.600000000000001600, 0.1000000000000000100, 0.1250000000000245600 ) ) ;
#30 = VECTOR ( 'NONE', #8050, 1000.000000000000000 ) ;
#31 = EDGE_CURVE ( 'NONE', #565, #5618, #5792, .T. ) ;
#32 = DIRECTION ( 'NONE',  ( -1.000000000000000000, 0.0000000000000000000, -1.122149248522486900E-013 ) ) ;
#33 = PRESENTATION_LAYER_ASSIGNMENT (  '', '', ( #880 ) ) ;
#34 = DIRECTION ( 'NONE',  ( 0.0000000000000000000, 0.0000000000000000000, 1.000000000000000000 ) ) ;
#35 = LINE ( 'NONE', #7952, #6956 ) ;
#36 = DIRECTION ( 'NONE',  ( -1.103175710504001600E-013, 0.0000000000000000000, -1.000000000000000000 ) ) ;
#37 = CARTESIAN_POINT ( 'NONE',  ( 2.000000000000000000, 0.1000000000000000100, -0.3750000000000000600 ) ) ;
#38 = CARTESIAN_POINT ( 'NONE',  ( 0.0000000000000000000, 0.0000000000000000000, 0.0000000000000000000 ) ) ;
#39 = LINE ( 'NONE', #2562, #6258 ) ;
#40 = AXIS2_PLACEMENT_3D ( 'NONE', #6217, #4209, #5568 ) ;
#41 = EDGE_CURVE ( 'NONE', #5470, #4598, #668, .T. ) ;
#42 = DIRECTION ( 'NONE',  ( 0.0000000000000000000, -1.000000000000000000, 0.0000000000000000000 ) ) ;
#43 = CARTESIAN_POINT ( 'NONE',  ( -0.3749999999999946700, 0.1000000000000000100, -1.599999999999996300 ) ) ;
#44 = FACE_OUTER_BOUND ( 'NONE', #1170, .T. ) ;
#45 = VERTEX_POINT ( 'NONE', #224 ) ;
#46 = VECTOR ( 'NONE', #5609, 1000.000000000000000 ) ;
#47 = ADVANCED_FACE ( 'NONE', ( #6504 ), #3384, .F. ) ;
#48 = ORIENTED_EDGE ( 'NONE', *, *, #2827, .T. ) ;
#49 = ORIENTED_EDGE ( 'NONE', *, *, #339, .T. ) ;
#50 = CARTESIAN_POINT ( 'NONE',  ( 2.000000000000000000, 0.1000000000000000100, -0.3750000000000000600 ) ) ;
#51 = LINE ( 'NONE', #4745, #338 ) ;
#52 = VECTOR ( 'NONE', #1882, 1000.000000000000000 ) ;
#53 = CARTESIAN_POINT ( 'NONE',  ( 0.6249999999999943400, 0.0000000000000000000, 1.599999999999998500 ) ) ;
#54 = CARTESIAN_POINT ( 'NONE',  ( -1.999999999999994900, 0.0000000000000000000, 0.6250000000000000000 ) ) ;
#55 = CARTESIAN_POINT ( 'NONE',  ( -1.599999999999957900, -0.0000000000000000000, -0.1250000000000245600 ) ) ;
#56 = LINE ( 'NONE', #2772, #3274 ) ;
#57 = VERTEX_POINT ( 'NONE', #2057 ) ;
#58 = ORIENTED_EDGE ( 'NONE', *, *, #1933, .F. ) ;
#59 = LINE ( 'NONE', #3171, #1734 ) ;
#60 = LINE ( 'NONE', #8199, #5789 ) ;
#61 = PLANE ( 'NONE',  #4709 ) ;
#62 = PLANE ( 'NONE',  #3138 ) ;
#63 = VERTEX_POINT ( 'NONE', #1385 ) ;
#64 = VERTEX_POINT ( 'NONE', #7241 ) ;
#65 = DIRECTION ( 'NONE',  ( -1.000000000000000000, 0.0000000000000000000, -1.040834085586084700E-014 ) ) ;
#66 = ORIENTED_EDGE ( 'NONE', *, *, #5294, .F. ) ;
#67 = EDGE_LOOP ( 'NONE', ( #2841, #6779, #8158, #1136 ) ) ;
#68 = VECTOR ( 'NONE', #2719, 1000.000000000000000 ) ;
#69 = PRESENTATION_STYLE_ASSIGNMENT (( #1862 ) ) ;
#70 = ORIENTED_EDGE ( 'NONE', *, *, #4832, .T. ) ;
#71 = ORIENTED_EDGE ( 'NONE', *, *, #4039, .T. ) ;
#72 = EDGE_LOOP ( 'NONE', ( #5282, #8169, #4097, #1678 ) ) ;
#73 = ORIENTED_EDGE ( 'NONE', *, *, #4604, .F. ) ;
#74 = EDGE_CURVE ( 'NONE', #172, #6594, #2061, .T. ) ;
#75 = CARTESIAN_POINT ( 'NONE',  ( 1.124999999999994400, 0.0000000000000000000, 1.599999999999998500 ) ) ;
#76 = EDGE_CURVE ( 'NONE', #6994, #1383, #7973, .T. ) ;
#77 =( GEOMETRIC_REPRESENTATION_CONTEXT ( 3 ) GLOBAL_UNCERTAINTY_ASSIGNED_CONTEXT ( ( #351 ) ) GLOBAL_UNIT_ASSIGNED_CONTEXT ( ( #1633, #4179, #4101 ) ) REPRESENTATION_CONTEXT ( 'NONE', 'WORKASPACE' ) );
#78 = CARTESIAN_POINT ( 'NONE',  ( -0.8749999999999502600, 0.0000000000000000000, 1.999999999999999100 ) ) ;
#79 = EDGE_LOOP ( 'NONE', ( #5185, #4860, #3055, #2661 ) ) ;
#80 = ORIENTED_EDGE ( 'NONE', *, *, #6542, .F. ) ;
#81 = VERTEX_POINT ( 'NONE', #905 ) ;
#82 = PLANE ( 'NONE',  #7244 ) ;
#83 = SURFACE_STYLE_USAGE ( .BOTH. , #7823 ) ;
#84 = PLANE ( 'NONE',  #5086 ) ;
#85 = SURFACE_STYLE_USAGE ( .BOTH. , #7768 ) ;
#86 = VECTOR ( 'NONE', #6579, 1000.000000000000000 ) ;
#87 = AXIS2_PLACEMENT_3D ( 'NONE', #7296, #6655, #4601 ) ;
#88 = CARTESIAN_POINT ( 'NONE',  ( 2.000000000000005300, 0.0000000000000000000, 0.8750000000000001100 ) ) ;
#89 = ORIENTED_EDGE ( 'NONE', *, *, #6453, .T. ) ;
#90 = MECHANICAL_DESIGN_GEOMETRIC_PRESENTATION_REPRESENTATION (  '', ( #2967 ), #3408 ) ;
#91 = ADVANCED_FACE ( 'NONE', ( #1631 ), #247, .T. ) ;
#92 = ORIENTED_EDGE ( 'NONE', *, *, #3283, .T. ) ;
#93 = CARTESIAN_POINT ( 'NONE',  ( -1.999999999999989600, 0.1000000000000000100, 1.375000000000000200 ) ) ;
#94 = CARTESIAN_POINT ( 'NONE',  ( 0.0000000000000000000, 0.1000000000000000100, 0.0000000000000000000 ) ) ;
#95 = COLOUR_RGB ( '',1.000000000000000000, 0.8117647058823529400, 0.5019607843137254800 ) ;
#96 = EDGE_CURVE ( 'NONE', #5673, #3370, #8257, .T. ) ;
#97 = ORIENTED_EDGE ( 'NONE', *, *, #2796, .F. ) ;
#98 = ORIENTED_EDGE ( 'NONE', *, *, #6740, .T. ) ;
#99 = EDGE_LOOP ( 'NONE', ( #6016, #5089, #896, #1341 ) ) ;
#100 = CARTESIAN_POINT ( 'NONE',  ( 1.600000000000001600, 0.0000000000000000000, -0.1250000000000245600 ) ) ;
#101 = PLANE ( 'NONE',  #3428 ) ;
#102 = MANIFOLD_SOLID_BREP ( 'Boss-Extrude2[5]', #4181 ) ;
#103 = FACE_OUTER_BOUND ( 'NONE', #2713, .T. ) ;
#104 = SURFACE_STYLE_FILL_AREA ( #5316 ) ;
#105 = EDGE_LOOP ( 'NONE', ( #1269, #3177, #170, #8266 ) ) ;
#106 = CARTESIAN_POINT ( 'NONE',  ( 1.600000000000010500, 0.0000000000000000000, 1.375000000000000200 ) ) ;
#107 = LINE ( 'NONE', #6338, #708 ) ;
#108 =( NAMED_UNIT ( * ) SI_UNIT ( $, .STERADIAN. ) SOLID_ANGLE_UNIT ( ) );
#109 = CARTESIAN_POINT ( 'NONE',  ( -0.3749999999999946700, -0.0000000000000000000, -1.599999999999996300 ) ) ;
#110 = CARTESIAN_POINT ( 'NONE',  ( -0.8749999999999942300, 4.059797974644667700, 1.599999999999995900 ) ) ;
#111 = DIRECTION ( 'NONE',  ( -0.0000000000000000000, -1.000000000000000000, -0.0000000000000000000 ) ) ;
#112 = VECTOR ( 'NONE', #1309, 1000.000000000000000 ) ;
#113 = DIRECTION ( 'NONE',  ( 0.0000000000000000000, 0.0000000000000000000, 1.000000000000000000 ) ) ;
#114 = EDGE_CURVE ( 'NONE', #2883, #2861, #6175, .T. ) ;
#115 = LINE ( 'NONE', #4107, #1102 ) ;
#116 = DIRECTION ( 'NONE',  ( -0.0000000000000000000, -1.000000000000000000, -0.0000000000000000000 ) ) ;
#117 = MECHANICAL_DESIGN_GEOMETRIC_PRESENTATION_REPRESENTATION (  '', ( #4298 ), #956 ) ;
#118 = CARTESIAN_POINT ( 'NONE',  ( -1.599999999999991200, 0.1000000000000000100, 1.125000000000014700 ) ) ;
#119 = LINE ( 'NONE', #5295, #6745 ) ;
#120 = DIRECTION ( 'NONE',  ( -1.040834085586084700E-014, 0.0000000000000000000, 1.000000000000000000 ) ) ;
#121 = EDGE_CURVE ( 'NONE', #7629, #767, #3646, .T. ) ;
#122 = VECTOR ( 'NONE', #7870, 1000.000000000000000 ) ;
#123 = VERTEX_POINT ( 'NONE', #5410 ) ;
#124 = CARTESIAN_POINT ( 'NONE',  ( -1.999999999999989600, 0.1000000000000002600, 1.375000000000000200 ) ) ;
#125 = PLANE ( 'NONE',  #7325 ) ;
#126 = ORIENTED_EDGE ( 'NONE', *, *, #114, .T. ) ;
#127 = DIRECTION ( 'NONE',  ( 1.000000000000000000, -0.0000000000000000000, 1.095044194210359200E-013 ) ) ;
#128 = LINE ( 'NONE', #3527, #4126 ) ;
#129 = AXIS2_PLACEMENT_3D ( 'NONE', #7513, #4306, #2292 ) ;
#130 = CARTESIAN_POINT ( 'NONE',  ( -1.999999999999984500, 0.1000000000000002600, 1.125000000000011500 ) ) ;
#131 = ADVANCED_FACE ( 'NONE', ( #7484 ), #7971, .F. ) ;
#132 = EDGE_LOOP ( 'NONE', ( #813, #387, #2895, #7425 ) ) ;
#133 = VECTOR ( 'NONE', #2137, 1000.000000000000000 ) ;
#134 = PRESENTATION_LAYER_ASSIGNMENT (  '', '', ( #3711 ) ) ;
#135 = DIRECTION ( 'NONE',  ( 1.000000000000000000, 0.0000000000000000000, -3.469446951953614600E-015 ) ) ;
#136 = LINE ( 'NONE', #53, #2415 ) ;
#137 = AXIS2_PLACEMENT_3D ( 'NONE', #3420, #188, #3395 ) ;
#138 = EDGE_CURVE ( 'NONE', #6998, #1970, #3162, .T. ) ;
#139 = AXIS2_PLACEMENT_3D ( 'NONE', #6898, #5042, #2408 ) ;
#140 = VECTOR ( 'NONE', #2443, 1000.000000000000000 ) ;
#141 = EDGE_CURVE ( 'NONE', #467, #6791, #4468, .T. ) ;
#142 = CARTESIAN_POINT ( 'NONE',  ( 1.600000000000004300, 0.0000000000000000000, 0.3750000000000244800 ) ) ;
#143 = VERTEX_POINT ( 'NONE', #1569 ) ;
#144 = CARTESIAN_POINT ( 'NONE',  ( 0.8749999999999946700, 0.1000000000000000100, -1.599999999999996300 ) ) ;
#145 = EDGE_LOOP ( 'NONE', ( #4438, #3487, #5305, #4053 ) ) ;
#146 = DIRECTION ( 'NONE',  ( 1.000000000000000000, 0.0000000000000000000, 1.040834085586084700E-014 ) ) ;
#147 = LINE ( 'NONE', #7946, #7172 ) ;
#148 = DIRECTION ( 'NONE',  ( 1.000000000000000000, -0.0000000000000000000, 1.040834085586084300E-014 ) ) ;
#149 = ORIENTED_EDGE ( 'NONE', *, *, #7657, .T. ) ;
#150 = VECTOR ( 'NONE', #1702, 1000.000000000000000 ) ;
#151 = EDGE_CURVE ( 'NONE', #5847, #5460, #3751, .T. ) ;
#152 = ORIENTED_EDGE ( 'NONE', *, *, #770, .T. ) ;
#153 = CARTESIAN_POINT ( 'NONE',  ( -0.3749999999999503200, 0.0000000000000000000, 1.999999999999999100 ) ) ;
#154 = ORIENTED_EDGE ( 'NONE', *, *, #7806, .T. ) ;
#155 = CYLINDRICAL_SURFACE ( 'NONE', #6094, 0.1499999999999999700 ) ;
#156 = ORIENTED_EDGE ( 'NONE', *, *, #5190, .T. ) ;
#157 = LINE ( 'NONE', #522, #843 ) ;
#158 = CARTESIAN_POINT ( 'NONE',  ( -0.3749999999999498200, 0.1000000000000002600, -2.000000000000000000 ) ) ;
#159 = ORIENTED_EDGE ( 'NONE', *, *, #5523, .T. ) ;
#160 = VECTOR ( 'NONE', #4237, 1000.000000000000000 ) ;
#161 = EDGE_LOOP ( 'NONE', ( #4766, #2783, #6638, #6812 ) ) ;
#162 = EDGE_CURVE ( 'NONE', #6011, #548, #6386, .T. ) ;
#163 = ORIENTED_EDGE ( 'NONE', *, *, #1106, .T. ) ;
#164 = LINE ( 'NONE', #316, #2654 ) ;
#165 = CARTESIAN_POINT ( 'NONE',  ( 1.400000000000000400, 0.1000000000000002600, -1.399999999999999700 ) ) ;
#166 = LINE ( 'NONE', #3805, #8263 ) ;
#167 = DIRECTION ( 'NONE',  ( 0.0000000000000000000, -1.000000000000000000, -0.0000000000000000000 ) ) ;
#168 = PLANE ( 'NONE',  #5351 ) ;
#169 = DIRECTION ( 'NONE',  ( 1.040834085586084700E-014, 0.0000000000000000000, 1.000000000000000000 ) ) ;
#170 = ORIENTED_EDGE ( 'NONE', *, *, #4178, .T. ) ;
#171 = ORIENTED_EDGE ( 'NONE', *, *, #1412, .F. ) ;
#172 = VERTEX_POINT ( 'NONE', #7347 ) ;
#173 = ADVANCED_FACE ( 'NONE', ( #5882 ), #5433, .T. ) ;
#174 = VECTOR ( 'NONE', #4636, 1000.000000000000000 ) ;
#175 = DIRECTION ( 'NONE',  ( -1.000000000000000000, 0.0000000000000000000, -1.668003342285391600E-016 ) ) ;
#176 = DIRECTION ( 'NONE',  ( -0.0000000000000000000, -1.000000000000000000, -0.0000000000000000000 ) ) ;
#177 =( NAMED_UNIT ( * ) PLANE_ANGLE_UNIT ( ) SI_UNIT ( $, .RADIAN. ) );
#178 = ORIENTED_EDGE ( 'NONE', *, *, #4647, .F. ) ;
#179 = FILL_AREA_STYLE_COLOUR ( '', #7196 ) ;
#180 = ORIENTED_EDGE ( 'NONE', *, *, #138, .T. ) ;
#181 = EDGE_LOOP ( 'NONE', ( #2853, #5464, #1177, #3572 ) ) ;
#182 = EDGE_CURVE ( 'NONE', #1270, #6993, #2745, .T. ) ;
#183 = ORIENTED_EDGE ( 'NONE', *, *, #432, .F. ) ;
#184 = LINE ( 'NONE', #2610, #5107 ) ;
#185 = CARTESIAN_POINT ( 'NONE',  ( 1.600000000000004300, 0.1000000000000000100, 0.3750000000000244800 ) ) ;
#186 = DIRECTION ( 'NONE',  ( 0.0000000000000000000, 0.0000000000000000000, -1.000000000000000000 ) ) ;
#187 = AXIS2_PLACEMENT_3D ( 'NONE', #5582, #474, #2387 ) ;
#188 = DIRECTION ( 'NONE',  ( 0.0000000000000000000, 1.000000000000000000, 0.0000000000000000000 ) ) ;
#189 = CARTESIAN_POINT ( 'NONE',  ( -0.3749999999999943400, 0.0000000000000000000, 1.599999999999995900 ) ) ;
#190 = ORIENTED_EDGE ( 'NONE', *, *, #867, .T. ) ;
#191 = ORIENTED_EDGE ( 'NONE', *, *, #527, .F. ) ;
#192 = EDGE_CURVE ( 'NONE', #448, #1314, #5785, .T. ) ;
#193 = VECTOR ( 'NONE', #5030, 1000.000000000000000 ) ;
#194 = CARTESIAN_POINT ( 'NONE',  ( 1.600000000000005200, 4.059797974644667700, -0.8750000000000001100 ) ) ;
#195 = EDGE_CURVE ( 'NONE', #6280, #6152, #939, .T. ) ;
#196 = AXIS2_PLACEMENT_3D ( 'NONE', #5851, #1994, #7786 ) ;
#197 = SURFACE_SIDE_STYLE ('',( #6761 ) ) ;
#198 = CARTESIAN_POINT ( 'NONE',  ( -1.599999999999957900, 0.1000000000000002600, 0.1250000000000245600 ) ) ;
#199 = ORIENTED_EDGE ( 'NONE', *, *, #195, .F. ) ;
#200 = PRESENTATION_LAYER_ASSIGNMENT (  '', '', ( #3202 ) ) ;
#201 = ORIENTED_EDGE ( 'NONE', *, *, #6168, .F. ) ;
#202 = VECTOR ( 'NONE', #3969, 1000.000000000000000 ) ;
#203 = SURFACE_STYLE_FILL_AREA ( #6960 ) ;
#204 = ORIENTED_EDGE ( 'NONE', *, *, #74, .T. ) ;
#205 = LINE ( 'NONE', #3033, #6827 ) ;
#206 = ORIENTED_EDGE ( 'NONE', *, *, #8282, .F. ) ;
#207 = CARTESIAN_POINT ( 'NONE',  ( 1.399999999999999900, 0.1000000000000002600, 1.400000000000000100 ) ) ;
#208 = EDGE_CURVE ( 'NONE', #3988, #6922, #3971, .T. ) ;
#209 = CARTESIAN_POINT ( 'NONE',  ( -1.599999999999989700, 0.1000000000000000100, -1.375000000000000200 ) ) ;
#210 = UNCERTAINTY_MEASURE_WITH_UNIT (LENGTH_MEASURE( 1.000000000000000100E-005 ), #6639, 'distance_accuracy_value', 'NONE');
#211 = LINE ( 'NONE', #3582, #7922 ) ;
#212 = VECTOR ( 'NONE', #3086, 1000.000000000000000 ) ;
#213 = CARTESIAN_POINT ( 'NONE',  ( -0.6249999999999943400, 0.0000000000000000000, 1.599999999999998500 ) ) ;
#214 = VECTOR ( 'NONE', #278, 1000.000000000000000 ) ;
#215 = CARTESIAN_POINT ( 'NONE',  ( 0.1249999999999943900, 0.1000000000000000100, 1.599999999999998500 ) ) ;
#216 = AXIS2_PLACEMENT_3D ( 'NONE', #8213, #1902, #3793 ) ;
#217 = DIRECTION ( 'NONE',  ( 1.000000000000000000, 0.0000000000000000000, 0.0000000000000000000 ) ) ;
#218 = ADVANCED_FACE ( 'NONE', ( #7688, #5682 ), #2232, .F. ) ;
#219 = FACE_OUTER_BOUND ( 'NONE', #3849, .T. ) ;
#220 = CARTESIAN_POINT ( 'NONE',  ( 2.000000000000016000, 0.1000000000000000100, -1.375000000000012400 ) ) ;
#221 = LINE ( 'NONE', #4915, #2295 ) ;
#222 = CARTESIAN_POINT ( 'NONE',  ( 1.374999999999994700, 0.1000000000000000100, -1.599999999999996300 ) ) ;
#223 = CARTESIAN_POINT ( 'NONE',  ( 0.0000000000000000000, 0.1000000000000000100, 0.0000000000000000000 ) ) ;
#224 = CARTESIAN_POINT ( 'NONE',  ( -0.6249999999999502600, 0.1000000000000002600, 1.999999999999998200 ) ) ;
#225 = VECTOR ( 'NONE', #732, 1000.000000000000000 ) ;
#226 = APPLICATION_PROTOCOL_DEFINITION ( 'draft international standard', 'automotive_design', 1998, #255 ) ;
#227 = LINE ( 'NONE', #4336, #1013 ) ;
#228 = PLANE ( 'NONE',  #4149 ) ;
#229 = DIRECTION ( 'NONE',  ( -1.000000000000000000, -0.0000000000000000000, 5.421010862427620000E-015 ) ) ;
#230 = ORIENTED_EDGE ( 'NONE', *, *, #311, .F. ) ;
#231 = VECTOR ( 'NONE', #4599, 1000.000000000000000 ) ;
#232 = EDGE_CURVE ( 'NONE', #381, #4173, #7189, .T. ) ;
#233 = PLANE ( 'NONE',  #5730 ) ;
#234 = LINE ( 'NONE', #835, #6855 ) ;
#235 = DIRECTION ( 'NONE',  ( -0.0000000000000000000, -1.000000000000000000, -0.0000000000000000000 ) ) ;
#236 = EDGE_LOOP ( 'NONE', ( #5318, #4404, #1560, #6174 ) ) ;
#237 = AXIS2_PLACEMENT_3D ( 'NONE', #5735, #1891, #7048 ) ;
#238 = PLANE ( 'NONE',  #5252 ) ;
#239 = ORIENTED_EDGE ( 'NONE', *, *, #3062, .T. ) ;
#240 = DIRECTION ( 'NONE',  ( 1.000000000000000000, -0.0000000000000000000, 1.040834085586084300E-014 ) ) ;
#241 = LINE ( 'NONE', #3382, #2325 ) ;
#242 = ORIENTED_EDGE ( 'NONE', *, *, #5987, .T. ) ;
#243 = AXIS2_PLACEMENT_3D ( 'NONE', #7752, #3899, #752 ) ;
#244 = CARTESIAN_POINT ( 'NONE',  ( -1.600000000000000100, 4.059797974644667700, 0.3750000000000000600 ) ) ;
#245 = SURFACE_STYLE_FILL_AREA ( #3706 ) ;
#246 =( NAMED_UNIT ( * ) PLANE_ANGLE_UNIT ( ) SI_UNIT ( $, .RADIAN. ) );
#247 = PLANE ( 'NONE',  #1120 ) ;
#248 = ORIENTED_EDGE ( 'NONE', *, *, #2307, .F. ) ;
#249 = ORIENTED_EDGE ( 'NONE', *, *, #2491, .F. ) ;
#250 = VECTOR ( 'NONE', #7352, 1000.000000000000000 ) ;
#251 = EDGE_CURVE ( 'NONE', #7784, #6428, #6789, .T. ) ;
#252 = LINE ( 'NONE', #3892, #3445 ) ;
#253 = DIRECTION ( 'NONE',  ( -1.057097118173367600E-014, -0.0000000000000000000, 1.000000000000000000 ) ) ;
#254 = ADVANCED_FACE ( 'NONE', ( #357 ), #3362, .F. ) ;
#255 = APPLICATION_CONTEXT ( 'automotive_design' ) ;
#256 = PLANE ( 'NONE',  #4051 ) ;
#257 = VECTOR ( 'NONE', #540, 1000.000000000000000 ) ;
#258 = ORIENTED_EDGE ( 'NONE', *, *, #7610, .T. ) ;
#259 = ORIENTED_EDGE ( 'NONE', *, *, #6370, .T. ) ;
#260 =( GEOMETRIC_REPRESENTATION_CONTEXT ( 3 ) GLOBAL_UNCERTAINTY_ASSIGNED_CONTEXT ( ( #7812 ) ) GLOBAL_UNIT_ASSIGNED_CONTEXT ( ( #6478, #632, #1288 ) ) REPRESENTATION_CONTEXT ( 'NONE', 'WORKASPACE' ) );
#261 = LINE ( 'NONE', #4845, #2846 ) ;
#262 = DIRECTION ( 'NONE',  ( 0.0000000000000000000, 0.0000000000000000000, 1.000000000000000000 ) ) ;
#263 = CARTESIAN_POINT ( 'NONE',  ( -1.600000000000000300, 1.050000000000000000, -1.450000000000000400 ) ) ;
#264 = VERTEX_POINT ( 'NONE', #4214 ) ;
#265 = ORIENTED_EDGE ( 'NONE', *, *, #7249, .T. ) ;
#266 = ORIENTED_EDGE ( 'NONE', *, *, #4368, .F. ) ;
#267 = DIRECTION ( 'NONE',  ( -1.000000000000000000, 0.0000000000000000000, -1.029992063861230200E-014 ) ) ;
#268 = VERTEX_POINT ( 'NONE', #2919 ) ;
#269 = EDGE_CURVE ( 'NONE', #2453, #2686, #6080, .T. ) ;
#270 = VERTEX_POINT ( 'NONE', #6785 ) ;
#271 = EDGE_LOOP ( 'NONE', ( #7891, #6071, #8278, #7182 ) ) ;
#272 = ORIENTED_EDGE ( 'NONE', *, *, #2995, .F. ) ;
#273 = EDGE_LOOP ( 'NONE', ( #5965, #924, #1470, #6399 ) ) ;
#274 = DIRECTION ( 'NONE',  ( -1.000000000000000000, 0.0000000000000000000, 2.710505431213760100E-016 ) ) ;
#275 =( NAMED_UNIT ( * ) SI_UNIT ( $, .STERADIAN. ) SOLID_ANGLE_UNIT ( ) );
#276 = FACE_OUTER_BOUND ( 'NONE', #2667, .T. ) ;
#277 = EDGE_LOOP ( 'NONE', ( #6691, #3580, #7709, #4517, #7738 ) ) ;
#278 = DIRECTION ( 'NONE',  ( 1.097754699641565700E-013, 0.0000000000000000000, -1.000000000000000000 ) ) ;
#279 = EDGE_LOOP ( 'NONE', ( #5593, #4403, #7200, #6064 ) ) ;
#280 = ORIENTED_EDGE ( 'NONE', *, *, #4841, .F. ) ;
#281 = ORIENTED_EDGE ( 'NONE', *, *, #914, .F. ) ;
#282 = VECTOR ( 'NONE', #5929, 1000.000000000000000 ) ;
#283 = CARTESIAN_POINT ( 'NONE',  ( 1.600000000000010300, 4.059797974644667700, 1.125000000000000200 ) ) ;
#284 = CARTESIAN_POINT ( 'NONE',  ( -1.374999999999950500, 0.1000000000000000100, 1.999999999999999100 ) ) ;
#285 = EDGE_CURVE ( 'NONE', #5891, #5010, #4065, .T. ) ;
#286 = CLOSED_SHELL ( 'NONE', ( #3110, #6411, #3201, #531, #8131, #1704, #1110 ) ) ;
#287 = ORIENTED_EDGE ( 'NONE', *, *, #3196, .F. ) ;
#288 = CARTESIAN_POINT ( 'NONE',  ( -0.8749999999999946700, 0.1000000000000000100, -1.599999999999996300 ) ) ;
#289 = FACE_OUTER_BOUND ( 'NONE', #6861, .T. ) ;
#290 = AXIS2_PLACEMENT_3D ( 'NONE', #5491, #6732, #6757 ) ;
#291 = DIRECTION ( 'NONE',  ( 0.0000000000000000000, -0.0000000000000000000, -1.000000000000000000 ) ) ;
#292 = CARTESIAN_POINT ( 'NONE',  ( 1.600000000000010500, 0.0000000000000000000, -1.375000000000000200 ) ) ;
#293 = ORIENTED_EDGE ( 'NONE', *, *, #7210, .F. ) ;
#294 = ADVANCED_FACE ( 'NONE', ( #2048 ), #7456, .F. ) ;
#295 = EDGE_LOOP ( 'NONE', ( #3067, #7510, #2160, #1750 ) ) ;
#296 = EDGE_LOOP ( 'NONE', ( #2332, #5300, #8274, #4886 ) ) ;
#297 = CARTESIAN_POINT ( 'NONE',  ( -2.000000000000000000, -0.0000000000000000000, -0.1250000000000000300 ) ) ;
#298 = EDGE_CURVE ( 'NONE', #6224, #4904, #2338, .T. ) ;
#299 = CARTESIAN_POINT ( 'NONE',  ( -0.3749999999999503200, 0.0000000000000000000, 1.999999999999999100 ) ) ;
#300 = VECTOR ( 'NONE', #1747, 1000.000000000000000 ) ;
#301 = CARTESIAN_POINT ( 'NONE',  ( -0.3749999999999943400, 4.059797974644667700, 1.599999999999995900 ) ) ;
#302 = CARTESIAN_POINT ( 'NONE',  ( 2.000000000000001800, 0.1000000000000000100, 0.1249999999999821400 ) ) ;
#303 = VECTOR ( 'NONE', #4991, 1000.000000000000000 ) ;
#304 = VERTEX_POINT ( 'NONE', #3594 ) ;
#305 = DIRECTION ( 'NONE',  ( -1.002887009549093300E-014, -0.0000000000000000000, -1.000000000000000000 ) ) ;
#306 = AXIS2_PLACEMENT_3D ( 'NONE', #5199, #5310, #1321 ) ;
#307 = VECTOR ( 'NONE', #8209, 1000.000000000000000 ) ;
#308 = PRODUCT_CONTEXT ( 'NONE', #2814, 'mechanical' ) ;
#309 = CARTESIAN_POINT ( 'NONE',  ( 0.8749999999999946700, 0.1000000000000000100, -1.599999999999996300 ) ) ;
#310 = FACE_OUTER_BOUND ( 'NONE', #1653, .T. ) ;
#311 = EDGE_CURVE ( 'NONE', #2453, #466, #1834, .T. ) ;
#312 = FACE_OUTER_BOUND ( 'NONE', #7798, .T. ) ;
#313 = DIRECTION ( 'NONE',  ( 0.0000000000000000000, 0.0000000000000000000, 1.000000000000000000 ) ) ;
#314 = COLOUR_RGB ( '',1.000000000000000000, 0.8117647058823529400, 0.5019607843137254800 ) ;
#315 = EDGE_CURVE ( 'NONE', #940, #466, #445, .T. ) ;
#316 = CARTESIAN_POINT ( 'NONE',  ( 1.600000000000010500, 0.1000000000000000100, -1.375000000000000200 ) ) ;
#317 = VECTOR ( 'NONE', #6404, 1000.000000000000000 ) ;
#318 = CARTESIAN_POINT ( 'NONE',  ( 1.600000000000005000, 0.1000000000000000100, -0.6250000000000001100 ) ) ;
#319 = VERTEX_POINT ( 'NONE', #407 ) ;
#320 = PLANE ( 'NONE',  #6552 ) ;
#321 = PLANE ( 'NONE',  #4651 ) ;
#322 =( NAMED_UNIT ( * ) PLANE_ANGLE_UNIT ( ) SI_UNIT ( $, .RADIAN. ) );
#323 = EDGE_LOOP ( 'NONE', ( #7205, #5696, #6904, #1263 ) ) ;
#324 = VECTOR ( 'NONE', #7903, 1000.000000000000000 ) ;
#325 = ORIENTED_EDGE ( 'NONE', *, *, #4384, .T. ) ;
#326 = DIRECTION ( 'NONE',  ( 0.0000000000000000000, -1.000000000000000000, 0.0000000000000000000 ) ) ;
#327 = CARTESIAN_POINT ( 'NONE',  ( -1.199999999999999500, 0.1000000000000002600, -1.400000000000000100 ) ) ;
#328 = LINE ( 'NONE', #7175, #7857 ) ;
#329 = EDGE_CURVE ( 'NONE', #5010, #4849, #660, .T. ) ;
#330 = CARTESIAN_POINT ( 'NONE',  ( -0.3749999999999503200, 0.1000000000000002600, 1.999999999999999100 ) ) ;
#331 = DIRECTION ( 'NONE',  ( -1.029992063861230200E-014, 0.0000000000000000000, 1.000000000000000000 ) ) ;
#332 = VECTOR ( 'NONE', #7403, 1000.000000000000000 ) ;
#333 =( NAMED_UNIT ( * ) PLANE_ANGLE_UNIT ( ) SI_UNIT ( $, .RADIAN. ) );
#334 = ORIENTED_EDGE ( 'NONE', *, *, #5595, .F. ) ;
#335 = EDGE_CURVE ( 'NONE', #6481, #8167, #5183, .T. ) ;
#336 = ADVANCED_FACE ( 'NONE', ( #1823 ), #6838, .T. ) ;
#337 = VERTEX_POINT ( 'NONE', #7540 ) ;
#338 = VECTOR ( 'NONE', #176, 1000.000000000000000 ) ;
#339 = EDGE_CURVE ( 'NONE', #2822, #3000, #7180, .T. ) ;
#340 = DIRECTION ( 'NONE',  ( 0.0000000000000000000, -0.0000000000000000000, -1.000000000000000000 ) ) ;
#341 = LINE ( 'NONE', #2022, #6580 ) ;
#342 = DIRECTION ( 'NONE',  ( -8.673617379884035500E-016, 0.0000000000000000000, -1.000000000000000000 ) ) ;
#343 = EDGE_LOOP ( 'NONE', ( #1640, #5982, #3982, #5855 ) ) ;
#344 = CARTESIAN_POINT ( 'NONE',  ( -0.6249999999999497100, -0.0000000000000000000, -1.999999999999999100 ) ) ;
#345 = DIRECTION ( 'NONE',  ( -1.000000000000000000, -0.0000000000000000000, 1.040834085586084700E-014 ) ) ;
#346 = LINE ( 'NONE', #2496, #6971 ) ;
#347 = ORIENTED_EDGE ( 'NONE', *, *, #666, .T. ) ;
#348 = ORIENTED_EDGE ( 'NONE', *, *, #2545, .F. ) ;
#349 = VECTOR ( 'NONE', #4257, 1000.000000000000000 ) ;
#350 = EDGE_LOOP ( 'NONE', ( #4974, #783, #7805, #4696 ) ) ;
#351 = UNCERTAINTY_MEASURE_WITH_UNIT (LENGTH_MEASURE( 1.000000000000000100E-005 ), #1633, 'distance_accuracy_value', 'NONE');
#352 = DIRECTION ( 'NONE',  ( 1.000000000000000000, 0.0000000000000000000, 0.0000000000000000000 ) ) ;
#353 = LINE ( 'NONE', #5667, #3749 ) ;
#354 = PLANE ( 'NONE',  #6901 ) ;
#355 = AXIS2_PLACEMENT_3D ( 'NONE', #7407, #2867, #6110 ) ;
#356 = ORIENTED_EDGE ( 'NONE', *, *, #358, .T. ) ;
#357 = FACE_OUTER_BOUND ( 'NONE', #2355, .T. ) ;
#358 = EDGE_CURVE ( 'NONE', #8061, #7326, #3743, .T. ) ;
#359 = EDGE_LOOP ( 'NONE', ( #7494, #7450, #793, #4522 ) ) ;
#360 = ORIENTED_EDGE ( 'NONE', *, *, #5797, .F. ) ;
#361 = COLOUR_RGB ( '',1.000000000000000000, 1.000000000000000000, 1.000000000000000000 ) ;
#362 =( LENGTH_UNIT ( ) NAMED_UNIT ( * ) SI_UNIT ( .MILLI., .METRE. ) );
#363 = DIRECTION ( 'NONE',  ( 0.0000000000000000000, -1.000000000000000000, 0.0000000000000000000 ) ) ;
#364 = EDGE_LOOP ( 'NONE', ( #3587, #6466, #5803, #4388 ) ) ;
#365 = ORIENTED_EDGE ( 'NONE', *, *, #2448, .F. ) ;
#366 =( GEOMETRIC_REPRESENTATION_CONTEXT ( 3 ) GLOBAL_UNCERTAINTY_ASSIGNED_CONTEXT ( ( #3947 ) ) GLOBAL_UNIT_ASSIGNED_CONTEXT ( ( #2693, #5223, #3343 ) ) REPRESENTATION_CONTEXT ( 'NONE', 'WORKASPACE' ) );
#367 = ORIENTED_EDGE ( 'NONE', *, *, #2275, .T. ) ;
#368 = LINE ( 'NONE', #1890, #174 ) ;
#369 = PLANE ( 'NONE',  #2501 ) ;
#370 = DIRECTION ( 'NONE',  ( -0.0000000000000000000, -1.000000000000000000, -0.0000000000000000000 ) ) ;
#371 = ORIENTED_EDGE ( 'NONE', *, *, #7748, .F. ) ;
#372 = ORIENTED_EDGE ( 'NONE', *, *, #4841, .T. ) ;
#373 = ORIENTED_EDGE ( 'NONE', *, *, #3151, .F. ) ;
#374 = DIRECTION ( 'NONE',  ( -1.000000000000000000, 0.0000000000000000000, 0.0000000000000000000 ) ) ;
#375 = ORIENTED_EDGE ( 'NONE', *, *, #7815, .T. ) ;
#376 = VECTOR ( 'NONE', #4530, 1000.000000000000000 ) ;
#377 = EDGE_CURVE ( 'NONE', #270, #7518, #5872, .T. ) ;
#378 = DIRECTION ( 'NONE',  ( 0.0000000000000000000, 0.0000000000000000000, -1.000000000000000000 ) ) ;
#379 = CARTESIAN_POINT ( 'NONE',  ( -1.399999999999999900, 4.059797974644667700, 1.399999999999999700 ) ) ;
#380 = EDGE_LOOP ( 'NONE', ( #4385, #5892, #6169, #4639 ) ) ;
#381 = VERTEX_POINT ( 'NONE', #6276 ) ;
#382 = ORIENTED_EDGE ( 'NONE', *, *, #2002, .T. ) ;
#383 = DIRECTION ( 'NONE',  ( 1.100465205072787900E-013, 0.0000000000000000000, 1.000000000000000000 ) ) ;
#384 = ADVANCED_FACE ( 'NONE', ( #6875 ), #8128, .F. ) ;
#385 = VECTOR ( 'NONE', #3495, 1000.000000000000000 ) ;
#386 = CARTESIAN_POINT ( 'NONE',  ( -0.3749999999999943400, 0.1000000000000002600, 1.599999999999995900 ) ) ;
#387 = ORIENTED_EDGE ( 'NONE', *, *, #7362, .T. ) ;
#388 = CARTESIAN_POINT ( 'NONE',  ( 0.8749999999999988900, 0.1000000000000002600, -1.999999999999996200 ) ) ;
#389 = EDGE_LOOP ( 'NONE', ( #4164, #5775, #5214, #6268 ) ) ;
#390 = CARTESIAN_POINT ( 'NONE',  ( -0.6249999999999947800, 0.1000000000000000100, -1.599999999999999000 ) ) ;
#391 = VECTOR ( 'NONE', #7942, 1000.000000000000000 ) ;
#392 = DIRECTION ( 'NONE',  ( -1.000000000000000000, 0.0000000000000000000, -1.040834085586084700E-014 ) ) ;
#393 = EDGE_CURVE ( 'NONE', #3548, #5480, #2840, .T. ) ;
#394 = LINE ( 'NONE', #3231, #5923 ) ;
#395 = ORIENTED_EDGE ( 'NONE', *, *, #5861, .T. ) ;
#396 = VECTOR ( 'NONE', #2813, 1000.000000000000000 ) ;
#397 = VERTEX_POINT ( 'NONE', #3095 ) ;
#398 = PRESENTATION_LAYER_ASSIGNMENT (  '', '', ( #1941 ) ) ;
#399 = DIRECTION ( 'NONE',  ( 1.000000000000000000, -0.0000000000000000000, -0.0000000000000000000 ) ) ;
#400 = DIRECTION ( 'NONE',  ( 0.0000000000000000000, -0.0000000000000000000, 1.000000000000000000 ) ) ;
#401 = LINE ( 'NONE', #3633, #5131 ) ;
#402 = VECTOR ( 'NONE', #997, 1000.000000000000000 ) ;
#403 = VECTOR ( 'NONE', #7713, 1000.000000000000000 ) ;
#404 = EDGE_CURVE ( 'NONE', #4703, #593, #3046, .T. ) ;
#405 = DIRECTION ( 'NONE',  ( 6.132518538120488200E-014, 0.0000000000000000000, -1.000000000000000000 ) ) ;
#406 = VECTOR ( 'NONE', #6537, 1000.000000000000000 ) ;
#407 = CARTESIAN_POINT ( 'NONE',  ( -1.399999999999999900, 0.1000000000000002600, 1.399999999999999700 ) ) ;
#408 = VECTOR ( 'NONE', #3556, 1000.000000000000000 ) ;
#409 = LINE ( 'NONE', #1434, #7046 ) ;
#410 = DIRECTION ( 'NONE',  ( 1.000000000000000000, -0.0000000000000000000, 1.057097118173367800E-014 ) ) ;
#411 = LINE ( 'NONE', #5219, #7755 ) ;
#412 = CARTESIAN_POINT ( 'NONE',  ( 0.0000000000000000000, 0.1000000000000000100, 0.0000000000000000000 ) ) ;
#413 = ORIENTED_EDGE ( 'NONE', *, *, #7197, .T. ) ;
#414 = ADVANCED_FACE ( 'NONE', ( #5468 ), #3702, .F. ) ;
#415 = VECTOR ( 'NONE', #8163, 1000.000000000000000 ) ;
#416 = EDGE_CURVE ( 'NONE', #3184, #1706, #6777, .T. ) ;
#417 = CARTESIAN_POINT ( 'NONE',  ( -1.599999999999995000, 0.1000000000000002600, -0.8750000000000001100 ) ) ;
#418 = LINE ( 'NONE', #1406, #5758 ) ;
#419 =( LENGTH_UNIT ( ) NAMED_UNIT ( * ) SI_UNIT ( .MILLI., .METRE. ) );
#420 = EDGE_CURVE ( 'NONE', #5336, #2349, #6507, .T. ) ;
#421 = VERTEX_POINT ( 'NONE', #3789 ) ;
#422 = PLANE ( 'NONE',  #4431 ) ;
#423 = LINE ( 'NONE', #862, #4043 ) ;
#424 = ORIENTED_EDGE ( 'NONE', *, *, #5889, .T. ) ;
#425 = CARTESIAN_POINT ( 'NONE',  ( 0.0000000000000000000, 0.1000000000000000100, 0.0000000000000000000 ) ) ;
#426 = DIRECTION ( 'NONE',  ( 0.0000000000000000000, 0.0000000000000000000, -1.000000000000000000 ) ) ;
#427 = LINE ( 'NONE', #1792, #1712 ) ;
#428 = DIRECTION ( 'NONE',  ( 0.0000000000000000000, -0.0000000000000000000, 1.000000000000000000 ) ) ;
#429 = DIRECTION ( 'NONE',  ( -0.0000000000000000000, -1.000000000000000000, -0.0000000000000000000 ) ) ;
#430 = ORIENTED_EDGE ( 'NONE', *, *, #1898, .F. ) ;
#431 = VERTEX_POINT ( 'NONE', #604 ) ;
#432 = EDGE_CURVE ( 'NONE', #1732, #863, #2430, .T. ) ;
#433 = LINE ( 'NONE', #2441, #7074 ) ;
#434 = CARTESIAN_POINT ( 'NONE',  ( -1.599999999999989700, 4.059797974644667700, -1.375000000000000200 ) ) ;
#435 = CARTESIAN_POINT ( 'NONE',  ( -1.999999999999994900, 4.059797974644667700, 0.6250000000000000000 ) ) ;
#436 = ORIENTED_EDGE ( 'NONE', *, *, #8055, .F. ) ;
#437 = ORIENTED_EDGE ( 'NONE', *, *, #1095, .T. ) ;
#438 = VECTOR ( 'NONE', #707, 1000.000000000000000 ) ;
#439 = CARTESIAN_POINT ( 'NONE',  ( 0.1249999999999984000, 0.0000000000000000000, 1.999999999999997800 ) ) ;
#440 = LINE ( 'NONE', #3800, #1336 ) ;
#441 = EDGE_CURVE ( 'NONE', #4727, #1158, #543, .T. ) ;
#442 = DIRECTION ( 'NONE',  ( -1.000000000000000000, 0.0000000000000000000, 8.673617379884036500E-016 ) ) ;
#443 = DIRECTION ( 'NONE',  ( -0.0000000000000000000, -1.000000000000000000, -0.0000000000000000000 ) ) ;
#444 = ORIENTED_EDGE ( 'NONE', *, *, #6882, .T. ) ;
#445 = LINE ( 'NONE', #5490, #2850 ) ;
#446 = AXIS2_PLACEMENT_3D ( 'NONE', #1381, #2617, #7126 ) ;
#447 = ORIENTED_EDGE ( 'NONE', *, *, #5782, .F. ) ;
#448 = VERTEX_POINT ( 'NONE', #5744 ) ;
#449 = COLOUR_RGB ( '',1.000000000000000000, 0.8117647058823529400, 0.5019607843137254800 ) ;
#450 = ADVANCED_FACE ( 'NONE', ( #8170 ), #7005, .T. ) ;
#451 = UNCERTAINTY_MEASURE_WITH_UNIT (LENGTH_MEASURE( 1.000000000000000100E-005 ), #4551, 'distance_accuracy_value', 'NONE');
#452 = ADVANCED_FACE ( 'NONE', ( #4975 ), #5065, .T. ) ;
#453 = FACE_OUTER_BOUND ( 'NONE', #2569, .T. ) ;
#454 = ORIENTED_EDGE ( 'NONE', *, *, #2879, .F. ) ;
#455 = ORIENTED_EDGE ( 'NONE', *, *, #5844, .F. ) ;
#456 = PLANE ( 'NONE',  #5465 ) ;
#457 = ORIENTED_EDGE ( 'NONE', *, *, #1095, .F. ) ;
#458 = DIRECTION ( 'NONE',  ( 1.000000000000000000, 0.0000000000000000000, 1.060485249962383800E-013 ) ) ;
#459 = VERTEX_POINT ( 'NONE', #1760 ) ;
#460 = PLANE ( 'NONE',  #1774 ) ;
#461 = DIRECTION ( 'NONE',  ( 0.0000000000000000000, -0.0000000000000000000, 1.000000000000000000 ) ) ;
#462 = AXIS2_PLACEMENT_3D ( 'NONE', #425, #4920, #1066 ) ;
#463 = VECTOR ( 'NONE', #3205, 1000.000000000000000 ) ;
#464 = ADVANCED_FACE ( 'NONE', ( #7978 ), #3065, .T. ) ;
#465 = EDGE_CURVE ( 'NONE', #3000, #4258, #6493, .T. ) ;
#466 = VERTEX_POINT ( 'NONE', #4356 ) ;
#467 = VERTEX_POINT ( 'NONE', #6340 ) ;
#468 = ORIENTED_EDGE ( 'NONE', *, *, #8210, .F. ) ;
#469 = CARTESIAN_POINT ( 'NONE',  ( 0.6249999999999983300, 4.059797974644667700, 1.999999999999997800 ) ) ;
#470 = PLANE ( 'NONE',  #4760 ) ;
#471 = VECTOR ( 'NONE', #2716, 1000.000000000000000 ) ;
#472 = DIRECTION ( 'NONE',  ( 1.000000000000000000, 0.0000000000000000000, 0.0000000000000000000 ) ) ;
#473 = PLANE ( 'NONE',  #3014 ) ;
#474 = DIRECTION ( 'NONE',  ( 1.000000000000000000, 0.0000000000000000000, 1.057097118173367800E-014 ) ) ;
#475 = ORIENTED_EDGE ( 'NONE', *, *, #6968, .T. ) ;
#476 = CLOSED_SHELL ( 'NONE', ( #3142, #5895, #2365, #4, #2163, #2679 ) ) ;
#477 = EDGE_LOOP ( 'NONE', ( #8079, #7574, #3745, #7316 ) ) ;
#478 = FACE_OUTER_BOUND ( 'NONE', #4379, .T. ) ;
#479 = LINE ( 'NONE', #3809, #1563 ) ;
#480 = CARTESIAN_POINT ( 'NONE',  ( -1.199999999999999500, -0.0000000000000000000, -1.400000000000000100 ) ) ;
#481 = ORIENTED_EDGE ( 'NONE', *, *, #1978, .F. ) ;
#482 = CLOSED_SHELL ( 'NONE', ( #7037, #464, #6362, #4546, #3018, #1413 ) ) ;
#483 = CARTESIAN_POINT ( 'NONE',  ( -0.8749999999999946700, 0.1000000000000000100, -1.599999999999996300 ) ) ;
#484 = VECTOR ( 'NONE', #627, 1000.000000000000000 ) ;
#485 = PLANE ( 'NONE',  #2982 ) ;
#486 = CARTESIAN_POINT ( 'NONE',  ( -0.6249999999999947800, 4.059797974644667700, -1.599999999999999000 ) ) ;
#487 = CARTESIAN_POINT ( 'NONE',  ( -1.599999999999994800, 0.0000000000000000000, 0.6250000000000001100 ) ) ;
#488 = PLANE ( 'NONE',  #3299 ) ;
#489 = VERTEX_POINT ( 'NONE', #5104 ) ;
#490 = VERTEX_POINT ( 'NONE', #7563 ) ;
#491 = VERTEX_POINT ( 'NONE', #1788 ) ;
#492 = DIRECTION ( 'NONE',  ( -0.0000000000000000000, -1.000000000000000000, -0.0000000000000000000 ) ) ;
#493 = ADVANCED_FACE ( 'NONE', ( #1730 ), #7644, .F. ) ;
#494 = VECTOR ( 'NONE', #2118, 1000.000000000000000 ) ;
#495 = FILL_AREA_STYLE_COLOUR ( '', #649 ) ;
#496 = VERTEX_POINT ( 'NONE', #1841 ) ;
#497 = EDGE_CURVE ( 'NONE', #2077, #448, #346, .T. ) ;
#498 = EDGE_CURVE ( 'NONE', #2961, #2549, #4782, .T. ) ;
#499 = PLANE ( 'NONE',  #1996 ) ;
#500 = STYLED_ITEM ( 'NONE', ( #1146 ), #811 ) ;
#501 = VECTOR ( 'NONE', #2689, 1000.000000000000000 ) ;
#502 = ADVANCED_FACE ( 'NONE', ( #3542 ), #7058, .T. ) ;
#503 = AXIS2_PLACEMENT_3D ( 'NONE', #1229, #8288, #4415 ) ;
#504 = CARTESIAN_POINT ( 'NONE',  ( -1.600000000000000300, 0.5257359312880716100, -1.600000000000000300 ) ) ;
#505 = VECTOR ( 'NONE', #5709, 1000.000000000000000 ) ;
#506 = SURFACE_SIDE_STYLE ('',( #1838 ) ) ;
#507 = CARTESIAN_POINT ( 'NONE',  ( -1.599999999999957900, 0.0000000000000000000, 0.1250000000000245600 ) ) ;
#508 = VECTOR ( 'NONE', #4210, 1000.000000000000000 ) ;
#509 = FACE_OUTER_BOUND ( 'NONE', #4587, .T. ) ;
#510 = EDGE_CURVE ( 'NONE', #2768, #3698, #6682, .T. ) ;
#511 = CARTESIAN_POINT ( 'NONE',  ( 1.399999999999999900, 0.1000000000000000100, 1.400000000000000100 ) ) ;
#512 = CARTESIAN_POINT ( 'NONE',  ( 0.3749999999999946700, 0.1000000000000002600, -1.599999999999996300 ) ) ;
#513 = CARTESIAN_POINT ( 'NONE',  ( 0.3749999999999943400, 0.1000000000000000100, 1.599999999999995900 ) ) ;
#514 = CARTESIAN_POINT ( 'NONE',  ( -1.374999999999950500, 0.1000000000000002600, 1.999999999999999100 ) ) ;
#515 = EDGE_LOOP ( 'NONE', ( #1807, #946, #5802, #591 ) ) ;
#516 = PLANE ( 'NONE',  #7566 ) ;
#517 = FACE_OUTER_BOUND ( 'NONE', #3535, .T. ) ;
#518 = AXIS2_PLACEMENT_3D ( 'NONE', #5147, #6499, #6447 ) ;
#519 = DIRECTION ( 'NONE',  ( 6.071532165919179000E-015, 0.0000000000000000000, -1.000000000000000000 ) ) ;
#520 = CARTESIAN_POINT ( 'NONE',  ( 1.374999999999999100, 0.1000000000000000100, -1.999999999999996200 ) ) ;
#521 = DIRECTION ( 'NONE',  ( -0.0000000000000000000, 1.000000000000000000, 0.0000000000000000000 ) ) ;
#522 = CARTESIAN_POINT ( 'NONE',  ( -0.6249999999999943400, 0.1000000000000002600, 1.599999999999998500 ) ) ;
#523 = VECTOR ( 'NONE', #4758, 1000.000000000000000 ) ;
#524 = ORIENTED_EDGE ( 'NONE', *, *, #2417, .T. ) ;
#525 = VECTOR ( 'NONE', #4649, 1000.000000000000000 ) ;
#526 = PLANE ( 'NONE',  #3136 ) ;
#527 = EDGE_CURVE ( 'NONE', #5767, #3152, #6292, .T. ) ;
#528 = VECTOR ( 'NONE', #5071, 1000.000000000000000 ) ;
#529 = DIRECTION ( 'NONE',  ( 1.000000000000000000, 0.0000000000000000000, 1.040834085586084300E-014 ) ) ;
#530 = CARTESIAN_POINT ( 'NONE',  ( -1.599999999999991200, -0.0000000000000000000, -1.125000000000014700 ) ) ;
#531 = ADVANCED_FACE ( 'NONE', ( #3352 ), #5161, .T. ) ;
#532 = LINE ( 'NONE', #520, #4948 ) ;
#533 = CARTESIAN_POINT ( 'NONE',  ( 0.0000000000000000000, 0.1000000000000000100, 0.0000000000000000000 ) ) ;
#534 = PRESENTATION_LAYER_ASSIGNMENT (  '', '', ( #5434 ) ) ;
#535 = ORIENTED_EDGE ( 'NONE', *, *, #3077, .T. ) ;
#536 = VERTEX_POINT ( 'NONE', #6427 ) ;
#537 = VECTOR ( 'NONE', #2761, 1000.000000000000000 ) ;
#538 = DIRECTION ( 'NONE',  ( 0.0000000000000000000, -0.0000000000000000000, 1.000000000000000000 ) ) ;
#539 = ORIENTED_EDGE ( 'NONE', *, *, #3654, .T. ) ;
#540 = DIRECTION ( 'NONE',  ( -6.071532165919177500E-015, 0.0000000000000000000, 1.000000000000000000 ) ) ;
#541 = EDGE_CURVE ( 'NONE', #4849, #5320, #1531, .T. ) ;
#542 = ADVANCED_FACE ( 'NONE', ( #5066 ), #6669, .F. ) ;
#543 = LINE ( 'NONE', #2402, #3261 ) ;
#544 = ORIENTED_EDGE ( 'NONE', *, *, #6057, .F. ) ;
#545 = ORIENTED_EDGE ( 'NONE', *, *, #6209, .F. ) ;
#546 = CARTESIAN_POINT ( 'NONE',  ( -1.600000000000000300, 1.050000000000000000, -1.750000000000000200 ) ) ;
#547 = FACE_OUTER_BOUND ( 'NONE', #1185, .T. ) ;
#548 = VERTEX_POINT ( 'NONE', #3338 ) ;
#549 = FACE_OUTER_BOUND ( 'NONE', #3271, .T. ) ;
#550 = CARTESIAN_POINT ( 'NONE',  ( -2.100000000000000100, 1.050000000000000000, 2.100000000000000100 ) ) ;
#551 = CARTESIAN_POINT ( 'NONE',  ( 2.000000000000005300, 0.0000000000000000000, 0.6250000000000000000 ) ) ;
#552 = DIRECTION ( 'NONE',  ( 1.000000000000000000, 0.0000000000000000000, 1.668003342285391800E-016 ) ) ;
#553 = CARTESIAN_POINT ( 'NONE',  ( 2.000000000000000000, 0.0000000000000000000, -0.3750000000000000600 ) ) ;
#554 = DIRECTION ( 'NONE',  ( -9.757819552369557300E-015, -0.0000000000000000000, -1.000000000000000000 ) ) ;
#555 = ORIENTED_EDGE ( 'NONE', *, *, #6147, .F. ) ;
#556 = VECTOR ( 'NONE', #2266, 1000.000000000000000 ) ;
#557 = ORIENTED_EDGE ( 'NONE', *, *, #6387, .T. ) ;
#558 = VERTEX_POINT ( 'NONE', #4619 ) ;
#559 = LINE ( 'NONE', #6043, #8064 ) ;
#560 = AXIS2_PLACEMENT_3D ( 'NONE', #7989, #4177, #340 ) ;
#561 = VECTOR ( 'NONE', #2539, 1000.000000000000000 ) ;
#562 = CARTESIAN_POINT ( 'NONE',  ( 0.6249999999999946700, 0.1000000000000002600, -1.599999999999999000 ) ) ;
#563 = AXIS2_PLACEMENT_3D ( 'NONE', #5178, #6555, #4548 ) ;
#564 = EDGE_LOOP ( 'NONE', ( #7063, #5285, #855, #4848 ) ) ;
#565 = VERTEX_POINT ( 'NONE', #7256 ) ;
#566 = ORIENTED_EDGE ( 'NONE', *, *, #5683, .T. ) ;
#567 = DIRECTION ( 'NONE',  ( -0.0000000000000000000, 1.000000000000000000, 0.0000000000000000000 ) ) ;
#568 = EDGE_CURVE ( 'NONE', #5600, #6087, #56, .T. ) ;
#569 = CLOSED_SHELL ( 'NONE', ( #8024, #3729, #2396, #4837 ) ) ;
#570 = FACE_OUTER_BOUND ( 'NONE', #7382, .T. ) ;
#571 = DIRECTION ( 'NONE',  ( -1.000000000000000000, -0.0000000000000000000, 1.040834085586084700E-014 ) ) ;
#572 = PLANE ( 'NONE',  #3417 ) ;
#573 = CARTESIAN_POINT ( 'NONE',  ( 1.600000000000001600, 0.1000000000000002600, 0.1250000000000245600 ) ) ;
#574 = ORIENTED_EDGE ( 'NONE', *, *, #5757, .T. ) ;
#575 = CARTESIAN_POINT ( 'NONE',  ( -0.6249999999999496000, 0.1000000000000002600, -1.999999999999999100 ) ) ;
#576 = ORIENTED_EDGE ( 'NONE', *, *, #329, .F. ) ;
#577 = ORIENTED_EDGE ( 'NONE', *, *, #6945, .T. ) ;
#578 = AXIS2_PLACEMENT_3D ( 'NONE', #2492, #661, #1959 ) ;
#579 = VERTEX_POINT ( 'NONE', #4046 ) ;
#580 = VECTOR ( 'NONE', #7617, 1000.000000000000000 ) ;
#581 = EDGE_CURVE ( 'NONE', #1158, #2881, #1545, .T. ) ;
#582 = CARTESIAN_POINT ( 'NONE',  ( 1.600000000000005200, 0.1000000000000000100, -0.8750000000000001100 ) ) ;
#583 = ADVANCED_FACE ( 'NONE', ( #4584 ), #7885, .F. ) ;
#584 = ORIENTED_EDGE ( 'NONE', *, *, #8231, .T. ) ;
#585 = ORIENTED_EDGE ( 'NONE', *, *, #7791, .T. ) ;
#586 = ORIENTED_EDGE ( 'NONE', *, *, #992, .F. ) ;
#587 = PLANE ( 'NONE',  #6592 ) ;
#588 = CARTESIAN_POINT ( 'NONE',  ( -1.599999999999995000, -0.0000000000000000000, -0.8750000000000001100 ) ) ;
#589 = PLANE ( 'NONE',  #6364 ) ;
#590 = EDGE_CURVE ( 'NONE', #7807, #7109, #4962, .T. ) ;
#591 = ORIENTED_EDGE ( 'NONE', *, *, #3915, .T. ) ;
#592 = ADVANCED_FACE ( 'NONE', ( #2854 ), #1401, .F. ) ;
#593 = VERTEX_POINT ( 'NONE', #5268 ) ;
#594 = CARTESIAN_POINT ( 'NONE',  ( -1.999999999999994900, 0.1000000000000000100, -0.6250000000000000000 ) ) ;
#595 = DIRECTION ( 'NONE',  ( 0.0000000000000000000, 1.000000000000000000, 0.0000000000000000000 ) ) ;
#596 = PLANE ( 'NONE',  #5743 ) ;
#597 = CARTESIAN_POINT ( 'NONE',  ( 2.000000000000005300, 0.1000000000000000100, -0.8750000000000001100 ) ) ;
#598 = VECTOR ( 'NONE', #8139, 1000.000000000000000 ) ;
#599 = EDGE_LOOP ( 'NONE', ( #6876, #2665, #3870, #7502 ) ) ;
#600 = DIRECTION ( 'NONE',  ( 1.000000000000000000, 0.0000000000000000000, 2.710505431213760100E-016 ) ) ;
#601 = CARTESIAN_POINT ( 'NONE',  ( 0.0000000000000000000, 0.0000000000000000000, 0.0000000000000000000 ) ) ;
#602 = EDGE_CURVE ( 'NONE', #2229, #7727, #4357, .T. ) ;
#603 = VECTOR ( 'NONE', #3045, 1000.000000000000000 ) ;
#604 = CARTESIAN_POINT ( 'NONE',  ( 2.000000000000005300, 0.0000000000000000000, -0.6250000000000000000 ) ) ;
#605 = FACE_OUTER_BOUND ( 'NONE', #6584, .T. ) ;
#606 = AXIS2_PLACEMENT_3D ( 'NONE', #3768, #1190, #5699 ) ;
#607 = LINE ( 'NONE', #3186, #3808 ) ;
#608 = CARTESIAN_POINT ( 'NONE',  ( 1.600000000000005200, 0.0000000000000000000, -0.8750000000000001100 ) ) ;
#609 = CARTESIAN_POINT ( 'NONE',  ( -1.599999999999957900, 0.0000000000000000000, 0.1250000000000245600 ) ) ;
#610 = LINE ( 'NONE', #6703, #7346 ) ;
#611 = CARTESIAN_POINT ( 'NONE',  ( -0.3749999999999943400, 0.1000000000000002600, 1.599999999999995900 ) ) ;
#612 = DIRECTION ( 'NONE',  ( -1.000000000000000000, 0.0000000000000000000, 1.127570259384925200E-014 ) ) ;
#613 = CARTESIAN_POINT ( 'NONE',  ( -1.599999999999991200, 0.0000000000000000000, 1.125000000000014700 ) ) ;
#614 = EDGE_CURVE ( 'NONE', #8069, #7784, #8156, .T. ) ;
#615 = EDGE_CURVE ( 'NONE', #491, #3555, #1943, .T. ) ;
#616 = CARTESIAN_POINT ( 'NONE',  ( 0.0000000000000000000, 0.1000000000000000100, 0.0000000000000000000 ) ) ;
#617 = VECTOR ( 'NONE', #1974, 1000.000000000000000 ) ;
#618 = AXIS2_PLACEMENT_3D ( 'NONE', #6392, #2462, #1174 ) ;
#619 = CARTESIAN_POINT ( 'NONE',  ( 1.600000000000005200, 0.1000000000000000100, 0.8750000000000001100 ) ) ;
#620 = CARTESIAN_POINT ( 'NONE',  ( 0.3749999999999946700, 0.1000000000000002600, -1.599999999999996300 ) ) ;
#621 = ORIENTED_EDGE ( 'NONE', *, *, #6114, .T. ) ;
#622 = LINE ( 'NONE', #124, #4031 ) ;
#623 = CARTESIAN_POINT ( 'NONE',  ( 1.600000000000005200, 0.1000000000000002600, 0.8750000000000001100 ) ) ;
#624 = DIRECTION ( 'NONE',  ( -1.127570259384925100E-014, 0.0000000000000000000, 1.000000000000000000 ) ) ;
#625 = ADVANCED_FACE ( 'NONE', ( #4567 ), #6623, .F. ) ;
#626 = AXIS2_PLACEMENT_3D ( 'NONE', #1692, #442, #5055 ) ;
#627 = DIRECTION ( 'NONE',  ( 0.0000000000000000000, 0.0000000000000000000, -1.000000000000000000 ) ) ;
#628 = EDGE_LOOP ( 'NONE', ( #5276, #1262, #249, #6720 ) ) ;
#629 = VECTOR ( 'NONE', #1019, 1000.000000000000000 ) ;
#630 = VERTEX_POINT ( 'NONE', #7915 ) ;
#631 = EDGE_CURVE ( 'NONE', #938, #1150, #2639, .T. ) ;
#632 =( NAMED_UNIT ( * ) PLANE_ANGLE_UNIT ( ) SI_UNIT ( $, .RADIAN. ) );
#633 =( LENGTH_UNIT ( ) NAMED_UNIT ( * ) SI_UNIT ( .MILLI., .METRE. ) );
#634 = PLANE ( 'NONE',  #503 ) ;
#635 = COLOUR_RGB ( '',1.000000000000000000, 0.8117647058823529400, 0.5019607843137254800 ) ;
#636 = DIRECTION ( 'NONE',  ( 0.0000000000000000000, 0.0000000000000000000, 1.000000000000000000 ) ) ;
#637 = ADVANCED_FACE ( 'NONE', ( #1337 ), #238, .F. ) ;
#638 = LINE ( 'NONE', #7353, #2316 ) ;
#639 = CARTESIAN_POINT ( 'NONE',  ( 0.1249999999999943900, 0.1000000000000000100, 1.599999999999998500 ) ) ;
#640 = FACE_OUTER_BOUND ( 'NONE', #3859, .T. ) ;
#641 = DIRECTION ( 'NONE',  ( 1.000000000000000000, 0.0000000000000000000, -3.089976191583644100E-014 ) ) ;
#642 = DIRECTION ( 'NONE',  ( 0.0000000000000000000, 0.0000000000000000000, 1.000000000000000000 ) ) ;
#643 = CARTESIAN_POINT ( 'NONE',  ( 1.399999999999999900, 0.0000000000000000000, 1.400000000000000100 ) ) ;
#644 = DIRECTION ( 'NONE',  ( -1.000000000000000000, 0.0000000000000000000, -1.040834085586084300E-014 ) ) ;
#645 = ORIENTED_EDGE ( 'NONE', *, *, #4994, .F. ) ;
#646 = DIRECTION ( 'NONE',  ( 0.0000000000000000000, 0.0000000000000000000, -1.000000000000000000 ) ) ;
#647 = FACE_OUTER_BOUND ( 'NONE', #3430, .T. ) ;
#648 = ORIENTED_EDGE ( 'NONE', *, *, #5707, .T. ) ;
#649 = COLOUR_RGB ( '',0.2509803921568627400, 0.2509803921568627400, 0.2509803921568627400 ) ;
#650 = CARTESIAN_POINT ( 'NONE',  ( 1.600000000000004300, 0.1000000000000000100, -0.3750000000000244800 ) ) ;
#651 = CARTESIAN_POINT ( 'NONE',  ( -1.600000000000000300, 0.9500000000000000700, -1.600000000000000300 ) ) ;
#652 = ORIENTED_EDGE ( 'NONE', *, *, #7580, .F. ) ;
#653 = PLANE ( 'NONE',  #237 ) ;
#654 = VERTEX_POINT ( 'NONE', #4670 ) ;
#655 = VECTOR ( 'NONE', #6736, 1000.000000000000000 ) ;
#656 = DIRECTION ( 'NONE',  ( 0.0000000000000000000, 0.0000000000000000000, 1.000000000000000000 ) ) ;
#657 = VECTOR ( 'NONE', #2000, 1000.000000000000000 ) ;
#658 = AXIS2_PLACEMENT_3D ( 'NONE', #953, #2892, #3407 ) ;
#659 = ORIENTED_EDGE ( 'NONE', *, *, #6082, .F. ) ;
#660 = LINE ( 'NONE', #1679, #3858 ) ;
#661 = DIRECTION ( 'NONE',  ( 1.000000000000000000, 0.0000000000000000000, -1.691355389077552800E-013 ) ) ;
#662 = EDGE_LOOP ( 'NONE', ( #2029, #765, #4607, #4074 ) ) ;
#663 = DIRECTION ( 'NONE',  ( -1.057097118173367800E-014, -0.0000000000000000000, 1.000000000000000000 ) ) ;
#664 = ORIENTED_EDGE ( 'NONE', *, *, #2066, .T. ) ;
#665 = FACE_OUTER_BOUND ( 'NONE', #3356, .T. ) ;
#666 = EDGE_CURVE ( 'NONE', #7587, #4719, #7573, .T. ) ;
#667 = ORIENTED_EDGE ( 'NONE', *, *, #1400, .T. ) ;
#668 = LINE ( 'NONE', #2700, #2148 ) ;
#669 = AXIS2_PLACEMENT_3D ( 'NONE', #799, #7839, #6591 ) ;
#670 = ORIENTED_EDGE ( 'NONE', *, *, #5261, .F. ) ;
#671 = LINE ( 'NONE', #4698, #5796 ) ;
#672 = FILL_AREA_STYLE ('',( #4514 ) ) ;
#673 = DIRECTION ( 'NONE',  ( 0.0000000000000000000, -0.0000000000000000000, 1.000000000000000000 ) ) ;
#674 = DIRECTION ( 'NONE',  ( 1.000000000000000000, 0.0000000000000000000, -0.0000000000000000000 ) ) ;
#675 = VERTEX_POINT ( 'NONE', #2179 ) ;
#676 = VERTEX_POINT ( 'NONE', #130 ) ;
#677 = STYLED_ITEM ( 'NONE', ( #973 ), #7956 ) ;
#678 = CARTESIAN_POINT ( 'NONE',  ( -1.599999999999995000, 0.1000000000000002600, 0.8750000000000001100 ) ) ;
#679 = MECHANICAL_DESIGN_GEOMETRIC_PRESENTATION_REPRESENTATION (  '', ( #2807 ), #6854 ) ;
#680 = ADVANCED_FACE ( 'NONE', ( #6695 ), #1426, .T. ) ;
#681 = VECTOR ( 'NONE', #663, 1000.000000000000000 ) ;
#682 = DIRECTION ( 'NONE',  ( -1.127570259384925200E-014, 0.0000000000000000000, 1.000000000000000000 ) ) ;
#683 = EDGE_CURVE ( 'NONE', #81, #5460, #7395, .T. ) ;
#684 = PLANE ( 'NONE',  #6446 ) ;
#685 = ORIENTED_EDGE ( 'NONE', *, *, #6025, .T. ) ;
#686 = ORIENTED_EDGE ( 'NONE', *, *, #6843, .F. ) ;
#687 = EDGE_LOOP ( 'NONE', ( #7309, #1285, #5043, #6987 ) ) ;
#688 = PLANE ( 'NONE',  #6603 ) ;
#689 = FACE_OUTER_BOUND ( 'NONE', #1806, .T. ) ;
#690 = CARTESIAN_POINT ( 'NONE',  ( 1.600000000000004300, 0.1000000000000000100, 0.3750000000000244800 ) ) ;
#691 = AXIS2_PLACEMENT_3D ( 'NONE', #7779, #7198, #761 ) ;
#692 = ORIENTED_EDGE ( 'NONE', *, *, #2614, .F. ) ;
#693 = ORIENTED_EDGE ( 'NONE', *, *, #4700, .F. ) ;
#694 = PRESENTATION_STYLE_ASSIGNMENT (( #1255 ) ) ;
#695 = SURFACE_SIDE_STYLE ('',( #4524 ) ) ;
#696 = ORIENTED_EDGE ( 'NONE', *, *, #4170, .F. ) ;
#697 = DIRECTION ( 'NONE',  ( -1.002887009549093300E-014, -0.0000000000000000000, -1.000000000000000000 ) ) ;
#698 = DIRECTION ( 'NONE',  ( 1.000000000000000000, -0.0000000000000000000, 8.673617379884035500E-016 ) ) ;
#699 = CARTESIAN_POINT ( 'NONE',  ( -1.600000000000000100, -0.0000000000000000000, -0.3750000000000000600 ) ) ;
#700 = ORIENTED_EDGE ( 'NONE', *, *, #7388, .T. ) ;
#701 = CARTESIAN_POINT ( 'NONE',  ( -2.000000000000000000, 0.1000000000000000100, -0.3750000000000000600 ) ) ;
#702 = ORIENTED_EDGE ( 'NONE', *, *, #3756, .F. ) ;
#703 = EDGE_CURVE ( 'NONE', #3144, #6566, #1447, .T. ) ;
#704 = FACE_OUTER_BOUND ( 'NONE', #3907, .T. ) ;
#705 = LINE ( 'NONE', #6610, #5625 ) ;
#706 = ORIENTED_EDGE ( 'NONE', *, *, #1448, .T. ) ;
#707 = DIRECTION ( 'NONE',  ( -1.002887009549093500E-014, 0.0000000000000000000, -1.000000000000000000 ) ) ;
#708 = VECTOR ( 'NONE', #5688, 1000.000000000000000 ) ;
#709 = LINE ( 'NONE', #6831, #408 ) ;
#710 = SURFACE_SIDE_STYLE ('',( #3817 ) ) ;
#711 = DIRECTION ( 'NONE',  ( -0.0000000000000000000, -1.000000000000000000, -0.0000000000000000000 ) ) ;
#712 = CARTESIAN_POINT ( 'NONE',  ( -2.100000000000000100, 1.050000000000000000, 2.100000000000000100 ) ) ;
#713 = EDGE_CURVE ( 'NONE', #4489, #4904, #3974, .T. ) ;
#714 = MANIFOLD_SOLID_BREP ( 'Boss-Extrude2[22]', #4878 ) ;
#715 = ADVANCED_FACE ( 'NONE', ( #3862 ), #7363, .T. ) ;
#716 = LINE ( 'NONE', #2752, #6940 ) ;
#717 = SURFACE_STYLE_USAGE ( .BOTH. , #695 ) ;
#718 = VECTOR ( 'NONE', #5798, 1000.000000000000000 ) ;
#719 = AXIS2_PLACEMENT_3D ( 'NONE', #504, #6260, #1693 ) ;
#720 =( LENGTH_UNIT ( ) NAMED_UNIT ( * ) SI_UNIT ( .MILLI., .METRE. ) );
#721 = DIRECTION ( 'NONE',  ( -0.0000000000000000000, 1.000000000000000000, 0.0000000000000000000 ) ) ;
#722 = EDGE_CURVE ( 'NONE', #6608, #1837, #559, .T. ) ;
#723 = CARTESIAN_POINT ( 'NONE',  ( -1.999999999999994900, 0.0000000000000000000, 0.8750000000000001100 ) ) ;
#724 = MECHANICAL_DESIGN_GEOMETRIC_PRESENTATION_REPRESENTATION (  '', ( #5359 ), #6653 ) ;
#725 = FACE_OUTER_BOUND ( 'NONE', #72, .T. ) ;
#726 = CARTESIAN_POINT ( 'NONE',  ( -0.1249999999999497800, 0.1000000000000002600, -1.999999999999999100 ) ) ;
#727 = LINE ( 'NONE', #513, #3429 ) ;
#728 = ORIENTED_EDGE ( 'NONE', *, *, #3509, .T. ) ;
#729 = DIRECTION ( 'NONE',  ( -6.938893903906731400E-015, 0.0000000000000000000, -1.000000000000000000 ) ) ;
#730 = FACE_OUTER_BOUND ( 'NONE', #1878, .T. ) ;
#731 = EDGE_CURVE ( 'NONE', #7109, #1077, #3649, .T. ) ;
#732 = DIRECTION ( 'NONE',  ( 1.000000000000000000, 0.0000000000000000000, 6.098637220231029300E-014 ) ) ;
#733 = DIRECTION ( 'NONE',  ( -1.000000000000000000, 0.0000000000000000000, 6.938893903907228400E-015 ) ) ;
#734 = FACE_OUTER_BOUND ( 'NONE', #2149, .T. ) ;
#735 = ORIENTED_EDGE ( 'NONE', *, *, #5505, .T. ) ;
#736 = ORIENTED_EDGE ( 'NONE', *, *, #7593, .T. ) ;
#737 = DIRECTION ( 'NONE',  ( 0.0000000000000000000, -0.0000000000000000000, 1.000000000000000000 ) ) ;
#738 = VECTOR ( 'NONE', #966, 1000.000000000000000 ) ;
#739 = EDGE_CURVE ( 'NONE', #6795, #459, #4373, .T. ) ;
#740 = VECTOR ( 'NONE', #1539, 1000.000000000000000 ) ;
#741 = PLANE ( 'NONE',  #5795 ) ;
#742 = PLANE ( 'NONE',  #2484 ) ;
#743 = DIRECTION ( 'NONE',  ( 0.0000000000000000000, -0.0000000000000000000, 1.000000000000000000 ) ) ;
#744 = DIRECTION ( 'NONE',  ( -1.000000000000000000, -0.0000000000000000000, 1.040834085586084700E-014 ) ) ;
#745 = VECTOR ( 'NONE', #4390, 1000.000000000000000 ) ;
#746 = ORIENTED_EDGE ( 'NONE', *, *, #5349, .F. ) ;
#747 = ORIENTED_EDGE ( 'NONE', *, *, #7655, .T. ) ;
#748 = FACE_OUTER_BOUND ( 'NONE', #7846, .T. ) ;
#749 = VERTEX_POINT ( 'NONE', #2852 ) ;
#750 = FACE_OUTER_BOUND ( 'NONE', #3354, .T. ) ;
#751 = ADVANCED_FACE ( 'NONE', ( #5788 ), #2255, .T. ) ;
#752 = DIRECTION ( 'NONE',  ( 1.000000000000000000, 0.0000000000000000000, -1.040834085586084700E-014 ) ) ;
#753 = PLANE ( 'NONE',  #2746 ) ;
#754 = ORIENTED_EDGE ( 'NONE', *, *, #5371, .F. ) ;
#755 = COLOUR_RGB ( '',1.000000000000000000, 0.8117647058823529400, 0.5019607843137254800 ) ;
#756 = PLANE ( 'NONE',  #2538 ) ;
#757 = ORIENTED_EDGE ( 'NONE', *, *, #6045, .F. ) ;
#758 = ORIENTED_EDGE ( 'NONE', *, *, #8221, .T. ) ;
#759 = EDGE_CURVE ( 'NONE', #1054, #1225, #2948, .T. ) ;
#760 = LINE ( 'NONE', #619, #7591 ) ;
#761 = DIRECTION ( 'NONE',  ( 1.000000000000000000, 0.0000000000000000000, -0.0000000000000000000 ) ) ;
#762 = DIRECTION ( 'NONE',  ( -1.000000000000000000, -0.0000000000000000000, 3.469446951953614200E-015 ) ) ;
#763 = EDGE_LOOP ( 'NONE', ( #5206, #4885, #7392, #8284 ) ) ;
#764 = DIRECTION ( 'NONE',  ( -1.000000000000000000, 0.0000000000000000000, -0.0000000000000000000 ) ) ;
#765 = ORIENTED_EDGE ( 'NONE', *, *, #5718, .F. ) ;
#766 = ORIENTED_EDGE ( 'NONE', *, *, #6735, .F. ) ;
#767 = VERTEX_POINT ( 'NONE', #4121 ) ;
#768 = CARTESIAN_POINT ( 'NONE',  ( -0.8749999999999942300, 0.1000000000000000100, 1.599999999999995900 ) ) ;
#769 = VECTOR ( 'NONE', #5934, 1000.000000000000000 ) ;
#770 = EDGE_CURVE ( 'NONE', #2155, #856, #7589, .T. ) ;
#771 = EDGE_CURVE ( 'NONE', #3822, #868, #7193, .T. ) ;
#772 = AXIS2_PLACEMENT_3D ( 'NONE', #768, #2074, #3998 ) ;
#773 = VERTEX_POINT ( 'NONE', #6772 ) ;
#774 = VERTEX_POINT ( 'NONE', #4145 ) ;
#775 = EDGE_LOOP ( 'NONE', ( #4081, #6986, #3450, #3754 ) ) ;
#776 = EDGE_LOOP ( 'NONE', ( #7689, #5105, #4857, #4578 ) ) ;
#777 = DIRECTION ( 'NONE',  ( 3.469446951953614200E-015, -0.0000000000000000000, 1.000000000000000000 ) ) ;
#778 = ORIENTED_EDGE ( 'NONE', *, *, #8125, .T. ) ;
#779 = CARTESIAN_POINT ( 'NONE',  ( -2.100000000000000100, 1.050000000000000000, -2.100000000000000100 ) ) ;
#780 = LINE ( 'NONE', #511, #580 ) ;
#781 = CARTESIAN_POINT ( 'NONE',  ( -0.8749999999999946700, 4.059797974644667700, -1.599999999999996300 ) ) ;
#782 = ORIENTED_EDGE ( 'NONE', *, *, #4585, .F. ) ;
#783 = ORIENTED_EDGE ( 'NONE', *, *, #3766, .F. ) ;
#784 = AXIS2_PLACEMENT_3D ( 'NONE', #26, #1908, #6367 ) ;
#785 = ORIENTED_EDGE ( 'NONE', *, *, #4200, .F. ) ;
#786 = CARTESIAN_POINT ( 'NONE',  ( -1.999999999999989600, 0.1000000000000000100, 1.375000000000000200 ) ) ;
#787 = CARTESIAN_POINT ( 'NONE',  ( 2.100000000000000100, 0.0000000000000000000, 2.100000000000000100 ) ) ;
#788 = LINE ( 'NONE', #3638, #3298 ) ;
#789 = EDGE_CURVE ( 'NONE', #7399, #1225, #164, .T. ) ;
#790 = DIRECTION ( 'NONE',  ( 0.0000000000000000000, -1.000000000000000000, 0.0000000000000000000 ) ) ;
#791 = CARTESIAN_POINT ( 'NONE',  ( -0.3749999999999946700, 4.059797974644667700, -1.599999999999996300 ) ) ;
#792 = ORIENTED_EDGE ( 'NONE', *, *, #7026, .F. ) ;
#793 = ORIENTED_EDGE ( 'NONE', *, *, #1695, .F. ) ;
#794 = CARTESIAN_POINT ( 'NONE',  ( 2.000000000000016000, 0.0000000000000000000, -1.125000000000012400 ) ) ;
#795 = DIRECTION ( 'NONE',  ( 1.000000000000000000, -0.0000000000000000000, 0.0000000000000000000 ) ) ;
#796 = CARTESIAN_POINT ( 'NONE',  ( -1.999999999999989600, 0.0000000000000000000, 1.375000000000000200 ) ) ;
#797 = AXIS2_PLACEMENT_3D ( 'NONE', #5880, #5194, #135 ) ;
#798 = FACE_OUTER_BOUND ( 'NONE', #359, .T. ) ;
#799 = CARTESIAN_POINT ( 'NONE',  ( 0.1249999999999947700, 0.1000000000000000100, -1.599999999999999000 ) ) ;
#800 = ADVANCED_FACE ( 'NONE', ( #2240 ), #6124, .T. ) ;
#801 = VERTEX_POINT ( 'NONE', #941 ) ;
#802 = DIRECTION ( 'NONE',  ( -0.0000000000000000000, -1.000000000000000000, -0.0000000000000000000 ) ) ;
#803 = CIRCLE ( 'NONE', #6747, 0.1499999999999999700 ) ;
#804 = DIRECTION ( 'NONE',  ( 2.710505431213760100E-016, 0.0000000000000000000, -1.000000000000000000 ) ) ;
#805 = FACE_OUTER_BOUND ( 'NONE', #3475, .T. ) ;
#806 = EDGE_CURVE ( 'NONE', #45, #7852, #943, .T. ) ;
#807 = FACE_OUTER_BOUND ( 'NONE', #2954, .T. ) ;
#808 = VECTOR ( 'NONE', #2942, 1000.000000000000000 ) ;
#809 = AXIS2_PLACEMENT_3D ( 'NONE', #2843, #4038, #1549 ) ;
#810 = DIRECTION ( 'NONE',  ( -1.000000000000000000, -0.0000000000000000000, -0.0000000000000000000 ) ) ;
#811 = MANIFOLD_SOLID_BREP ( 'Boss-Extrude3', #569 ) ;
#812 = FACE_OUTER_BOUND ( 'NONE', #7789, .T. ) ;
#813 = ORIENTED_EDGE ( 'NONE', *, *, #4147, .F. ) ;
#814 = CARTESIAN_POINT ( 'NONE',  ( -1.600000000000000100, 0.1000000000000000100, 0.3750000000000000600 ) ) ;
#815 = AXIS2_PLACEMENT_3D ( 'NONE', #5278, #804, #2023 ) ;
#816 = DIRECTION ( 'NONE',  ( -0.0000000000000000000, -0.0000000000000000000, 1.000000000000000000 ) ) ;
#817 = VERTEX_POINT ( 'NONE', #480 ) ;
#818 = LINE ( 'NONE', #4538, #317 ) ;
#819 = AXIS2_PLACEMENT_3D ( 'NONE', #283, #2878, #6084 ) ;
#820 = CARTESIAN_POINT ( 'NONE',  ( -0.6249999999999947800, -0.0000000000000000000, -1.599999999999999000 ) ) ;
#821 = LINE ( 'NONE', #7627, #5651 ) ;
#822 = DIRECTION ( 'NONE',  ( -1.000000000000000000, 0.0000000000000000000, -1.040834085586084300E-014 ) ) ;
#823 = CARTESIAN_POINT ( 'NONE',  ( 1.400000000000000400, 0.1000000000000000100, -1.399999999999999700 ) ) ;
#824 = FILL_AREA_STYLE_COLOUR ( '', #3326 ) ;
#825 = DIRECTION ( 'NONE',  ( -1.000000000000000000, -0.0000000000000000000, -2.710505431213760100E-016 ) ) ;
#826 = AXIS2_PLACEMENT_3D ( 'NONE', #4123, #1530, #2722 ) ;
#827 = DIRECTION ( 'NONE',  ( -1.000000000000000000, 0.0000000000000000000, 2.710505431213760100E-016 ) ) ;
#828 = VECTOR ( 'NONE', #2839, 1000.000000000000000 ) ;
#829 = EDGE_CURVE ( 'NONE', #4798, #5544, #8261, .T. ) ;
#830 = CARTESIAN_POINT ( 'NONE',  ( -1.599999999999994800, 0.1000000000000000100, -0.6250000000000001100 ) ) ;
#831 = VECTOR ( 'NONE', #6841, 1000.000000000000000 ) ;
#832 = ADVANCED_FACE ( 'NONE', ( #3755 ), #4294, .T. ) ;
#833 = ORIENTED_EDGE ( 'NONE', *, *, #2324, .F. ) ;
#834 = DIRECTION ( 'NONE',  ( 0.0000000000000000000, -1.000000000000000000, 0.0000000000000000000 ) ) ;
#835 = CARTESIAN_POINT ( 'NONE',  ( 0.6249999999999988900, 0.1000000000000000100, -1.999999999999998700 ) ) ;
#836 = VECTOR ( 'NONE', #3564, 1000.000000000000000 ) ;
#837 = DIRECTION ( 'NONE',  ( -6.071532165919177500E-015, 0.0000000000000000000, 1.000000000000000000 ) ) ;
#838 = ORIENTED_EDGE ( 'NONE', *, *, #7197, .F. ) ;
#839 = EDGE_LOOP ( 'NONE', ( #5746, #2367, #7136, #6972 ) ) ;
#840 = DIRECTION ( 'NONE',  ( 1.000000000000000000, -0.0000000000000000000, 0.0000000000000000000 ) ) ;
#841 = ORIENTED_EDGE ( 'NONE', *, *, #6131, .T. ) ;
#842 = CARTESIAN_POINT ( 'NONE',  ( -1.374999999999950900, 4.059797974644667700, -1.999999999999999100 ) ) ;
#843 = VECTOR ( 'NONE', #2411, 1000.000000000000000 ) ;
#844 = CARTESIAN_POINT ( 'NONE',  ( -2.000000000000000000, 0.1000000000000000100, 0.3750000000000000600 ) ) ;
#845 = ORIENTED_EDGE ( 'NONE', *, *, #4134, .F. ) ;
#846 = VECTOR ( 'NONE', #6656, 1000.000000000000000 ) ;
#847 = ORIENTED_EDGE ( 'NONE', *, *, #1189, .T. ) ;
#848 = EDGE_CURVE ( 'NONE', #5411, #397, #1245, .T. ) ;
#849 = EDGE_LOOP ( 'NONE', ( #7504, #7211, #7908, #1621 ) ) ;
#850 = DIRECTION ( 'NONE',  ( 1.000000000000000000, 0.0000000000000000000, 1.691355389077552800E-013 ) ) ;
#851 = LINE ( 'NONE', #1740, #4071 ) ;
#852 = CARTESIAN_POINT ( 'NONE',  ( 1.374999999999998400, 0.1000000000000002600, 1.999999999999996200 ) ) ;
#853 = CARTESIAN_POINT ( 'NONE',  ( 0.3749999999999989500, 0.1000000000000002600, -1.999999999999996200 ) ) ;
#854 = DIRECTION ( 'NONE',  ( 1.000000000000000000, 0.0000000000000000000, -1.040834085586084700E-014 ) ) ;
#855 = ORIENTED_EDGE ( 'NONE', *, *, #4882, .F. ) ;
#856 = VERTEX_POINT ( 'NONE', #3023 ) ;
#857 = EDGE_LOOP ( 'NONE', ( #2138, #71, #1825, #3799 ) ) ;
#858 = ORIENTED_EDGE ( 'NONE', *, *, #3539, .T. ) ;
#859 = DIRECTION ( 'NONE',  ( 0.0000000000000000000, -1.000000000000000000, 0.0000000000000000000 ) ) ;
#860 = LINE ( 'NONE', #3278, #2563 ) ;
#861 = CARTESIAN_POINT ( 'NONE',  ( -1.124999999999994400, 0.0000000000000000000, 1.599999999999998500 ) ) ;
#862 = CARTESIAN_POINT ( 'NONE',  ( 1.374999999999994200, 0.1000000000000002600, 1.599999999999995900 ) ) ;
#863 = VERTEX_POINT ( 'NONE', #1089 ) ;
#864 = CARTESIAN_POINT ( 'NONE',  ( -2.000000000000000000, -0.0000000000000000000, -0.3750000000000000600 ) ) ;
#865 = VERTEX_POINT ( 'NONE', #2364 ) ;
#866 = ORIENTED_EDGE ( 'NONE', *, *, #4384, .F. ) ;
#867 = EDGE_CURVE ( 'NONE', #2229, #630, #3367, .T. ) ;
#868 = VERTEX_POINT ( 'NONE', #1696 ) ;
#869 = VERTEX_POINT ( 'NONE', #4995 ) ;
#870 = VECTOR ( 'NONE', #2371, 1000.000000000000000 ) ;
#871 = DIRECTION ( 'NONE',  ( -1.000000000000000000, 0.0000000000000000000, -0.0000000000000000000 ) ) ;
#872 = VERTEX_POINT ( 'NONE', #2959 ) ;
#873 = VERTEX_POINT ( 'NONE', #2340 ) ;
#874 = ORIENTED_EDGE ( 'NONE', *, *, #3992, .F. ) ;
#875 = ADVANCED_FACE ( 'NONE', ( #5283 ), #4345, .F. ) ;
#876 = EDGE_LOOP ( 'NONE', ( #1542, #2520, #3143, #7622 ) ) ;
#877 = VECTOR ( 'NONE', #7474, 1000.000000000000000 ) ;
#878 = DIRECTION ( 'NONE',  ( 1.000000000000000000, -0.0000000000000000000, -1.040834085586084700E-014 ) ) ;
#879 = EDGE_CURVE ( 'NONE', #3255, #2257, #1051, .T. ) ;
#880 = STYLED_ITEM ( 'NONE', ( #4057 ), #1565 ) ;
#881 = DIRECTION ( 'NONE',  ( 1.000000000000000000, 0.0000000000000000000, 1.040834085586084700E-014 ) ) ;
#882 = EDGE_LOOP ( 'NONE', ( #6318, #4060, #2736, #5572 ) ) ;
#883 = PLANE ( 'NONE',  #3442 ) ;
#884 = EDGE_LOOP ( 'NONE', ( #1161, #375, #5920, #7678 ) ) ;
#885 = LINE ( 'NONE', #4080, #5515 ) ;
#886 = VERTEX_POINT ( 'NONE', #2420 ) ;
#887 = VERTEX_POINT ( 'NONE', #4914 ) ;
#888 = CARTESIAN_POINT ( 'NONE',  ( 2.000000000000015500, 0.0000000000000000000, 1.375000000000012400 ) ) ;
#889 = EDGE_LOOP ( 'NONE', ( #8052, #6371, #8267, #2059 ) ) ;
#890 = CARTESIAN_POINT ( 'NONE',  ( 0.0000000000000000000, 0.1000000000000000100, 0.0000000000000000000 ) ) ;
#891 = EDGE_CURVE ( 'NONE', #5600, #6017, #6587, .T. ) ;
#892 = CARTESIAN_POINT ( 'NONE',  ( 1.600000000000001600, 0.0000000000000000000, -0.1250000000000245600 ) ) ;
#893 = FILL_AREA_STYLE_COLOUR ( '', #5689 ) ;
#894 = LINE ( 'NONE', #2099, #494 ) ;
#895 = CIRCLE ( 'NONE', #4116, 0.1499999999999999700 ) ;
#896 = ORIENTED_EDGE ( 'NONE', *, *, #7643, .T. ) ;
#897 = DIRECTION ( 'NONE',  ( 0.0000000000000000000, 0.0000000000000000000, -1.000000000000000000 ) ) ;
#898 = DIRECTION ( 'NONE',  ( 0.0000000000000000000, -0.0000000000000000000, 1.000000000000000000 ) ) ;
#899 = LINE ( 'NONE', #7201, #6837 ) ;
#900 = FACE_BOUND ( 'NONE', #6052, .T. ) ;
#901 = DIRECTION ( 'NONE',  ( -1.095044194210350800E-013, -0.0000000000000000000, -1.000000000000000000 ) ) ;
#902 = DIRECTION ( 'NONE',  ( 1.100465205072778300E-013, 0.0000000000000000000, 1.000000000000000000 ) ) ;
#903 = CARTESIAN_POINT ( 'NONE',  ( -0.1249999999999497800, -0.0000000000000000000, -1.999999999999999100 ) ) ;
#904 = LINE ( 'NONE', #1756, #4425 ) ;
#905 = CARTESIAN_POINT ( 'NONE',  ( -1.599999999999989700, 0.1000000000000002600, 1.375000000000000200 ) ) ;
#906 = LINE ( 'NONE', #1258, #718 ) ;
#907 = DIRECTION ( 'NONE',  ( 1.127570259384925100E-014, 0.0000000000000000000, 1.000000000000000000 ) ) ;
#908 = ADVANCED_FACE ( 'NONE', ( #1626 ), #2392, .F. ) ;
#909 = FACE_OUTER_BOUND ( 'NONE', #2490, .T. ) ;
#910 = CARTESIAN_POINT ( 'NONE',  ( -1.599999999999994800, -0.0000000000000000000, -0.6250000000000001100 ) ) ;
#911 = EDGE_LOOP ( 'NONE', ( #706, #5794, #6578, #367 ) ) ;
#912 = FACE_OUTER_BOUND ( 'NONE', #1934, .T. ) ;
#913 = DIRECTION ( 'NONE',  ( -1.100465205072778200E-013, -0.0000000000000000000, -1.000000000000000000 ) ) ;
#914 = EDGE_CURVE ( 'NONE', #143, #5618, #4666, .T. ) ;
#915 = EDGE_CURVE ( 'NONE', #3574, #2953, #3155, .T. ) ;
#916 = ORIENTED_EDGE ( 'NONE', *, *, #3077, .F. ) ;
#917 =( GEOMETRIC_REPRESENTATION_CONTEXT ( 3 ) GLOBAL_UNCERTAINTY_ASSIGNED_CONTEXT ( ( #7204 ) ) GLOBAL_UNIT_ASSIGNED_CONTEXT ( ( #2311, #6178, #6912 ) ) REPRESENTATION_CONTEXT ( 'NONE', 'WORKASPACE' ) );
#918 = VECTOR ( 'NONE', #3302, 1000.000000000000000 ) ;
#919 = LINE ( 'NONE', #1903, #2826 ) ;
#920 = DIRECTION ( 'NONE',  ( -0.0000000000000000000, -1.000000000000000000, -0.0000000000000000000 ) ) ;
#921 = CARTESIAN_POINT ( 'NONE',  ( 2.000000000000000000, 0.1000000000000002600, -0.3750000000000000600 ) ) ;
#922 = LINE ( 'NONE', #7014, #1720 ) ;
#923 = ORIENTED_EDGE ( 'NONE', *, *, #3608, .T. ) ;
#924 = ORIENTED_EDGE ( 'NONE', *, *, #3670, .F. ) ;
#925 = VECTOR ( 'NONE', #1597, 1000.000000000000000 ) ;
#926 = EDGE_CURVE ( 'NONE', #3553, #5693, #934, .T. ) ;
#927 = LINE ( 'NONE', #6029, #5275 ) ;
#928 = PLANE ( 'NONE',  #2771 ) ;
#929 = CARTESIAN_POINT ( 'NONE',  ( -1.599999999999994800, 4.059797974644667700, -0.6250000000000001100 ) ) ;
#930 = CARTESIAN_POINT ( 'NONE',  ( -1.999999999999994900, 0.0000000000000000000, 0.8750000000000001100 ) ) ;
#931 = VECTOR ( 'NONE', #4076, 1000.000000000000000 ) ;
#932 = EDGE_LOOP ( 'NONE', ( #6323, #5187 ) ) ;
#933 = VERTEX_POINT ( 'NONE', #7553 ) ;
#934 = LINE ( 'NONE', #4883, #1234 ) ;
#935 =( NAMED_UNIT ( * ) SI_UNIT ( $, .STERADIAN. ) SOLID_ANGLE_UNIT ( ) );
#936 = AXIS2_PLACEMENT_3D ( 'NONE', #2571, #6551, #3310 ) ;
#937 = EDGE_LOOP ( 'NONE', ( #5118, #5155, #3078, #2264 ) ) ;
#938 = VERTEX_POINT ( 'NONE', #1717 ) ;
#939 = LINE ( 'NONE', #4816, #4163 ) ;
#940 = VERTEX_POINT ( 'NONE', #5026 ) ;
#941 = CARTESIAN_POINT ( 'NONE',  ( -1.600000000000000100, 0.0000000000000000000, 0.3750000000000000600 ) ) ;
#942 = ORIENTED_EDGE ( 'NONE', *, *, #7996, .F. ) ;
#943 = LINE ( 'NONE', #6095, #1635 ) ;
#944 = FACE_OUTER_BOUND ( 'NONE', #3983, .T. ) ;
#945 = EDGE_CURVE ( 'NONE', #6535, #7603, #4361, .T. ) ;
#946 = ORIENTED_EDGE ( 'NONE', *, *, #1220, .F. ) ;
#947 = ORIENTED_EDGE ( 'NONE', *, *, #1347, .F. ) ;
#948 = ORIENTED_EDGE ( 'NONE', *, *, #771, .T. ) ;
#949 = UNCERTAINTY_MEASURE_WITH_UNIT (LENGTH_MEASURE( 1.000000000000000100E-005 ), #1490, 'distance_accuracy_value', 'NONE');
#950 = DIRECTION ( 'NONE',  ( -1.000000000000000000, 0.0000000000000000000, -0.0000000000000000000 ) ) ;
#951 = CARTESIAN_POINT ( 'NONE',  ( 1.600000000000001600, 0.1000000000000000100, 0.1250000000000245600 ) ) ;
#952 = DIRECTION ( 'NONE',  ( 0.0000000000000000000, 0.0000000000000000000, -1.000000000000000000 ) ) ;
#953 = CARTESIAN_POINT ( 'NONE',  ( -1.999999999999989600, 0.1000000000000000100, -1.375000000000000200 ) ) ;
#954 = LINE ( 'NONE', #7141, #769 ) ;
#955 = DIRECTION ( 'NONE',  ( -1.691355389077552800E-013, -0.0000000000000000000, 1.000000000000000000 ) ) ;
#956 =( GEOMETRIC_REPRESENTATION_CONTEXT ( 3 ) GLOBAL_UNCERTAINTY_ASSIGNED_CONTEXT ( ( #6685 ) ) GLOBAL_UNIT_ASSIGNED_CONTEXT ( ( #994, #333, #4197 ) ) REPRESENTATION_CONTEXT ( 'NONE', 'WORKASPACE' ) );
#957 = CARTESIAN_POINT ( 'NONE',  ( 1.374999999999999100, 4.059797974644667700, -1.999999999999996200 ) ) ;
#958 = DIRECTION ( 'NONE',  ( -1.040834085586084700E-014, 0.0000000000000000000, -1.000000000000000000 ) ) ;
#959 = ADVANCED_FACE ( 'NONE', ( #5188 ), #5622, .F. ) ;
#960 = ADVANCED_FACE ( 'NONE', ( #5070 ), #5152, .T. ) ;
#961 = ORIENTED_EDGE ( 'NONE', *, *, #6846, .F. ) ;
#962 = EDGE_LOOP ( 'NONE', ( #2677, #5586, #5103, #5197 ) ) ;
#963 = ORIENTED_EDGE ( 'NONE', *, *, #3198, .F. ) ;
#964 = VERTEX_POINT ( 'NONE', #5708 ) ;
#965 = EDGE_CURVE ( 'NONE', #865, #2077, #4152, .T. ) ;
#966 = DIRECTION ( 'NONE',  ( -1.000000000000000000, -0.0000000000000000000, 3.469446951953614600E-015 ) ) ;
#967 = VECTOR ( 'NONE', #7190, 1000.000000000000000 ) ;
#968 = SURFACE_SIDE_STYLE ('',( #8129 ) ) ;
#969 = AXIS2_PLACEMENT_3D ( 'NONE', #781, #169, #3306 ) ;
#970 = EDGE_LOOP ( 'NONE', ( #6279, #2917, #5307, #4196 ) ) ;
#971 = EDGE_LOOP ( 'NONE', ( #5502, #3257, #5205, #4096 ) ) ;
#972 = ORIENTED_EDGE ( 'NONE', *, *, #1842, .F. ) ;
#973 = PRESENTATION_STYLE_ASSIGNMENT (( #4091 ) ) ;
#974 = DIRECTION ( 'NONE',  ( 0.0000000000000000000, -1.000000000000000000, 0.0000000000000000000 ) ) ;
#975 = LINE ( 'NONE', #7959, #5116 ) ;
#976 = PLANE ( 'NONE',  #7174 ) ;
#977 = DIRECTION ( 'NONE',  ( 1.000000000000000000, 0.0000000000000000000, 6.938893903906731400E-015 ) ) ;
#978 = PRESENTATION_LAYER_ASSIGNMENT (  '', '', ( #7293 ) ) ;
#979 = ORIENTED_EDGE ( 'NONE', *, *, #2177, .F. ) ;
#980 = ORIENTED_EDGE ( 'NONE', *, *, #2124, .F. ) ;
#981 = AXIS2_PLACEMENT_3D ( 'NONE', #434, #1076, #5579 ) ;
#982 = EDGE_CURVE ( 'NONE', #3869, #7772, #3266, .T. ) ;
#983 = PLANE ( 'NONE',  #2062 ) ;
#984 = LINE ( 'NONE', #2336, #2890 ) ;
#985 = CARTESIAN_POINT ( 'NONE',  ( -1.999999999999984000, 0.1000000000000000100, -1.125000000000012400 ) ) ;
#986 = CARTESIAN_POINT ( 'NONE',  ( 1.600000000000001600, 4.059797974644667700, -0.1250000000000245600 ) ) ;
#987 = DIRECTION ( 'NONE',  ( -0.0000000000000000000, 1.000000000000000000, -0.0000000000000000000 ) ) ;
#988 = ORIENTED_EDGE ( 'NONE', *, *, #4954, .F. ) ;
#989 = CARTESIAN_POINT ( 'NONE',  ( 2.000000000000016000, 0.1000000000000000100, -1.375000000000012400 ) ) ;
#990 = FACE_OUTER_BOUND ( 'NONE', #8190, .T. ) ;
#991 = LINE ( 'NONE', #1969, #3603 ) ;
#992 = EDGE_CURVE ( 'NONE', #496, #7393, #59, .T. ) ;
#993 = FACE_OUTER_BOUND ( 'NONE', #4612, .T. ) ;
#994 =( LENGTH_UNIT ( ) NAMED_UNIT ( * ) SI_UNIT ( .MILLI., .METRE. ) );
#995 = LINE ( 'NONE', #487, #808 ) ;
#996 = DIRECTION ( 'NONE',  ( -1.000000000000000000, 0.0000000000000000000, 2.255140518769960600E-014 ) ) ;
#997 = DIRECTION ( 'NONE',  ( -1.095044194210350800E-013, 0.0000000000000000000, -1.000000000000000000 ) ) ;
#998 = ADVANCED_FACE ( 'NONE', ( #1828 ), #7667, .T. ) ;
#999 = CARTESIAN_POINT ( 'NONE',  ( 1.124999999999998400, 0.1000000000000002600, 1.999999999999997800 ) ) ;
#1000 = LINE ( 'NONE', #8122, #3226 ) ;
#1001 = EDGE_CURVE ( 'NONE', #1025, #7109, #6281, .T. ) ;
#1002 = SURFACE_STYLE_USAGE ( .BOTH. , #3474 ) ;
#1003 = PLANE ( 'NONE',  #5325 ) ;
#1004 = PRESENTATION_STYLE_ASSIGNMENT (( #7721 ) ) ;
#1005 = DIRECTION ( 'NONE',  ( -0.0000000000000000000, -1.000000000000000000, -0.0000000000000000000 ) ) ;
#1006 = ORIENTED_EDGE ( 'NONE', *, *, #8142, .T. ) ;
#1007 = VECTOR ( 'NONE', #378, 1000.000000000000000 ) ;
#1008 = DIRECTION ( 'NONE',  ( -1.000000000000000000, 0.0000000000000000000, -8.673617379884036500E-016 ) ) ;
#1009 = CARTESIAN_POINT ( 'NONE',  ( -1.374999999999994200, 4.059797974644667700, 1.599999999999995900 ) ) ;
#1010 = CARTESIAN_POINT ( 'NONE',  ( 1.374999999999994200, 0.1000000000000000100, 1.599999999999995900 ) ) ;
#1011 = ORIENTED_EDGE ( 'NONE', *, *, #4098, .T. ) ;
#1012 = CARTESIAN_POINT ( 'NONE',  ( -1.124999999999994400, 0.0000000000000000000, 1.599999999999998500 ) ) ;
#1013 = VECTOR ( 'NONE', #6952, 1000.000000000000000 ) ;
#1014 = CARTESIAN_POINT ( 'NONE',  ( -1.599999999999957900, -0.0000000000000000000, -0.1250000000000245600 ) ) ;
#1015 = FACE_OUTER_BOUND ( 'NONE', #6514, .T. ) ;
#1016 = EDGE_CURVE ( 'NONE', #5592, #8043, #2435, .T. ) ;
#1017 = EDGE_LOOP ( 'NONE', ( #6309, #7083, #1995, #961 ) ) ;
#1018 = CARTESIAN_POINT ( 'NONE',  ( -0.3749999999999503200, 0.1000000000000000100, 1.999999999999999100 ) ) ;
#1019 = DIRECTION ( 'NONE',  ( -1.548860246407863600E-016, -0.0000000000000000000, 1.000000000000000000 ) ) ;
#1020 = FACE_OUTER_BOUND ( 'NONE', #882, .T. ) ;
#1021 = PRESENTATION_LAYER_ASSIGNMENT (  '', '', ( #4907 ) ) ;
#1022 = CARTESIAN_POINT ( 'NONE',  ( 2.000000000000005300, 0.0000000000000000000, -0.8750000000000001100 ) ) ;
#1023 = LINE ( 'NONE', #469, #7465 ) ;
#1024 = CARTESIAN_POINT ( 'NONE',  ( -1.599999999999995000, 0.1000000000000000100, -0.8750000000000001100 ) ) ;
#1025 = VERTEX_POINT ( 'NONE', #3833 ) ;
#1026 = EDGE_CURVE ( 'NONE', #6072, #7569, #3746, .T. ) ;
#1027 = CARTESIAN_POINT ( 'NONE',  ( 1.374999999999994200, 0.0000000000000000000, 1.599999999999995900 ) ) ;
#1028 = EDGE_CURVE ( 'NONE', #5460, #7799, #1139, .T. ) ;
#1029 = AXIS2_PLACEMENT_3D ( 'NONE', #1176, #7676, #4979 ) ;
#1030 = VECTOR ( 'NONE', #825, 1000.000000000000000 ) ;
#1031 = ORIENTED_EDGE ( 'NONE', *, *, #2742, .F. ) ;
#1032 = PLANE ( 'NONE',  #7035 ) ;
#1033 = ADVANCED_FACE ( 'NONE', ( #3545 ), #155, .F. ) ;
#1034 = VECTOR ( 'NONE', #3683, 1000.000000000000000 ) ;
#1035 = AXIS2_PLACEMENT_3D ( 'NONE', #5245, #7811, #3841 ) ;
#1036 = DIRECTION ( 'NONE',  ( 1.000000000000000000, 0.0000000000000000000, -1.040834085586084300E-014 ) ) ;
#1037 = VERTEX_POINT ( 'NONE', #1193 ) ;
#1038 = ORIENTED_EDGE ( 'NONE', *, *, #7441, .F. ) ;
#1039 = DIRECTION ( 'NONE',  ( 0.0000000000000000000, 1.000000000000000000, 0.0000000000000000000 ) ) ;
#1040 = PRESENTATION_STYLE_ASSIGNMENT (( #85 ) ) ;
#1041 = DIRECTION ( 'NONE',  ( 0.0000000000000000000, -1.000000000000000000, 0.0000000000000000000 ) ) ;
#1042 = DIRECTION ( 'NONE',  ( -1.000000000000000000, 0.0000000000000000000, -1.029992063861230200E-014 ) ) ;
#1043 = DIRECTION ( 'NONE',  ( -1.000000000000000000, 0.0000000000000000000, -2.710505431213760100E-016 ) ) ;
#1044 = ADVANCED_FACE ( 'NONE', ( #6780 ), #653, .F. ) ;
#1045 = EDGE_LOOP ( 'NONE', ( #845, #5874, #1069, #7299 ) ) ;
#1046 = VECTOR ( 'NONE', #6729, 1000.000000000000000 ) ;
#1047 = EDGE_CURVE ( 'NONE', #7374, #6072, #3355, .T. ) ;
#1048 = EDGE_LOOP ( 'NONE', ( #1574, #2579, #2180, #5492 ) ) ;
#1049 = VERTEX_POINT ( 'NONE', #2487 ) ;
#1050 = PLANE ( 'NONE',  #3794 ) ;
#1051 = LINE ( 'NONE', #6295, #5984 ) ;
#1052 = CARTESIAN_POINT ( 'NONE',  ( 1.374999999999994200, 4.059797974644667700, 1.599999999999995900 ) ) ;
#1053 = CARTESIAN_POINT ( 'NONE',  ( 2.000000000000005300, 0.1000000000000000100, 0.6250000000000000000 ) ) ;
#1054 = VERTEX_POINT ( 'NONE', #6450 ) ;
#1055 = EDGE_LOOP ( 'NONE', ( #152, #1478, #1333, #2937 ) ) ;
#1056 = AXIS2_PLACEMENT_3D ( 'NONE', #8215, #7680, #3818 ) ;
#1057 = VERTEX_POINT ( 'NONE', #6992 ) ;
#1058 = VECTOR ( 'NONE', #646, 1000.000000000000000 ) ;
#1059 = ORIENTED_EDGE ( 'NONE', *, *, #7657, .F. ) ;
#1060 = EDGE_LOOP ( 'NONE', ( #1845, #3560, #6813, #4171 ) ) ;
#1061 = VERTEX_POINT ( 'NONE', #1919 ) ;
#1062 = DIRECTION ( 'NONE',  ( -1.000000000000000000, 0.0000000000000000000, -8.673617379884035500E-016 ) ) ;
#1063 = MANIFOLD_SOLID_BREP ( 'Boss-Extrude2[25]', #1963 ) ;
#1064 = VECTOR ( 'NONE', #7088, 1000.000000000000000 ) ;
#1065 = CARTESIAN_POINT ( 'NONE',  ( -1.124999999999994700, -0.0000000000000000000, -1.599999999999999000 ) ) ;
#1066 = DIRECTION ( 'NONE',  ( 0.0000000000000000000, -0.0000000000000000000, -1.000000000000000000 ) ) ;
#1067 = EDGE_LOOP ( 'NONE', ( #5662, #1724, #266, #2222 ) ) ;
#1068 = ORIENTED_EDGE ( 'NONE', *, *, #298, .F. ) ;
#1069 = ORIENTED_EDGE ( 'NONE', *, *, #5049, .F. ) ;
#1070 = CARTESIAN_POINT ( 'NONE',  ( -0.3749999999999943400, 0.1000000000000000100, 1.599999999999995900 ) ) ;
#1071 = DIRECTION ( 'NONE',  ( 0.0000000000000000000, 0.0000000000000000000, 1.000000000000000000 ) ) ;
#1072 = VECTOR ( 'NONE', #802, 1000.000000000000000 ) ;
#1073 = CARTESIAN_POINT ( 'NONE',  ( 0.0000000000000000000, 0.1000000000000000100, 0.0000000000000000000 ) ) ;
#1074 = EDGE_LOOP ( 'NONE', ( #2550, #1126, #6692, #2075 ) ) ;
#1075 = CARTESIAN_POINT ( 'NONE',  ( -1.374999999999994200, 0.1000000000000000100, 1.599999999999995900 ) ) ;
#1076 = DIRECTION ( 'NONE',  ( 1.000000000000000000, 0.0000000000000000000, 6.071532165919179000E-015 ) ) ;
#1077 = VERTEX_POINT ( 'NONE', #5674 ) ;
#1078 = PLANE ( 'NONE',  #6743 ) ;
#1079 = EDGE_CURVE ( 'NONE', #421, #869, #6497, .T. ) ;
#1080 = VECTOR ( 'NONE', #5357, 1000.000000000000000 ) ;
#1081 = PLANE ( 'NONE',  #187 ) ;
#1082 = AXIS2_PLACEMENT_3D ( 'NONE', #2221, #267, #6693 ) ;
#1083 = VECTOR ( 'NONE', #1414, 1000.000000000000000 ) ;
#1084 = VERTEX_POINT ( 'NONE', #6528 ) ;
#1085 = ORIENTED_EDGE ( 'NONE', *, *, #232, .F. ) ;
#1086 = ADVANCED_FACE ( 'NONE', ( #6171 ), #753, .T. ) ;
#1087 = PRESENTATION_LAYER_ASSIGNMENT (  '', '', ( #7724 ) ) ;
#1088 = VERTEX_POINT ( 'NONE', #3312 ) ;
#1089 = CARTESIAN_POINT ( 'NONE',  ( 1.600000000000004300, 0.0000000000000000000, -0.3750000000000244800 ) ) ;
#1090 = PRODUCT_RELATED_PRODUCT_CATEGORY ( 'part', '', ( #3618 ) ) ;
#1091 = CYLINDRICAL_SURFACE ( 'NONE', #719, 0.1499999999999999700 ) ;
#1092 = AXIS2_PLACEMENT_3D ( 'NONE', #3471, #2797, #7389 ) ;
#1093 = LINE ( 'NONE', #3016, #2187 ) ;
#1094 = ORIENTED_EDGE ( 'NONE', *, *, #7847, .F. ) ;
#1095 = EDGE_CURVE ( 'NONE', #2337, #7096, #1342, .T. ) ;
#1096 = DIRECTION ( 'NONE',  ( 1.000000000000000000, 0.0000000000000000000, 6.098637220231030600E-014 ) ) ;
#1097 = CARTESIAN_POINT ( 'NONE',  ( 0.8749999999999946700, 0.0000000000000000000, -1.599999999999996300 ) ) ;
#1098 = CARTESIAN_POINT ( 'NONE',  ( 0.3749999999999946700, 0.1000000000000002600, -1.599999999999996300 ) ) ;
#1099 = LINE ( 'NONE', #3878, #5532 ) ;
#1100 = FACE_BOUND ( 'NONE', #6213, .T. ) ;
#1101 = DIRECTION ( 'NONE',  ( -6.938893903906732200E-015, 0.0000000000000000000, -1.000000000000000000 ) ) ;
#1102 = VECTOR ( 'NONE', #274, 1000.000000000000000 ) ;
#1103 = DIRECTION ( 'NONE',  ( 0.0000000000000000000, -1.000000000000000000, 0.0000000000000000000 ) ) ;
#1104 = LINE ( 'NONE', #3294, #3613 ) ;
#1105 = DIRECTION ( 'NONE',  ( -1.000000000000000000, 0.0000000000000000000, 3.089976191583644100E-014 ) ) ;
#1106 = EDGE_CURVE ( 'NONE', #4999, #8168, #2740, .T. ) ;
#1107 = DIRECTION ( 'NONE',  ( -1.127570259384925100E-014, 0.0000000000000000000, -1.000000000000000000 ) ) ;
#1108 = FACE_OUTER_BOUND ( 'NONE', #1048, .T. ) ;
#1109 =( NAMED_UNIT ( * ) PLANE_ANGLE_UNIT ( ) SI_UNIT ( $, .RADIAN. ) );
#1110 = ADVANCED_FACE ( 'NONE', ( #748 ), #7108, .T. ) ;
#1111 = AXIS2_PLACEMENT_3D ( 'NONE', #3910, #2493, #1259 ) ;
#1112 = LINE ( 'NONE', #3490, #324 ) ;
#1113 = PLANE ( 'NONE',  #3573 ) ;
#1114 = DIRECTION ( 'NONE',  ( 3.469446951953614600E-015, 0.0000000000000000000, 1.000000000000000000 ) ) ;
#1115 = CARTESIAN_POINT ( 'NONE',  ( 1.600000000000010500, 0.1000000000000000100, -1.375000000000000200 ) ) ;
#1116 = FACE_OUTER_BOUND ( 'NONE', #970, .T. ) ;
#1117 = DIRECTION ( 'NONE',  ( 1.000000000000000000, 0.0000000000000000000, -6.071532165919179000E-015 ) ) ;
#1118 = CARTESIAN_POINT ( 'NONE',  ( -1.124999999999994700, -0.0000000000000000000, -1.599999999999999000 ) ) ;
#1119 = ADVANCED_FACE ( 'NONE', ( #6073 ), #5898, .F. ) ;
#1120 = AXIS2_PLACEMENT_3D ( 'NONE', #1492, #7406, #1514 ) ;
#1121 = PLANE ( 'NONE',  #2334 ) ;
#1122 = VECTOR ( 'NONE', #3036, 1000.000000000000000 ) ;
#1123 = SURFACE_STYLE_USAGE ( .BOTH. , #4984 ) ;
#1124 = PLANE ( 'NONE',  #4428 ) ;
#1125 = CARTESIAN_POINT ( 'NONE',  ( 0.3749999999999984500, 0.0000000000000000000, 1.999999999999996200 ) ) ;
#1126 = ORIENTED_EDGE ( 'NONE', *, *, #7874, .F. ) ;
#1127 = EDGE_LOOP ( 'NONE', ( #8239, #8205, #2766, #3263 ) ) ;
#1128 = MECHANICAL_DESIGN_GEOMETRIC_PRESENTATION_REPRESENTATION (  '', ( #4253 ), #7286 ) ;
#1129 = LINE ( 'NONE', #6036, #5274 ) ;
#1130 = CARTESIAN_POINT ( 'NONE',  ( 0.0000000000000000000, 0.1000000000000000100, 0.0000000000000000000 ) ) ;
#1131 = VECTOR ( 'NONE', #7845, 1000.000000000000000 ) ;
#1132 = PRESENTATION_LAYER_ASSIGNMENT (  '', '', ( #677 ) ) ;
#1133 = EDGE_CURVE ( 'NONE', #749, #3574, #2642, .T. ) ;
#1134 = DIRECTION ( 'NONE',  ( -1.000000000000000000, -0.0000000000000000000, 3.469446951953614200E-015 ) ) ;
#1135 = VECTOR ( 'NONE', #5006, 1000.000000000000000 ) ;
#1136 = ORIENTED_EDGE ( 'NONE', *, *, #1830, .F. ) ;
#1137 = DIRECTION ( 'NONE',  ( -0.0000000000000000000, -1.000000000000000000, -0.0000000000000000000 ) ) ;
#1138 = ORIENTED_EDGE ( 'NONE', *, *, #2431, .F. ) ;
#1139 = LINE ( 'NONE', #1221, #4463 ) ;
#1140 = DIRECTION ( 'NONE',  ( 0.0000000000000000000, -0.0000000000000000000, 1.000000000000000000 ) ) ;
#1141 = VERTEX_POINT ( 'NONE', #3953 ) ;
#1142 = LINE ( 'NONE', #3628, #7387 ) ;
#1143 = ORIENTED_EDGE ( 'NONE', *, *, #3767, .T. ) ;
#1144 = ORIENTED_EDGE ( 'NONE', *, *, #2844, .F. ) ;
#1145 = ORIENTED_EDGE ( 'NONE', *, *, #1977, .T. ) ;
#1146 = PRESENTATION_STYLE_ASSIGNMENT (( #8093 ) ) ;
#1147 = CARTESIAN_POINT ( 'NONE',  ( 1.600000000000004300, 0.1000000000000002600, -0.3750000000000244800 ) ) ;
#1148 = CARTESIAN_POINT ( 'NONE',  ( 0.3749999999999984500, 4.059797974644667700, 1.999999999999996200 ) ) ;
#1149 = EDGE_CURVE ( 'NONE', #3760, #2755, #5676, .T. ) ;
#1150 = VERTEX_POINT ( 'NONE', #1985 ) ;
#1151 = ORIENTED_EDGE ( 'NONE', *, *, #7300, .F. ) ;
#1152 = ORIENTED_EDGE ( 'NONE', *, *, #2825, .F. ) ;
#1153 = ADVANCED_FACE ( 'NONE', ( #547 ), #3926, .T. ) ;
#1154 = VERTEX_POINT ( 'NONE', #2028 ) ;
#1155 = DIRECTION ( 'NONE',  ( 0.0000000000000000000, -0.0000000000000000000, -1.000000000000000000 ) ) ;
#1156 = VECTOR ( 'NONE', #744, 1000.000000000000000 ) ;
#1157 = EDGE_CURVE ( 'NONE', #7587, #5767, #2834, .T. ) ;
#1158 = VERTEX_POINT ( 'NONE', #2622 ) ;
#1159 = ORIENTED_EDGE ( 'NONE', *, *, #4997, .F. ) ;
#1160 = ORIENTED_EDGE ( 'NONE', *, *, #41, .F. ) ;
#1161 = ORIENTED_EDGE ( 'NONE', *, *, #4717, .F. ) ;
#1162 = ORIENTED_EDGE ( 'NONE', *, *, #8048, .F. ) ;
#1163 = DIRECTION ( 'NONE',  ( -1.000000000000000000, -0.0000000000000000000, -1.060485249962383600E-013 ) ) ;
#1164 = ADVANCED_FACE ( 'NONE', ( #7280 ), #62, .T. ) ;
#1165 = LINE ( 'NONE', #3872, #7113 ) ;
#1166 = DIRECTION ( 'NONE',  ( 1.000000000000000000, 0.0000000000000000000, -3.089976191583644100E-014 ) ) ;
#1167 = FILL_AREA_STYLE_COLOUR ( '', #4966 ) ;
#1168 = PLANE ( 'NONE',  #5904 ) ;
#1169 = ORIENTED_EDGE ( 'NONE', *, *, #6957, .F. ) ;
#1170 = EDGE_LOOP ( 'NONE', ( #1819, #2033, #4894, #204 ) ) ;
#1171 = ORIENTED_EDGE ( 'NONE', *, *, #7006, .F. ) ;
#1172 = VERTEX_POINT ( 'NONE', #5239 ) ;
#1173 = VECTOR ( 'NONE', #571, 1000.000000000000000 ) ;
#1174 = DIRECTION ( 'NONE',  ( -1.000000000000000000, 0.0000000000000000000, -1.040834085586084700E-014 ) ) ;
#1175 = EDGE_CURVE ( 'NONE', #5480, #3773, #7679, .T. ) ;
#1176 = CARTESIAN_POINT ( 'NONE',  ( 1.600000000000010500, 0.1000000000000000100, -1.375000000000000200 ) ) ;
#1177 = ORIENTED_EDGE ( 'NONE', *, *, #1595, .T. ) ;
#1178 = EDGE_LOOP ( 'NONE', ( #3212, #6105, #7400, #4243 ) ) ;
#1179 = CARTESIAN_POINT ( 'NONE',  ( -0.3749999999999946700, 0.1000000000000002600, -1.599999999999996300 ) ) ;
#1180 = VECTOR ( 'NONE', #5119, 1000.000000000000000 ) ;
#1181 = PLANE ( 'NONE',  #2489 ) ;
#1182 = CARTESIAN_POINT ( 'NONE',  ( 1.124999999999994700, 0.0000000000000000000, -1.599999999999999000 ) ) ;
#1183 = FACE_OUTER_BOUND ( 'NONE', #3459, .T. ) ;
#1184 = PLANE ( 'NONE',  #3824 ) ;
#1185 = EDGE_LOOP ( 'NONE', ( #7509, #3182, #1875, #7503 ) ) ;
#1186 = CARTESIAN_POINT ( 'NONE',  ( -2.000000000000000000, 0.0000000000000000000, 0.1250000000000000300 ) ) ;
#1187 = DIRECTION ( 'NONE',  ( 0.0000000000000000000, -1.000000000000000000, 0.0000000000000000000 ) ) ;
#1188 = EDGE_CURVE ( 'NONE', #2659, #7629, #3536, .T. ) ;
#1189 = EDGE_CURVE ( 'NONE', #3596, #3740, #5778, .T. ) ;
#1190 = DIRECTION ( 'NONE',  ( 0.0000000000000000000, -1.000000000000000000, 0.0000000000000000000 ) ) ;
#1191 = LINE ( 'NONE', #5589, #1887 ) ;
#1192 = LINE ( 'NONE', #7860, #402 ) ;
#1193 = CARTESIAN_POINT ( 'NONE',  ( 1.600000000000004300, 0.1000000000000002600, 0.3750000000000244800 ) ) ;
#1194 = FACE_OUTER_BOUND ( 'NONE', #1524, .T. ) ;
#1195 = DIRECTION ( 'NONE',  ( 1.000000000000000000, 0.0000000000000000000, 0.0000000000000000000 ) ) ;
#1196 = ADVANCED_FACE ( 'NONE', ( #4061 ), #2815, .T. ) ;
#1197 = LINE ( 'NONE', #6104, #7840 ) ;
#1198 = DIRECTION ( 'NONE',  ( -0.0000000000000000000, 0.0000000000000000000, 1.000000000000000000 ) ) ;
#1199 = FACE_BOUND ( 'NONE', #1961, .T. ) ;
#1200 = EDGE_CURVE ( 'NONE', #2822, #1314, #2424, .T. ) ;
#1201 = CARTESIAN_POINT ( 'NONE',  ( 1.600000000000005000, 0.1000000000000000100, -0.6250000000000001100 ) ) ;
#1202 = CARTESIAN_POINT ( 'NONE',  ( 0.1249999999999943900, 0.1000000000000000100, 1.599999999999998500 ) ) ;
#1203 = ADVANCED_FACE ( 'NONE', ( #3042 ), #6055, .F. ) ;
#1204 = VECTOR ( 'NONE', #4056, 1000.000000000000000 ) ;
#1205 = EDGE_LOOP ( 'NONE', ( #2756, #3952, #436, #4980 ) ) ;
#1206 = PLANE ( 'NONE',  #1906 ) ;
#1207 = ORIENTED_EDGE ( 'NONE', *, *, #4900, .F. ) ;
#1208 = CARTESIAN_POINT ( 'NONE',  ( 1.600000000000010500, 4.059797974644667700, -1.375000000000000200 ) ) ;
#1209 = AXIS2_PLACEMENT_3D ( 'NONE', #7764, #7123, #3916 ) ;
#1210 = CARTESIAN_POINT ( 'NONE',  ( -1.999999999999994900, 0.1000000000000000100, 0.8750000000000001100 ) ) ;
#1211 = CARTESIAN_POINT ( 'NONE',  ( -0.6249999999999497100, 0.1000000000000000100, -1.999999999999999100 ) ) ;
#1212 = ORIENTED_EDGE ( 'NONE', *, *, #2275, .F. ) ;
#1213 = FILL_AREA_STYLE_COLOUR ( '', #2727 ) ;
#1214 = DIRECTION ( 'NONE',  ( 1.000000000000000000, -0.0000000000000000000, -0.0000000000000000000 ) ) ;
#1215 = FACE_OUTER_BOUND ( 'NONE', #6915, .T. ) ;
#1216 = DIRECTION ( 'NONE',  ( 0.0000000000000000000, -1.000000000000000000, 0.0000000000000000000 ) ) ;
#1217 = VECTOR ( 'NONE', #1238, 1000.000000000000000 ) ;
#1218 =( NAMED_UNIT ( * ) PLANE_ANGLE_UNIT ( ) SI_UNIT ( $, .RADIAN. ) );
#1219 = CARTESIAN_POINT ( 'NONE',  ( -1.599999999999991200, -0.0000000000000000000, -1.125000000000014700 ) ) ;
#1220 = EDGE_CURVE ( 'NONE', #3468, #2433, #51, .T. ) ;
#1221 = CARTESIAN_POINT ( 'NONE',  ( -1.599999999999989700, 0.0000000000000000000, 1.375000000000000200 ) ) ;
#1222 = DIRECTION ( 'NONE',  ( 1.000000000000000000, 0.0000000000000000000, -0.0000000000000000000 ) ) ;
#1223 = CARTESIAN_POINT ( 'NONE',  ( -1.599999999999989700, 4.059797974644667700, -1.375000000000000200 ) ) ;
#1224 = AXIS2_PLACEMENT_3D ( 'NONE', #3227, #1885, #1359 ) ;
#1225 = VERTEX_POINT ( 'NONE', #7247 ) ;
#1226 = DIRECTION ( 'NONE',  ( 0.0000000000000000000, -1.000000000000000000, 0.0000000000000000000 ) ) ;
#1227 = CARTESIAN_POINT ( 'NONE',  ( 0.8749999999999946700, 0.1000000000000002600, -1.599999999999996300 ) ) ;
#1228 = LINE ( 'NONE', #6784, #836 ) ;
#1229 = CARTESIAN_POINT ( 'NONE',  ( 0.0000000000000000000, 0.1000000000000000100, 0.0000000000000000000 ) ) ;
#1230 = VERTEX_POINT ( 'NONE', #910 ) ;
#1231 = DIRECTION ( 'NONE',  ( 0.0000000000000000000, 0.0000000000000000000, -1.000000000000000000 ) ) ;
#1232 = ORIENTED_EDGE ( 'NONE', *, *, #4533, .F. ) ;
#1233 = EDGE_LOOP ( 'NONE', ( #1989, #3353, #4856, #5993 ) ) ;
#1234 = VECTOR ( 'NONE', #1107, 1000.000000000000000 ) ;
#1235 = DIRECTION ( 'NONE',  ( 0.0000000000000000000, -1.000000000000000000, 0.0000000000000000000 ) ) ;
#1236 = EDGE_CURVE ( 'NONE', #491, #2780, #5566, .T. ) ;
#1237 = ADVANCED_FACE ( 'NONE', ( #4351 ), #256, .F. ) ;
#1238 = DIRECTION ( 'NONE',  ( -0.0000000000000000000, -1.000000000000000000, -0.0000000000000000000 ) ) ;
#1239 = PLANE ( 'NONE',  #7550 ) ;
#1240 = DIRECTION ( 'NONE',  ( 1.000000000000000000, 0.0000000000000000000, -2.710505431213760100E-016 ) ) ;
#1241 = ORIENTED_EDGE ( 'NONE', *, *, #2608, .F. ) ;
#1242 = VECTOR ( 'NONE', #854, 1000.000000000000000 ) ;
#1243 = EDGE_LOOP ( 'NONE', ( #5495, #6230, #3857, #4818 ) ) ;
#1244 = ORIENTED_EDGE ( 'NONE', *, *, #3283, .F. ) ;
#1245 = LINE ( 'NONE', #417, #3166 ) ;
#1246 = AXIS2_PLACEMENT_3D ( 'NONE', #4654, #5236, #2026 ) ;
#1247 = LINE ( 'NONE', #4749, #7880 ) ;
#1248 = ADVANCED_FACE ( 'NONE', ( #1817 ), #6711, .F. ) ;
#1249 = SURFACE_SIDE_STYLE ('',( #203 ) ) ;
#1250 = CARTESIAN_POINT ( 'NONE',  ( -1.600000000000000300, 1.050000000000000000, -1.600000000000000300 ) ) ;
#1251 = ORIENTED_EDGE ( 'NONE', *, *, #1346, .T. ) ;
#1252 = FACE_OUTER_BOUND ( 'NONE', #6796, .T. ) ;
#1253 = DIRECTION ( 'NONE',  ( -0.0000000000000000000, 1.000000000000000000, 0.0000000000000000000 ) ) ;
#1254 = EDGE_CURVE ( 'NONE', #5375, #8043, #7961, .T. ) ;
#1255 = SURFACE_STYLE_USAGE ( .BOTH. , #3259 ) ;
#1256 = VERTEX_POINT ( 'NONE', #5346 ) ;
#1257 = VECTOR ( 'NONE', #4664, 1000.000000000000000 ) ;
#1258 = CARTESIAN_POINT ( 'NONE',  ( 1.399999999999999900, 0.0000000000000000000, 1.400000000000000100 ) ) ;
#1259 = DIRECTION ( 'NONE',  ( 0.0000000000000000000, 0.0000000000000000000, 1.000000000000000000 ) ) ;
#1260 = CARTESIAN_POINT ( 'NONE',  ( 1.374999999999994200, 0.1000000000000000100, 1.599999999999995900 ) ) ;
#1261 = ORIENTED_EDGE ( 'NONE', *, *, #3473, .T. ) ;
#1262 = ORIENTED_EDGE ( 'NONE', *, *, #7160, .F. ) ;
#1263 = ORIENTED_EDGE ( 'NONE', *, *, #5315, .F. ) ;
#1264 = DIRECTION ( 'NONE',  ( 0.0000000000000000000, 1.000000000000000000, 0.0000000000000000000 ) ) ;
#1265 = ORIENTED_EDGE ( 'NONE', *, *, #6607, .T. ) ;
#1266 = LINE ( 'NONE', #7810, #471 ) ;
#1267 = DIRECTION ( 'NONE',  ( -1.000000000000000000, 0.0000000000000000000, -1.097754699641565700E-013 ) ) ;
#1268 = PLANE ( 'NONE',  #2102 ) ;
#1269 = ORIENTED_EDGE ( 'NONE', *, *, #2796, .T. ) ;
#1270 = VERTEX_POINT ( 'NONE', #3433 ) ;
#1271 = VERTEX_POINT ( 'NONE', #888 ) ;
#1272 = CARTESIAN_POINT ( 'NONE',  ( 0.3749999999999989500, 0.1000000000000000100, -1.999999999999996200 ) ) ;
#1273 = ORIENTED_EDGE ( 'NONE', *, *, #4750, .F. ) ;
#1274 = FACE_OUTER_BOUND ( 'NONE', #4030, .T. ) ;
#1275 = CARTESIAN_POINT ( 'NONE',  ( 0.8749999999999988900, 0.1000000000000000100, -1.999999999999996200 ) ) ;
#1276 = CARTESIAN_POINT ( 'NONE',  ( 0.1249999999999947700, 0.1000000000000000100, -1.599999999999999000 ) ) ;
#1277 = EDGE_CURVE ( 'NONE', #5478, #654, #4250, .T. ) ;
#1278 = DIRECTION ( 'NONE',  ( 0.0000000000000000000, -1.000000000000000000, 0.0000000000000000000 ) ) ;
#1279 = EDGE_LOOP ( 'NONE', ( #942, #6750, #6541, #3888 ) ) ;
#1280 = CARTESIAN_POINT ( 'NONE',  ( 1.600000000000005200, 0.1000000000000000100, 0.8750000000000001100 ) ) ;
#1281 = DIRECTION ( 'NONE',  ( 0.0000000000000000000, 0.0000000000000000000, 1.000000000000000000 ) ) ;
#1282 = LINE ( 'NONE', #194, #1080 ) ;
#1283 = PLANE ( 'NONE',  #1513 ) ;
#1284 = LINE ( 'NONE', #6554, #5233 ) ;
#1285 = ORIENTED_EDGE ( 'NONE', *, *, #162, .F. ) ;
#1286 = EDGE_LOOP ( 'NONE', ( #2773, #3371, #847, #5418 ) ) ;
#1287 = VERTEX_POINT ( 'NONE', #4113 ) ;
#1288 =( NAMED_UNIT ( * ) SI_UNIT ( $, .STERADIAN. ) SOLID_ANGLE_UNIT ( ) );
#1289 = PLANE ( 'NONE',  #6576 ) ;
#1290 = CARTESIAN_POINT ( 'NONE',  ( -1.599999999999957900, -0.0000000000000000000, -0.1250000000000245600 ) ) ;
#1291 = EDGE_CURVE ( 'NONE', #7569, #7886, #1129, .T. ) ;
#1292 = FACE_OUTER_BOUND ( 'NONE', #2975, .T. ) ;
#1293 = ADVANCED_FACE ( 'NONE', ( #6270 ), #5417, .T. ) ;
#1294 = ORIENTED_EDGE ( 'NONE', *, *, #4310, .F. ) ;
#1295 = AXIS2_PLACEMENT_3D ( 'NONE', #8127, #6189, #461 ) ;
#1296 = VECTOR ( 'NONE', #6543, 1000.000000000000000 ) ;
#1297 = CARTESIAN_POINT ( 'NONE',  ( 2.000000000000000000, 4.059797974644667700, -0.3750000000000000600 ) ) ;
#1298 = DIRECTION ( 'NONE',  ( -1.000000000000000000, 0.0000000000000000000, 0.0000000000000000000 ) ) ;
#1299 = LINE ( 'NONE', #5849, #2101 ) ;
#1300 =( NAMED_UNIT ( * ) SI_UNIT ( $, .STERADIAN. ) SOLID_ANGLE_UNIT ( ) );
#1301 = DIRECTION ( 'NONE',  ( 1.000000000000000000, -0.0000000000000000000, -1.040834085586084700E-014 ) ) ;
#1302 = CARTESIAN_POINT ( 'NONE',  ( 1.600000000000010300, 0.1000000000000002600, 1.125000000000000200 ) ) ;
#1303 = EDGE_CURVE ( 'NONE', #4256, #6687, #3851, .T. ) ;
#1304 = FACE_BOUND ( 'NONE', #2323, .T. ) ;
#1305 = DIRECTION ( 'NONE',  ( -1.084202172485505400E-014, -0.0000000000000000000, 1.000000000000000000 ) ) ;
#1306 = LINE ( 'NONE', #6783, #1793 ) ;
#1307 =( NAMED_UNIT ( * ) SI_UNIT ( $, .STERADIAN. ) SOLID_ANGLE_UNIT ( ) );
#1308 = CARTESIAN_POINT ( 'NONE',  ( 1.399999999999999900, 4.059797974644667700, 1.400000000000000100 ) ) ;
#1309 = DIRECTION ( 'NONE',  ( -1.000000000000000000, 0.0000000000000000000, 2.710505431213760100E-016 ) ) ;
#1310 = CARTESIAN_POINT ( 'NONE',  ( 1.600000000000004300, 4.059797974644667700, -0.3750000000000244800 ) ) ;
#1311 = AXIS2_PLACEMENT_3D ( 'NONE', #4267, #950, #1588 ) ;
#1312 = ORIENTED_EDGE ( 'NONE', *, *, #8055, .T. ) ;
#1313 = LINE ( 'NONE', #4825, #4541 ) ;
#1314 = VERTEX_POINT ( 'NONE', #861 ) ;
#1315 = EDGE_CURVE ( 'NONE', #2159, #4965, #4956, .T. ) ;
#1316 = DIRECTION ( 'NONE',  ( 1.000000000000000000, 0.0000000000000000000, -6.938893903907228400E-015 ) ) ;
#1317 = MANIFOLD_SOLID_BREP ( 'Boss-Extrude2[4]', #3376 ) ;
#1318 = DIRECTION ( 'NONE',  ( 6.938893903906731400E-015, 0.0000000000000000000, 1.000000000000000000 ) ) ;
#1319 = EDGE_LOOP ( 'NONE', ( #1144, #2131, #5712, #4809 ) ) ;
#1320 = VECTOR ( 'NONE', #3533, 1000.000000000000000 ) ;
#1321 = DIRECTION ( 'NONE',  ( 8.673617379884036500E-016, 0.0000000000000000000, 1.000000000000000000 ) ) ;
#1322 = DIRECTION ( 'NONE',  ( 8.673617379884035500E-016, 0.0000000000000000000, -1.000000000000000000 ) ) ;
#1323 = ORIENTED_EDGE ( 'NONE', *, *, #1639, .F. ) ;
#1324 = DIRECTION ( 'NONE',  ( 0.0000000000000000000, -1.000000000000000000, -0.0000000000000000000 ) ) ;
#1325 = PLANE ( 'NONE',  #2233 ) ;
#1326 = LINE ( 'NONE', #6221, #332 ) ;
#1327 = CARTESIAN_POINT ( 'NONE',  ( 0.3749999999999989500, 0.0000000000000000000, -1.999999999999996200 ) ) ;
#1328 = VECTOR ( 'NONE', #2472, 1000.000000000000000 ) ;
#1329 = ADVANCED_FACE ( 'NONE', ( #5973 ), #228, .F. ) ;
#1330 = DIRECTION ( 'NONE',  ( 0.0000000000000000000, -0.0000000000000000000, 1.000000000000000000 ) ) ;
#1331 = EDGE_LOOP ( 'NONE', ( #5083, #1312, #156, #4695 ) ) ;
#1332 = DIRECTION ( 'NONE',  ( -1.040834085586084700E-014, 0.0000000000000000000, 1.000000000000000000 ) ) ;
#1333 = ORIENTED_EDGE ( 'NONE', *, *, #6968, .F. ) ;
#1334 = VECTOR ( 'NONE', #4903, 1000.000000000000000 ) ;
#1335 = PLANE ( 'NONE',  #7133 ) ;
#1336 = VECTOR ( 'NONE', #4452, 1000.000000000000000 ) ;
#1337 = FACE_OUTER_BOUND ( 'NONE', #763, .T. ) ;
#1338 = DIRECTION ( 'NONE',  ( 0.0000000000000000000, -1.000000000000000000, 0.0000000000000000000 ) ) ;
#1339 = ORIENTED_EDGE ( 'NONE', *, *, #2210, .T. ) ;
#1340 = CARTESIAN_POINT ( 'NONE',  ( 1.374999999999994700, 0.0000000000000000000, -1.599999999999996300 ) ) ;
#1341 = ORIENTED_EDGE ( 'NONE', *, *, #151, .T. ) ;
#1342 = LINE ( 'NONE', #1416, #7782 ) ;
#1343 = PLANE ( 'NONE',  #4960 ) ;
#1344 = ORIENTED_EDGE ( 'NONE', *, *, #1810, .T. ) ;
#1345 = LINE ( 'NONE', #3108, #2041 ) ;
#1346 = EDGE_CURVE ( 'NONE', #7393, #1057, #4562, .T. ) ;
#1347 = EDGE_CURVE ( 'NONE', #2883, #2217, #1525, .T. ) ;
#1348 = CLOSED_SHELL ( 'NONE', ( #5939, #3400, #2366, #4323, #3009, #5270 ) ) ;
#1349 = AXIS2_PLACEMENT_3D ( 'NONE', #6936, #5559, #3085 ) ;
#1350 = VERTEX_POINT ( 'NONE', #6198 ) ;
#1351 = CARTESIAN_POINT ( 'NONE',  ( -1.374999999999950500, 4.059797974644667700, 1.999999999999999100 ) ) ;
#1352 = ORIENTED_EDGE ( 'NONE', *, *, #6415, .F. ) ;
#1353 = VECTOR ( 'NONE', #217, 1000.000000000000000 ) ;
#1354 = DIRECTION ( 'NONE',  ( 8.673617379884036500E-016, 0.0000000000000000000, -1.000000000000000000 ) ) ;
#1355 = VECTOR ( 'NONE', #6845, 1000.000000000000000 ) ;
#1356 =( NAMED_UNIT ( * ) SI_UNIT ( $, .STERADIAN. ) SOLID_ANGLE_UNIT ( ) );
#1357 = CARTESIAN_POINT ( 'NONE',  ( 1.600000000000005000, 0.1000000000000002600, -0.6250000000000001100 ) ) ;
#1358 = AXIS2_PLACEMENT_3D ( 'NONE', #7893, #3350, #7239 ) ;
#1359 = DIRECTION ( 'NONE',  ( 1.000000000000000000, 0.0000000000000000000, -6.938893903907228400E-015 ) ) ;
#1360 = ORIENTED_EDGE ( 'NONE', *, *, #4926, .F. ) ;
#1361 = EDGE_LOOP ( 'NONE', ( #6022, #2449, #5999, #5565 ) ) ;
#1362 = ORIENTED_EDGE ( 'NONE', *, *, #8030, .T. ) ;
#1363 = VERTEX_POINT ( 'NONE', #1018 ) ;
#1364 = CARTESIAN_POINT ( 'NONE',  ( 2.000000000000016000, 0.1000000000000000100, -1.375000000000012400 ) ) ;
#1365 = DIRECTION ( 'NONE',  ( 0.0000000000000000000, 0.0000000000000000000, -1.000000000000000000 ) ) ;
#1366 = EDGE_CURVE ( 'NONE', #2360, #4776, #1935, .T. ) ;
#1367 = CARTESIAN_POINT ( 'NONE',  ( 0.3749999999999946700, 0.1000000000000000100, -1.599999999999996300 ) ) ;
#1368 = EDGE_LOOP ( 'NONE', ( #3681, #1265, #1541, #1627 ) ) ;
#1369 = EDGE_LOOP ( 'NONE', ( #8184, #4581, #2944, #1352 ) ) ;
#1370 = EDGE_LOOP ( 'NONE', ( #6870, #154 ) ) ;
#1371 = VERTEX_POINT ( 'NONE', #2876 ) ;
#1372 = LINE ( 'NONE', #7683, #7516 ) ;
#1373 = DIRECTION ( 'NONE',  ( 0.0000000000000000000, -1.000000000000000000, 0.0000000000000000000 ) ) ;
#1374 = AXIS2_PLACEMENT_3D ( 'NONE', #7061, #6432, #5692 ) ;
#1375 = ORIENTED_EDGE ( 'NONE', *, *, #7224, .F. ) ;
#1376 = VERTEX_POINT ( 'NONE', #4872 ) ;
#1377 = ADVANCED_FACE ( 'NONE', ( #4142 ), #4246, .T. ) ;
#1378 = ORIENTED_EDGE ( 'NONE', *, *, #2011, .F. ) ;
#1379 = FACE_OUTER_BOUND ( 'NONE', #3270, .T. ) ;
#1380 = CARTESIAN_POINT ( 'NONE',  ( -1.599999999999995000, 4.059797974644667700, 0.8750000000000001100 ) ) ;
#1381 = CARTESIAN_POINT ( 'NONE',  ( 1.600000000000001600, 4.059797974644667700, 0.1250000000000245600 ) ) ;
#1382 = DIRECTION ( 'NONE',  ( 1.000000000000000000, -0.0000000000000000000, -0.0000000000000000000 ) ) ;
#1383 = VERTEX_POINT ( 'NONE', #2329 ) ;
#1384 = CARTESIAN_POINT ( 'NONE',  ( -1.599999999999989700, 0.0000000000000000000, 1.375000000000000200 ) ) ;
#1385 = CARTESIAN_POINT ( 'NONE',  ( 1.374999999999999100, 0.0000000000000000000, -1.999999999999996200 ) ) ;
#1386 = VERTEX_POINT ( 'NONE', #4168 ) ;
#1387 = EDGE_CURVE ( 'NONE', #3468, #1363, #8152, .T. ) ;
#1388 = VECTOR ( 'NONE', #3830, 1000.000000000000000 ) ;
#1389 = DIRECTION ( 'NONE',  ( 1.668003342285391600E-016, 0.0000000000000000000, -1.000000000000000000 ) ) ;
#1390 = VERTEX_POINT ( 'NONE', #7437 ) ;
#1391 = CARTESIAN_POINT ( 'NONE',  ( -1.374999999999994700, -0.0000000000000000000, -1.599999999999996300 ) ) ;
#1392 = CARTESIAN_POINT ( 'NONE',  ( 1.600000000000005200, 0.0000000000000000000, -0.8750000000000001100 ) ) ;
#1393 = LINE ( 'NONE', #4617, #1497 ) ;
#1394 = EDGE_CURVE ( 'NONE', #397, #3399, #6967, .T. ) ;
#1395 = LINE ( 'NONE', #6654, #3922 ) ;
#1396 = CARTESIAN_POINT ( 'NONE',  ( -1.599999999999994800, 4.059797974644667700, -0.6250000000000001100 ) ) ;
#1397 = CARTESIAN_POINT ( 'NONE',  ( 2.000000000000016000, 0.0000000000000000000, -1.375000000000012400 ) ) ;
#1398 = VECTOR ( 'NONE', #305, 1000.000000000000000 ) ;
#1399 = DIRECTION ( 'NONE',  ( 1.000000000000000000, -0.0000000000000000000, 1.040834085586084300E-014 ) ) ;
#1400 = EDGE_CURVE ( 'NONE', #2458, #6702, #3443, .T. ) ;
#1401 = PLANE ( 'NONE',  #7820 ) ;
#1402 = LINE ( 'NONE', #7430, #2394 ) ;
#1403 =( GEOMETRIC_REPRESENTATION_CONTEXT ( 3 ) GLOBAL_UNCERTAINTY_ASSIGNED_CONTEXT ( ( #3680 ) ) GLOBAL_UNIT_ASSIGNED_CONTEXT ( ( #7371, #5543, #5435 ) ) REPRESENTATION_CONTEXT ( 'NONE', 'WORKASPACE' ) );
#1404 = DIRECTION ( 'NONE',  ( 0.0000000000000000000, -1.000000000000000000, 0.0000000000000000000 ) ) ;
#1405 = LINE ( 'NONE', #1668, #3415 ) ;
#1406 = CARTESIAN_POINT ( 'NONE',  ( -0.8749999999999508200, 0.1000000000000000100, -1.999999999999999100 ) ) ;
#1407 = PLANE ( 'NONE',  #6911 ) ;
#1408 = LINE ( 'NONE', #2725, #5149 ) ;
#1409 = ORIENTED_EDGE ( 'NONE', *, *, #5202, .F. ) ;
#1410 = AXIS2_PLACEMENT_3D ( 'NONE', #7854, #2136, #6661 ) ;
#1411 = VECTOR ( 'NONE', #8098, 1000.000000000000000 ) ;
#1412 = EDGE_CURVE ( 'NONE', #872, #3255, #5869, .T. ) ;
#1413 = ADVANCED_FACE ( 'NONE', ( #5665 ), #2950, .T. ) ;
#1414 = DIRECTION ( 'NONE',  ( 1.000000000000000000, 0.0000000000000000000, 1.668003342285391600E-016 ) ) ;
#1415 = VECTOR ( 'NONE', #472, 1000.000000000000000 ) ;
#1416 = CARTESIAN_POINT ( 'NONE',  ( -1.599999999999957900, 0.1000000000000002600, 0.1250000000000245600 ) ) ;
#1417 = VERTEX_POINT ( 'NONE', #6117 ) ;
#1418 = VECTOR ( 'NONE', #5945, 1000.000000000000000 ) ;
#1419 = DIRECTION ( 'NONE',  ( -1.000000000000000000, 0.0000000000000000000, -1.122149248522487000E-013 ) ) ;
#1420 = MANIFOLD_SOLID_BREP ( 'Boss-Extrude2[20]', #6633 ) ;
#1421 = EDGE_CURVE ( 'NONE', #8033, #5608, #3641, .T. ) ;
#1422 = CARTESIAN_POINT ( 'NONE',  ( -1.374999999999994700, 0.1000000000000000100, -1.599999999999996300 ) ) ;
#1423 = DIRECTION ( 'NONE',  ( 0.0000000000000000000, 0.0000000000000000000, -1.000000000000000000 ) ) ;
#1424 = VECTOR ( 'NONE', #3567, 1000.000000000000000 ) ;
#1425 = CARTESIAN_POINT ( 'NONE',  ( -1.599999999999989700, 0.1000000000000002600, 1.375000000000000200 ) ) ;
#1426 = PLANE ( 'NONE',  #1082 ) ;
#1427 = FACE_OUTER_BOUND ( 'NONE', #7535, .T. ) ;
#1428 = ORIENTED_EDGE ( 'NONE', *, *, #6140, .F. ) ;
#1429 = ORIENTED_EDGE ( 'NONE', *, *, #1660, .T. ) ;
#1430 = DIRECTION ( 'NONE',  ( -1.691355389077552800E-013, -0.0000000000000000000, 1.000000000000000000 ) ) ;
#1431 = EDGE_CURVE ( 'NONE', #4621, #5111, #2749, .T. ) ;
#1432 = FACE_OUTER_BOUND ( 'NONE', #7495, .T. ) ;
#1433 = ORIENTED_EDGE ( 'NONE', *, *, #5172, .T. ) ;
#1434 = CARTESIAN_POINT ( 'NONE',  ( 0.8749999999999946700, 0.0000000000000000000, -1.599999999999996300 ) ) ;
#1435 = CARTESIAN_POINT ( 'NONE',  ( -0.8749999999999942300, 4.059797974644667700, 1.599999999999995900 ) ) ;
#1436 = ORIENTED_EDGE ( 'NONE', *, *, #7580, .T. ) ;
#1437 = VERTEX_POINT ( 'NONE', #3575 ) ;
#1438 = VECTOR ( 'NONE', #1826, 1000.000000000000000 ) ;
#1439 = LINE ( 'NONE', #5968, #6067 ) ;
#1440 = SURFACE_STYLE_USAGE ( .BOTH. , #7155 ) ;
#1441 = CARTESIAN_POINT ( 'NONE',  ( 2.000000000000005300, 0.1000000000000000100, -0.8750000000000001100 ) ) ;
#1442 = VERTEX_POINT ( 'NONE', #388 ) ;
#1443 = VECTOR ( 'NONE', #1648, 1000.000000000000000 ) ;
#1444 = CARTESIAN_POINT ( 'NONE',  ( 2.000000000000015500, 4.059797974644667700, 1.375000000000012400 ) ) ;
#1445 = VERTEX_POINT ( 'NONE', #6166 ) ;
#1446 = ORIENTED_EDGE ( 'NONE', *, *, #4684, .T. ) ;
#1447 = LINE ( 'NONE', #7445, #5575 ) ;
#1448 = EDGE_CURVE ( 'NONE', #5808, #7127, #4858, .T. ) ;
#1449 = VECTOR ( 'NONE', #4115, 1000.000000000000000 ) ;
#1450 = PLANE ( 'NONE',  #7461 ) ;
#1451 =( GEOMETRIC_REPRESENTATION_CONTEXT ( 3 ) GLOBAL_UNCERTAINTY_ASSIGNED_CONTEXT ( ( #5208 ) ) GLOBAL_UNIT_ASSIGNED_CONTEXT ( ( #4007, #4650, #6632 ) ) REPRESENTATION_CONTEXT ( 'NONE', 'WORKASPACE' ) );
#1452 = CARTESIAN_POINT ( 'NONE',  ( -2.100000000000000100, 1.050000000000000000, -2.100000000000000100 ) ) ;
#1453 = ORIENTED_EDGE ( 'NONE', *, *, #6991, .T. ) ;
#1454 = EDGE_LOOP ( 'NONE', ( #7302, #7011, #2188, #6305 ) ) ;
#1455 = EDGE_LOOP ( 'NONE', ( #7257, #2010, #4467, #8051 ) ) ;
#1456 = CARTESIAN_POINT ( 'NONE',  ( -2.100000000000000100, 0.3500000000000001400, 2.100000000000000100 ) ) ;
#1457 = ORIENTED_EDGE ( 'NONE', *, *, #2491, .T. ) ;
#1458 = ADVANCED_FACE ( 'NONE', ( #6963 ), #5526, .T. ) ;
#1459 = LINE ( 'NONE', #3170, #2350 ) ;
#1460 = EDGE_CURVE ( 'NONE', #1037, #7003, #4558, .T. ) ;
#1461 = EDGE_CURVE ( 'NONE', #6205, #3273, #1931, .T. ) ;
#1462 = AXIS2_PLACEMENT_3D ( 'NONE', #4436, #2574, #8206 ) ;
#1463 = EDGE_LOOP ( 'NONE', ( #3657, #6631, #6397, #6905 ) ) ;
#1464 = ORIENTED_EDGE ( 'NONE', *, *, #2250, .F. ) ;
#1465 = ORIENTED_EDGE ( 'NONE', *, *, #1188, .F. ) ;
#1466 = EDGE_LOOP ( 'NONE', ( #1038, #2874, #4391, #746 ) ) ;
#1467 = CARTESIAN_POINT ( 'NONE',  ( -1.999999999999994900, -0.0000000000000000000, -0.6250000000000000000 ) ) ;
#1468 = FILL_AREA_STYLE_COLOUR ( '', #1527 ) ;
#1469 = DIRECTION ( 'NONE',  ( 1.000000000000000000, 0.0000000000000000000, -2.710505431213760100E-016 ) ) ;
#1470 = ORIENTED_EDGE ( 'NONE', *, *, #1855, .F. ) ;
#1471 = EDGE_LOOP ( 'NONE', ( #2122, #2748, #7308, #7095 ) ) ;
#1472 = LINE ( 'NONE', #2855, #1674 ) ;
#1473 =( NAMED_UNIT ( * ) PLANE_ANGLE_UNIT ( ) SI_UNIT ( $, .RADIAN. ) );
#1474 = DIRECTION ( 'NONE',  ( -0.0000000000000000000, 1.000000000000000000, 0.0000000000000000000 ) ) ;
#1475 = SURFACE_STYLE_FILL_AREA ( #3550 ) ;
#1476 = EDGE_CURVE ( 'NONE', #3900, #2653, #3034, .T. ) ;
#1477 = ORIENTED_EDGE ( 'NONE', *, *, #6518, .F. ) ;
#1478 = ORIENTED_EDGE ( 'NONE', *, *, #7819, .F. ) ;
#1479 = CARTESIAN_POINT ( 'NONE',  ( -1.374999999999994700, 0.1000000000000002600, -1.599999999999996300 ) ) ;
#1480 = LINE ( 'NONE', #2202, #2979 ) ;
#1481 = CARTESIAN_POINT ( 'NONE',  ( -0.3749999999999946700, 4.059797974644667700, -1.599999999999996300 ) ) ;
#1482 = PRESENTATION_LAYER_ASSIGNMENT (  '', '', ( #4557 ) ) ;
#1483 = LINE ( 'NONE', #3204, #4718 ) ;
#1484 = CARTESIAN_POINT ( 'NONE',  ( 0.8749999999999946700, 0.1000000000000000100, -1.599999999999996300 ) ) ;
#1485 = ORIENTED_EDGE ( 'NONE', *, *, #2812, .F. ) ;
#1486 = VECTOR ( 'NONE', #3816, 1000.000000000000000 ) ;
#1487 = ORIENTED_EDGE ( 'NONE', *, *, #5536, .F. ) ;
#1488 = PLANE ( 'NONE',  #40 ) ;
#1489 = LINE ( 'NONE', #3609, #603 ) ;
#1490 =( LENGTH_UNIT ( ) NAMED_UNIT ( * ) SI_UNIT ( .MILLI., .METRE. ) );
#1491 = FILL_AREA_STYLE_COLOUR ( '', #2731 ) ;
#1492 = CARTESIAN_POINT ( 'NONE',  ( 2.000000000000005300, 4.059797974644667700, 0.8750000000000001100 ) ) ;
#1493 = LINE ( 'NONE', #623, #3112 ) ;
#1494 = ORIENTED_EDGE ( 'NONE', *, *, #1303, .F. ) ;
#1495 = VECTOR ( 'NONE', #5134, 1000.000000000000000 ) ;
#1496 = ADVANCED_FACE ( 'NONE', ( #4347 ), #470, .F. ) ;
#1497 = VECTOR ( 'NONE', #1399, 1000.000000000000000 ) ;
#1498 =( NAMED_UNIT ( * ) PLANE_ANGLE_UNIT ( ) SI_UNIT ( $, .RADIAN. ) );
#1499 = FILL_AREA_STYLE_COLOUR ( '', #2543 ) ;
#1500 = FACE_BOUND ( 'NONE', #7068, .T. ) ;
#1501 = PLANE ( 'NONE',  #819 ) ;
#1502 = DIRECTION ( 'NONE',  ( -0.0000000000000000000, -1.000000000000000000, -0.0000000000000000000 ) ) ;
#1503 = LINE ( 'NONE', #109, #122 ) ;
#1504 = EDGE_CURVE ( 'NONE', #1383, #3538, #532, .T. ) ;
#1505 = CARTESIAN_POINT ( 'NONE',  ( -0.8749999999999508200, 0.1000000000000000100, -1.999999999999999100 ) ) ;
#1506 =( GEOMETRIC_REPRESENTATION_CONTEXT ( 3 ) GLOBAL_UNCERTAINTY_ASSIGNED_CONTEXT ( ( #5710 ) ) GLOBAL_UNIT_ASSIGNED_CONTEXT ( ( #6475, #5867, #5819 ) ) REPRESENTATION_CONTEXT ( 'NONE', 'WORKASPACE' ) );
#1507 = DIRECTION ( 'NONE',  ( -1.103175710504001600E-013, 0.0000000000000000000, -1.000000000000000000 ) ) ;
#1508 = EDGE_LOOP ( 'NONE', ( #2568, #272, #1624, #3837 ) ) ;
#1509 = LINE ( 'NONE', #6368, #1705 ) ;
#1510 = VECTOR ( 'NONE', #6388, 1000.000000000000000 ) ;
#1511 = CARTESIAN_POINT ( 'NONE',  ( -0.3749999999999946700, 4.059797974644667700, -1.599999999999996300 ) ) ;
#1512 = DIRECTION ( 'NONE',  ( -1.000000000000000000, 0.0000000000000000000, 0.0000000000000000000 ) ) ;
#1513 = AXIS2_PLACEMENT_3D ( 'NONE', #1956, #3175, #4526 ) ;
#1514 = DIRECTION ( 'NONE',  ( 0.0000000000000000000, 0.0000000000000000000, -1.000000000000000000 ) ) ;
#1515 = LINE ( 'NONE', #6056, #133 ) ;
#1516 = ORIENTED_EDGE ( 'NONE', *, *, #6195, .T. ) ;
#1517 = EDGE_CURVE ( 'NONE', #2920, #5902, #1522, .T. ) ;
#1518 = DIRECTION ( 'NONE',  ( 3.469446951953614600E-015, 0.0000000000000000000, -1.000000000000000000 ) ) ;
#1519 = CARTESIAN_POINT ( 'NONE',  ( -0.1249999999999947700, 0.1000000000000000100, -1.599999999999999000 ) ) ;
#1520 = CARTESIAN_POINT ( 'NONE',  ( 0.8749999999999942300, 0.0000000000000000000, 1.599999999999995900 ) ) ;
#1521 = VECTOR ( 'NONE', #8101, 1000.000000000000000 ) ;
#1522 = LINE ( 'NONE', #3652, #2627 ) ;
#1523 = ORIENTED_EDGE ( 'NONE', *, *, #1767, .F. ) ;
#1524 = EDGE_LOOP ( 'NONE', ( #3717, #5583, #239, #8063 ) ) ;
#1525 = LINE ( 'NONE', #6083, #655 ) ;
#1526 = DIRECTION ( 'NONE',  ( 0.0000000000000000000, -1.000000000000000000, 0.0000000000000000000 ) ) ;
#1527 = COLOUR_RGB ( '',1.000000000000000000, 0.8117647058823529400, 0.5019607843137254800 ) ;
#1528 = DIRECTION ( 'NONE',  ( 1.040834085586084300E-014, 0.0000000000000000000, -1.000000000000000000 ) ) ;
#1529 = ADVANCED_FACE ( 'NONE', ( #7274 ), #5659, .T. ) ;
#1530 = DIRECTION ( 'NONE',  ( -1.040834085586084300E-014, 0.0000000000000000000, 1.000000000000000000 ) ) ;
#1531 = LINE ( 'NONE', #5379, #4148 ) ;
#1532 = VERTEX_POINT ( 'NONE', #4313 ) ;
#1533 = EDGE_CURVE ( 'NONE', #3190, #467, #7955, .T. ) ;
#1534 = ORIENTED_EDGE ( 'NONE', *, *, #4873, .T. ) ;
#1535 = EDGE_CURVE ( 'NONE', #2217, #57, #6265, .T. ) ;
#1536 = PLANE ( 'NONE',  #3358 ) ;
#1537 = LINE ( 'NONE', #7417, #2644 ) ;
#1538 = DIRECTION ( 'NONE',  ( -1.000000000000000000, 0.0000000000000000000, 6.938893903907228400E-015 ) ) ;
#1539 = DIRECTION ( 'NONE',  ( -0.0000000000000000000, -1.000000000000000000, -0.0000000000000000000 ) ) ;
#1540 = DIRECTION ( 'NONE',  ( -1.000000000000000000, -0.0000000000000000000, 1.040834085586084700E-014 ) ) ;
#1541 = ORIENTED_EDGE ( 'NONE', *, *, #4332, .T. ) ;
#1542 = ORIENTED_EDGE ( 'NONE', *, *, #5643, .F. ) ;
#1543 = VERTEX_POINT ( 'NONE', #6250 ) ;
#1544 = DIRECTION ( 'NONE',  ( -1.000000000000000000, -0.0000000000000000000, 1.040834085586084300E-014 ) ) ;
#1545 = LINE ( 'NONE', #5938, #1353 ) ;
#1546 = VECTOR ( 'NONE', #5396, 1000.000000000000000 ) ;
#1547 = CARTESIAN_POINT ( 'NONE',  ( 0.0000000000000000000, 0.1000000000000000100, 0.0000000000000000000 ) ) ;
#1548 = ORIENTED_EDGE ( 'NONE', *, *, #6542, .T. ) ;
#1549 = DIRECTION ( 'NONE',  ( -1.000000000000000000, 0.0000000000000000000, -1.040834085586085200E-014 ) ) ;
#1550 = ORIENTED_EDGE ( 'NONE', *, *, #1157, .F. ) ;
#1551 = ORIENTED_EDGE ( 'NONE', *, *, #7762, .T. ) ;
#1552 =( GEOMETRIC_REPRESENTATION_CONTEXT ( 3 ) GLOBAL_UNCERTAINTY_ASSIGNED_CONTEXT ( ( #7906 ) ) GLOBAL_UNIT_ASSIGNED_CONTEXT ( ( #7925, #322, #4159 ) ) REPRESENTATION_CONTEXT ( 'NONE', 'WORKASPACE' ) );
#1553 = EDGE_LOOP ( 'NONE', ( #6985, #7612, #5884, #7700 ) ) ;
#1554 = FACE_OUTER_BOUND ( 'NONE', #8276, .T. ) ;
#1555 = DIRECTION ( 'NONE',  ( 0.0000000000000000000, -0.0000000000000000000, 1.000000000000000000 ) ) ;
#1556 = CARTESIAN_POINT ( 'NONE',  ( -0.8749999999999946700, 0.1000000000000000100, -1.599999999999996300 ) ) ;
#1557 = CARTESIAN_POINT ( 'NONE',  ( 1.600000000000005200, 0.0000000000000000000, 0.8750000000000001100 ) ) ;
#1558 = ORIENTED_EDGE ( 'NONE', *, *, #1675, .T. ) ;
#1559 = EDGE_LOOP ( 'NONE', ( #766, #1982, #574, #1768 ) ) ;
#1560 = ORIENTED_EDGE ( 'NONE', *, *, #7468, .F. ) ;
#1561 = AXIS2_PLACEMENT_3D ( 'NONE', #2389, #4961, #1800 ) ;
#1562 = VERTEX_POINT ( 'NONE', #3012 ) ;
#1563 = VECTOR ( 'NONE', #1921, 1000.000000000000000 ) ;
#1564 = EDGE_CURVE ( 'NONE', #5815, #4799, #3732, .T. ) ;
#1565 = MANIFOLD_SOLID_BREP ( 'Cut-Extrude2', #6928 ) ;
#1566 = CARTESIAN_POINT ( 'NONE',  ( -2.100000000000000100, 1.050000000000000000, 2.100000000000000100 ) ) ;
#1567 = EDGE_LOOP ( 'NONE', ( #424, #6605, #2248, #8000 ) ) ;
#1568 = SURFACE_SIDE_STYLE ('',( #8045 ) ) ;
#1569 = CARTESIAN_POINT ( 'NONE',  ( -0.8749999999999502600, 0.0000000000000000000, 1.999999999999999100 ) ) ;
#1570 = ORIENTED_EDGE ( 'NONE', *, *, #1026, .T. ) ;
#1571 = FILL_AREA_STYLE_COLOUR ( '', #8143 ) ;
#1572 = VERTEX_POINT ( 'NONE', #4366 ) ;
#1573 = ADVANCED_FACE ( 'NONE', ( #5456 ), #6317, .F. ) ;
#1574 = ORIENTED_EDGE ( 'NONE', *, *, #8016, .T. ) ;
#1575 = DIRECTION ( 'NONE',  ( -1.040834085586084700E-014, 0.0000000000000000000, 1.000000000000000000 ) ) ;
#1576 = VERTEX_POINT ( 'NONE', #6951 ) ;
#1577 = CARTESIAN_POINT ( 'NONE',  ( 2.000000000000005300, 0.1000000000000000100, -0.6250000000000000000 ) ) ;
#1578 = EDGE_CURVE ( 'NONE', #5173, #6484, #3252, .T. ) ;
#1579 = CARTESIAN_POINT ( 'NONE',  ( -1.599999999999991200, 0.1000000000000002600, -1.125000000000014700 ) ) ;
#1580 = ORIENTED_EDGE ( 'NONE', *, *, #4804, .F. ) ;
#1581 = ADVANCED_FACE ( 'NONE', ( #5174 ), #6436, .F. ) ;
#1582 = CARTESIAN_POINT ( 'NONE',  ( -1.999999999999994900, 0.1000000000000000100, -0.8750000000000001100 ) ) ;
#1583 = DIRECTION ( 'NONE',  ( 0.0000000000000000000, 0.0000000000000000000, -1.000000000000000000 ) ) ;
#1584 = EDGE_CURVE ( 'NONE', #3538, #3292, #433, .T. ) ;
#1585 = LINE ( 'NONE', #2584, #8015 ) ;
#1586 = DIRECTION ( 'NONE',  ( 1.000000000000000000, 0.0000000000000000000, 3.469446951953614200E-015 ) ) ;
#1587 = VECTOR ( 'NONE', #2438, 1000.000000000000000 ) ;
#1588 = DIRECTION ( 'NONE',  ( -0.0000000000000000000, 0.0000000000000000000, 1.000000000000000000 ) ) ;
#1589 = CARTESIAN_POINT ( 'NONE',  ( 0.8749999999999946700, 4.059797974644667700, -1.599999999999996300 ) ) ;
#1590 = CARTESIAN_POINT ( 'NONE',  ( -1.999999999999994900, 0.1000000000000000100, -0.8750000000000001100 ) ) ;
#1591 = VECTOR ( 'NONE', #7997, 1000.000000000000000 ) ;
#1592 = DIRECTION ( 'NONE',  ( 2.710505431213760100E-016, 0.0000000000000000000, -1.000000000000000000 ) ) ;
#1593 = FACE_OUTER_BOUND ( 'NONE', #7898, .T. ) ;
#1594 = CARTESIAN_POINT ( 'NONE',  ( 1.600000000000005200, 0.0000000000000000000, -0.8750000000000001100 ) ) ;
#1595 = EDGE_CURVE ( 'NONE', #7374, #489, #6061, .T. ) ;
#1596 = LINE ( 'NONE', #7923, #7645 ) ;
#1597 = DIRECTION ( 'NONE',  ( 0.0000000000000000000, -1.000000000000000000, 0.0000000000000000000 ) ) ;
#1598 = ORIENTED_EDGE ( 'NONE', *, *, #3496, .T. ) ;
#1599 = FACE_OUTER_BOUND ( 'NONE', #4946, .T. ) ;
#1600 = DIRECTION ( 'NONE',  ( 1.000000000000000000, 0.0000000000000000000, 1.057097118173367800E-014 ) ) ;
#1601 = EDGE_LOOP ( 'NONE', ( #4981, #1433, #585, #3181 ) ) ;
#1602 = ORIENTED_EDGE ( 'NONE', *, *, #568, .T. ) ;
#1603 = EDGE_CURVE ( 'NONE', #2540, #2249, #2829, .T. ) ;
#1604 = VECTOR ( 'NONE', #6142, 1000.000000000000000 ) ;
#1605 = EDGE_CURVE ( 'NONE', #7409, #3468, #7567, .T. ) ;
#1606 = VECTOR ( 'NONE', #4624, 1000.000000000000000 ) ;
#1607 = ADVANCED_FACE ( 'NONE', ( #3948 ), #3158, .T. ) ;
#1608 = AXIS2_PLACEMENT_3D ( 'NONE', #7281, #3996, #7936 ) ;
#1609 = CARTESIAN_POINT ( 'NONE',  ( -0.3749999999999498200, -0.0000000000000000000, -2.000000000000000000 ) ) ;
#1610 = SURFACE_STYLE_FILL_AREA ( #4399 ) ;
#1611 = CARTESIAN_POINT ( 'NONE',  ( -2.000000000000000000, 0.1000000000000002600, 0.1250000000000000000 ) ) ;
#1612 = CARTESIAN_POINT ( 'NONE',  ( 1.600000000000005200, 0.0000000000000000000, -0.8750000000000001100 ) ) ;
#1613 = FACE_OUTER_BOUND ( 'NONE', #7985, .T. ) ;
#1614 = CARTESIAN_POINT ( 'NONE',  ( -2.000000000000000000, -0.0000000000000000000, -0.3750000000000000600 ) ) ;
#1615 = CLOSED_SHELL ( 'NONE', ( #452, #2457, #6313, #502, #2720, #4794 ) ) ;
#1616 = ADVANCED_FACE ( 'NONE', ( #3637 ), #4450, .F. ) ;
#1617 = ORIENTED_EDGE ( 'NONE', *, *, #5190, .F. ) ;
#1618 = EDGE_CURVE ( 'NONE', #4069, #6257, #6674, .T. ) ;
#1619 = VECTOR ( 'NONE', #3003, 1000.000000000000000 ) ;
#1620 = CARTESIAN_POINT ( 'NONE',  ( 1.600000000000010500, 0.0000000000000000000, 1.375000000000000200 ) ) ;
#1621 = ORIENTED_EDGE ( 'NONE', *, *, #541, .F. ) ;
#1622 = DIRECTION ( 'NONE',  ( -1.029992063861229100E-014, 0.0000000000000000000, -1.000000000000000000 ) ) ;
#1623 = SURFACE_STYLE_USAGE ( .BOTH. , #968 ) ;
#1624 = ORIENTED_EDGE ( 'NONE', *, *, #6740, .F. ) ;
#1625 = ORIENTED_EDGE ( 'NONE', *, *, #4354, .F. ) ;
#1626 = FACE_OUTER_BOUND ( 'NONE', #6184, .T. ) ;
#1627 = ORIENTED_EDGE ( 'NONE', *, *, #2044, .F. ) ;
#1628 = LINE ( 'NONE', #701, #4958 ) ;
#1629 = DIRECTION ( 'NONE',  ( 6.071532165919179000E-015, 0.0000000000000000000, 1.000000000000000000 ) ) ;
#1630 = ORIENTED_EDGE ( 'NONE', *, *, #6909, .T. ) ;
#1631 = FACE_OUTER_BOUND ( 'NONE', #1463, .T. ) ;
#1632 = ORIENTED_EDGE ( 'NONE', *, *, #497, .F. ) ;
#1633 =( LENGTH_UNIT ( ) NAMED_UNIT ( * ) SI_UNIT ( .MILLI., .METRE. ) );
#1634 = ORIENTED_EDGE ( 'NONE', *, *, #1175, .T. ) ;
#1635 = VECTOR ( 'NONE', #6878, 1000.000000000000000 ) ;
#1636 = CARTESIAN_POINT ( 'NONE',  ( -0.1249999999999947700, 0.1000000000000000100, -1.599999999999999000 ) ) ;
#1637 = LINE ( 'NONE', #2765, #1546 ) ;
#1638 = DIRECTION ( 'NONE',  ( 1.127570259384925100E-014, -0.0000000000000000000, -1.000000000000000000 ) ) ;
#1639 = EDGE_CURVE ( 'NONE', #8069, #4278, #922, .T. ) ;
#1640 = ORIENTED_EDGE ( 'NONE', *, *, #4231, .F. ) ;
#1641 = ORIENTED_EDGE ( 'NONE', *, *, #5429, .F. ) ;
#1642 = VERTEX_POINT ( 'NONE', #5436 ) ;
#1643 = CARTESIAN_POINT ( 'NONE',  ( -0.3749999999999498200, -0.0000000000000000000, -2.000000000000000000 ) ) ;
#1644 = ORIENTED_EDGE ( 'NONE', *, *, #121, .T. ) ;
#1645 = VERTEX_POINT ( 'NONE', #3223 ) ;
#1646 = CARTESIAN_POINT ( 'NONE',  ( -1.399999999999999900, 0.0000000000000000000, 1.399999999999999700 ) ) ;
#1647 = FACE_OUTER_BOUND ( 'NONE', #8256, .T. ) ;
#1648 = DIRECTION ( 'NONE',  ( -0.0000000000000000000, -1.000000000000000000, -0.0000000000000000000 ) ) ;
#1649 = AXIS2_PLACEMENT_3D ( 'NONE', #4503, #2583, #1960 ) ;
#1650 = CARTESIAN_POINT ( 'NONE',  ( 0.0000000000000000000, 0.1000000000000000100, 0.0000000000000000000 ) ) ;
#1651 = ORIENTED_EDGE ( 'NONE', *, *, #2477, .F. ) ;
#1652 = DIRECTION ( 'NONE',  ( -1.029992063861229100E-014, 0.0000000000000000000, -1.000000000000000000 ) ) ;
#1653 = EDGE_LOOP ( 'NONE', ( #7984, #3914, #1465, #659 ) ) ;
#1654 = ORIENTED_EDGE ( 'NONE', *, *, #5241, .F. ) ;
#1655 = ADVANCED_FACE ( 'NONE', ( #4244 ), #2081, .T. ) ;
#1656 = VERTEX_POINT ( 'NONE', #1998 ) ;
#1657 = LINE ( 'NONE', #3295, #4697 ) ;
#1658 = FILL_AREA_STYLE_COLOUR ( '', #6660 ) ;
#1659 = CARTESIAN_POINT ( 'NONE',  ( 2.000000000000016000, 0.1000000000000000100, -1.125000000000012400 ) ) ;
#1660 = EDGE_CURVE ( 'NONE', #3972, #6994, #4137, .T. ) ;
#1661 = VERTEX_POINT ( 'NONE', #3349 ) ;
#1662 = ORIENTED_EDGE ( 'NONE', *, *, #1133, .T. ) ;
#1663 = ADVANCED_FACE ( 'NONE', ( #2216 ), #6600, .F. ) ;
#1664 = LINE ( 'NONE', #483, #1173 ) ;
#1665 = AXIS2_PLACEMENT_3D ( 'NONE', #2475, #5014, #2442 ) ;
#1666 = CARTESIAN_POINT ( 'NONE',  ( -1.600000000000000300, 0.9500000000000000700, -1.600000000000000300 ) ) ;
#1667 = DIRECTION ( 'NONE',  ( -8.673617379884035500E-016, -0.0000000000000000000, 1.000000000000000000 ) ) ;
#1668 = CARTESIAN_POINT ( 'NONE',  ( 1.374999999999999100, 0.1000000000000002600, -1.999999999999996200 ) ) ;
#1669 = AXIS2_PLACEMENT_3D ( 'NONE', #1950, #34, #3742 ) ;
#1670 = MANIFOLD_SOLID_BREP ( 'Boss-Extrude2[2]', #2956 ) ;
#1671 = ORIENTED_EDGE ( 'NONE', *, *, #1461, .F. ) ;
#1672 = ORIENTED_EDGE ( 'NONE', *, *, #7597, .F. ) ;
#1673 = CARTESIAN_POINT ( 'NONE',  ( 0.8749999999999946700, 0.1000000000000002600, -1.599999999999996300 ) ) ;
#1674 = VECTOR ( 'NONE', #2916, 1000.000000000000000 ) ;
#1675 = EDGE_CURVE ( 'NONE', #2787, #8228, #2537, .T. ) ;
#1676 = CARTESIAN_POINT ( 'NONE',  ( 0.6249999999999983300, 0.1000000000000000100, 1.999999999999997800 ) ) ;
#1677 = PLANE ( 'NONE',  #7268 ) ;
#1678 = ORIENTED_EDGE ( 'NONE', *, *, #2733, .F. ) ;
#1679 = CARTESIAN_POINT ( 'NONE',  ( 1.600000000000010300, 0.0000000000000000000, 1.125000000000000200 ) ) ;
#1680 = FACE_OUTER_BOUND ( 'NONE', #2595, .T. ) ;
#1681 = ORIENTED_EDGE ( 'NONE', *, *, #5941, .T. ) ;
#1682 = AXIS2_PLACEMENT_3D ( 'NONE', #7140, #5264, #2012 ) ;
#1683 = DIRECTION ( 'NONE',  ( -0.0000000000000000000, -1.000000000000000000, -0.0000000000000000000 ) ) ;
#1684 = SURFACE_SIDE_STYLE ('',( #5059 ) ) ;
#1685 = LINE ( 'NONE', #2615, #6834 ) ;
#1686 = DIRECTION ( 'NONE',  ( -0.0000000000000000000, -1.000000000000000000, -0.0000000000000000000 ) ) ;
#1687 = ADVANCED_FACE ( 'NONE', ( #5863 ), #1407, .F. ) ;
#1688 = LINE ( 'NONE', #50, #7911 ) ;
#1689 = PLANE ( 'NONE',  #8149 ) ;
#1690 = FACE_OUTER_BOUND ( 'NONE', #3648, .T. ) ;
#1691 = CARTESIAN_POINT ( 'NONE',  ( -1.999999999999989600, 4.059797974644667700, -1.375000000000000200 ) ) ;
#1692 = CARTESIAN_POINT ( 'NONE',  ( 1.600000000000005200, 4.059797974644667700, 0.8750000000000001100 ) ) ;
#1693 = DIRECTION ( 'NONE',  ( 0.0000000000000000000, 0.0000000000000000000, 1.000000000000000000 ) ) ;
#1694 = FACE_BOUND ( 'NONE', #2040, .T. ) ;
#1695 = EDGE_CURVE ( 'NONE', #4077, #2540, #6053, .T. ) ;
#1696 = CARTESIAN_POINT ( 'NONE',  ( 1.374999999999994200, 0.0000000000000000000, 1.599999999999995900 ) ) ;
#1697 = ADVANCED_FACE ( 'NONE', ( #7266 ), #2206, .T. ) ;
#1698 = LINE ( 'NONE', #852, #7149 ) ;
#1699 = LINE ( 'NONE', #185, #25 ) ;
#1700 = PLANE ( 'NONE',  #1311 ) ;
#1701 = DIRECTION ( 'NONE',  ( 8.673617379884035500E-016, 0.0000000000000000000, 1.000000000000000000 ) ) ;
#1702 = DIRECTION ( 'NONE',  ( 1.100465205072788000E-013, 0.0000000000000000000, 1.000000000000000000 ) ) ;
#1703 = ORIENTED_EDGE ( 'NONE', *, *, #6607, .F. ) ;
#1704 = ADVANCED_FACE ( 'NONE', ( #1813 ), #5254, .T. ) ;
#1705 = VECTOR ( 'NONE', #3037, 1000.000000000000000 ) ;
#1706 = VERTEX_POINT ( 'NONE', #2234 ) ;
#1707 = LINE ( 'NONE', #5627, #6472 ) ;
#1708 = EDGE_CURVE ( 'NONE', #6088, #8167, #4653, .T. ) ;
#1709 = CARTESIAN_POINT ( 'NONE',  ( 1.374999999999994200, 0.1000000000000000100, 1.599999999999995900 ) ) ;
#1710 = PLANE ( 'NONE',  #6151 ) ;
#1711 = SURFACE_SIDE_STYLE ('',( #4167 ) ) ;
#1712 = VECTOR ( 'NONE', #6316, 1000.000000000000000 ) ;
#1713 = EDGE_CURVE ( 'NONE', #4661, #3822, #2120, .T. ) ;
#1714 = CARTESIAN_POINT ( 'NONE',  ( -0.3749999999999946700, 0.1000000000000000100, -1.599999999999996300 ) ) ;
#1715 = MECHANICAL_DESIGN_GEOMETRIC_PRESENTATION_REPRESENTATION (  '', ( #2310 ), #2262 ) ;
#1716 = FACE_OUTER_BOUND ( 'NONE', #277, .T. ) ;
#1717 = CARTESIAN_POINT ( 'NONE',  ( -0.3749999999999943400, -0.0000000000000000000, 1.599999999999995900 ) ) ;
#1718 = ORIENTED_EDGE ( 'NONE', *, *, #7712, .T. ) ;
#1719 = DIRECTION ( 'NONE',  ( 0.0000000000000000000, -1.000000000000000000, 0.0000000000000000000 ) ) ;
#1720 = VECTOR ( 'NONE', #7065, 1000.000000000000000 ) ;
#1721 = CARTESIAN_POINT ( 'NONE',  ( -0.6249999999999947800, 0.1000000000000002600, -1.599999999999999000 ) ) ;
#1722 = ADVANCED_FACE ( 'NONE', ( #4756 ), #4819, .T. ) ;
#1723 = ORIENTED_EDGE ( 'NONE', *, *, #6168, .T. ) ;
#1724 = ORIENTED_EDGE ( 'NONE', *, *, #3164, .F. ) ;
#1725 = VECTOR ( 'NONE', #1365, 1000.000000000000000 ) ;
#1726 = DIRECTION ( 'NONE',  ( -8.673617379884035500E-016, -0.0000000000000000000, 1.000000000000000000 ) ) ;
#1727 = CARTESIAN_POINT ( 'NONE',  ( -1.374999999999950500, 4.059797974644667700, 1.999999999999999100 ) ) ;
#1728 = CARTESIAN_POINT ( 'NONE',  ( -0.6249999999999943400, 4.059797974644667700, 1.599999999999998500 ) ) ;
#1729 = DIRECTION ( 'NONE',  ( 1.000000000000000000, -0.0000000000000000000, 0.0000000000000000000 ) ) ;
#1730 = FACE_OUTER_BOUND ( 'NONE', #7855, .T. ) ;
#1731 = EDGE_CURVE ( 'NONE', #2686, #5574, #5554, .T. ) ;
#1732 = VERTEX_POINT ( 'NONE', #892 ) ;
#1733 = ORIENTED_EDGE ( 'NONE', *, *, #7715, .T. ) ;
#1734 = VECTOR ( 'NONE', #2514, 1000.000000000000000 ) ;
#1735 = ADVANCED_FACE ( 'NONE', ( #2319 ), #6531, .T. ) ;
#1736 = LINE ( 'NONE', #2929, #7490 ) ;
#1737 = CARTESIAN_POINT ( 'NONE',  ( -2.000000000000000000, 0.1000000000000002600, -0.1250000000000000300 ) ) ;
#1738 = CARTESIAN_POINT ( 'NONE',  ( 0.0000000000000000000, 0.1000000000000000100, 0.0000000000000000000 ) ) ;
#1739 = CARTESIAN_POINT ( 'NONE',  ( 1.400000000000000400, 0.1000000000000002600, -1.399999999999999700 ) ) ;
#1740 = CARTESIAN_POINT ( 'NONE',  ( -1.374999999999994700, -0.0000000000000000000, -1.599999999999996300 ) ) ;
#1741 = ORIENTED_EDGE ( 'NONE', *, *, #5757, .F. ) ;
#1742 = VECTOR ( 'NONE', #5314, 1000.000000000000000 ) ;
#1743 = VERTEX_POINT ( 'NONE', #4068 ) ;
#1744 = ORIENTED_EDGE ( 'NONE', *, *, #8113, .F. ) ;
#1745 = VECTOR ( 'NONE', #5911, 1000.000000000000000 ) ;
#1746 = ADVANCED_FACE ( 'NONE', ( #1613 ), #7069, .T. ) ;
#1747 = DIRECTION ( 'NONE',  ( -1.002887009549093500E-014, 0.0000000000000000000, -1.000000000000000000 ) ) ;
#1748 = VERTEX_POINT ( 'NONE', #2865 ) ;
#1749 = VERTEX_POINT ( 'NONE', #4160 ) ;
#1750 = ORIENTED_EDGE ( 'NONE', *, *, #965, .F. ) ;
#1751 = PLANE ( 'NONE',  #2378 ) ;
#1752 = ORIENTED_EDGE ( 'NONE', *, *, #5772, .T. ) ;
#1753 = LINE ( 'NONE', #7508, #6899 ) ;
#1754 = CARTESIAN_POINT ( 'NONE',  ( -0.1249999999999502600, 0.0000000000000000000, 1.999999999999998200 ) ) ;
#1755 = CARTESIAN_POINT ( 'NONE',  ( 1.600000000000001600, 4.059797974644667700, -0.1250000000000245600 ) ) ;
#1756 = CARTESIAN_POINT ( 'NONE',  ( 2.000000000000001800, 0.1000000000000000100, -0.1249999999999821400 ) ) ;
#1757 = ORIENTED_EDGE ( 'NONE', *, *, #3258, .T. ) ;
#1758 = ORIENTED_EDGE ( 'NONE', *, *, #4134, .T. ) ;
#1759 = CARTESIAN_POINT ( 'NONE',  ( -1.599999999999989700, 0.1000000000000000100, 1.375000000000000200 ) ) ;
#1760 = CARTESIAN_POINT ( 'NONE',  ( 0.3749999999999984500, 0.0000000000000000000, 1.999999999999996200 ) ) ;
#1761 = LINE ( 'NONE', #5262, #86 ) ;
#1762 = PLANE ( 'NONE',  #6977 ) ;
#1763 = EDGE_LOOP ( 'NONE', ( #7276, #1059, #1782, #7976 ) ) ;
#1764 = DIRECTION ( 'NONE',  ( -0.0000000000000000000, -1.000000000000000000, -0.0000000000000000000 ) ) ;
#1765 = ORIENTED_EDGE ( 'NONE', *, *, #74, .F. ) ;
#1766 = DIRECTION ( 'NONE',  ( 1.095044194210351900E-013, 0.0000000000000000000, -1.000000000000000000 ) ) ;
#1767 = EDGE_CURVE ( 'NONE', #1858, #2883, #7950, .T. ) ;
#1768 = ORIENTED_EDGE ( 'NONE', *, *, #498, .F. ) ;
#1769 = LINE ( 'NONE', #288, #6628 ) ;
#1770 = EDGE_CURVE ( 'NONE', #3370, #4589, #6858, .T. ) ;
#1771 = CARTESIAN_POINT ( 'NONE',  ( 2.100000000000000100, 0.3500000000000001400, -2.100000000000000100 ) ) ;
#1772 = ORIENTED_EDGE ( 'NONE', *, *, #1595, .F. ) ;
#1773 = EDGE_LOOP ( 'NONE', ( #293, #7900, #2577, #2888 ) ) ;
#1774 = AXIS2_PLACEMENT_3D ( 'NONE', #4942, #1041, #3643 ) ;
#1775 = ORIENTED_EDGE ( 'NONE', *, *, #298, .T. ) ;
#1776 = CARTESIAN_POINT ( 'NONE',  ( 0.3749999999999989500, 0.1000000000000000100, -1.999999999999996200 ) ) ;
#1777 = CARTESIAN_POINT ( 'NONE',  ( 0.8749999999999942300, 0.1000000000000002600, 1.599999999999995900 ) ) ;
#1778 = ADVANCED_FACE ( 'NONE', ( #640 ), #3601, .T. ) ;
#1779 = FACE_OUTER_BOUND ( 'NONE', #3467, .T. ) ;
#1780 = AXIS2_PLACEMENT_3D ( 'NONE', #1926, #4471, #1316 ) ;
#1781 = LINE ( 'NONE', #4402, #303 ) ;
#1782 = ORIENTED_EDGE ( 'NONE', *, *, #5607, .F. ) ;
#1783 = EDGE_CURVE ( 'NONE', #4470, #3659, #1023, .T. ) ;
#1784 = DIRECTION ( 'NONE',  ( -0.0000000000000000000, 1.000000000000000000, 0.0000000000000000000 ) ) ;
#1785 = CARTESIAN_POINT ( 'NONE',  ( -1.599999999999991200, 4.059797974644667700, 1.125000000000014700 ) ) ;
#1786 = DIRECTION ( 'NONE',  ( 5.421010862427620000E-015, 0.0000000000000000000, 1.000000000000000000 ) ) ;
#1787 = VECTOR ( 'NONE', #1870, 1000.000000000000000 ) ;
#1788 = CARTESIAN_POINT ( 'NONE',  ( -0.6249999999999943400, 0.1000000000000000100, 1.599999999999998500 ) ) ;
#1789 = ADVANCED_FACE ( 'NONE', ( #7670 ), #4949, .F. ) ;
#1790 = VECTOR ( 'NONE', #4464, 1000.000000000000000 ) ;
#1791 = MECHANICAL_DESIGN_GEOMETRIC_PRESENTATION_REPRESENTATION (  '', ( #5267 ), #366 ) ;
#1792 = CARTESIAN_POINT ( 'NONE',  ( 0.1249999999999943900, 4.059797974644667700, 1.599999999999998500 ) ) ;
#1793 = VECTOR ( 'NONE', #1538, 1000.000000000000000 ) ;
#1794 = DIRECTION ( 'NONE',  ( 1.000000000000000000, 0.0000000000000000000, 1.040834085586085000E-014 ) ) ;
#1795 = CARTESIAN_POINT ( 'NONE',  ( 1.600000000000005200, 0.1000000000000002600, -0.8750000000000001100 ) ) ;
#1796 = DIRECTION ( 'NONE',  ( 0.0000000000000000000, -0.0000000000000000000, 1.000000000000000000 ) ) ;
#1797 = CARTESIAN_POINT ( 'NONE',  ( 1.399999999999999900, 0.1000000000000000100, 1.400000000000000100 ) ) ;
#1798 = VECTOR ( 'NONE', #2071, 1000.000000000000000 ) ;
#1799 = VECTOR ( 'NONE', #5168, 1000.000000000000000 ) ;
#1800 = DIRECTION ( 'NONE',  ( -1.000000000000000000, 0.0000000000000000000, -7.589415207398658800E-015 ) ) ;
#1801 = ORIENTED_EDGE ( 'NONE', *, *, #7006, .T. ) ;
#1802 = EDGE_CURVE ( 'NONE', #2889, #5084, #8138, .T. ) ;
#1803 = FILL_AREA_STYLE ('',( #1167 ) ) ;
#1804 = ORIENTED_EDGE ( 'NONE', *, *, #1618, .F. ) ;
#1805 = DIRECTION ( 'NONE',  ( -0.0000000000000000000, 1.000000000000000000, 0.0000000000000000000 ) ) ;
#1806 = EDGE_LOOP ( 'NONE', ( #2172, #6636, #6164, #2947 ) ) ;
#1807 = ORIENTED_EDGE ( 'NONE', *, *, #4050, .T. ) ;
#1808 = CARTESIAN_POINT ( 'NONE',  ( -1.599999999999957900, 0.1000000000000000100, 0.1250000000000245600 ) ) ;
#1809 = FACE_OUTER_BOUND ( 'NONE', #5125, .T. ) ;
#1810 = EDGE_CURVE ( 'NONE', #1970, #801, #1922, .T. ) ;
#1811 = ADVANCED_FACE ( 'NONE', ( #4047 ), #3072, .F. ) ;
#1812 = UNCERTAINTY_MEASURE_WITH_UNIT (LENGTH_MEASURE( 1.000000000000000100E-005 ), #6286, 'distance_accuracy_value', 'NONE');
#1813 = FACE_OUTER_BOUND ( 'NONE', #889, .T. ) ;
#1814 = CARTESIAN_POINT ( 'NONE',  ( -1.374999999999994700, 0.1000000000000002600, -1.599999999999996300 ) ) ;
#1815 = ORIENTED_EDGE ( 'NONE', *, *, #6372, .T. ) ;
#1816 = ORIENTED_EDGE ( 'NONE', *, *, #3322, .T. ) ;
#1817 = FACE_OUTER_BOUND ( 'NONE', #6400, .T. ) ;
#1818 = VECTOR ( 'NONE', #6728, 1000.000000000000000 ) ;
#1819 = ORIENTED_EDGE ( 'NONE', *, *, #5782, .T. ) ;
#1820 = PRESENTATION_LAYER_ASSIGNMENT (  '', '', ( #3827 ) ) ;
#1821 =( NAMED_UNIT ( * ) SI_UNIT ( $, .STERADIAN. ) SOLID_ANGLE_UNIT ( ) );
#1822 = ADVANCED_FACE ( 'NONE', ( #5962 ), #3624, .F. ) ;
#1823 = FACE_OUTER_BOUND ( 'NONE', #3439, .T. ) ;
#1824 = AXIS2_PLACEMENT_3D ( 'NONE', #3889, #698, #1322 ) ;
#1825 = ORIENTED_EDGE ( 'NONE', *, *, #5028, .T. ) ;
#1826 = DIRECTION ( 'NONE',  ( 0.0000000000000000000, -1.000000000000000000, 0.0000000000000000000 ) ) ;
#1827 = VERTEX_POINT ( 'NONE', #8107 ) ;
#1828 = FACE_OUTER_BOUND ( 'NONE', #132, .T. ) ;
#1829 = CARTESIAN_POINT ( 'NONE',  ( -1.124999999999950500, 0.1000000000000002600, 1.999999999999998200 ) ) ;
#1830 = EDGE_CURVE ( 'NONE', #6922, #5608, #3246, .T. ) ;
#1831 = EDGE_LOOP ( 'NONE', ( #2454, #70, #539, #3089 ) ) ;
#1832 = LINE ( 'NONE', #3325, #657 ) ;
#1833 = ORIENTED_EDGE ( 'NONE', *, *, #1504, .F. ) ;
#1834 = LINE ( 'NONE', #8075, #160 ) ;
#1835 = DIRECTION ( 'NONE',  ( -2.710505431213760100E-016, 0.0000000000000000000, 1.000000000000000000 ) ) ;
#1836 = EDGE_LOOP ( 'NONE', ( #7581, #7112, #5207, #6804 ) ) ;
#1837 = VERTEX_POINT ( 'NONE', #7543 ) ;
#1838 = SURFACE_STYLE_FILL_AREA ( #2996 ) ;
#1839 = DIRECTION ( 'NONE',  ( 1.000000000000000000, 0.0000000000000000000, -3.089976191583644100E-014 ) ) ;
#1840 = PRESENTATION_LAYER_ASSIGNMENT (  '', '', ( #4015 ) ) ;
#1841 = CARTESIAN_POINT ( 'NONE',  ( 2.000000000000016000, 0.1000000000000002600, -1.125000000000012400 ) ) ;
#1842 = EDGE_CURVE ( 'NONE', #4661, #6205, #3630, .T. ) ;
#1843 = DIRECTION ( 'NONE',  ( 0.0000000000000000000, -0.0000000000000000000, 1.000000000000000000 ) ) ;
#1844 = ORIENTED_EDGE ( 'NONE', *, *, #1731, .T. ) ;
#1845 = ORIENTED_EDGE ( 'NONE', *, *, #4217, .F. ) ;
#1846 = EDGE_LOOP ( 'NONE', ( #334, #5326, #6074, #4497 ) ) ;
#1847 = DIRECTION ( 'NONE',  ( 1.000000000000000000, 0.0000000000000000000, 1.548860246407863800E-016 ) ) ;
#1848 = PLANE ( 'NONE',  #2758 ) ;
#1849 = PLANE ( 'NONE',  #4969 ) ;
#1850 = LINE ( 'NONE', #3923, #3985 ) ;
#1851 = DIRECTION ( 'NONE',  ( 1.000000000000000000, 0.0000000000000000000, -6.938893903907229200E-015 ) ) ;
#1852 =( NAMED_UNIT ( * ) PLANE_ANGLE_UNIT ( ) SI_UNIT ( $, .RADIAN. ) );
#1853 = DIRECTION ( 'NONE',  ( -1.000000000000000000, 0.0000000000000000000, 1.060485249962383800E-013 ) ) ;
#1854 = CARTESIAN_POINT ( 'NONE',  ( -1.600000000000000100, 0.1000000000000000100, 0.3750000000000000600 ) ) ;
#1855 = EDGE_CURVE ( 'NONE', #4067, #4973, #4552, .T. ) ;
#1856 = VERTEX_POINT ( 'NONE', #6283 ) ;
#1857 = VERTEX_POINT ( 'NONE', #1737 ) ;
#1858 = VERTEX_POINT ( 'NONE', #2407 ) ;
#1859 = EDGE_LOOP ( 'NONE', ( #7588, #6335, #5484, #7233 ) ) ;
#1860 = LINE ( 'NONE', #8183, #2769 ) ;
#1861 = PLANE ( 'NONE',  #7447 ) ;
#1862 = SURFACE_STYLE_USAGE ( .BOTH. , #2032 ) ;
#1863 = DIRECTION ( 'NONE',  ( 0.0000000000000000000, 0.0000000000000000000, 1.000000000000000000 ) ) ;
#1864 = PLANE ( 'NONE',  #4714 ) ;
#1865 = ADVANCED_FACE ( 'NONE', ( #2529 ), #6925, .F. ) ;
#1866 = ORIENTED_EDGE ( 'NONE', *, *, #4606, .F. ) ;
#1867 = ORIENTED_EDGE ( 'NONE', *, *, #6572, .F. ) ;
#1868 = ORIENTED_EDGE ( 'NONE', *, *, #4569, .F. ) ;
#1869 = CARTESIAN_POINT ( 'NONE',  ( -1.999999999999989600, 0.0000000000000000000, -1.375000000000000200 ) ) ;
#1870 = DIRECTION ( 'NONE',  ( 8.673617379884035500E-016, 0.0000000000000000000, 1.000000000000000000 ) ) ;
#1871 = EDGE_CURVE ( 'NONE', #7629, #5791, #427, .T. ) ;
#1872 = CARTESIAN_POINT ( 'NONE',  ( 0.0000000000000000000, 0.1000000000000000100, 0.0000000000000000000 ) ) ;
#1873 = ORIENTED_EDGE ( 'NONE', *, *, #335, .T. ) ;
#1874 = ADVANCED_FACE ( 'NONE', ( #1427 ), #7462, .T. ) ;
#1875 = ORIENTED_EDGE ( 'NONE', *, *, #4820, .F. ) ;
#1876 = LINE ( 'NONE', #6155, #6012 ) ;
#1877 = COLOUR_RGB ( '',1.000000000000000000, 0.8117647058823529400, 0.5019607843137254800 ) ;
#1878 = EDGE_LOOP ( 'NONE', ( #66, #1733, #3052, #645 ) ) ;
#1879 = CARTESIAN_POINT ( 'NONE',  ( -0.8749999999999508200, 0.1000000000000000100, -1.999999999999999100 ) ) ;
#1880 = LINE ( 'NONE', #7977, #1398 ) ;
#1881 = ORIENTED_EDGE ( 'NONE', *, *, #2812, .T. ) ;
#1882 = DIRECTION ( 'NONE',  ( -8.673617379884035500E-016, 0.0000000000000000000, -1.000000000000000000 ) ) ;
#1883 = EDGE_CURVE ( 'NONE', #4703, #1037, #5056, .T. ) ;
#1884 = EDGE_CURVE ( 'NONE', #3251, #7799, #6670, .T. ) ;
#1885 = DIRECTION ( 'NONE',  ( 6.938893903907228400E-015, -0.0000000000000000000, 1.000000000000000000 ) ) ;
#1886 = AXIS2_PLACEMENT_3D ( 'NONE', #2351, #1042, #3030 ) ;
#1887 = VECTOR ( 'NONE', #1166, 1000.000000000000000 ) ;
#1888 = DIRECTION ( 'NONE',  ( 0.0000000000000000000, -1.000000000000000000, 0.0000000000000000000 ) ) ;
#1889 = VECTOR ( 'NONE', #5225, 1000.000000000000000 ) ;
#1890 = CARTESIAN_POINT ( 'NONE',  ( -2.100000000000000100, 1.050000000000000000, -2.100000000000000100 ) ) ;
#1891 = DIRECTION ( 'NONE',  ( 0.0000000000000000000, -0.0000000000000000000, 1.000000000000000000 ) ) ;
#1892 = LINE ( 'NONE', #989, #396 ) ;
#1893 = CARTESIAN_POINT ( 'NONE',  ( -0.3749999999999946700, 0.1000000000000000100, -1.599999999999996300 ) ) ;
#1894 = AXIS2_PLACEMENT_3D ( 'NONE', #1938, #6, #5697 ) ;
#1895 = LINE ( 'NONE', #4730, #3918 ) ;
#1896 = CARTESIAN_POINT ( 'NONE',  ( -1.374999999999950500, 0.1000000000000002600, 1.999999999999999100 ) ) ;
#1897 = FACE_OUTER_BOUND ( 'NONE', #67, .T. ) ;
#1898 = EDGE_CURVE ( 'NONE', #7917, #2445, #4943, .T. ) ;
#1899 = CARTESIAN_POINT ( 'NONE',  ( 0.1249999999999984000, 0.1000000000000000100, 1.999999999999997800 ) ) ;
#1900 = DIRECTION ( 'NONE',  ( 0.0000000000000000000, 1.000000000000000000, 0.0000000000000000000 ) ) ;
#1901 = LINE ( 'NONE', #222, #1204 ) ;
#1902 = DIRECTION ( 'NONE',  ( 6.098637220231029300E-014, -0.0000000000000000000, 1.000000000000000000 ) ) ;
#1903 = CARTESIAN_POINT ( 'NONE',  ( -1.999999999999994900, 4.059797974644667700, -0.8750000000000001100 ) ) ;
#1904 = FACE_OUTER_BOUND ( 'NONE', #2591, .T. ) ;
#1905 = ADVANCED_FACE ( 'NONE', ( #8041 ), #1181, .T. ) ;
#1906 = AXIS2_PLACEMENT_3D ( 'NONE', #5720, #2499, #1843 ) ;
#1907 = CARTESIAN_POINT ( 'NONE',  ( -1.999999999999989600, 0.1000000000000002600, 1.375000000000000200 ) ) ;
#1908 = DIRECTION ( 'NONE',  ( -1.000000000000000000, 0.0000000000000000000, 9.757819552369558800E-015 ) ) ;
#1909 = DIRECTION ( 'NONE',  ( 1.000000000000000000, -0.0000000000000000000, 1.040834085586084300E-014 ) ) ;
#1910 = CARTESIAN_POINT ( 'NONE',  ( 0.0000000000000000000, 0.0000000000000000000, 0.0000000000000000000 ) ) ;
#1911 = EDGE_LOOP ( 'NONE', ( #7687, #3340, #2871, #3476 ) ) ;
#1912 = CARTESIAN_POINT ( 'NONE',  ( -1.599999999999989700, 0.0000000000000000000, 1.375000000000000200 ) ) ;
#1913 = FACE_OUTER_BOUND ( 'NONE', #6046, .T. ) ;
#1914 = LINE ( 'NONE', #2616, #231 ) ;
#1915 = CARTESIAN_POINT ( 'NONE',  ( -1.599999999999994800, -0.0000000000000000000, -0.6250000000000001100 ) ) ;
#1916 = ADVANCED_FACE ( 'NONE', ( #1116 ), #3221, .T. ) ;
#1917 = CARTESIAN_POINT ( 'NONE',  ( 0.0000000000000000000, 0.0000000000000000000, 0.0000000000000000000 ) ) ;
#1918 = FACE_OUTER_BOUND ( 'NONE', #3847, .T. ) ;
#1919 = CARTESIAN_POINT ( 'NONE',  ( -1.124999999999950900, -0.0000000000000000000, -1.999999999999999100 ) ) ;
#1920 = DIRECTION ( 'NONE',  ( -1.000000000000000000, 0.0000000000000000000, -6.098637220231030600E-014 ) ) ;
#1921 = DIRECTION ( 'NONE',  ( -0.0000000000000000000, -1.000000000000000000, -0.0000000000000000000 ) ) ;
#1922 = LINE ( 'NONE', #4245, #5166 ) ;
#1923 = DIRECTION ( 'NONE',  ( 1.040834085586085000E-014, 0.0000000000000000000, -1.000000000000000000 ) ) ;
#1924 = ORIENTED_EDGE ( 'NONE', *, *, #8030, .F. ) ;
#1925 = DIRECTION ( 'NONE',  ( 0.0000000000000000000, -1.000000000000000000, 0.0000000000000000000 ) ) ;
#1926 = CARTESIAN_POINT ( 'NONE',  ( 0.3749999999999984500, 0.1000000000000000100, 1.999999999999996200 ) ) ;
#1927 = VECTOR ( 'NONE', #4602, 1000.000000000000000 ) ;
#1928 = CARTESIAN_POINT ( 'NONE',  ( 2.000000000000000000, 0.0000000000000000000, 0.3750000000000000600 ) ) ;
#1929 = ORIENTED_EDGE ( 'NONE', *, *, #1618, .T. ) ;
#1930 = UNCERTAINTY_MEASURE_WITH_UNIT (LENGTH_MEASURE( 1.000000000000000100E-005 ), #3660, 'distance_accuracy_value', 'NONE');
#1931 = LINE ( 'NONE', #1709, #7369 ) ;
#1932 = ORIENTED_EDGE ( 'NONE', *, *, #5889, .F. ) ;
#1933 = EDGE_CURVE ( 'NONE', #6702, #5564, #3529, .T. ) ;
#1934 = EDGE_LOOP ( 'NONE', ( #4692, #3236, #3874, #7878 ) ) ;
#1935 = LINE ( 'NONE', #6820, #250 ) ;
#1936 = STYLED_ITEM ( 'NONE', ( #7183 ), #1063 ) ;
#1937 = VECTOR ( 'NONE', #7722, 1000.000000000000000 ) ;
#1938 = CARTESIAN_POINT ( 'NONE',  ( 0.0000000000000000000, 0.1000000000000000100, 0.0000000000000000000 ) ) ;
#1939 = CARTESIAN_POINT ( 'NONE',  ( 1.124999999999994400, 0.0000000000000000000, 1.599999999999998500 ) ) ;
#1940 = DIRECTION ( 'NONE',  ( 0.0000000000000000000, 0.0000000000000000000, -1.000000000000000000 ) ) ;
#1941 = STYLED_ITEM ( 'NONE', ( #7053 ), #6793 ) ;
#1942 = DIRECTION ( 'NONE',  ( -0.0000000000000000000, -1.000000000000000000, -0.0000000000000000000 ) ) ;
#1943 = LINE ( 'NONE', #7284, #4769 ) ;
#1944 = EDGE_LOOP ( 'NONE', ( #7103, #3879, #6352, #447 ) ) ;
#1945 = ORIENTED_EDGE ( 'NONE', *, *, #6572, .T. ) ;
#1946 = VECTOR ( 'NONE', #4807, 1000.000000000000000 ) ;
#1947 = AXIS2_PLACEMENT_3D ( 'NONE', #3803, #4405, #5175 ) ;
#1948 = VECTOR ( 'NONE', #3013, 1000.000000000000000 ) ;
#1949 = AXIS2_PLACEMENT_3D ( 'NONE', #1444, #7831, #5323 ) ;
#1950 = CARTESIAN_POINT ( 'NONE',  ( -1.600000000000000100, 4.059797974644667700, 0.3750000000000000600 ) ) ;
#1951 = DIRECTION ( 'NONE',  ( -0.0000000000000000000, 1.000000000000000000, 0.0000000000000000000 ) ) ;
#1952 = EDGE_LOOP ( 'NONE', ( #1966, #4462, #6418, #6086, #3897 ) ) ;
#1953 = ORIENTED_EDGE ( 'NONE', *, *, #3693, .T. ) ;
#1954 = CARTESIAN_POINT ( 'NONE',  ( 1.600000000000004300, 4.059797974644667700, -0.3750000000000244800 ) ) ;
#1955 = EDGE_CURVE ( 'NONE', #6389, #869, #39, .T. ) ;
#1956 = CARTESIAN_POINT ( 'NONE',  ( -0.1249999999999947700, 0.1000000000000000100, -1.599999999999999000 ) ) ;
#1957 = ORIENTED_EDGE ( 'NONE', *, *, #926, .T. ) ;
#1958 = ORIENTED_EDGE ( 'NONE', *, *, #497, .T. ) ;
#1959 = DIRECTION ( 'NONE',  ( -1.691355389077552800E-013, 0.0000000000000000000, -1.000000000000000000 ) ) ;
#1960 = DIRECTION ( 'NONE',  ( -1.095044194210352000E-013, 0.0000000000000000000, 1.000000000000000000 ) ) ;
#1961 = EDGE_LOOP ( 'NONE', ( #1868, #6407, #3348, #7078 ) ) ;
#1962 = CARTESIAN_POINT ( 'NONE',  ( 1.399999999999999900, 4.059797974644667700, 1.400000000000000100 ) ) ;
#1963 = CLOSED_SHELL ( 'NONE', ( #2090, #959, #1746, #7421, #1778, #14 ) ) ;
#1964 = ORIENTED_EDGE ( 'NONE', *, *, #7633, .T. ) ;
#1965 = AXIS2_PLACEMENT_3D ( 'NONE', #4205, #374, #5483 ) ;
#1966 = ORIENTED_EDGE ( 'NONE', *, *, #2567, .F. ) ;
#1967 = ADVANCED_FACE ( 'NONE', ( #2824 ), #8270, .T. ) ;
#1968 = DIRECTION ( 'NONE',  ( 0.0000000000000000000, -0.0000000000000000000, 1.000000000000000000 ) ) ;
#1969 = CARTESIAN_POINT ( 'NONE',  ( -1.599999999999995000, 0.1000000000000000100, 0.8750000000000001100 ) ) ;
#1970 = VERTEX_POINT ( 'NONE', #8216 ) ;
#1971 = ORIENTED_EDGE ( 'NONE', *, *, #2733, .T. ) ;
#1972 = EDGE_LOOP ( 'NONE', ( #4064, #5756, #1873, #2972 ) ) ;
#1973 = ORIENTED_EDGE ( 'NONE', *, *, #4759, .T. ) ;
#1974 = DIRECTION ( 'NONE',  ( 0.0000000000000000000, -1.000000000000000000, 0.0000000000000000000 ) ) ;
#1975 = FACE_OUTER_BOUND ( 'NONE', #849, .T. ) ;
#1976 = DIRECTION ( 'NONE',  ( 0.0000000000000000000, -0.0000000000000000000, 1.000000000000000000 ) ) ;
#1977 = EDGE_CURVE ( 'NONE', #767, #5095, #2930, .T. ) ;
#1978 = EDGE_CURVE ( 'NONE', #3621, #3366, #6567, .T. ) ;
#1979 = CARTESIAN_POINT ( 'NONE',  ( -1.999999999999989600, 0.1000000000000002600, -1.375000000000000200 ) ) ;
#1980 = ORIENTED_EDGE ( 'NONE', *, *, #6471, .T. ) ;
#1981 = DIRECTION ( 'NONE',  ( 0.0000000000000000000, -0.0000000000000000000, 1.000000000000000000 ) ) ;
#1982 = ORIENTED_EDGE ( 'NONE', *, *, #2034, .T. ) ;
#1983 = DIRECTION ( 'NONE',  ( -1.057097118173367600E-014, -0.0000000000000000000, 1.000000000000000000 ) ) ;
#1984 = AXIS2_PLACEMENT_3D ( 'NONE', #616, #4454, #3856 ) ;
#1985 = CARTESIAN_POINT ( 'NONE',  ( -0.1249999999999943900, 0.0000000000000000000, 1.599999999999998500 ) ) ;
#1986 = LINE ( 'NONE', #2145, #4002 ) ;
#1987 = ORIENTED_EDGE ( 'NONE', *, *, #5079, .F. ) ;
#1988 = ORIENTED_EDGE ( 'NONE', *, *, #7962, .T. ) ;
#1989 = ORIENTED_EDGE ( 'NONE', *, *, #8006, .F. ) ;
#1990 = DIRECTION ( 'NONE',  ( 1.095044194210352000E-013, 0.0000000000000000000, -1.000000000000000000 ) ) ;
#1991 = DIRECTION ( 'NONE',  ( 1.000000000000000000, 0.0000000000000000000, 1.124859753953710500E-013 ) ) ;
#1992 = DIRECTION ( 'NONE',  ( 1.000000000000000000, 0.0000000000000000000, 1.040834085586085000E-014 ) ) ;
#1993 = EDGE_CURVE ( 'NONE', #7399, #3954, #3135, .T. ) ;
#1994 = DIRECTION ( 'NONE',  ( 1.000000000000000000, 0.0000000000000000000, -8.673617379884036500E-016 ) ) ;
#1995 = ORIENTED_EDGE ( 'NONE', *, *, #6510, .F. ) ;
#1996 = AXIS2_PLACEMENT_3D ( 'NONE', #5140, #1991, #7482 ) ;
#1997 = LINE ( 'NONE', #5034, #307 ) ;
#1998 = CARTESIAN_POINT ( 'NONE',  ( 2.000000000000001800, 0.1000000000000000100, -0.1249999999999821400 ) ) ;
#1999 = DIRECTION ( 'NONE',  ( -1.000000000000000000, -0.0000000000000000000, -1.060485249962383600E-013 ) ) ;
#2000 = DIRECTION ( 'NONE',  ( -0.0000000000000000000, -1.000000000000000000, -0.0000000000000000000 ) ) ;
#2001 = DIRECTION ( 'NONE',  ( 1.097754699641565700E-013, 0.0000000000000000000, -1.000000000000000000 ) ) ;
#2002 = EDGE_CURVE ( 'NONE', #5478, #2692, #821, .T. ) ;
#2003 = LINE ( 'NONE', #1893, #1790 ) ;
#2004 = ADVANCED_FACE ( 'NONE', ( #1809 ), #1848, .T. ) ;
#2005 = VECTOR ( 'NONE', #6727, 1000.000000000000000 ) ;
#2006 = CARTESIAN_POINT ( 'NONE',  ( -0.6249999999999943400, 0.0000000000000000000, 1.599999999999998500 ) ) ;
#2007 = LINE ( 'NONE', #2624, #5031 ) ;
#2008 = AXIS2_PLACEMENT_3D ( 'NONE', #2313, #2283, #4183 ) ;
#2009 = LINE ( 'NONE', #3854, #1799 ) ;
#2010 = ORIENTED_EDGE ( 'NONE', *, *, #5241, .T. ) ;
#2011 = EDGE_CURVE ( 'NONE', #5903, #8078, #2211, .T. ) ;
#2012 = DIRECTION ( 'NONE',  ( 0.0000000000000000000, 0.0000000000000000000, 1.000000000000000000 ) ) ;
#2013 = CARTESIAN_POINT ( 'NONE',  ( 2.000000000000015500, 0.1000000000000000100, 1.375000000000012400 ) ) ;
#2014 = CARTESIAN_POINT ( 'NONE',  ( 2.000000000000005300, 0.0000000000000000000, -0.8750000000000001100 ) ) ;
#2015 = LINE ( 'NONE', #7759, #4741 ) ;
#2016 = ORIENTED_EDGE ( 'NONE', *, *, #6350, .T. ) ;
#2017 = FACE_OUTER_BOUND ( 'NONE', #5603, .T. ) ;
#2018 = CARTESIAN_POINT ( 'NONE',  ( 1.600000000000010300, 0.0000000000000000000, 1.125000000000000200 ) ) ;
#2019 = CARTESIAN_POINT ( 'NONE',  ( -2.000000000000000000, 0.1000000000000000100, -0.1250000000000000300 ) ) ;
#2020 = EDGE_CURVE ( 'NONE', #8029, #3869, #3333, .T. ) ;
#2021 = VECTOR ( 'NONE', #7944, 1000.000000000000000 ) ;
#2022 = CARTESIAN_POINT ( 'NONE',  ( 2.000000000000001800, 4.059797974644667700, 0.1249999999999821400 ) ) ;
#2023 = DIRECTION ( 'NONE',  ( -1.000000000000000000, 0.0000000000000000000, -2.710505431213760100E-016 ) ) ;
#2024 = LINE ( 'NONE', #4337, #5853 ) ;
#2025 = SURFACE_STYLE_FILL_AREA ( #3919 ) ;
#2026 = DIRECTION ( 'NONE',  ( -1.000000000000000000, 0.0000000000000000000, -1.040834085586083500E-014 ) ) ;
#2027 = ORIENTED_EDGE ( 'NONE', *, *, #7249, .F. ) ;
#2028 = CARTESIAN_POINT ( 'NONE',  ( 2.000000000000015500, 0.1000000000000002600, 1.125000000000012400 ) ) ;
#2029 = ORIENTED_EDGE ( 'NONE', *, *, #5049, .T. ) ;
#2030 = CARTESIAN_POINT ( 'NONE',  ( -1.999999999999994900, 0.1000000000000002600, -0.8750000000000001100 ) ) ;
#2031 = FACE_OUTER_BOUND ( 'NONE', #6519, .T. ) ;
#2032 = SURFACE_SIDE_STYLE ('',( #2655 ) ) ;
#2033 = ORIENTED_EDGE ( 'NONE', *, *, #2970, .F. ) ;
#2034 = EDGE_CURVE ( 'NONE', #7096, #886, #4133, .T. ) ;
#2035 = VECTOR ( 'NONE', #7166, 1000.000000000000000 ) ;
#2036 = DIRECTION ( 'NONE',  ( 1.000000000000000000, 0.0000000000000000000, -2.710505431213760100E-016 ) ) ;
#2037 = ORIENTED_EDGE ( 'NONE', *, *, #703, .F. ) ;
#2038 = ORIENTED_EDGE ( 'NONE', *, *, #2109, .F. ) ;
#2039 = SURFACE_STYLE_FILL_AREA ( #1803 ) ;
#2040 = EDGE_LOOP ( 'NONE', ( #7701, #5210, #3469, #7012 ) ) ;
#2041 = VECTOR ( 'NONE', #554, 1000.000000000000000 ) ;
#2042 = CARTESIAN_POINT ( 'NONE',  ( 2.000000000000016000, 4.059797974644667700, -1.375000000000012400 ) ) ;
#2043 = ADVANCED_FACE ( 'NONE', ( #730 ), #5780, .T. ) ;
#2044 = EDGE_CURVE ( 'NONE', #6993, #3144, #3826, .T. ) ;
#2045 = DIRECTION ( 'NONE',  ( 0.0000000000000000000, 1.000000000000000000, 0.0000000000000000000 ) ) ;
#2046 = EDGE_CURVE ( 'NONE', #6428, #5398, #4037, .T. ) ;
#2047 = ORIENTED_EDGE ( 'NONE', *, *, #1713, .F. ) ;
#2048 = FACE_OUTER_BOUND ( 'NONE', #4162, .T. ) ;
#2049 = AXIS2_PLACEMENT_3D ( 'NONE', #3398, #5333, #5994 ) ;
#2050 = ORIENTED_EDGE ( 'NONE', *, *, #1883, .T. ) ;
#2051 = CARTESIAN_POINT ( 'NONE',  ( 0.8749999999999988900, 4.059797974644667700, -1.999999999999996200 ) ) ;
#2052 = EDGE_LOOP ( 'NONE', ( #7690, #2776, #2463, #4754 ) ) ;
#2053 = PLANE ( 'NONE',  #3617 ) ;
#2054 = FACE_OUTER_BOUND ( 'NONE', #2375, .T. ) ;
#2055 = DIRECTION ( 'NONE',  ( 0.0000000000000000000, -1.000000000000000000, 0.0000000000000000000 ) ) ;
#2056 = DIRECTION ( 'NONE',  ( -2.081668171172264100E-014, 0.0000000000000000000, 1.000000000000000000 ) ) ;
#2057 = CARTESIAN_POINT ( 'NONE',  ( -1.124999999999994400, 0.0000000000000000000, 1.599999999999998500 ) ) ;
#2058 = MECHANICAL_DESIGN_GEOMETRIC_PRESENTATION_REPRESENTATION (  '', ( #3202 ), #3612 ) ;
#2059 = ORIENTED_EDGE ( 'NONE', *, *, #8268, .F. ) ;
#2060 = EDGE_LOOP ( 'NONE', ( #544, #4006, #3770, #5511 ) ) ;
#2061 = LINE ( 'NONE', #3944, #7697 ) ;
#2062 = AXIS2_PLACEMENT_3D ( 'NONE', #6132, #8067, #7453 ) ;
#2063 = VECTOR ( 'NONE', #6414, 1000.000000000000000 ) ;
#2064 = FILL_AREA_STYLE ('',( #5864 ) ) ;
#2065 = CARTESIAN_POINT ( 'NONE',  ( -1.599999999999994800, 0.0000000000000000000, 0.6250000000000001100 ) ) ;
#2066 = EDGE_CURVE ( 'NONE', #6186, #1390, #136, .T. ) ;
#2067 = ORIENTED_EDGE ( 'NONE', *, *, #6800, .F. ) ;
#2068 = ORIENTED_EDGE ( 'NONE', *, *, #3860, .F. ) ;
#2069 = VERTEX_POINT ( 'NONE', #2080 ) ;
#2070 = FACE_OUTER_BOUND ( 'NONE', #1773, .T. ) ;
#2071 = DIRECTION ( 'NONE',  ( 1.000000000000000000, 0.0000000000000000000, 6.098637220231029300E-014 ) ) ;
#2072 = CARTESIAN_POINT ( 'NONE',  ( -2.000000000000000000, 0.0000000000000000000, 0.3750000000000000600 ) ) ;
#2073 = CARTESIAN_POINT ( 'NONE',  ( -1.124999999999950500, 4.059797974644667700, 1.999999999999998200 ) ) ;
#2074 = DIRECTION ( 'NONE',  ( -1.000000000000000000, 0.0000000000000000000, 1.100465205072778200E-013 ) ) ;
#2075 = ORIENTED_EDGE ( 'NONE', *, *, #5718, .T. ) ;
#2076 = EDGE_LOOP ( 'NONE', ( #5422, #1641, #9, #1171 ) ) ;
#2077 = VERTEX_POINT ( 'NONE', #2668 ) ;
#2078 = FACE_OUTER_BOUND ( 'NONE', #4613, .T. ) ;
#2079 = CARTESIAN_POINT ( 'NONE',  ( -0.1249999999999943900, 0.1000000000000000100, 1.599999999999998500 ) ) ;
#2080 = CARTESIAN_POINT ( 'NONE',  ( -1.999999999999984500, 0.0000000000000000000, 1.125000000000011500 ) ) ;
#2081 = PLANE ( 'NONE',  #446 ) ;
#2082 = FILL_AREA_STYLE ('',( #824 ) ) ;
#2083 = EDGE_LOOP ( 'NONE', ( #664, #980, #2259, #3984 ) ) ;
#2084 = CARTESIAN_POINT ( 'NONE',  ( -0.8749999999999942300, 0.1000000000000000100, 1.599999999999995900 ) ) ;
#2085 = ORIENTED_EDGE ( 'NONE', *, *, #6629, .T. ) ;
#2086 = EDGE_CURVE ( 'NONE', #1576, #2519, #1914, .T. ) ;
#2087 = LINE ( 'NONE', #5854, #202 ) ;
#2088 = VECTOR ( 'NONE', #7850, 1000.000000000000000 ) ;
#2089 = DIRECTION ( 'NONE',  ( 2.710505431213760100E-016, -0.0000000000000000000, 1.000000000000000000 ) ) ;
#2090 = ADVANCED_FACE ( 'NONE', ( #8233 ), #741, .T. ) ;
#2091 = DIRECTION ( 'NONE',  ( -0.0000000000000000000, -1.000000000000000000, -0.0000000000000000000 ) ) ;
#2092 = LINE ( 'NONE', #8004, #214 ) ;
#2093 = ORIENTED_EDGE ( 'NONE', *, *, #6177, .T. ) ;
#2094 = DIRECTION ( 'NONE',  ( -1.000000000000000000, 0.0000000000000000000, 1.040834085586084700E-014 ) ) ;
#2095 = CARTESIAN_POINT ( 'NONE',  ( 2.000000000000015500, 0.0000000000000000000, 1.375000000000012400 ) ) ;
#2096 = FACE_OUTER_BOUND ( 'NONE', #6290, .T. ) ;
#2097 = PLANE ( 'NONE',  #5865 ) ;
#2098 = CYLINDRICAL_SURFACE ( 'NONE', #1374, 0.1499999999999999700 ) ;
#2099 = CARTESIAN_POINT ( 'NONE',  ( -0.8749999999999942300, 0.1000000000000002600, 1.599999999999995900 ) ) ;
#2100 = DIRECTION ( 'NONE',  ( -0.0000000000000000000, -1.000000000000000000, -0.0000000000000000000 ) ) ;
#2101 = VECTOR ( 'NONE', #1992, 1000.000000000000000 ) ;
#2102 = AXIS2_PLACEMENT_3D ( 'NONE', #1208, #3156, #7714 ) ;
#2103 = FACE_BOUND ( 'NONE', #4165, .T. ) ;
#2104 = CARTESIAN_POINT ( 'NONE',  ( 1.124999999999994700, 0.1000000000000002600, -1.599999999999999000 ) ) ;
#2105 = SURFACE_SIDE_STYLE ('',( #8123 ) ) ;
#2106 = FACE_OUTER_BOUND ( 'NONE', #1368, .T. ) ;
#2107 = PLANE ( 'NONE',  #815 ) ;
#2108 = FACE_OUTER_BOUND ( 'NONE', #2730, .T. ) ;
#2109 = EDGE_CURVE ( 'NONE', #933, #6566, #4840, .T. ) ;
#2110 = ORIENTED_EDGE ( 'NONE', *, *, #6140, .T. ) ;
#2111 = VECTOR ( 'NONE', #552, 1000.000000000000000 ) ;
#2112 = SURFACE_STYLE_USAGE ( .BOTH. , #5978 ) ;
#2113 = LINE ( 'NONE', #7794, #1606 ) ;
#2114 = AXIS2_PLACEMENT_3D ( 'NONE', #3208, #4493, #656 ) ;
#2115 = CARTESIAN_POINT ( 'NONE',  ( -1.599999999999995000, 0.0000000000000000000, 0.8750000000000001100 ) ) ;
#2116 = DIRECTION ( 'NONE',  ( -1.000000000000000000, 0.0000000000000000000, -0.0000000000000000000 ) ) ;
#2117 = VECTOR ( 'NONE', #4135, 1000.000000000000000 ) ;
#2118 = DIRECTION ( 'NONE',  ( -1.100465205072778300E-013, 0.0000000000000000000, -1.000000000000000000 ) ) ;
#2119 = ORIENTED_EDGE ( 'NONE', *, *, #1639, .T. ) ;
#2120 = LINE ( 'NONE', #5459, #1320 ) ;
#2121 = ADVANCED_FACE ( 'NONE', ( #1015 ), #2053, .T. ) ;
#2122 = ORIENTED_EDGE ( 'NONE', *, *, #631, .T. ) ;
#2123 = CARTESIAN_POINT ( 'NONE',  ( -0.6249999999999497100, -0.0000000000000000000, -1.999999999999999100 ) ) ;
#2124 = EDGE_CURVE ( 'NONE', #4776, #1390, #328, .T. ) ;
#2125 = FACE_OUTER_BOUND ( 'NONE', #8088, .T. ) ;
#2126 = VERTEX_POINT ( 'NONE', #2696 ) ;
#2127 = CARTESIAN_POINT ( 'NONE',  ( -1.124999999999950500, 0.1000000000000000100, 1.999999999999998200 ) ) ;
#2128 = DIRECTION ( 'NONE',  ( -1.000000000000000000, -0.0000000000000000000, 6.938893903907229200E-015 ) ) ;
#2129 = SURFACE_STYLE_USAGE ( .BOTH. , #1568 ) ;
#2130 = DIRECTION ( 'NONE',  ( 1.000000000000000000, -0.0000000000000000000, 1.040834085586083300E-014 ) ) ;
#2131 = ORIENTED_EDGE ( 'NONE', *, *, #2714, .T. ) ;
#2132 = ORIENTED_EDGE ( 'NONE', *, *, #2844, .T. ) ;
#2133 = VECTOR ( 'NONE', #6612, 1000.000000000000000 ) ;
#2134 = LINE ( 'NONE', #7128, #5074 ) ;
#2135 = DIRECTION ( 'NONE',  ( 0.0000000000000000000, 0.0000000000000000000, 1.000000000000000000 ) ) ;
#2136 = DIRECTION ( 'NONE',  ( 6.938893903907229200E-015, 0.0000000000000000000, 1.000000000000000000 ) ) ;
#2137 = DIRECTION ( 'NONE',  ( -1.000000000000000000, 0.0000000000000000000, 0.0000000000000000000 ) ) ;
#2138 = ORIENTED_EDGE ( 'NONE', *, *, #6372, .F. ) ;
#2139 = VECTOR ( 'NONE', #2186, 1000.000000000000000 ) ;
#2140 = ORIENTED_EDGE ( 'NONE', *, *, #8159, .F. ) ;
#2141 = ORIENTED_EDGE ( 'NONE', *, *, #2825, .T. ) ;
#2142 = VECTOR ( 'NONE', #4755, 1000.000000000000000 ) ;
#2143 = EDGE_CURVE ( 'NONE', #7117, #2483, #7056, .T. ) ;
#2144 = VECTOR ( 'NONE', #6254, 1000.000000000000000 ) ;
#2145 = CARTESIAN_POINT ( 'NONE',  ( 1.124999999999998900, 0.1000000000000000100, -1.999999999999998700 ) ) ;
#2146 = CARTESIAN_POINT ( 'NONE',  ( -2.100000000000000100, 0.3500000000000001400, 2.100000000000000100 ) ) ;
#2147 = VERTEX_POINT ( 'NONE', #7214 ) ;
#2148 = VECTOR ( 'NONE', #7265, 1000.000000000000000 ) ;
#2149 = EDGE_LOOP ( 'NONE', ( #2140, #1251, #2817, #1094 ) ) ;
#2150 = ORIENTED_EDGE ( 'NONE', *, *, #2886, .T. ) ;
#2151 = VECTOR ( 'NONE', #3980, 1000.000000000000100 ) ;
#2152 = EDGE_CURVE ( 'NONE', #817, #2249, #5360, .T. ) ;
#2153 = STYLED_ITEM ( 'NONE', ( #7473 ), #1670 ) ;
#2154 = EDGE_LOOP ( 'NONE', ( #7273, #5090, #3458, #979 ) ) ;
#2155 = VERTEX_POINT ( 'NONE', #3917 ) ;
#2156 = ORIENTED_EDGE ( 'NONE', *, *, #6331, .F. ) ;
#2157 = VECTOR ( 'NONE', #5186, 1000.000000000000000 ) ;
#2158 = CARTESIAN_POINT ( 'NONE',  ( 0.3749999999999943400, 0.1000000000000002600, 1.599999999999995900 ) ) ;
#2159 = VERTEX_POINT ( 'NONE', #165 ) ;
#2160 = ORIENTED_EDGE ( 'NONE', *, *, #3316, .T. ) ;
#2161 = ORIENTED_EDGE ( 'NONE', *, *, #7319, .F. ) ;
#2162 = AXIS2_PLACEMENT_3D ( 'NONE', #2984, #5636, #8082 ) ;
#2163 = ADVANCED_FACE ( 'NONE', ( #8036 ), #82, .T. ) ;
#2164 = LINE ( 'NONE', #6833, #6422 ) ;
#2165 =( NAMED_UNIT ( * ) SI_UNIT ( $, .STERADIAN. ) SOLID_ANGLE_UNIT ( ) );
#2166 = CARTESIAN_POINT ( 'NONE',  ( 2.000000000000016000, 0.1000000000000000100, -1.125000000000012400 ) ) ;
#2167 = FACE_OUTER_BOUND ( 'NONE', #2226, .T. ) ;
#2168 = DIRECTION ( 'NONE',  ( 1.000000000000000000, 0.0000000000000000000, 0.0000000000000000000 ) ) ;
#2169 = EDGE_CURVE ( 'NONE', #123, #2353, #7364, .T. ) ;
#2170 = DIRECTION ( 'NONE',  ( -0.0000000000000000000, -1.000000000000000000, -0.0000000000000000000 ) ) ;
#2171 = ORIENTED_EDGE ( 'NONE', *, *, #2011, .T. ) ;
#2172 = ORIENTED_EDGE ( 'NONE', *, *, #7749, .F. ) ;
#2173 = DIRECTION ( 'NONE',  ( 1.000000000000000000, 0.0000000000000000000, -0.0000000000000000000 ) ) ;
#2174 = ORIENTED_EDGE ( 'NONE', *, *, #2676, .T. ) ;
#2175 = LINE ( 'NONE', #2196, #3090 ) ;
#2176 = DIRECTION ( 'NONE',  ( 0.0000000000000000000, 0.0000000000000000000, -1.000000000000000000 ) ) ;
#2177 = EDGE_CURVE ( 'NONE', #5618, #4999, #2113, .T. ) ;
#2178 = FACE_OUTER_BOUND ( 'NONE', #911, .T. ) ;
#2179 = CARTESIAN_POINT ( 'NONE',  ( -2.000000000000000000, -0.0000000000000000000, -0.1250000000000000300 ) ) ;
#2180 = ORIENTED_EDGE ( 'NONE', *, *, #1387, .F. ) ;
#2181 = ORIENTED_EDGE ( 'NONE', *, *, #590, .T. ) ;
#2182 = ORIENTED_EDGE ( 'NONE', *, *, #6312, .F. ) ;
#2183 = UNCERTAINTY_MEASURE_WITH_UNIT (LENGTH_MEASURE( 1.000000000000000100E-005 ), #4367, 'distance_accuracy_value', 'NONE');
#2184 = CARTESIAN_POINT ( 'NONE',  ( 1.400000000000000400, 0.0000000000000000000, -1.399999999999999700 ) ) ;
#2185 = FACE_OUTER_BOUND ( 'NONE', #776, .T. ) ;
#2186 = DIRECTION ( 'NONE',  ( 6.071532165919177500E-015, -0.0000000000000000000, 1.000000000000000000 ) ) ;
#2187 = VECTOR ( 'NONE', #1163, 1000.000000000000000 ) ;
#2188 = ORIENTED_EDGE ( 'NONE', *, *, #416, .T. ) ;
#2189 = CARTESIAN_POINT ( 'NONE',  ( -1.374999999999994200, 4.059797974644667700, 1.599999999999995900 ) ) ;
#2190 = FACE_OUTER_BOUND ( 'NONE', #3331, .T. ) ;
#2191 = DIRECTION ( 'NONE',  ( 0.0000000000000000000, -1.000000000000000000, 0.0000000000000000000 ) ) ;
#2192 = LINE ( 'NONE', #8281, #2497 ) ;
#2193 = CARTESIAN_POINT ( 'NONE',  ( -1.999999999999989600, 0.1000000000000000100, -1.375000000000000200 ) ) ;
#2194 = VECTOR ( 'NONE', #2400, 1000.000000000000000 ) ;
#2195 = EDGE_CURVE ( 'NONE', #4609, #337, #418, .T. ) ;
#2196 = CARTESIAN_POINT ( 'NONE',  ( -1.600000000000000100, 0.1000000000000002600, -0.3750000000000000600 ) ) ;
#2197 = EDGE_CURVE ( 'NONE', #2238, #6702, #5160, .T. ) ;
#2198 = DIRECTION ( 'NONE',  ( -0.0000000000000000000, -1.000000000000000000, -0.0000000000000000000 ) ) ;
#2199 = AXIS2_PLACEMENT_3D ( 'NONE', #1776, #4964, #8144 ) ;
#2200 = DIRECTION ( 'NONE',  ( 1.029992063861228900E-014, 0.0000000000000000000, 1.000000000000000000 ) ) ;
#2201 = AXIS2_PLACEMENT_3D ( 'NONE', #1009, #4234, #8154 ) ;
#2202 = CARTESIAN_POINT ( 'NONE',  ( -0.8749999999999946700, -0.0000000000000000000, -1.599999999999996300 ) ) ;
#2203 = DIRECTION ( 'NONE',  ( 0.0000000000000000000, -1.000000000000000000, 0.0000000000000000000 ) ) ;
#2204 = CARTESIAN_POINT ( 'NONE',  ( -1.599999999999957900, 0.1000000000000002600, -0.1250000000000245600 ) ) ;
#2205 = CARTESIAN_POINT ( 'NONE',  ( 1.124999999999994400, 4.059797974644667700, 1.599999999999998500 ) ) ;
#2206 = PLANE ( 'NONE',  #7777 ) ;
#2207 = ADVANCED_FACE ( 'NONE', ( #6360 ), #4026, .T. ) ;
#2208 = VECTOR ( 'NONE', #8071, 1000.000000000000000 ) ;
#2209 = ORIENTED_EDGE ( 'NONE', *, *, #6310, .F. ) ;
#2210 = EDGE_CURVE ( 'NONE', #2764, #421, #6850, .T. ) ;
#2211 = LINE ( 'NONE', #1210, #1217 ) ;
#2212 = PLANE ( 'NONE',  #3403 ) ;
#2213 = VECTOR ( 'NONE', #383, 1000.000000000000000 ) ;
#2214 = CARTESIAN_POINT ( 'NONE',  ( -0.1249999999999943900, 4.059797974644667700, 1.599999999999998500 ) ) ;
#2215 = AXIS2_PLACEMENT_3D ( 'NONE', #5705, #6351, #2482 ) ;
#2216 = FACE_OUTER_BOUND ( 'NONE', #3293, .T. ) ;
#2217 = VERTEX_POINT ( 'NONE', #3942 ) ;
#2218 = ORIENTED_EDGE ( 'NONE', *, *, #4873, .F. ) ;
#2219 = VECTOR ( 'NONE', #5440, 1000.000000000000000 ) ;
#2220 = DIRECTION ( 'NONE',  ( -0.0000000000000000000, -1.000000000000000000, -0.0000000000000000000 ) ) ;
#2221 = CARTESIAN_POINT ( 'NONE',  ( 0.1249999999999947700, 4.059797974644667700, -1.599999999999999000 ) ) ;
#2222 = ORIENTED_EDGE ( 'NONE', *, *, #1564, .T. ) ;
#2223 = CARTESIAN_POINT ( 'NONE',  ( 0.1249999999999988900, 0.1000000000000000100, -1.999999999999998700 ) ) ;
#2224 = ORIENTED_EDGE ( 'NONE', *, *, #1366, .T. ) ;
#2225 = EDGE_CURVE ( 'NONE', #7868, #3771, #7659, .T. ) ;
#2226 = EDGE_LOOP ( 'NONE', ( #7212, #7094, #4608, #5362 ) ) ;
#2227 = VECTOR ( 'NONE', #5213, 1000.000000000000000 ) ;
#2228 = EDGE_CURVE ( 'NONE', #2629, #2238, #5263, .T. ) ;
#2229 = VERTEX_POINT ( 'NONE', #4736 ) ;
#2230 = LINE ( 'NONE', #5080, #7186 ) ;
#2231 = DIRECTION ( 'NONE',  ( 1.000000000000000000, 0.0000000000000000000, -1.040834085586084700E-014 ) ) ;
#2232 = PLANE ( 'NONE',  #129 ) ;
#2233 = AXIS2_PLACEMENT_3D ( 'NONE', #5783, #6442, #1976 ) ;
#2234 = CARTESIAN_POINT ( 'NONE',  ( 0.3749999999999984500, 0.0000000000000000000, 1.999999999999996200 ) ) ;
#2235 = VERTEX_POINT ( 'NONE', #5966 ) ;
#2236 = VECTOR ( 'NONE', #3531, 1000.000000000000000 ) ;
#2237 = ORIENTED_EDGE ( 'NONE', *, *, #6271, .T. ) ;
#2238 = VERTEX_POINT ( 'NONE', #2104 ) ;
#2239 = CARTESIAN_POINT ( 'NONE',  ( 1.374999999999994200, 0.1000000000000000100, 1.599999999999995900 ) ) ;
#2240 = FACE_OUTER_BOUND ( 'NONE', #2060, .T. ) ;
#2241 = ADVANCED_FACE ( 'NONE', ( #7159 ), #1536, .F. ) ;
#2242 = VECTOR ( 'NONE', #2170, 1000.000000000000000 ) ;
#2243 = EDGE_CURVE ( 'NONE', #5320, #3290, #2623, .T. ) ;
#2244 = FILL_AREA_STYLE_COLOUR ( '', #3344 ) ;
#2245 = DIRECTION ( 'NONE',  ( 0.0000000000000000000, -1.000000000000000000, 0.0000000000000000000 ) ) ;
#2246 = ORIENTED_EDGE ( 'NONE', *, *, #7452, .F. ) ;
#2247 = CARTESIAN_POINT ( 'NONE',  ( 0.8749999999999946700, 4.059797974644667700, -1.599999999999996300 ) ) ;
#2248 = ORIENTED_EDGE ( 'NONE', *, *, #420, .F. ) ;
#2249 = VERTEX_POINT ( 'NONE', #2184 ) ;
#2250 = EDGE_CURVE ( 'NONE', #2534, #3057, #3727, .T. ) ;
#2251 = ORIENTED_EDGE ( 'NONE', *, *, #5413, .T. ) ;
#2252 = LINE ( 'NONE', #2674, #2151 ) ;
#2253 = ADVANCED_FACE ( 'NONE', ( #5450 ), #5339, .T. ) ;
#2254 = DIRECTION ( 'NONE',  ( 0.0000000000000000000, -0.0000000000000000000, 1.000000000000000000 ) ) ;
#2255 = PLANE ( 'NONE',  #2911 ) ;
#2256 = VERTEX_POINT ( 'NONE', #2750 ) ;
#2257 = VERTEX_POINT ( 'NONE', #299 ) ;
#2258 = EDGE_LOOP ( 'NONE', ( #5373, #3559, #4048, #3748 ) ) ;
#2259 = ORIENTED_EDGE ( 'NONE', *, *, #1366, .F. ) ;
#2260 = ORIENTED_EDGE ( 'NONE', *, *, #4972, .T. ) ;
#2261 = VECTOR ( 'NONE', #4327, 1000.000000000000000 ) ;
#2262 =( GEOMETRIC_REPRESENTATION_CONTEXT ( 3 ) GLOBAL_UNCERTAINTY_ASSIGNED_CONTEXT ( ( #210 ) ) GLOBAL_UNIT_ASSIGNED_CONTEXT ( ( #6639, #5370, #8049 ) ) REPRESENTATION_CONTEXT ( 'NONE', 'WORKASPACE' ) );
#2263 = EDGE_CURVE ( 'NONE', #7518, #2881, #4442, .T. ) ;
#2264 = ORIENTED_EDGE ( 'NONE', *, *, #2970, .T. ) ;
#2265 = ORIENTED_EDGE ( 'NONE', *, *, #208, .T. ) ;
#2266 = DIRECTION ( 'NONE',  ( -0.0000000000000000000, -0.0000000000000000000, -1.000000000000000000 ) ) ;
#2267 = ORIENTED_EDGE ( 'NONE', *, *, #5454, .T. ) ;
#2268 = PLANE ( 'NONE',  #290 ) ;
#2269 = CARTESIAN_POINT ( 'NONE',  ( -1.999999999999994900, 0.0000000000000000000, 0.8750000000000001100 ) ) ;
#2270 = AXIS2_PLACEMENT_3D ( 'NONE', #3871, #1253, #3233 ) ;
#2271 = CARTESIAN_POINT ( 'NONE',  ( -1.999999999999984000, 0.1000000000000000100, -1.125000000000012400 ) ) ;
#2272 = ORIENTED_EDGE ( 'NONE', *, *, #4369, .T. ) ;
#2273 = VERTEX_POINT ( 'NONE', #6672 ) ;
#2274 = DIRECTION ( 'NONE',  ( -0.0000000000000000000, -1.000000000000000000, -0.0000000000000000000 ) ) ;
#2275 = EDGE_CURVE ( 'NONE', #4276, #5808, #4229, .T. ) ;
#2276 = DIRECTION ( 'NONE',  ( -0.0000000000000000000, -1.000000000000000000, -0.0000000000000000000 ) ) ;
#2277 = LINE ( 'NONE', #5087, #1388 ) ;
#2278 = COLOUR_RGB ( '',1.000000000000000000, 0.8117647058823529400, 0.5019607843137254800 ) ;
#2279 = EDGE_LOOP ( 'NONE', ( #1617, #2845, #2141, #80 ) ) ;
#2280 = CARTESIAN_POINT ( 'NONE',  ( 0.3749999999999946700, 0.1000000000000000100, -1.599999999999996300 ) ) ;
#2281 = EDGE_CURVE ( 'NONE', #1057, #6224, #7460, .T. ) ;
#2282 = DIRECTION ( 'NONE',  ( 1.000000000000000000, 0.0000000000000000000, 3.469446951953614200E-015 ) ) ;
#2283 = DIRECTION ( 'NONE',  ( -1.000000000000000000, 0.0000000000000000000, -1.668003342285391600E-016 ) ) ;
#2284 = MANIFOLD_SOLID_BREP ( 'Boss-Extrude2[16]', #7398 ) ;
#2285 = ADVANCED_FACE ( 'NONE', ( #2403 ), #1488, .F. ) ;
#2286 = VECTOR ( 'NONE', #5024, 1000.000000000000000 ) ;
#2287 = DIRECTION ( 'NONE',  ( 0.0000000000000000000, -1.000000000000000000, 0.0000000000000000000 ) ) ;
#2288 = LINE ( 'NONE', #1777, #4628 ) ;
#2289 = LINE ( 'NONE', #6395, #403 ) ;
#2290 = CARTESIAN_POINT ( 'NONE',  ( 0.0000000000000000000, 0.0000000000000000000, 0.0000000000000000000 ) ) ;
#2291 = VECTOR ( 'NONE', #4893, 1000.000000000000000 ) ;
#2292 = DIRECTION ( 'NONE',  ( 0.0000000000000000000, -0.0000000000000000000, -1.000000000000000000 ) ) ;
#2293 = DIRECTION ( 'NONE',  ( 0.0000000000000000000, -0.0000000000000000000, 1.000000000000000000 ) ) ;
#2294 = ADVANCED_FACE ( 'NONE', ( #5050 ), #320, .F. ) ;
#2295 = VECTOR ( 'NONE', #6212, 1000.000000000000000 ) ;
#2296 = CARTESIAN_POINT ( 'NONE',  ( -1.124999999999950900, -0.0000000000000000000, -1.999999999999999100 ) ) ;
#2297 = EDGE_CURVE ( 'NONE', #6625, #2337, #2718, .T. ) ;
#2298 = LINE ( 'NONE', #5858, #3930 ) ;
#2299 = CARTESIAN_POINT ( 'NONE',  ( -0.3749999999999503200, 0.1000000000000000100, 1.999999999999999100 ) ) ;
#2300 = ORIENTED_EDGE ( 'NONE', *, *, #4658, .F. ) ;
#2301 = AXIS2_PLACEMENT_3D ( 'NONE', #110, #4682, #5888 ) ;
#2302 = VECTOR ( 'NONE', #2609, 1000.000000000000000 ) ;
#2303 = ORIENTED_EDGE ( 'NONE', *, *, #7498, .T. ) ;
#2304 = EDGE_CURVE ( 'NONE', #7727, #6439, #2515, .T. ) ;
#2305 = CARTESIAN_POINT ( 'NONE',  ( -1.999999999999994900, 0.1000000000000002600, 0.6250000000000000000 ) ) ;
#2306 = FACE_OUTER_BOUND ( 'NONE', #5271, .T. ) ;
#2307 = EDGE_CURVE ( 'NONE', #4989, #2235, #5645, .T. ) ;
#2308 = CARTESIAN_POINT ( 'NONE',  ( 2.000000000000005300, 0.1000000000000000100, 0.8750000000000001100 ) ) ;
#2309 = ORIENTED_EDGE ( 'NONE', *, *, #4550, .T. ) ;
#2310 = STYLED_ITEM ( 'NONE', ( #6487 ), #1317 ) ;
#2311 =( LENGTH_UNIT ( ) NAMED_UNIT ( * ) SI_UNIT ( .MILLI., .METRE. ) );
#2312 = VECTOR ( 'NONE', #3323, 1000.000000000000000 ) ;
#2313 = CARTESIAN_POINT ( 'NONE',  ( -1.399999999999999900, 0.1000000000000000100, 1.399999999999999700 ) ) ;
#2314 = AXIS2_PLACEMENT_3D ( 'NONE', #6359, #5101, #4473 ) ;
#2315 = CARTESIAN_POINT ( 'NONE',  ( -1.199999999999999500, 0.1000000000000000100, -1.400000000000000100 ) ) ;
#2316 = VECTOR ( 'NONE', #7981, 1000.000000000000000 ) ;
#2317 = DIRECTION ( 'NONE',  ( 1.000000000000000000, 0.0000000000000000000, 3.469446951953614200E-015 ) ) ;
#2318 = DIRECTION ( 'NONE',  ( 1.000000000000000000, -0.0000000000000000000, -1.040834085586084700E-014 ) ) ;
#2319 = FACE_OUTER_BOUND ( 'NONE', #2872, .T. ) ;
#2320 = DIRECTION ( 'NONE',  ( -1.000000000000000000, 0.0000000000000000000, -0.0000000000000000000 ) ) ;
#2321 = DIRECTION ( 'NONE',  ( 1.000000000000000000, 0.0000000000000000000, 3.089976191583646000E-014 ) ) ;
#2322 = CARTESIAN_POINT ( 'NONE',  ( -1.599999999999994800, 0.1000000000000002600, -0.6250000000000001100 ) ) ;
#2323 = EDGE_LOOP ( 'NONE', ( #348, #1924, #5298, #3962 ) ) ;
#2324 = EDGE_CURVE ( 'NONE', #7852, #143, #5039, .T. ) ;
#2325 = VECTOR ( 'NONE', #5342, 1000.000000000000000 ) ;
#2326 = CARTESIAN_POINT ( 'NONE',  ( -1.999999999999989600, -0.0000000000000000000, -1.375000000000000200 ) ) ;
#2327 = EDGE_LOOP ( 'NONE', ( #258, #2309, #5626, #1534 ) ) ;
#2328 = CARTESIAN_POINT ( 'NONE',  ( 1.600000000000005200, 0.1000000000000000100, -0.8750000000000001100 ) ) ;
#2329 = CARTESIAN_POINT ( 'NONE',  ( 1.374999999999999100, 0.1000000000000000100, -1.999999999999996200 ) ) ;
#2330 = CARTESIAN_POINT ( 'NONE',  ( 1.600000000000004300, 4.059797974644667700, 0.3750000000000244800 ) ) ;
#2331 = ORIENTED_EDGE ( 'NONE', *, *, #982, .T. ) ;
#2332 = ORIENTED_EDGE ( 'NONE', *, *, #6433, .T. ) ;
#2333 = VECTOR ( 'NONE', #2191, 1000.000000000000000 ) ;
#2334 = AXIS2_PLACEMENT_3D ( 'NONE', #5635, #7625, #1847 ) ;
#2335 = ADVANCED_FACE ( 'NONE', ( #7761 ), #4155, .T. ) ;
#2336 = CARTESIAN_POINT ( 'NONE',  ( 0.1249999999999947700, 0.1000000000000000100, -1.599999999999999000 ) ) ;
#2337 = VERTEX_POINT ( 'NONE', #1611 ) ;
#2338 = LINE ( 'NONE', #5602, #7289 ) ;
#2339 = ORIENTED_EDGE ( 'NONE', *, *, #510, .T. ) ;
#2340 = CARTESIAN_POINT ( 'NONE',  ( -1.599999999999994800, 0.1000000000000000100, 0.6250000000000001100 ) ) ;
#2341 = ORIENTED_EDGE ( 'NONE', *, *, #4125, .F. ) ;
#2342 = VECTOR ( 'NONE', #3499, 1000.000000000000000 ) ;
#2343 = DIRECTION ( 'NONE',  ( 1.000000000000000000, 0.0000000000000000000, 1.040834085586084700E-014 ) ) ;
#2344 = LINE ( 'NONE', #2476, #8160 ) ;
#2345 = ORIENTED_EDGE ( 'NONE', *, *, #6114, .F. ) ;
#2346 = EDGE_LOOP ( 'NONE', ( #4308, #4187, #4059, #6435 ) ) ;
#2347 = EDGE_LOOP ( 'NONE', ( #2339, #6379 ) ) ;
#2348 = PLANE ( 'NONE',  #7970 ) ;
#2349 = VERTEX_POINT ( 'NONE', #4186 ) ;
#2350 = VECTOR ( 'NONE', #5120, 1000.000000000000000 ) ;
#2351 = CARTESIAN_POINT ( 'NONE',  ( 1.124999999999994700, 4.059797974644667700, -1.599999999999999000 ) ) ;
#2352 = AXIS2_PLACEMENT_3D ( 'NONE', #1275, #7017, #644 ) ;
#2353 = VERTEX_POINT ( 'NONE', #5516 ) ;
#2354 = EDGE_LOOP ( 'NONE', ( #199, #1598, #5327, #3667 ) ) ;
#2355 = EDGE_LOOP ( 'NONE', ( #6589, #4228, #1953, #2684 ) ) ;
#2356 = CARTESIAN_POINT ( 'NONE',  ( -1.600000000000000100, -0.0000000000000000000, -0.3750000000000000600 ) ) ;
#2357 = LINE ( 'NONE', #5768, #3668 ) ;
#2358 = EDGE_CURVE ( 'NONE', #6690, #1088, #5850, .T. ) ;
#2359 = ORIENTED_EDGE ( 'NONE', *, *, #6662, .T. ) ;
#2360 = VERTEX_POINT ( 'NONE', #1676 ) ;
#2361 = ORIENTED_EDGE ( 'NONE', *, *, #5428, .F. ) ;
#2362 = VECTOR ( 'NONE', #7259, 1000.000000000000000 ) ;
#2363 = VECTOR ( 'NONE', #5240, 1000.000000000000000 ) ;
#2364 = CARTESIAN_POINT ( 'NONE',  ( -1.124999999999950500, 0.0000000000000000000, 1.999999999999998200 ) ) ;
#2365 = ADVANCED_FACE ( 'NONE', ( #912 ), #1700, .T. ) ;
#2366 = ADVANCED_FACE ( 'NONE', ( #517 ), #4892, .T. ) ;
#2367 = ORIENTED_EDGE ( 'NONE', *, *, #4153, .T. ) ;
#2368 = ORIENTED_EDGE ( 'NONE', *, *, #2086, .T. ) ;
#2369 = LINE ( 'NONE', #2612, #1072 ) ;
#2370 = EDGE_CURVE ( 'NONE', #6439, #3596, #128, .T. ) ;
#2371 = DIRECTION ( 'NONE',  ( 1.100465205072787900E-013, 0.0000000000000000000, 1.000000000000000000 ) ) ;
#2372 = CARTESIAN_POINT ( 'NONE',  ( 2.000000000000000000, 0.0000000000000000000, -0.3750000000000000600 ) ) ;
#2373 = ORIENTED_EDGE ( 'NONE', *, *, #8035, .T. ) ;
#2374 = CARTESIAN_POINT ( 'NONE',  ( 1.600000000000010300, 4.059797974644667700, 1.125000000000000200 ) ) ;
#2375 = EDGE_LOOP ( 'NONE', ( #4771, #3380, #5725, #7552 ) ) ;
#2376 = ADVANCED_FACE ( 'NONE', ( #8130 ), #983, .T. ) ;
#2377 = EDGE_LOOP ( 'NONE', ( #6533, #7486, #5297, #3456 ) ) ;
#2378 = AXIS2_PLACEMENT_3D ( 'NONE', #6962, #3116, #3050 ) ;
#2379 = LINE ( 'NONE', #5448, #5623 ) ;
#2380 = DIRECTION ( 'NONE',  ( -1.000000000000000000, 0.0000000000000000000, 0.0000000000000000000 ) ) ;
#2381 = DIRECTION ( 'NONE',  ( 0.0000000000000000000, -1.000000000000000000, 0.0000000000000000000 ) ) ;
#2382 = LINE ( 'NONE', #158, #1296 ) ;
#2383 = CARTESIAN_POINT ( 'NONE',  ( 0.8749999999999942300, 0.1000000000000000100, 1.599999999999995900 ) ) ;
#2384 = EDGE_LOOP ( 'NONE', ( #4596, #702, #1464, #841 ) ) ;
#2385 = DIRECTION ( 'NONE',  ( 0.0000000000000000000, -0.0000000000000000000, 1.000000000000000000 ) ) ;
#2386 = DIRECTION ( 'NONE',  ( -6.071532165919179000E-015, 0.0000000000000000000, -1.000000000000000000 ) ) ;
#2387 = DIRECTION ( 'NONE',  ( 1.057097118173367800E-014, 0.0000000000000000000, -1.000000000000000000 ) ) ;
#2388 = VECTOR ( 'NONE', #6480, 1000.000000000000000 ) ;
#2389 = CARTESIAN_POINT ( 'NONE',  ( -1.599999999999991200, 0.1000000000000000100, 1.125000000000014700 ) ) ;
#2390 = VECTOR ( 'NONE', #2343, 1000.000000000000000 ) ;
#2391 = EDGE_CURVE ( 'NONE', #4247, #5592, #3328, .T. ) ;
#2392 = PLANE ( 'NONE',  #1349 ) ;
#2393 = EDGE_CURVE ( 'NONE', #3991, #4901, #7649, .T. ) ;
#2394 = VECTOR ( 'NONE', #3528, 1000.000000000000000 ) ;
#2395 = PLANE ( 'NONE',  #4382 ) ;
#2396 = ADVANCED_FACE ( 'NONE', ( #8031 ), #2940, .T. ) ;
#2397 = VECTOR ( 'NONE', #6620, 1000.000000000000000 ) ;
#2398 = CARTESIAN_POINT ( 'NONE',  ( 2.000000000000005300, 0.1000000000000002600, -0.8750000000000001100 ) ) ;
#2399 = DIRECTION ( 'NONE',  ( -1.002887009549093300E-014, -0.0000000000000000000, -1.000000000000000000 ) ) ;
#2400 = DIRECTION ( 'NONE',  ( -0.0000000000000000000, -1.000000000000000000, -0.0000000000000000000 ) ) ;
#2401 = DIRECTION ( 'NONE',  ( -1.000000000000000000, 0.0000000000000000000, -2.710505431213760100E-016 ) ) ;
#2402 = CARTESIAN_POINT ( 'NONE',  ( -0.8749999999999946700, -0.0000000000000000000, -1.599999999999996300 ) ) ;
#2403 = FACE_OUTER_BOUND ( 'NONE', #1859, .T. ) ;
#2404 = EDGE_CURVE ( 'NONE', #7558, #3781, #5259, .T. ) ;
#2405 = ADVANCED_FACE ( 'NONE', ( #725 ), #6836, .T. ) ;
#2406 = CARTESIAN_POINT ( 'NONE',  ( -1.599999999999991200, 0.1000000000000000100, -1.125000000000014700 ) ) ;
#2407 = CARTESIAN_POINT ( 'NONE',  ( -1.374999999999950500, 0.1000000000000000100, 1.999999999999999100 ) ) ;
#2408 = DIRECTION ( 'NONE',  ( 1.691355389077552800E-013, 0.0000000000000000000, -1.000000000000000000 ) ) ;
#2409 = DIRECTION ( 'NONE',  ( -1.000000000000000000, 0.0000000000000000000, -1.040834085586084700E-014 ) ) ;
#2410 = PLANE ( 'NONE',  #8118 ) ;
#2411 = DIRECTION ( 'NONE',  ( 1.103175710504001600E-013, 0.0000000000000000000, 1.000000000000000000 ) ) ;
#2412 = VECTOR ( 'NONE', #2762, 1000.000000000000000 ) ;
#2413 = CARTESIAN_POINT ( 'NONE',  ( -0.8749999999999942300, 0.0000000000000000000, 1.599999999999995900 ) ) ;
#2414 = ORIENTED_EDGE ( 'NONE', *, *, #7748, .T. ) ;
#2415 = VECTOR ( 'NONE', #697, 1000.000000000000000 ) ;
#2416 = ADVANCED_FACE ( 'NONE', ( #7152 ), #5713, .F. ) ;
#2417 = EDGE_CURVE ( 'NONE', #4901, #3822, #3934, .T. ) ;
#2418 = CARTESIAN_POINT ( 'NONE',  ( -1.374999999999994200, 0.1000000000000000100, 1.599999999999995900 ) ) ;
#2419 = LINE ( 'NONE', #8076, #8039 ) ;
#2420 = CARTESIAN_POINT ( 'NONE',  ( -1.600000000000000100, 0.1000000000000002600, 0.3750000000000000600 ) ) ;
#2421 = PLANE ( 'NONE',  #2820 ) ;
#2422 = ORIENTED_EDGE ( 'NONE', *, *, #4614, .F. ) ;
#2423 = VERTEX_POINT ( 'NONE', #2398 ) ;
#2424 = LINE ( 'NONE', #4093, #2333 ) ;
#2425 = DIRECTION ( 'NONE',  ( 0.0000000000000000000, -0.0000000000000000000, 1.000000000000000000 ) ) ;
#2426 = LINE ( 'NONE', #5948, #5669 ) ;
#2427 = PLANE ( 'NONE',  #7964 ) ;
#2428 = MECHANICAL_DESIGN_GEOMETRIC_PRESENTATION_REPRESENTATION (  '', ( #4870 ), #2873 ) ;
#2429 = DIRECTION ( 'NONE',  ( 9.757819552369557300E-015, 0.0000000000000000000, 1.000000000000000000 ) ) ;
#2430 = LINE ( 'NONE', #3757, #6278 ) ;
#2431 = EDGE_CURVE ( 'NONE', #1371, #5387, #3515, .T. ) ;
#2432 = EDGE_LOOP ( 'NONE', ( #5695, #206, #5374, #3791 ) ) ;
#2433 = VERTEX_POINT ( 'NONE', #1754 ) ;
#2434 = CARTESIAN_POINT ( 'NONE',  ( -1.599999999999957900, 0.0000000000000000000, 0.1250000000000245600 ) ) ;
#2435 = LINE ( 'NONE', #4492, #4571 ) ;
#2436 = ORIENTED_EDGE ( 'NONE', *, *, #3308, .T. ) ;
#2437 = UNCERTAINTY_MEASURE_WITH_UNIT (LENGTH_MEASURE( 1.000000000000000100E-005 ), #2830, 'distance_accuracy_value', 'NONE');
#2438 = DIRECTION ( 'NONE',  ( 1.029992063861230000E-014, 0.0000000000000000000, -1.000000000000000000 ) ) ;
#2439 = CIRCLE ( 'NONE', #3235, 0.1499999999999999700 ) ;
#2440 = CARTESIAN_POINT ( 'NONE',  ( -1.999999999999989600, 4.059797974644667700, 1.375000000000000200 ) ) ;
#2441 = CARTESIAN_POINT ( 'NONE',  ( 1.374999999999994700, 0.0000000000000000000, -1.599999999999996300 ) ) ;
#2442 = DIRECTION ( 'NONE',  ( -1.000000000000000000, 0.0000000000000000000, -6.098637220231029300E-014 ) ) ;
#2443 = DIRECTION ( 'NONE',  ( 6.938893903906731400E-015, 0.0000000000000000000, 1.000000000000000000 ) ) ;
#2444 = CARTESIAN_POINT ( 'NONE',  ( -1.374999999999994700, 0.1000000000000000100, -1.599999999999996300 ) ) ;
#2445 = VERTEX_POINT ( 'NONE', #8182 ) ;
#2446 = VECTOR ( 'NONE', #2130, 1000.000000000000000 ) ;
#2447 = ORIENTED_EDGE ( 'NONE', *, *, #6557, .F. ) ;
#2448 = EDGE_CURVE ( 'NONE', #3387, #3621, #7356, .T. ) ;
#2449 = ORIENTED_EDGE ( 'NONE', *, *, #4455, .F. ) ;
#2450 = VECTOR ( 'NONE', #1502, 1000.000000000000000 ) ;
#2451 = CARTESIAN_POINT ( 'NONE',  ( 1.124999999999998900, 0.0000000000000000000, -1.999999999999998700 ) ) ;
#2452 = SURFACE_SIDE_STYLE ('',( #2039 ) ) ;
#2453 = VERTEX_POINT ( 'NONE', #6918 ) ;
#2454 = ORIENTED_EDGE ( 'NONE', *, *, #6092, .F. ) ;
#2455 = ORIENTED_EDGE ( 'NONE', *, *, #3316, .F. ) ;
#2456 = CARTESIAN_POINT ( 'NONE',  ( -0.8749999999999508200, -0.0000000000000000000, -1.999999999999999100 ) ) ;
#2457 = ADVANCED_FACE ( 'NONE', ( #1599 ), #1113, .T. ) ;
#2458 = VERTEX_POINT ( 'NONE', #7586 ) ;
#2459 = FACE_OUTER_BOUND ( 'NONE', #6421, .T. ) ;
#2460 = PLANE ( 'NONE',  #4815 ) ;
#2461 = ORIENTED_EDGE ( 'NONE', *, *, #3670, .T. ) ;
#2462 = DIRECTION ( 'NONE',  ( 1.040834085586084700E-014, 0.0000000000000000000, -1.000000000000000000 ) ) ;
#2463 = ORIENTED_EDGE ( 'NONE', *, *, #3279, .F. ) ;
#2464 = ORIENTED_EDGE ( 'NONE', *, *, #992, .T. ) ;
#2465 = EDGE_CURVE ( 'NONE', #7110, #873, #4643, .T. ) ;
#2466 = CARTESIAN_POINT ( 'NONE',  ( -1.600000000000000100, 0.0000000000000000000, 0.3750000000000000600 ) ) ;
#2467 = ADVANCED_FACE ( 'NONE', ( #8226 ), #485, .F. ) ;
#2468 = LINE ( 'NONE', #1182, #6712 ) ;
#2469 = ORIENTED_EDGE ( 'NONE', *, *, #581, .T. ) ;
#2470 = ORIENTED_EDGE ( 'NONE', *, *, #6770, .F. ) ;
#2471 = CARTESIAN_POINT ( 'NONE',  ( -1.599999999999989700, -0.0000000000000000000, -1.375000000000000200 ) ) ;
#2472 = DIRECTION ( 'NONE',  ( 0.0000000000000000000, -1.000000000000000000, 0.0000000000000000000 ) ) ;
#2473 = DIRECTION ( 'NONE',  ( 1.029992063861230000E-014, 0.0000000000000000000, -1.000000000000000000 ) ) ;
#2474 = ORIENTED_EDGE ( 'NONE', *, *, #2195, .F. ) ;
#2475 = CARTESIAN_POINT ( 'NONE',  ( 1.600000000000004300, 0.1000000000000000100, -0.3750000000000244800 ) ) ;
#2476 = CARTESIAN_POINT ( 'NONE',  ( 2.000000000000016000, 4.059797974644667700, -1.125000000000012400 ) ) ;
#2477 = EDGE_CURVE ( 'NONE', #3047, #4222, #4833, .T. ) ;
#2478 = LINE ( 'NONE', #6689, #385 ) ;
#2479 = EDGE_CURVE ( 'NONE', #873, #4982, #1707, .T. ) ;
#2480 = DIRECTION ( 'NONE',  ( 0.0000000000000000000, 0.0000000000000000000, 1.000000000000000000 ) ) ;
#2481 = PRESENTATION_LAYER_ASSIGNMENT (  '', '', ( #500 ) ) ;
#2482 = DIRECTION ( 'NONE',  ( 1.002887009549093500E-014, 0.0000000000000000000, 1.000000000000000000 ) ) ;
#2483 = VERTEX_POINT ( 'NONE', #3752 ) ;
#2484 = AXIS2_PLACEMENT_3D ( 'NONE', #4711, #167, #2671 ) ;
#2485 = ORIENTED_EDGE ( 'NONE', *, *, #4954, .T. ) ;
#2486 = PLANE ( 'NONE',  #1669 ) ;
#2487 = CARTESIAN_POINT ( 'NONE',  ( 0.1249999999999984000, 0.0000000000000000000, 1.999999999999997800 ) ) ;
#2488 = LINE ( 'NONE', #142, #2088 ) ;
#2489 = AXIS2_PLACEMENT_3D ( 'NONE', #5041, #5075, #7682 ) ;
#2490 = EDGE_LOOP ( 'NONE', ( #2093, #6033, #7466, #6888 ) ) ;
#2491 = EDGE_CURVE ( 'NONE', #2349, #3165, #7943, .T. ) ;
#2492 = CARTESIAN_POINT ( 'NONE',  ( -1.600000000000000100, 0.1000000000000000100, -0.3750000000000000600 ) ) ;
#2493 = DIRECTION ( 'NONE',  ( -1.000000000000000000, 0.0000000000000000000, 0.0000000000000000000 ) ) ;
#2494 = CARTESIAN_POINT ( 'NONE',  ( 1.600000000000005000, 0.0000000000000000000, 0.6250000000000001100 ) ) ;
#2495 = VECTOR ( 'NONE', #2220, 1000.000000000000000 ) ;
#2496 = CARTESIAN_POINT ( 'NONE',  ( -1.374999999999994200, 0.0000000000000000000, 1.599999999999995900 ) ) ;
#2497 = VECTOR ( 'NONE', #5124, 1000.000000000000000 ) ;
#2498 = FACE_OUTER_BOUND ( 'NONE', #2083, .T. ) ;
#2499 = DIRECTION ( 'NONE',  ( 0.0000000000000000000, 1.000000000000000000, 0.0000000000000000000 ) ) ;
#2500 = ADVANCED_FACE ( 'NONE', ( #6663 ), #456, .F. ) ;
#2501 = AXIS2_PLACEMENT_3D ( 'NONE', #1691, #996, #8054 ) ;
#2502 = DIRECTION ( 'NONE',  ( -2.710505431213760100E-016, 0.0000000000000000000, -1.000000000000000000 ) ) ;
#2503 = FACE_OUTER_BOUND ( 'NONE', #6307, .T. ) ;
#2504 = DIRECTION ( 'NONE',  ( -1.000000000000000000, -0.0000000000000000000, -2.710505431213760100E-016 ) ) ;
#2505 = VECTOR ( 'NONE', #1195, 1000.000000000000000 ) ;
#2506 = CARTESIAN_POINT ( 'NONE',  ( -0.3749999999999946700, 0.1000000000000000100, -1.599999999999996300 ) ) ;
#2507 = PLANE ( 'NONE',  #2215 ) ;
#2508 = ADVANCED_FACE ( 'NONE', ( #3718 ), #572, .F. ) ;
#2509 = VECTOR ( 'NONE', #5341, 1000.000000000000000 ) ;
#2510 = CARTESIAN_POINT ( 'NONE',  ( 0.8749999999999988900, 0.0000000000000000000, -1.999999999999996200 ) ) ;
#2511 = ORIENTED_EDGE ( 'NONE', *, *, #7224, .T. ) ;
#2512 = DIRECTION ( 'NONE',  ( 0.0000000000000000000, 1.000000000000000000, 0.0000000000000000000 ) ) ;
#2513 = EDGE_CURVE ( 'NONE', #4077, #817, #4935, .T. ) ;
#2514 = DIRECTION ( 'NONE',  ( -1.000000000000000000, -0.0000000000000000000, 3.089976191583642800E-014 ) ) ;
#2515 = LINE ( 'NONE', #2971, #7554 ) ;
#2516 = DIRECTION ( 'NONE',  ( -0.0000000000000000000, 1.000000000000000000, 0.0000000000000000000 ) ) ;
#2517 = CARTESIAN_POINT ( 'NONE',  ( 2.000000000000001800, 0.1000000000000002600, -0.1249999999999821400 ) ) ;
#2518 =( GEOMETRIC_REPRESENTATION_CONTEXT ( 3 ) GLOBAL_UNCERTAINTY_ASSIGNED_CONTEXT ( ( #7310 ) ) GLOBAL_UNIT_ASSIGNED_CONTEXT ( ( #633, #5158, #6458 ) ) REPRESENTATION_CONTEXT ( 'NONE', 'WORKASPACE' ) );
#2519 = VERTEX_POINT ( 'NONE', #4413 ) ;
#2520 = ORIENTED_EDGE ( 'NONE', *, *, #377, .T. ) ;
#2521 = CARTESIAN_POINT ( 'NONE',  ( 1.374999999999994700, 0.1000000000000000100, -1.599999999999996300 ) ) ;
#2522 = FILL_AREA_STYLE_COLOUR ( '', #6705 ) ;
#2523 = DIRECTION ( 'NONE',  ( 0.0000000000000000000, -1.000000000000000000, 0.0000000000000000000 ) ) ;
#2524 = VECTOR ( 'NONE', #920, 1000.000000000000000 ) ;
#2525 = DIRECTION ( 'NONE',  ( -1.000000000000000000, 0.0000000000000000000, -0.0000000000000000000 ) ) ;
#2526 = FACE_OUTER_BOUND ( 'NONE', #3059, .T. ) ;
#2527 = DIRECTION ( 'NONE',  ( -1.000000000000000000, 0.0000000000000000000, 1.002887009549093300E-014 ) ) ;
#2528 = EDGE_CURVE ( 'NONE', #4784, #6534, #2818, .T. ) ;
#2529 = FACE_OUTER_BOUND ( 'NONE', #1567, .T. ) ;
#2530 = DIRECTION ( 'NONE',  ( 6.132518538120488200E-014, 0.0000000000000000000, 1.000000000000000000 ) ) ;
#2531 = DIRECTION ( 'NONE',  ( -1.100465205072778300E-013, 0.0000000000000000000, -1.000000000000000000 ) ) ;
#2532 = CARTESIAN_POINT ( 'NONE',  ( 0.8749999999999984500, 0.1000000000000000100, 1.999999999999996200 ) ) ;
#2533 = CARTESIAN_POINT ( 'NONE',  ( -1.599999999999995000, 0.1000000000000000100, 0.8750000000000001100 ) ) ;
#2534 = VERTEX_POINT ( 'NONE', #22 ) ;
#2535 = ORIENTED_EDGE ( 'NONE', *, *, #2827, .F. ) ;
#2536 = AXIS2_PLACEMENT_3D ( 'NONE', #2418, #6327, #6210 ) ;
#2537 = LINE ( 'NONE', #7146, #4448 ) ;
#2538 = AXIS2_PLACEMENT_3D ( 'NONE', #7158, #4635, #2652 ) ;
#2539 = DIRECTION ( 'NONE',  ( 0.0000000000000000000, 0.0000000000000000000, -1.000000000000000000 ) ) ;
#2540 = VERTEX_POINT ( 'NONE', #5157 ) ;
#2541 = DIRECTION ( 'NONE',  ( -1.124859753953710500E-013, -0.0000000000000000000, 1.000000000000000000 ) ) ;
#2542 = ORIENTED_EDGE ( 'NONE', *, *, #3835, .F. ) ;
#2543 = COLOUR_RGB ( '',1.000000000000000000, 0.8117647058823529400, 0.5019607843137254800 ) ;
#2544 = CARTESIAN_POINT ( 'NONE',  ( -1.599999999999994800, -0.0000000000000000000, -0.6250000000000001100 ) ) ;
#2545 = EDGE_CURVE ( 'NONE', #3243, #548, #2015, .T. ) ;
#2546 = ADVANCED_FACE ( 'NONE', ( #1108 ), #5129, .F. ) ;
#2547 = ORIENTED_EDGE ( 'NONE', *, *, #1254, .T. ) ;
#2548 = SURFACE_STYLE_USAGE ( .BOTH. , #710 ) ;
#2549 = VERTEX_POINT ( 'NONE', #7536 ) ;
#2550 = ORIENTED_EDGE ( 'NONE', *, *, #1431, .T. ) ;
#2551 = VECTOR ( 'NONE', #342, 1000.000000000000000 ) ;
#2552 = CARTESIAN_POINT ( 'NONE',  ( 1.600000000000010500, 0.0000000000000000000, -1.375000000000000200 ) ) ;
#2553 = AXIS2_PLACEMENT_3D ( 'NONE', #1954, #3174, #1920 ) ;
#2554 = MANIFOLD_SOLID_BREP ( 'Boss-Extrude2[9]', #4888 ) ;
#2555 = LINE ( 'NONE', #4251, #6498 ) ;
#2556 = ADVANCED_FACE ( 'NONE', ( #7937 ), #4529, .F. ) ;
#2557 = CARTESIAN_POINT ( 'NONE',  ( -0.8749999999999508200, 0.1000000000000000100, -1.999999999999999100 ) ) ;
#2558 = ORIENTED_EDGE ( 'NONE', *, *, #1277, .F. ) ;
#2559 = VECTOR ( 'NONE', #2001, 1000.000000000000000 ) ;
#2560 = ORIENTED_EDGE ( 'NONE', *, *, #3525, .F. ) ;
#2561 = ORIENTED_EDGE ( 'NONE', *, *, #6312, .T. ) ;
#2562 = CARTESIAN_POINT ( 'NONE',  ( -1.374999999999950900, 0.1000000000000000100, -1.999999999999999100 ) ) ;
#2563 = VECTOR ( 'NONE', #5755, 1000.000000000000000 ) ;
#2564 = CARTESIAN_POINT ( 'NONE',  ( 1.374999999999994200, 4.059797974644667700, 1.599999999999995900 ) ) ;
#2565 = CARTESIAN_POINT ( 'NONE',  ( -1.599999999999989700, -0.0000000000000000000, -1.375000000000000200 ) ) ;
#2566 = CARTESIAN_POINT ( 'NONE',  ( 2.000000000000015500, 0.0000000000000000000, 1.375000000000012400 ) ) ;
#2567 = EDGE_CURVE ( 'NONE', #2249, #2851, #906, .T. ) ;
#2568 = ORIENTED_EDGE ( 'NONE', *, *, #5916, .T. ) ;
#2569 = EDGE_LOOP ( 'NONE', ( #5686, #3388, #5272, #2774 ) ) ;
#2570 = ORIENTED_EDGE ( 'NONE', *, *, #7905, .T. ) ;
#2571 = CARTESIAN_POINT ( 'NONE',  ( 0.0000000000000000000, 0.0000000000000000000, 0.0000000000000000000 ) ) ;
#2572 = CARTESIAN_POINT ( 'NONE',  ( 0.3749999999999989500, 4.059797974644667700, -1.999999999999996200 ) ) ;
#2573 = FACE_OUTER_BOUND ( 'NONE', #5292, .T. ) ;
#2574 = DIRECTION ( 'NONE',  ( 0.0000000000000000000, 1.000000000000000000, 0.0000000000000000000 ) ) ;
#2575 = PLANE ( 'NONE',  #2114 ) ;
#2576 = CARTESIAN_POINT ( 'NONE',  ( 0.6249999999999983300, 0.1000000000000002600, 1.999999999999997800 ) ) ;
#2577 = ORIENTED_EDGE ( 'NONE', *, *, #3020, .F. ) ;
#2578 = ORIENTED_EDGE ( 'NONE', *, *, #420, .T. ) ;
#2579 = ORIENTED_EDGE ( 'NONE', *, *, #7151, .F. ) ;
#2580 = LINE ( 'NONE', #2936, #877 ) ;
#2581 = VECTOR ( 'NONE', #7080, 1000.000000000000000 ) ;
#2582 = DIRECTION ( 'NONE',  ( 1.000000000000000000, -0.0000000000000000000, 1.040834085586083300E-014 ) ) ;
#2583 = DIRECTION ( 'NONE',  ( -1.000000000000000000, 0.0000000000000000000, -1.095044194210352000E-013 ) ) ;
#2584 = CARTESIAN_POINT ( 'NONE',  ( 1.600000000000010500, 0.1000000000000000100, 1.375000000000000200 ) ) ;
#2585 = EDGE_CURVE ( 'NONE', #8230, #6122, #3712, .T. ) ;
#2586 = ORIENTED_EDGE ( 'NONE', *, *, #3756, .T. ) ;
#2587 = ORIENTED_EDGE ( 'NONE', *, *, #6331, .T. ) ;
#2588 = VECTOR ( 'NONE', #1638, 1000.000000000000000 ) ;
#2589 = AXIS2_PLACEMENT_3D ( 'NONE', #2247, #1600, #6765 ) ;
#2590 = SHAPE_DEFINITION_REPRESENTATION ( #5700, #7956 ) ;
#2591 = EDGE_LOOP ( 'NONE', ( #5822, #5670, #1453, #5617 ) ) ;
#2592 = DIRECTION ( 'NONE',  ( 0.0000000000000000000, -1.000000000000000000, 0.0000000000000000000 ) ) ;
#2593 = CARTESIAN_POINT ( 'NONE',  ( -1.999999999999994900, 4.059797974644667700, 0.8750000000000001100 ) ) ;
#2594 = ORIENTED_EDGE ( 'NONE', *, *, #2633, .T. ) ;
#2595 = EDGE_LOOP ( 'NONE', ( #7790, #4289, #1273, #8203 ) ) ;
#2596 = EDGE_CURVE ( 'NONE', #268, #5320, #411, .T. ) ;
#2597 = DIRECTION ( 'NONE',  ( 1.000000000000000000, -0.0000000000000000000, 1.057097118173367800E-014 ) ) ;
#2598 = AXIS2_PLACEMENT_3D ( 'NONE', #7766, #7844, #7238 ) ;
#2599 = LINE ( 'NONE', #215, #7533 ) ;
#2600 = ADVANCED_FACE ( 'NONE', ( #7451 ), #6357, .T. ) ;
#2601 =( NAMED_UNIT ( * ) PLANE_ANGLE_UNIT ( ) SI_UNIT ( $, .RADIAN. ) );
#2602 = VECTOR ( 'NONE', #4595, 1000.000000000000000 ) ;
#2603 = ORIENTED_EDGE ( 'NONE', *, *, #3547, .T. ) ;
#2604 = DIRECTION ( 'NONE',  ( 0.0000000000000000000, -0.0000000000000000000, 1.000000000000000000 ) ) ;
#2605 = AXIS2_PLACEMENT_3D ( 'NONE', #8196, #4365, #519 ) ;
#2606 = LINE ( 'NONE', #4699, #7539 ) ;
#2607 = FACE_BOUND ( 'NONE', #3890, .T. ) ;
#2608 = EDGE_CURVE ( 'NONE', #4180, #4398, #5843, .T. ) ;
#2609 = DIRECTION ( 'NONE',  ( -0.0000000000000000000, -0.0000000000000000000, -1.000000000000000000 ) ) ;
#2610 = CARTESIAN_POINT ( 'NONE',  ( 1.600000000000005200, 0.1000000000000000100, 0.8750000000000001100 ) ) ;
#2611 = CARTESIAN_POINT ( 'NONE',  ( -1.599999999999957900, 4.059797974644667700, 0.1250000000000245600 ) ) ;
#2612 = CARTESIAN_POINT ( 'NONE',  ( -1.999999999999994900, 0.1000000000000000100, -0.8750000000000001100 ) ) ;
#2613 = CIRCLE ( 'NONE', #1682, 0.1499999999999999700 ) ;
#2614 = EDGE_CURVE ( 'NONE', #5564, #63, #4120, .T. ) ;
#2615 = CARTESIAN_POINT ( 'NONE',  ( 2.000000000000000000, 0.0000000000000000000, -0.3750000000000000600 ) ) ;
#2616 = CARTESIAN_POINT ( 'NONE',  ( 0.3749999999999946700, 0.0000000000000000000, -1.599999999999996300 ) ) ;
#2617 = DIRECTION ( 'NONE',  ( -1.060485249962383800E-013, 0.0000000000000000000, -1.000000000000000000 ) ) ;
#2618 = DIRECTION ( 'NONE',  ( -0.0000000000000000000, -1.000000000000000000, -0.0000000000000000000 ) ) ;
#2619 = LINE ( 'NONE', #3734, #2921 ) ;
#2620 = PLANE ( 'NONE',  #1224 ) ;
#2621 = VECTOR ( 'NONE', #2860, 1000.000000000000000 ) ;
#2622 = CARTESIAN_POINT ( 'NONE',  ( -0.8749999999999508200, -0.0000000000000000000, -1.999999999999999100 ) ) ;
#2623 = LINE ( 'NONE', #6002, #5856 ) ;
#2624 = CARTESIAN_POINT ( 'NONE',  ( 1.124999999999994400, 0.1000000000000002600, 1.599999999999998500 ) ) ;
#2625 = CARTESIAN_POINT ( 'NONE',  ( -0.3749999999999943400, 4.059797974644667700, 1.599999999999995900 ) ) ;
#2626 = VECTOR ( 'NONE', #3530, 1000.000000000000000 ) ;
#2627 = VECTOR ( 'NONE', #8133, 1000.000000000000000 ) ;
#2628 = ADVANCED_FACE ( 'NONE', ( #2108 ), #6457, .F. ) ;
#2629 = VERTEX_POINT ( 'NONE', #7086 ) ;
#2630 = EDGE_CURVE ( 'NONE', #2159, #5470, #3015, .T. ) ;
#2631 = ORIENTED_EDGE ( 'NONE', *, *, #377, .F. ) ;
#2632 = FILL_AREA_STYLE ('',( #6517 ) ) ;
#2633 = EDGE_CURVE ( 'NONE', #6389, #490, #7049, .T. ) ;
#2634 = LINE ( 'NONE', #7345, #6969 ) ;
#2635 = DIRECTION ( 'NONE',  ( 1.000000000000000000, -0.0000000000000000000, 6.132518538120488200E-014 ) ) ;
#2636 = CARTESIAN_POINT ( 'NONE',  ( 1.600000000000001600, 0.1000000000000000100, -0.1250000000000245600 ) ) ;
#2637 = DIRECTION ( 'NONE',  ( -0.0000000000000000000, -1.000000000000000000, -0.0000000000000000000 ) ) ;
#2638 = DIRECTION ( 'NONE',  ( -1.000000000000000000, 0.0000000000000000000, 0.0000000000000000000 ) ) ;
#2639 = LINE ( 'NONE', #189, #931 ) ;
#2640 = ORIENTED_EDGE ( 'NONE', *, *, #1584, .T. ) ;
#2641 = ORIENTED_EDGE ( 'NONE', *, *, #4997, .T. ) ;
#2642 = LINE ( 'NONE', #2065, #5875 ) ;
#2643 = ORIENTED_EDGE ( 'NONE', *, *, #1387, .T. ) ;
#2644 = VECTOR ( 'NONE', #3546, 1000.000000000000000 ) ;
#2645 = FILL_AREA_STYLE_COLOUR ( '', #3697 ) ;
#2646 = AXIS2_PLACEMENT_3D ( 'NONE', #4021, #2770, #5400 ) ;
#2647 = CARTESIAN_POINT ( 'NONE',  ( 0.3749999999999946700, 0.1000000000000000100, -1.599999999999996300 ) ) ;
#2648 = DIRECTION ( 'NONE',  ( 1.548860246407863800E-016, 0.0000000000000000000, -1.000000000000000000 ) ) ;
#2649 = ORIENTED_EDGE ( 'NONE', *, *, #6909, .F. ) ;
#2650 = VECTOR ( 'NONE', #4788, 1000.000000000000000 ) ;
#2651 = EDGE_CURVE ( 'NONE', #579, #5983, #4535, .T. ) ;
#2652 = DIRECTION ( 'NONE',  ( -1.000000000000000000, 0.0000000000000000000, 3.089976191583644100E-014 ) ) ;
#2653 = VERTEX_POINT ( 'NONE', #3336 ) ;
#2654 = VECTOR ( 'NONE', #4829, 1000.000000000000000 ) ;
#2655 = SURFACE_STYLE_FILL_AREA ( #4660 ) ;
#2656 = CARTESIAN_POINT ( 'NONE',  ( -1.124999999999994700, 0.1000000000000000100, -1.599999999999999000 ) ) ;
#2657 = CARTESIAN_POINT ( 'NONE',  ( 0.1249999999999947700, 0.0000000000000000000, -1.599999999999999000 ) ) ;
#2658 = ORIENTED_EDGE ( 'NONE', *, *, #713, .T. ) ;
#2659 = VERTEX_POINT ( 'NONE', #4041 ) ;
#2660 = ORIENTED_EDGE ( 'NONE', *, *, #6932, .T. ) ;
#2661 = ORIENTED_EDGE ( 'NONE', *, *, #2675, .F. ) ;
#2662 = VECTOR ( 'NONE', #6536, 1000.000000000000000 ) ;
#2663 = CARTESIAN_POINT ( 'NONE',  ( -1.600000000000000300, 1.050000000000000000, -1.750000000000000200 ) ) ;
#2664 = DIRECTION ( 'NONE',  ( -0.0000000000000000000, -1.000000000000000000, -0.0000000000000000000 ) ) ;
#2665 = ORIENTED_EDGE ( 'NONE', *, *, #7778, .T. ) ;
#2666 = ORIENTED_EDGE ( 'NONE', *, *, #4419, .F. ) ;
#2667 = EDGE_LOOP ( 'NONE', ( #735, #2558, #3753, #4396 ) ) ;
#2668 = CARTESIAN_POINT ( 'NONE',  ( -1.374999999999950500, 0.0000000000000000000, 1.999999999999999100 ) ) ;
#2669 = ORIENTED_EDGE ( 'NONE', *, *, #2704, .F. ) ;
#2670 = ORIENTED_EDGE ( 'NONE', *, *, #3213, .T. ) ;
#2671 = DIRECTION ( 'NONE',  ( 0.0000000000000000000, 0.0000000000000000000, -1.000000000000000000 ) ) ;
#2672 = CARTESIAN_POINT ( 'NONE',  ( -0.3749999999999498200, 0.1000000000000000100, -2.000000000000000000 ) ) ;
#2673 = FACE_OUTER_BOUND ( 'NONE', #1178, .T. ) ;
#2674 = CARTESIAN_POINT ( 'NONE',  ( -1.199999999999999500, -0.0000000000000000000, -1.400000000000000100 ) ) ;
#2675 = EDGE_CURVE ( 'NONE', #3251, #676, #622, .T. ) ;
#2676 = EDGE_CURVE ( 'NONE', #4150, #1230, #1104, .T. ) ;
#2677 = ORIENTED_EDGE ( 'NONE', *, *, #3123, .F. ) ;
#2678 = ORIENTED_EDGE ( 'NONE', *, *, #8009, .T. ) ;
#2679 = ADVANCED_FACE ( 'NONE', ( #1904 ), #6511, .T. ) ;
#2680 = ORIENTED_EDGE ( 'NONE', *, *, #4770, .F. ) ;
#2681 = FACE_OUTER_BOUND ( 'NONE', #1279, .T. ) ;
#2682 = FILL_AREA_STYLE_COLOUR ( '', #7415 ) ;
#2683 = DIRECTION ( 'NONE',  ( 0.7071067811865474600, -0.0000000000000000000, -0.7071067811865474600 ) ) ;
#2684 = ORIENTED_EDGE ( 'NONE', *, *, #4474, .T. ) ;
#2685 = EDGE_CURVE ( 'NONE', #863, #774, #5251, .T. ) ;
#2686 = VERTEX_POINT ( 'NONE', #3994 ) ;
#2687 = DIRECTION ( 'NONE',  ( -1.040834085586084300E-014, 0.0000000000000000000, 1.000000000000000000 ) ) ;
#2688 = DIRECTION ( 'NONE',  ( -0.0000000000000000000, 1.000000000000000000, 0.0000000000000000000 ) ) ;
#2689 = DIRECTION ( 'NONE',  ( -1.100465205072778200E-013, -0.0000000000000000000, -1.000000000000000000 ) ) ;
#2690 = AXIS2_PLACEMENT_3D ( 'NONE', #3676, #987, #1071 ) ;
#2691 = VECTOR ( 'NONE', #1278, 1000.000000000000000 ) ;
#2692 = VERTEX_POINT ( 'NONE', #5329 ) ;
#2693 =( LENGTH_UNIT ( ) NAMED_UNIT ( * ) SI_UNIT ( .MILLI., .METRE. ) );
#2694 = DIRECTION ( 'NONE',  ( 1.029992063861228900E-014, 0.0000000000000000000, 1.000000000000000000 ) ) ;
#2695 = MECHANICAL_DESIGN_GEOMETRIC_PRESENTATION_REPRESENTATION (  '', ( #7293 ), #5308 ) ;
#2696 = CARTESIAN_POINT ( 'NONE',  ( -1.599999999999989700, 0.1000000000000000100, 1.375000000000000200 ) ) ;
#2697 = VECTOR ( 'NONE', #7467, 1000.000000000000000 ) ;
#2698 = CARTESIAN_POINT ( 'NONE',  ( 2.000000000000015500, 0.1000000000000000100, 1.375000000000012400 ) ) ;
#2699 = CARTESIAN_POINT ( 'NONE',  ( 0.1249999999999947700, 4.059797974644667700, -1.599999999999999000 ) ) ;
#2700 = CARTESIAN_POINT ( 'NONE',  ( 1.399999999999999900, 0.0000000000000000000, 1.400000000000000100 ) ) ;
#2701 = FACE_OUTER_BOUND ( 'NONE', #839, .T. ) ;
#2702 = AXIS2_PLACEMENT_3D ( 'NONE', #5750, #2530, #3194 ) ;
#2703 = VECTOR ( 'NONE', #6974, 1000.000000000000000 ) ;
#2704 = EDGE_CURVE ( 'NONE', #3698, #2768, #2613, .T. ) ;
#2705 = DIRECTION ( 'NONE',  ( -1.000000000000000000, 0.0000000000000000000, -3.469446951953614600E-015 ) ) ;
#2706 = LINE ( 'NONE', #3002, #2291 ) ;
#2707 = DIRECTION ( 'NONE',  ( 1.000000000000000000, 0.0000000000000000000, 1.548860246407863800E-016 ) ) ;
#2708 = PRESENTATION_STYLE_ASSIGNMENT (( #4259 ) ) ;
#2709 = FILL_AREA_STYLE ('',( #2682 ) ) ;
#2710 = CARTESIAN_POINT ( 'NONE',  ( 1.374999999999998400, 0.1000000000000000100, 1.999999999999996200 ) ) ;
#2711 = PRESENTATION_LAYER_ASSIGNMENT (  '', '', ( #4870 ) ) ;
#2712 = LINE ( 'NONE', #699, #3511 ) ;
#2713 = EDGE_LOOP ( 'NONE', ( #8081, #7124, #6325, #838 ) ) ;
#2714 = EDGE_CURVE ( 'NONE', #2833, #558, #7547, .T. ) ;
#2715 = CARTESIAN_POINT ( 'NONE',  ( 1.600000000000004300, 0.0000000000000000000, -0.3750000000000244800 ) ) ;
#2716 = DIRECTION ( 'NONE',  ( -1.095044194210359100E-013, -0.0000000000000000000, 1.000000000000000000 ) ) ;
#2717 = PLANE ( 'NONE',  #1608 ) ;
#2718 = LINE ( 'NONE', #4812, #1007 ) ;
#2719 = DIRECTION ( 'NONE',  ( -0.0000000000000000000, -0.0000000000000000000, 1.000000000000000000 ) ) ;
#2720 = ADVANCED_FACE ( 'NONE', ( #7348 ), #1450, .T. ) ;
#2721 = LINE ( 'NONE', #1795, #415 ) ;
#2722 = DIRECTION ( 'NONE',  ( 1.000000000000000000, 0.0000000000000000000, 1.040834085586084300E-014 ) ) ;
#2723 = EDGE_CURVE ( 'NONE', #7306, #7335, #5641, .T. ) ;
#2724 = VECTOR ( 'NONE', #4424, 1000.000000000000000 ) ;
#2725 = CARTESIAN_POINT ( 'NONE',  ( -0.6249999999999943400, 0.0000000000000000000, 1.599999999999998500 ) ) ;
#2726 = PLANE ( 'NONE',  #2301 ) ;
#2727 = COLOUR_RGB ( '',1.000000000000000000, 0.8117647058823529400, 0.5019607843137254800 ) ;
#2728 = VECTOR ( 'NONE', #7568, 1000.000000000000000 ) ;
#2729 = APPLICATION_PROTOCOL_DEFINITION ( 'draft international standard', 'automotive_design', 1998, #2814 ) ;
#2730 = EDGE_LOOP ( 'NONE', ( #2640, #792, #5958, #6995 ) ) ;
#2731 = COLOUR_RGB ( '',1.000000000000000000, 0.8117647058823529400, 0.5019607843137254800 ) ;
#2732 = ORIENTED_EDGE ( 'NONE', *, *, #5907, .T. ) ;
#2733 = EDGE_CURVE ( 'NONE', #2653, #2833, #6042, .T. ) ;
#2734 = VECTOR ( 'NONE', #1794, 1000.000000000000000 ) ;
#2735 = PLANE ( 'NONE',  #8289 ) ;
#2736 = ORIENTED_EDGE ( 'NONE', *, *, #6271, .F. ) ;
#2737 = CARTESIAN_POINT ( 'NONE',  ( -2.000000000000000000, 0.1000000000000002600, -0.3750000000000000600 ) ) ;
#2738 = ORIENTED_EDGE ( 'NONE', *, *, #4319, .T. ) ;
#2739 = PRESENTATION_LAYER_ASSIGNMENT (  '', '', ( #5935 ) ) ;
#2740 = LINE ( 'NONE', #2006, #4773 ) ;
#2741 = LINE ( 'NONE', #2672, #1131 ) ;
#2742 = EDGE_CURVE ( 'NONE', #6923, #6731, #3927, .T. ) ;
#2743 = EDGE_CURVE ( 'NONE', #7917, #1270, #2007, .T. ) ;
#2744 = ORIENTED_EDGE ( 'NONE', *, *, #3076, .F. ) ;
#2745 = LINE ( 'NONE', #2205, #1046 ) ;
#2746 = AXIS2_PLACEMENT_3D ( 'NONE', #5289, #1332, #7730 ) ;
#2747 = ORIENTED_EDGE ( 'NONE', *, *, #76, .F. ) ;
#2748 = ORIENTED_EDGE ( 'NONE', *, *, #3915, .F. ) ;
#2749 = LINE ( 'NONE', #4195, #5472 ) ;
#2750 = CARTESIAN_POINT ( 'NONE',  ( -0.1249999999999943900, 0.1000000000000002600, 1.599999999999998500 ) ) ;
#2751 = FACE_OUTER_BOUND ( 'NONE', #5221, .T. ) ;
#2752 = CARTESIAN_POINT ( 'NONE',  ( -0.3749999999999503200, 0.1000000000000000100, 1.999999999999999100 ) ) ;
#2753 = ORIENTED_EDGE ( 'NONE', *, *, #4341, .F. ) ;
#2754 = EDGE_LOOP ( 'NONE', ( #1487, #444, #5823, #1031 ) ) ;
#2755 = VERTEX_POINT ( 'NONE', #7251 ) ;
#2756 = ORIENTED_EDGE ( 'NONE', *, *, #2169, .F. ) ;
#2757 =( NAMED_UNIT ( * ) SI_UNIT ( $, .STERADIAN. ) SOLID_ANGLE_UNIT ( ) );
#2758 = AXIS2_PLACEMENT_3D ( 'NONE', #3157, #2502, #7013 ) ;
#2759 = ADVANCED_FACE ( 'NONE', ( #509 ), #2735, .F. ) ;
#2760 = VECTOR ( 'NONE', #4485, 1000.000000000000000 ) ;
#2761 = DIRECTION ( 'NONE',  ( 1.103175710504001600E-013, 0.0000000000000000000, 1.000000000000000000 ) ) ;
#2762 = DIRECTION ( 'NONE',  ( 1.000000000000000000, -0.0000000000000000000, -1.040834085586084700E-014 ) ) ;
#2763 = EDGE_CURVE ( 'NONE', #7951, #7807, #119, .T. ) ;
#2764 = VERTEX_POINT ( 'NONE', #1422 ) ;
#2765 = CARTESIAN_POINT ( 'NONE',  ( -1.999999999999989600, 0.0000000000000000000, 1.375000000000000200 ) ) ;
#2766 = ORIENTED_EDGE ( 'NONE', *, *, #848, .F. ) ;
#2767 = ORIENTED_EDGE ( 'NONE', *, *, #8221, .F. ) ;
#2768 = VERTEX_POINT ( 'NONE', #6560 ) ;
#2769 = VECTOR ( 'NONE', #7115, 1000.000000000000000 ) ;
#2770 = DIRECTION ( 'NONE',  ( -1.548860246407863600E-016, 0.0000000000000000000, 1.000000000000000000 ) ) ;
#2771 = AXIS2_PLACEMENT_3D ( 'NONE', #5414, #7377, #3510 ) ;
#2772 = CARTESIAN_POINT ( 'NONE',  ( -1.399999999999999900, 0.1000000000000000100, 1.399999999999999700 ) ) ;
#2773 = ORIENTED_EDGE ( 'NONE', *, *, #4252, .F. ) ;
#2774 = ORIENTED_EDGE ( 'NONE', *, *, #7235, .F. ) ;
#2775 = ORIENTED_EDGE ( 'NONE', *, *, #4604, .T. ) ;
#2776 = ORIENTED_EDGE ( 'NONE', *, *, #1883, .F. ) ;
#2777 = LINE ( 'NONE', #7919, #7901 ) ;
#2778 = FILL_AREA_STYLE_COLOUR ( '', #635 ) ;
#2779 = DIRECTION ( 'NONE',  ( 1.000000000000000000, 0.0000000000000000000, -0.0000000000000000000 ) ) ;
#2780 = VERTEX_POINT ( 'NONE', #4019 ) ;
#2781 = FILL_AREA_STYLE ('',( #1491 ) ) ;
#2782 = CARTESIAN_POINT ( 'NONE',  ( -0.3749999999999946700, -0.0000000000000000000, -1.599999999999996300 ) ) ;
#2783 = ORIENTED_EDGE ( 'NONE', *, *, #3117, .T. ) ;
#2784 = LINE ( 'NONE', #6127, #7720 ) ;
#2785 = LINE ( 'NONE', #786, #4301 ) ;
#2786 = CARTESIAN_POINT ( 'NONE',  ( -0.1249999999999943900, 0.1000000000000002600, 1.599999999999998500 ) ) ;
#2787 = VERTEX_POINT ( 'NONE', #794 ) ;
#2788 = VERTEX_POINT ( 'NONE', #7227 ) ;
#2789 = CARTESIAN_POINT ( 'NONE',  ( -1.600000000000000100, 0.1000000000000000100, -0.3750000000000000600 ) ) ;
#2790 = EDGE_LOOP ( 'NONE', ( #3762, #8111, #2068, #2586 ) ) ;
#2791 = CARTESIAN_POINT ( 'NONE',  ( 1.124999999999994700, 0.1000000000000000100, -1.599999999999999000 ) ) ;
#2792 = CARTESIAN_POINT ( 'NONE',  ( 0.8749999999999984500, 0.1000000000000002600, 1.999999999999996200 ) ) ;
#2793 = LINE ( 'NONE', #7499, #3591 ) ;
#2794 = VECTOR ( 'NONE', #4457, 1000.000000000000000 ) ;
#2795 = EDGE_LOOP ( 'NONE', ( #2986, #3783, #3365, #3134 ) ) ;
#2796 = EDGE_CURVE ( 'NONE', #3882, #3190, #1699, .T. ) ;
#2797 = DIRECTION ( 'NONE',  ( 0.0000000000000000000, 1.000000000000000000, -0.0000000000000000000 ) ) ;
#2798 = PRESENTATION_STYLE_ASSIGNMENT (( #717 ) ) ;
#2799 = AXIS2_PLACEMENT_3D ( 'NONE', #4443, #7592, #8189 ) ;
#2800 = CARTESIAN_POINT ( 'NONE',  ( -1.599999999999995000, 0.1000000000000000100, -0.8750000000000001100 ) ) ;
#2801 = ADVANCED_FACE ( 'NONE', ( #1593 ), #1003, .F. ) ;
#2802 = VECTOR ( 'NONE', #235, 1000.000000000000000 ) ;
#2803 = AXIS2_PLACEMENT_3D ( 'NONE', #301, #6028, #902 ) ;
#2804 = DIRECTION ( 'NONE',  ( -1.000000000000000000, 0.0000000000000000000, 6.938893903907228400E-015 ) ) ;
#2805 = FACE_BOUND ( 'NONE', #1944, .T. ) ;
#2806 = CARTESIAN_POINT ( 'NONE',  ( -0.6249999999999497100, 4.059797974644667700, -1.999999999999999100 ) ) ;
#2807 = STYLED_ITEM ( 'NONE', ( #694 ), #4416 ) ;
#2808 = VECTOR ( 'NONE', #4737, 1000.000000000000000 ) ;
#2809 = CARTESIAN_POINT ( 'NONE',  ( -0.8749999999999942300, 0.1000000000000000100, 1.599999999999995900 ) ) ;
#2810 = EDGE_LOOP ( 'NONE', ( #5015, #5881, #7506, #2858 ) ) ;
#2811 = VECTOR ( 'NONE', #7881, 1000.000000000000000 ) ;
#2812 = EDGE_CURVE ( 'NONE', #2337, #2235, #5153, .T. ) ;
#2813 = DIRECTION ( 'NONE',  ( 0.0000000000000000000, 0.0000000000000000000, 1.000000000000000000 ) ) ;
#2814 = APPLICATION_CONTEXT ( 'automotive_design' ) ;
#2815 = PLANE ( 'NONE',  #1410 ) ;
#2816 = CARTESIAN_POINT ( 'NONE',  ( 2.000000000000005300, 0.1000000000000002600, -0.6249999999999998900 ) ) ;
#2817 = ORIENTED_EDGE ( 'NONE', *, *, #2281, .T. ) ;
#2818 = LINE ( 'NONE', #5825, #1510 ) ;
#2819 = DIRECTION ( 'NONE',  ( -0.7071067811865474600, 0.0000000000000000000, 0.7071067811865474600 ) ) ;
#2820 = AXIS2_PLACEMENT_3D ( 'NONE', #3666, #5054, #4346 ) ;
#2821 = LINE ( 'NONE', #4843, #6051 ) ;
#2822 = VERTEX_POINT ( 'NONE', #3584 ) ;
#2823 = CARTESIAN_POINT ( 'NONE',  ( 0.0000000000000000000, 0.1000000000000000100, 0.0000000000000000000 ) ) ;
#2824 = FACE_OUTER_BOUND ( 'NONE', #1243, .T. ) ;
#2825 = EDGE_CURVE ( 'NONE', #123, #6709, #3120, .T. ) ;
#2826 = VECTOR ( 'NONE', #1235, 1000.000000000000000 ) ;
#2827 = EDGE_CURVE ( 'NONE', #6011, #491, #5740, .T. ) ;
#2828 = PLANE ( 'NONE',  #4376 ) ;
#2829 = LINE ( 'NONE', #5724, #5269 ) ;
#2830 =( LENGTH_UNIT ( ) NAMED_UNIT ( * ) SI_UNIT ( .MILLI., .METRE. ) );
#2831 = AXIS2_PLACEMENT_3D ( 'NONE', #6524, #7826, #5257 ) ;
#2832 = ORIENTED_EDGE ( 'NONE', *, *, #1578, .T. ) ;
#2833 = VERTEX_POINT ( 'NONE', #6180 ) ;
#2834 = LINE ( 'NONE', #144, #3737 ) ;
#2835 = LINE ( 'NONE', #7264, #5974 ) ;
#2836 = CARTESIAN_POINT ( 'NONE',  ( -1.599999999999994800, 0.0000000000000000000, 0.6250000000000001100 ) ) ;
#2837 = ADVANCED_FACE ( 'NONE', ( #7254 ), #1032, .F. ) ;
#2838 = SURFACE_SIDE_STYLE ('',( #4610 ) ) ;
#2839 = DIRECTION ( 'NONE',  ( -2.255140518769960600E-014, -0.0000000000000000000, -1.000000000000000000 ) ) ;
#2840 = LINE ( 'NONE', #1118, #5672 ) ;
#2841 = ORIENTED_EDGE ( 'NONE', *, *, #3473, .F. ) ;
#2842 = ORIENTED_EDGE ( 'NONE', *, *, #7559, .F. ) ;
#2843 = CARTESIAN_POINT ( 'NONE',  ( -1.374999999999994200, 0.1000000000000000100, 1.599999999999995900 ) ) ;
#2844 = EDGE_CURVE ( 'NONE', #2833, #4083, #1000, .T. ) ;
#2845 = ORIENTED_EDGE ( 'NONE', *, *, #3043, .T. ) ;
#2846 = VECTOR ( 'NONE', #3605, 1000.000000000000000 ) ;
#2847 = ADVANCED_FACE ( 'NONE', ( #7248 ), #8037, .F. ) ;
#2848 = PLANE ( 'NONE',  #3505 ) ;
#2849 = ORIENTED_EDGE ( 'NONE', *, *, #722, .T. ) ;
#2850 = VECTOR ( 'NONE', #1729, 1000.000000000000000 ) ;
#2851 = VERTEX_POINT ( 'NONE', #7505 ) ;
#2852 = CARTESIAN_POINT ( 'NONE',  ( -1.999999999999994900, 0.0000000000000000000, 0.6250000000000000000 ) ) ;
#2853 = ORIENTED_EDGE ( 'NONE', *, *, #6066, .F. ) ;
#2854 = FACE_OUTER_BOUND ( 'NONE', #515, .T. ) ;
#2855 = CARTESIAN_POINT ( 'NONE',  ( -0.3749999999999943400, 0.1000000000000000100, 1.599999999999995900 ) ) ;
#2856 = EDGE_CURVE ( 'NONE', #2953, #8078, #221, .T. ) ;
#2857 = ORIENTED_EDGE ( 'NONE', *, *, #3213, .F. ) ;
#2858 = ORIENTED_EDGE ( 'NONE', *, *, #867, .F. ) ;
#2859 = ORIENTED_EDGE ( 'NONE', *, *, #138, .F. ) ;
#2860 = DIRECTION ( 'NONE',  ( 0.0000000000000000000, -1.000000000000000000, 0.0000000000000000000 ) ) ;
#2861 = VERTEX_POINT ( 'NONE', #5986 ) ;
#2862 = CARTESIAN_POINT ( 'NONE',  ( -1.374999999999994700, 0.1000000000000000100, -1.599999999999996300 ) ) ;
#2863 = DIRECTION ( 'NONE',  ( 0.0000000000000000000, -1.000000000000000000, 0.0000000000000000000 ) ) ;
#2864 = LINE ( 'NONE', #6469, #8271 ) ;
#2865 = CARTESIAN_POINT ( 'NONE',  ( 0.3749999999999984500, 0.1000000000000000100, 1.999999999999996200 ) ) ;
#2866 = CARTESIAN_POINT ( 'NONE',  ( -1.599999999999994800, 0.1000000000000000100, 0.6250000000000001100 ) ) ;
#2867 = DIRECTION ( 'NONE',  ( 1.668003342285391800E-016, 0.0000000000000000000, -1.000000000000000000 ) ) ;
#2868 = ORIENTED_EDGE ( 'NONE', *, *, #6225, .T. ) ;
#2869 = CARTESIAN_POINT ( 'NONE',  ( 1.600000000000004300, 4.059797974644667700, 0.3750000000000244800 ) ) ;
#2870 = CARTESIAN_POINT ( 'NONE',  ( -2.100000000000000100, 0.0000000000000000000, 2.100000000000000100 ) ) ;
#2871 = ORIENTED_EDGE ( 'NONE', *, *, #6057, .T. ) ;
#2872 = EDGE_LOOP ( 'NONE', ( #7975, #8260, #1881, #248 ) ) ;
#2873 =( GEOMETRIC_REPRESENTATION_CONTEXT ( 3 ) GLOBAL_UNCERTAINTY_ASSIGNED_CONTEXT ( ( #4678 ) ) GLOBAL_UNIT_ASSIGNED_CONTEXT ( ( #419, #1109, #7609 ) ) REPRESENTATION_CONTEXT ( 'NONE', 'WORKASPACE' ) );
#2874 = ORIENTED_EDGE ( 'NONE', *, *, #6518, .T. ) ;
#2875 = ORIENTED_EDGE ( 'NONE', *, *, #5633, .F. ) ;
#2876 = CARTESIAN_POINT ( 'NONE',  ( -1.599999999999989700, 0.1000000000000002600, -1.375000000000000200 ) ) ;
#2877 = VECTOR ( 'NONE', #5061, 1000.000000000000000 ) ;
#2878 = DIRECTION ( 'NONE',  ( 3.089976191583646000E-014, 0.0000000000000000000, -1.000000000000000000 ) ) ;
#2879 = EDGE_CURVE ( 'NONE', #4496, #3664, #709, .T. ) ;
#2880 = CARTESIAN_POINT ( 'NONE',  ( -1.599999999999989700, 0.0000000000000000000, 1.375000000000000200 ) ) ;
#2881 = VERTEX_POINT ( 'NONE', #344 ) ;
#2882 = ORIENTED_EDGE ( 'NONE', *, *, #6817, .T. ) ;
#2883 = VERTEX_POINT ( 'NONE', #6645 ) ;
#2884 = FACE_OUTER_BOUND ( 'NONE', #7002, .T. ) ;
#2885 = CARTESIAN_POINT ( 'NONE',  ( -2.100000000000000100, 1.050000000000000000, -2.100000000000000100 ) ) ;
#2886 = EDGE_CURVE ( 'NONE', #3153, #6582, #7043, .T. ) ;
#2887 = DIRECTION ( 'NONE',  ( -1.000000000000000000, 0.0000000000000000000, -1.040834085586084300E-014 ) ) ;
#2888 = ORIENTED_EDGE ( 'NONE', *, *, #7715, .F. ) ;
#2889 = VERTEX_POINT ( 'NONE', #7472 ) ;
#2890 = VECTOR ( 'NONE', #5620, 1000.000000000000000 ) ;
#2891 = DIRECTION ( 'NONE',  ( 1.000000000000000000, 0.0000000000000000000, -1.040834085586084300E-014 ) ) ;
#2892 = DIRECTION ( 'NONE',  ( -1.000000000000000000, 0.0000000000000000000, 2.255140518769960600E-014 ) ) ;
#2893 = DIRECTION ( 'NONE',  ( 0.0000000000000000000, -1.000000000000000000, 0.0000000000000000000 ) ) ;
#2894 = VECTOR ( 'NONE', #7132, 1000.000000000000000 ) ;
#2895 = ORIENTED_EDGE ( 'NONE', *, *, #4717, .T. ) ;
#2896 = CARTESIAN_POINT ( 'NONE',  ( 0.8749999999999942300, 4.059797974644667700, 1.599999999999995900 ) ) ;
#2897 = ADVANCED_FACE ( 'NONE', ( #7931 ), #8094, .F. ) ;
#2898 = PLANE ( 'NONE',  #5109 ) ;
#2899 = EDGE_CURVE ( 'NONE', #8187, #8157, #1405, .T. ) ;
#2900 = VECTOR ( 'NONE', #3444, 1000.000000000000000 ) ;
#2901 = FACE_OUTER_BOUND ( 'NONE', #6214, .T. ) ;
#2902 = CARTESIAN_POINT ( 'NONE',  ( 0.8749999999999946700, 0.1000000000000000100, -1.599999999999996300 ) ) ;
#2903 = DIRECTION ( 'NONE',  ( -1.000000000000000000, 0.0000000000000000000, -0.0000000000000000000 ) ) ;
#2904 = LINE ( 'NONE', #1014, #7243 ) ;
#2905 = PLANE ( 'NONE',  #5597 ) ;
#2906 = FACE_OUTER_BOUND ( 'NONE', #7570, .T. ) ;
#2907 = EDGE_CURVE ( 'NONE', #1837, #5375, #4114, .T. ) ;
#2908 = EDGE_CURVE ( 'NONE', #7419, #1748, #5347, .T. ) ;
#2909 = CARTESIAN_POINT ( 'NONE',  ( -2.000000000000000000, 0.1000000000000000100, -0.3750000000000000600 ) ) ;
#2910 = SURFACE_STYLE_FILL_AREA ( #6774 ) ;
#2911 = AXIS2_PLACEMENT_3D ( 'NONE', #2823, #6802, #4204 ) ;
#2912 = DIRECTION ( 'NONE',  ( 6.938893903906731400E-015, 0.0000000000000000000, -1.000000000000000000 ) ) ;
#2913 = MANIFOLD_SOLID_BREP ( 'Boss-Extrude2[3]', #7736 ) ;
#2914 = VECTOR ( 'NONE', #4027, 1000.000000000000000 ) ;
#2915 = AXIS2_PLACEMENT_3D ( 'NONE', #5538, #426, #4976 ) ;
#2916 = DIRECTION ( 'NONE',  ( 1.000000000000000000, 0.0000000000000000000, 1.040834085586084700E-014 ) ) ;
#2917 = ORIENTED_EDGE ( 'NONE', *, *, #7320, .F. ) ;
#2918 = CARTESIAN_POINT ( 'NONE',  ( 1.600000000000001600, 0.0000000000000000000, 0.1250000000000245600 ) ) ;
#2919 = CARTESIAN_POINT ( 'NONE',  ( 2.000000000000015500, 0.1000000000000002600, 1.375000000000012400 ) ) ;
#2920 = VERTEX_POINT ( 'NONE', #6851 ) ;
#2921 = VECTOR ( 'NONE', #2504, 1000.000000000000000 ) ;
#2922 = EDGE_CURVE ( 'NONE', #337, #3999, #8025, .T. ) ;
#2923 = DIRECTION ( 'NONE',  ( -1.000000000000000000, -0.0000000000000000000, -3.089976191583647900E-014 ) ) ;
#2924 = VECTOR ( 'NONE', #2203, 1000.000000000000000 ) ;
#2925 = CARTESIAN_POINT ( 'NONE',  ( 1.600000000000001600, 0.1000000000000000100, 0.1250000000000245600 ) ) ;
#2926 = ADVANCED_FACE ( 'NONE', ( #1897 ), #1751, .T. ) ;
#2927 = CARTESIAN_POINT ( 'NONE',  ( -1.600000000000000100, 4.059797974644667700, -0.3750000000000000600 ) ) ;
#2928 = SURFACE_STYLE_FILL_AREA ( #5521 ) ;
#2929 = CARTESIAN_POINT ( 'NONE',  ( -1.999999999999994900, 0.1000000000000000100, 0.6250000000000000000 ) ) ;
#2930 = LINE ( 'NONE', #4449, #7862 ) ;
#2931 = ORIENTED_EDGE ( 'NONE', *, *, #614, .F. ) ;
#2932 = ADVANCED_FACE ( 'NONE', ( #6839, #7640, #1500, #1199, #6348, #5143, #4320, #6236, #4634, #1694, #8120, #2103, #6456, #5944, #1100, #2607, #4734, #900, #7842, #3006, #1304, #7542, #4528, #2805, #7747, #4429 ), #596, .T. ) ;
#2933 = PLANE ( 'NONE',  #5021 ) ;
#2934 = LINE ( 'NONE', #4085, #5463 ) ;
#2935 = DIRECTION ( 'NONE',  ( 0.0000000000000000000, -1.000000000000000000, 0.0000000000000000000 ) ) ;
#2936 = CARTESIAN_POINT ( 'NONE',  ( 1.600000000000005200, 0.0000000000000000000, 0.8750000000000001100 ) ) ;
#2937 = ORIENTED_EDGE ( 'NONE', *, *, #4846, .T. ) ;
#2938 = EDGE_CURVE ( 'NONE', #4239, #7706, #6128, .T. ) ;
#2939 = VERTEX_POINT ( 'NONE', #8178 ) ;
#2940 = PLANE ( 'NONE',  #3782 ) ;
#2941 = VECTOR ( 'NONE', #2618, 1000.000000000000000 ) ;
#2942 = DIRECTION ( 'NONE',  ( 1.000000000000000000, -0.0000000000000000000, 2.710505431213760100E-016 ) ) ;
#2943 = DIRECTION ( 'NONE',  ( 1.000000000000000000, 0.0000000000000000000, -6.132518538120488200E-014 ) ) ;
#2944 = ORIENTED_EDGE ( 'NONE', *, *, #3894, .T. ) ;
#2945 = SURFACE_STYLE_FILL_AREA ( #8023 ) ;
#2946 = ORIENTED_EDGE ( 'NONE', *, *, #4700, .T. ) ;
#2947 = ORIENTED_EDGE ( 'NONE', *, *, #5721, .F. ) ;
#2948 = LINE ( 'NONE', #292, #7292 ) ;
#2949 = CIRCLE ( 'NONE', #5288, 0.1499999999999999700 ) ;
#2950 = PLANE ( 'NONE',  #7921 ) ;
#2951 = CARTESIAN_POINT ( 'NONE',  ( 1.600000000000005000, 0.1000000000000000100, 0.6250000000000001100 ) ) ;
#2952 = DIRECTION ( 'NONE',  ( 0.0000000000000000000, -1.000000000000000000, 0.0000000000000000000 ) ) ;
#2953 = VERTEX_POINT ( 'NONE', #6238 ) ;
#2954 = EDGE_LOOP ( 'NONE', ( #728, #7386, #2649, #2171 ) ) ;
#2955 = PRESENTATION_LAYER_ASSIGNMENT (  '', '', ( #7332 ) ) ;
#2956 = CLOSED_SHELL ( 'NONE', ( #751, #6054, #2376, #5556, #1086, #680 ) ) ;
#2957 = LINE ( 'NONE', #7882, #1257 ) ;
#2958 = DIRECTION ( 'NONE',  ( 1.000000000000000000, -0.0000000000000000000, 0.0000000000000000000 ) ) ;
#2959 = CARTESIAN_POINT ( 'NONE',  ( -0.1249999999999502600, 0.1000000000000002600, 1.999999999999998200 ) ) ;
#2960 = ORIENTED_EDGE ( 'NONE', *, *, #1564, .F. ) ;
#2961 = VERTEX_POINT ( 'NONE', #507 ) ;
#2962 = ORIENTED_EDGE ( 'NONE', *, *, #3020, .T. ) ;
#2963 = CARTESIAN_POINT ( 'NONE',  ( -2.000000000000000000, 4.059797974644667700, 0.1250000000000000300 ) ) ;
#2964 = AXIS2_PLACEMENT_3D ( 'NONE', #4753, #5989, #898 ) ;
#2965 = ORIENTED_EDGE ( 'NONE', *, *, #6877, .F. ) ;
#2966 = ORIENTED_EDGE ( 'NONE', *, *, #2358, .T. ) ;
#2967 = STYLED_ITEM ( 'NONE', ( #4992 ), #4574 ) ;
#2968 = VECTOR ( 'NONE', #7162, 1000.000000000000000 ) ;
#2969 = DIRECTION ( 'NONE',  ( 1.040834085586084300E-014, 0.0000000000000000000, 1.000000000000000000 ) ) ;
#2970 = EDGE_CURVE ( 'NONE', #4673, #3087, #5733, .T. ) ;
#2971 = CARTESIAN_POINT ( 'NONE',  ( -2.100000000000000100, 1.050000000000000000, 2.100000000000000100 ) ) ;
#2972 = ORIENTED_EDGE ( 'NONE', *, *, #1708, .F. ) ;
#2973 = PLANE ( 'NONE',  #2915 ) ;
#2974 = ORIENTED_EDGE ( 'NONE', *, *, #6430, .F. ) ;
#2975 = EDGE_LOOP ( 'NONE', ( #259, #48, #3736, #5461 ) ) ;
#2976 = DIRECTION ( 'NONE',  ( -0.0000000000000000000, 1.000000000000000000, 0.0000000000000000000 ) ) ;
#2977 = CARTESIAN_POINT ( 'NONE',  ( -1.199999999999999500, 4.059797974644667700, -1.400000000000000100 ) ) ;
#2978 = ORIENTED_EDGE ( 'NONE', *, *, #2651, .T. ) ;
#2979 = VECTOR ( 'NONE', #345, 1000.000000000000000 ) ;
#2980 = ADVANCED_FACE ( 'NONE', ( #3218 ), #7579, .T. ) ;
#2981 = CARTESIAN_POINT ( 'NONE',  ( -1.599999999999994800, 0.0000000000000000000, 0.6250000000000001100 ) ) ;
#2982 = AXIS2_PLACEMENT_3D ( 'NONE', #6303, #4352, #538 ) ;
#2983 = EDGE_LOOP ( 'NONE', ( #6419, #5067, #7290, #3296 ) ) ;
#2984 = CARTESIAN_POINT ( 'NONE',  ( -0.6249999999999947800, 4.059797974644667700, -1.599999999999999000 ) ) ;
#2985 = DIRECTION ( 'NONE',  ( 1.000000000000000000, 0.0000000000000000000, -1.060485249962383600E-013 ) ) ;
#2986 = ORIENTED_EDGE ( 'NONE', *, *, #7559, .T. ) ;
#2987 = DIRECTION ( 'NONE',  ( 1.000000000000000000, -0.0000000000000000000, 1.127570259384924400E-013 ) ) ;
#2988 = VECTOR ( 'NONE', #8148, 1000.000000000000000 ) ;
#2989 = FILL_AREA_STYLE ('',( #893 ) ) ;
#2990 = VECTOR ( 'NONE', #3951, 1000.000000000000000 ) ;
#2991 = VERTEX_POINT ( 'NONE', #6881 ) ;
#2992 = SURFACE_STYLE_USAGE ( .BOTH. , #6206 ) ;
#2993 = VERTEX_POINT ( 'NONE', #8227 ) ;
#2994 = CARTESIAN_POINT ( 'NONE',  ( -0.1249999999999947700, -0.0000000000000000000, -1.599999999999999000 ) ) ;
#2995 = EDGE_CURVE ( 'NONE', #3488, #264, #3409, .T. ) ;
#2996 = FILL_AREA_STYLE ('',( #3048 ) ) ;
#2997 = CARTESIAN_POINT ( 'NONE',  ( -0.8749999999999942300, 0.1000000000000000100, 1.599999999999995900 ) ) ;
#2998 = VECTOR ( 'NONE', #4851, 1000.000000000000000 ) ;
#2999 = FACE_OUTER_BOUND ( 'NONE', #1331, .T. ) ;
#3000 = VERTEX_POINT ( 'NONE', #1829 ) ;
#3001 = VECTOR ( 'NONE', #3937, 1000.000000000000000 ) ;
#3002 = CARTESIAN_POINT ( 'NONE',  ( -1.599999999999991200, 0.1000000000000002600, 1.125000000000014700 ) ) ;
#3003 = DIRECTION ( 'NONE',  ( 1.668003342285391600E-016, -0.0000000000000000000, -1.000000000000000000 ) ) ;
#3004 = LINE ( 'NONE', #6426, #7930 ) ;
#3005 = DIRECTION ( 'NONE',  ( 1.029992063861230200E-014, 0.0000000000000000000, -1.000000000000000000 ) ) ;
#3006 = FACE_BOUND ( 'NONE', #7413, .T. ) ;
#3007 = CARTESIAN_POINT ( 'NONE',  ( 2.100000000000000100, 1.050000000000000000, 2.100000000000000100 ) ) ;
#3008 = EDGE_CURVE ( 'NONE', #4673, #304, #7341, .T. ) ;
#3009 = ADVANCED_FACE ( 'NONE', ( #805 ), #2421, .T. ) ;
#3010 = ADVANCED_FACE ( 'NONE', ( #310 ), #1168, .T. ) ;
#3011 = VECTOR ( 'NONE', #3479, 1000.000000000000000 ) ;
#3012 = CARTESIAN_POINT ( 'NONE',  ( 1.374999999999994200, 0.1000000000000002600, 1.599999999999995900 ) ) ;
#3013 = DIRECTION ( 'NONE',  ( 1.029992063861230000E-014, 0.0000000000000000000, -1.000000000000000000 ) ) ;
#3014 = AXIS2_PLACEMENT_3D ( 'NONE', #6347, #5017, #4400 ) ;
#3015 = LINE ( 'NONE', #5741, #5353 ) ;
#3016 = CARTESIAN_POINT ( 'NONE',  ( 1.600000000000001600, 0.0000000000000000000, -0.1250000000000245600 ) ) ;
#3017 = ORIENTED_EDGE ( 'NONE', *, *, #7340, .F. ) ;
#3018 = ADVANCED_FACE ( 'NONE', ( #8017 ), #5646, .T. ) ;
#3019 = FACE_OUTER_BOUND ( 'NONE', #2384, .T. ) ;
#3020 = EDGE_CURVE ( 'NONE', #5891, #1154, #6644, .T. ) ;
#3021 = PLANE ( 'NONE',  #1561 ) ;
#3022 = PRESENTATION_LAYER_ASSIGNMENT (  '', '', ( #2153 ) ) ;
#3023 = CARTESIAN_POINT ( 'NONE',  ( 1.600000000000005000, 0.0000000000000000000, 0.6250000000000001100 ) ) ;
#3024 = CARTESIAN_POINT ( 'NONE',  ( -1.999999999999994900, 0.1000000000000000100, -0.6250000000000000000 ) ) ;
#3025 = LINE ( 'NONE', #5003, #2208 ) ;
#3026 = ORIENTED_EDGE ( 'NONE', *, *, #3141, .F. ) ;
#3027 = DIRECTION ( 'NONE',  ( -1.000000000000000000, 0.0000000000000000000, -2.081668171172264400E-014 ) ) ;
#3028 = DIRECTION ( 'NONE',  ( 0.0000000000000000000, -1.000000000000000000, 0.0000000000000000000 ) ) ;
#3029 = CARTESIAN_POINT ( 'NONE',  ( 0.3749999999999943400, 0.1000000000000000100, 1.599999999999995900 ) ) ;
#3030 = DIRECTION ( 'NONE',  ( -1.029992063861230200E-014, 0.0000000000000000000, 1.000000000000000000 ) ) ;
#3031 = EDGE_CURVE ( 'NONE', #5693, #5817, #5132, .T. ) ;
#3032 = VECTOR ( 'NONE', #5044, 1000.000000000000000 ) ;
#3033 = CARTESIAN_POINT ( 'NONE',  ( -1.599999999999989700, 0.1000000000000000100, 1.375000000000000200 ) ) ;
#3034 = LINE ( 'NONE', #1814, #1034 ) ;
#3035 = DIRECTION ( 'NONE',  ( 1.000000000000000000, 0.0000000000000000000, -6.938893903906732200E-015 ) ) ;
#3036 = DIRECTION ( 'NONE',  ( -1.000000000000000000, -0.0000000000000000000, 3.469446951953614200E-015 ) ) ;
#3037 = DIRECTION ( 'NONE',  ( -1.000000000000000000, -0.0000000000000000000, -0.0000000000000000000 ) ) ;
#3038 = CARTESIAN_POINT ( 'NONE',  ( -2.100000000000000100, 0.0000000000000000000, 2.100000000000000100 ) ) ;
#3039 = CARTESIAN_POINT ( 'NONE',  ( -1.124999999999994400, 0.1000000000000000100, 1.599999999999998500 ) ) ;
#3040 = ORIENTED_EDGE ( 'NONE', *, *, #8057, .F. ) ;
#3041 = ORIENTED_EDGE ( 'NONE', *, *, #2879, .T. ) ;
#3042 = FACE_OUTER_BOUND ( 'NONE', #271, .T. ) ;
#3043 = EDGE_CURVE ( 'NONE', #1376, #123, #2288, .T. ) ;
#3044 = VECTOR ( 'NONE', #1187, 1000.000000000000000 ) ;
#3045 = DIRECTION ( 'NONE',  ( 0.0000000000000000000, -1.000000000000000000, 0.0000000000000000000 ) ) ;
#3046 = LINE ( 'NONE', #6394, #3448 ) ;
#3047 = VERTEX_POINT ( 'NONE', #530 ) ;
#3048 = FILL_AREA_STYLE_COLOUR ( '', #361 ) ;
#3049 = EDGE_LOOP ( 'NONE', ( #7225, #4089, #6116, #3722 ) ) ;
#3050 = DIRECTION ( 'NONE',  ( -1.000000000000000000, 0.0000000000000000000, 0.0000000000000000000 ) ) ;
#3051 = ADVANCED_FACE ( 'NONE', ( #3703 ), #7079, .T. ) ;
#3052 = ORIENTED_EDGE ( 'NONE', *, *, #285, .T. ) ;
#3053 = VECTOR ( 'NONE', #2276, 1000.000000000000000 ) ;
#3054 = ORIENTED_EDGE ( 'NONE', *, *, #3598, .T. ) ;
#3055 = ORIENTED_EDGE ( 'NONE', *, *, #7362, .F. ) ;
#3056 = CARTESIAN_POINT ( 'NONE',  ( 0.0000000000000000000, 0.0000000000000000000, 0.0000000000000000000 ) ) ;
#3057 = VERTEX_POINT ( 'NONE', #37 ) ;
#3058 = DIRECTION ( 'NONE',  ( 1.000000000000000000, 0.0000000000000000000, -1.060485249962383800E-013 ) ) ;
#3059 = EDGE_LOOP ( 'NONE', ( #1662, #7982, #6495, #7511 ) ) ;
#3060 = VECTOR ( 'NONE', #3844, 1000.000000000000000 ) ;
#3061 = CARTESIAN_POINT ( 'NONE',  ( 0.1249999999999988600, 0.1000000000000002600, -1.999999999999998700 ) ) ;
#3062 = EDGE_CURVE ( 'NONE', #7003, #5693, #3315, .T. ) ;
#3063 = CARTESIAN_POINT ( 'NONE',  ( 0.6249999999999947800, 0.1000000000000000100, -1.599999999999999000 ) ) ;
#3064 = LINE ( 'NONE', #7983, #1355 ) ;
#3065 = PLANE ( 'NONE',  #4536 ) ;
#3066 = ADVANCED_FACE ( 'NONE', ( #605 ), #2575, .F. ) ;
#3067 = ORIENTED_EDGE ( 'NONE', *, *, #7733, .F. ) ;
#3068 = DIRECTION ( 'NONE',  ( -1.000000000000000000, 0.0000000000000000000, 0.0000000000000000000 ) ) ;
#3069 = EDGE_LOOP ( 'NONE', ( #1844, #5081, #3658, #4515 ) ) ;
#3070 = ORIENTED_EDGE ( 'NONE', *, *, #3908, .F. ) ;
#3071 = UNCERTAINTY_MEASURE_WITH_UNIT (LENGTH_MEASURE( 1.000000000000000100E-005 ), #720, 'distance_accuracy_value', 'NONE');
#3072 = PLANE ( 'NONE',  #6921 ) ;
#3073 = DIRECTION ( 'NONE',  ( 0.0000000000000000000, 0.0000000000000000000, -1.000000000000000000 ) ) ;
#3074 = VECTOR ( 'NONE', #3028, 1000.000000000000000 ) ;
#3075 = DIRECTION ( 'NONE',  ( 1.000000000000000000, 0.0000000000000000000, -1.100465205072787900E-013 ) ) ;
#3076 = EDGE_CURVE ( 'NONE', #3399, #7117, #6341, .T. ) ;
#3077 = EDGE_CURVE ( 'NONE', #7986, #6608, #2003, .T. ) ;
#3078 = ORIENTED_EDGE ( 'NONE', *, *, #3008, .F. ) ;
#3079 = EDGE_LOOP ( 'NONE', ( #7226, #3675, #183, #3361 ) ) ;
#3080 = ORIENTED_EDGE ( 'NONE', *, *, #1855, .T. ) ;
#3081 = UNCERTAINTY_MEASURE_WITH_UNIT (LENGTH_MEASURE( 1.000000000000000100E-005 ), #3330, 'distance_accuracy_value', 'NONE');
#3082 = LINE ( 'NONE', #6273, #2261 ) ;
#3083 = AXIS2_PLACEMENT_3D ( 'NONE', #4588, #127, #5826 ) ;
#3084 = CARTESIAN_POINT ( 'NONE',  ( 0.6249999999999943400, 0.1000000000000002600, 1.599999999999998500 ) ) ;
#3085 = DIRECTION ( 'NONE',  ( 1.000000000000000000, 0.0000000000000000000, 1.060485249962383800E-013 ) ) ;
#3086 = DIRECTION ( 'NONE',  ( 2.081668171172264100E-014, 0.0000000000000000000, -1.000000000000000000 ) ) ;
#3087 = VERTEX_POINT ( 'NONE', #5793 ) ;
#3088 = VERTEX_POINT ( 'NONE', #7732 ) ;
#3089 = ORIENTED_EDGE ( 'NONE', *, *, #393, .F. ) ;
#3090 = VECTOR ( 'NONE', #7278, 1000.000000000000000 ) ;
#3091 = EDGE_CURVE ( 'NONE', #5355, #1645, #1493, .T. ) ;
#3092 = DIRECTION ( 'NONE',  ( -0.0000000000000000000, 1.000000000000000000, 0.0000000000000000000 ) ) ;
#3093 = CARTESIAN_POINT ( 'NONE',  ( -1.599999999999991200, 4.059797974644667700, -1.125000000000014700 ) ) ;
#3094 = VERTEX_POINT ( 'NONE', #7668 ) ;
#3095 = CARTESIAN_POINT ( 'NONE',  ( -1.599999999999994800, 0.1000000000000002600, -0.6250000000000001100 ) ) ;
#3096 = ORIENTED_EDGE ( 'NONE', *, *, #4501, .T. ) ;
#3097 = ORIENTED_EDGE ( 'NONE', *, *, #2477, .T. ) ;
#3098 = DIRECTION ( 'NONE',  ( -1.000000000000000000, 0.0000000000000000000, 1.002887009549093300E-014 ) ) ;
#3099 = ADVANCED_FACE ( 'NONE', ( #7438 ), #4525, .T. ) ;
#3100 = FACE_OUTER_BOUND ( 'NONE', #1972, .T. ) ;
#3101 = DIRECTION ( 'NONE',  ( 1.029992063861230000E-014, 0.0000000000000000000, -1.000000000000000000 ) ) ;
#3102 = DIRECTION ( 'NONE',  ( -1.127570259384925100E-014, 0.0000000000000000000, -1.000000000000000000 ) ) ;
#3103 = VECTOR ( 'NONE', #5839, 1000.000000000000000 ) ;
#3104 = CARTESIAN_POINT ( 'NONE',  ( -2.000000000000000000, -0.0000000000000000000, -0.3750000000000000600 ) ) ;
#3105 = ORIENTED_EDGE ( 'NONE', *, *, #2585, .T. ) ;
#3106 = CARTESIAN_POINT ( 'NONE',  ( -1.374999999999950900, 0.1000000000000000100, -1.999999999999999100 ) ) ;
#3107 = CARTESIAN_POINT ( 'NONE',  ( 0.8749999999999984500, 4.059797974644667700, 1.999999999999996200 ) ) ;
#3108 = CARTESIAN_POINT ( 'NONE',  ( 1.124999999999994400, 0.1000000000000000100, 1.599999999999998500 ) ) ;
#3109 = FACE_OUTER_BOUND ( 'NONE', #1454, .T. ) ;
#3110 = ADVANCED_FACE ( 'NONE', ( #8109 ), #6381, .T. ) ;
#3111 = CARTESIAN_POINT ( 'NONE',  ( 1.600000000000010300, 4.059797974644667700, -1.125000000000000200 ) ) ;
#3112 = VECTOR ( 'NONE', #7050, 1000.000000000000000 ) ;
#3113 = EDGE_CURVE ( 'NONE', #7127, #2217, #1395, .T. ) ;
#3114 = DIRECTION ( 'NONE',  ( 0.0000000000000000000, -0.0000000000000000000, 1.000000000000000000 ) ) ;
#3115 = VECTOR ( 'NONE', #326, 1000.000000000000000 ) ;
#3116 = DIRECTION ( 'NONE',  ( -0.0000000000000000000, 0.0000000000000000000, -1.000000000000000000 ) ) ;
#3117 = EDGE_CURVE ( 'NONE', #1141, #3387, #2192, .T. ) ;
#3118 = LINE ( 'NONE', #7344, #3705 ) ;
#3119 = AXIS2_PLACEMENT_3D ( 'NONE', #3801, #2597, #5144 ) ;
#3120 = LINE ( 'NONE', #4936, #4216 ) ;
#3121 = CARTESIAN_POINT ( 'NONE',  ( 0.0000000000000000000, 0.1000000000000000100, 0.0000000000000000000 ) ) ;
#3122 = CARTESIAN_POINT ( 'NONE',  ( -1.600000000000000300, 0.9500000000000000700, -1.750000000000000200 ) ) ;
#3123 = EDGE_CURVE ( 'NONE', #4258, #2273, #1192, .T. ) ;
#3124 = ORIENTED_EDGE ( 'NONE', *, *, #6433, .F. ) ;
#3125 = DIRECTION ( 'NONE',  ( -1.002887009549093300E-014, -0.0000000000000000000, -1.000000000000000000 ) ) ;
#3126 = VECTOR ( 'NONE', #6887, 1000.000000000000000 ) ;
#3127 = AXIS2_PLACEMENT_3D ( 'NONE', #8042, #4864, #2943 ) ;
#3128 = DIRECTION ( 'NONE',  ( -0.0000000000000000000, -1.000000000000000000, -0.0000000000000000000 ) ) ;
#3129 = CARTESIAN_POINT ( 'NONE',  ( -1.999999999999994900, 0.1000000000000000100, 0.8750000000000001100 ) ) ;
#3130 = LINE ( 'NONE', #7016, #1415 ) ;
#3131 = DIRECTION ( 'NONE',  ( -0.0000000000000000000, 0.0000000000000000000, 1.000000000000000000 ) ) ;
#3132 = AXIS2_PLACEMENT_3D ( 'NONE', #3106, #952, #2320 ) ;
#3133 = CARTESIAN_POINT ( 'NONE',  ( -1.124999999999994400, 4.059797974644667700, 1.599999999999998500 ) ) ;
#3134 = ORIENTED_EDGE ( 'NONE', *, *, #789, .T. ) ;
#3135 = LINE ( 'NONE', #3819, #6959 ) ;
#3136 = AXIS2_PLACEMENT_3D ( 'NONE', #7530, #4993, #5671 ) ;
#3137 = CARTESIAN_POINT ( 'NONE',  ( 1.374999999999999100, 0.1000000000000002600, -1.999999999999996200 ) ) ;
#3138 = AXIS2_PLACEMENT_3D ( 'NONE', #94, #1951, #3288 ) ;
#3139 = DIRECTION ( 'NONE',  ( 6.938893903907228400E-015, -0.0000000000000000000, 1.000000000000000000 ) ) ;
#3140 = LINE ( 'NONE', #4191, #1424 ) ;
#3141 = EDGE_CURVE ( 'NONE', #2360, #6186, #5527, .T. ) ;
#3142 = ADVANCED_FACE ( 'NONE', ( #2901 ), #5588, .T. ) ;
#3143 = ORIENTED_EDGE ( 'NONE', *, *, #2263, .T. ) ;
#3144 = VERTEX_POINT ( 'NONE', #1027 ) ;
#3145 = CARTESIAN_POINT ( 'NONE',  ( 0.0000000000000000000, 0.0000000000000000000, 0.0000000000000000000 ) ) ;
#3146 = PLANE ( 'NONE',  #1780 ) ;
#3147 = DIRECTION ( 'NONE',  ( -1.040834085586085200E-014, 0.0000000000000000000, -1.000000000000000000 ) ) ;
#3148 = VERTEX_POINT ( 'NONE', #2305 ) ;
#3149 = DIRECTION ( 'NONE',  ( -0.0000000000000000000, 1.000000000000000000, 0.0000000000000000000 ) ) ;
#3150 = ADVANCED_FACE ( 'NONE', ( #3804 ), #13, .T. ) ;
#3151 = EDGE_CURVE ( 'NONE', #6072, #3402, #7242, .T. ) ;
#3152 = VERTEX_POINT ( 'NONE', #7105 ) ;
#3153 = VERTEX_POINT ( 'NONE', #3829 ) ;
#3154 = CARTESIAN_POINT ( 'NONE',  ( -1.374999999999994700, -0.0000000000000000000, -1.599999999999996300 ) ) ;
#3155 = LINE ( 'NONE', #6849, #7578 ) ;
#3156 = DIRECTION ( 'NONE',  ( -1.000000000000000000, 0.0000000000000000000, -8.673617379884036500E-016 ) ) ;
#3157 = CARTESIAN_POINT ( 'NONE',  ( 1.600000000000005000, 4.059797974644667700, 0.6250000000000001100 ) ) ;
#3158 = PLANE ( 'NONE',  #2702 ) ;
#3159 = CARTESIAN_POINT ( 'NONE',  ( 2.000000000000005300, 0.1000000000000000100, -0.8750000000000001100 ) ) ;
#3160 = CARTESIAN_POINT ( 'NONE',  ( -1.124999999999994400, 0.1000000000000000100, 1.599999999999998500 ) ) ;
#3161 = EDGE_LOOP ( 'NONE', ( #6715, #2660, #6659, #3898 ) ) ;
#3162 = LINE ( 'NONE', #6706, #7585 ) ;
#3163 = ORIENTED_EDGE ( 'NONE', *, *, #7958, .T. ) ;
#3164 = EDGE_CURVE ( 'NONE', #5336, #8285, #5427, .T. ) ;
#3165 = VERTEX_POINT ( 'NONE', #2271 ) ;
#3166 = VECTOR ( 'NONE', #8174, 1000.000000000000000 ) ;
#3167 = LINE ( 'NONE', #5901, #561 ) ;
#3168 = DIRECTION ( 'NONE',  ( -0.0000000000000000000, 1.000000000000000000, 0.0000000000000000000 ) ) ;
#3169 = CARTESIAN_POINT ( 'NONE',  ( -0.6249999999999502600, 0.0000000000000000000, 1.999999999999998200 ) ) ;
#3170 = CARTESIAN_POINT ( 'NONE',  ( 0.6249999999999943400, 4.059797974644667700, 1.599999999999998500 ) ) ;
#3171 = CARTESIAN_POINT ( 'NONE',  ( 1.600000000000010300, 0.1000000000000002600, -1.125000000000000200 ) ) ;
#3172 = ORIENTED_EDGE ( 'NONE', *, *, #5371, .T. ) ;
#3173 = ORIENTED_EDGE ( 'NONE', *, *, #4147, .T. ) ;
#3174 = DIRECTION ( 'NONE',  ( 6.098637220231030600E-014, 0.0000000000000000000, -1.000000000000000000 ) ) ;
#3175 = DIRECTION ( 'NONE',  ( 1.000000000000000000, -0.0000000000000000000, 1.124859753953710600E-013 ) ) ;
#3176 = EDGE_LOOP ( 'NONE', ( #545, #7883, #3759, #782 ) ) ;
#3177 = ORIENTED_EDGE ( 'NONE', *, *, #1533, .T. ) ;
#3178 = CARTESIAN_POINT ( 'NONE',  ( 2.100000000000000100, 0.3500000000000001400, 2.100000000000000100 ) ) ;
#3179 = ORIENTED_EDGE ( 'NONE', *, *, #615, .F. ) ;
#3180 = DIRECTION ( 'NONE',  ( 0.0000000000000000000, -0.0000000000000000000, 1.000000000000000000 ) ) ;
#3181 = ORIENTED_EDGE ( 'NONE', *, *, #96, .F. ) ;
#3182 = ORIENTED_EDGE ( 'NONE', *, *, #4098, .F. ) ;
#3183 = EDGE_CURVE ( 'NONE', #2780, #7596, #6935, .T. ) ;
#3184 = VERTEX_POINT ( 'NONE', #4871 ) ;
#3185 = MECHANICAL_DESIGN_GEOMETRIC_PRESENTATION_REPRESENTATION (  '', ( #5935 ), #3884 ) ;
#3186 = CARTESIAN_POINT ( 'NONE',  ( 0.6249999999999943400, 0.0000000000000000000, 1.599999999999998500 ) ) ;
#3187 = ADVANCED_FACE ( 'NONE', ( #6737 ), #4447, .F. ) ;
#3188 = DIRECTION ( 'NONE',  ( 8.673617379884035500E-016, -0.0000000000000000000, -1.000000000000000000 ) ) ;
#3189 = ORIENTED_EDGE ( 'NONE', *, *, #3622, .T. ) ;
#3190 = VERTEX_POINT ( 'NONE', #2925 ) ;
#3191 = EDGE_LOOP ( 'NONE', ( #7992, #6847, #1932, #3640 ) ) ;
#3192 = ORIENTED_EDGE ( 'NONE', *, *, #8159, .T. ) ;
#3193 = DIRECTION ( 'NONE',  ( 0.0000000000000000000, -0.0000000000000000000, -1.000000000000000000 ) ) ;
#3194 = DIRECTION ( 'NONE',  ( 1.000000000000000000, 0.0000000000000000000, -6.132518538120488200E-014 ) ) ;
#3195 = ORIENTED_EDGE ( 'NONE', *, *, #2210, .F. ) ;
#3196 = EDGE_CURVE ( 'NONE', #2238, #8187, #5025, .T. ) ;
#3197 = LINE ( 'NONE', #3519, #4611 ) ;
#3198 = EDGE_CURVE ( 'NONE', #3152, #3656, #4918, .T. ) ;
#3199 = AXIS2_PLACEMENT_3D ( 'NONE', #5928, #5842, #36 ) ;
#3200 = ORIENTED_EDGE ( 'NONE', *, *, #4111, .F. ) ;
#3201 = ADVANCED_FACE ( 'NONE', ( #2701 ), #1121, .T. ) ;
#3202 = STYLED_ITEM ( 'NONE', ( #5037 ), #7045 ) ;
#3203 = VERTEX_POINT ( 'NONE', #7010 ) ;
#3204 = CARTESIAN_POINT ( 'NONE',  ( 0.8749999999999942300, 0.1000000000000000100, 1.599999999999995900 ) ) ;
#3205 = DIRECTION ( 'NONE',  ( 0.0000000000000000000, 0.0000000000000000000, 1.000000000000000000 ) ) ;
#3206 = CARTESIAN_POINT ( 'NONE',  ( -1.374999999999994700, -0.0000000000000000000, -1.599999999999996300 ) ) ;
#3207 = LINE ( 'NONE', #6024, #7229 ) ;
#3208 = CARTESIAN_POINT ( 'NONE',  ( 0.0000000000000000000, 0.0000000000000000000, 0.0000000000000000000 ) ) ;
#3209 = LINE ( 'NONE', #3111, #7827 ) ;
#3210 = ORIENTED_EDGE ( 'NONE', *, *, #7468, .T. ) ;
#3211 = FACE_OUTER_BOUND ( 'NONE', #1286, .T. ) ;
#3212 = ORIENTED_EDGE ( 'NONE', *, *, #5959, .T. ) ;
#3213 = EDGE_CURVE ( 'NONE', #6752, #6894, #7835, .T. ) ;
#3214 = DIRECTION ( 'NONE',  ( 1.000000000000000000, 0.0000000000000000000, 2.710505431213760100E-016 ) ) ;
#3215 = SURFACE_STYLE_USAGE ( .BOTH. , #6358 ) ;
#3216 = DIRECTION ( 'NONE',  ( 1.000000000000000000, 0.0000000000000000000, -2.710505431213760100E-016 ) ) ;
#3217 = LINE ( 'NONE', #1481, #2900 ) ;
#3218 = FACE_OUTER_BOUND ( 'NONE', #2258, .T. ) ;
#3219 = VECTOR ( 'NONE', #7092, 1000.000000000000000 ) ;
#3220 = DIRECTION ( 'NONE',  ( -0.0000000000000000000, 1.000000000000000000, -0.0000000000000000000 ) ) ;
#3221 = PLANE ( 'NONE',  #1894 ) ;
#3222 = FACE_OUTER_BOUND ( 'NONE', #4387, .T. ) ;
#3223 = CARTESIAN_POINT ( 'NONE',  ( 1.600000000000005000, 0.1000000000000002600, 0.6250000000000001100 ) ) ;
#3224 = CARTESIAN_POINT ( 'NONE',  ( 0.0000000000000000000, 0.1000000000000000100, 0.0000000000000000000 ) ) ;
#3225 = DIRECTION ( 'NONE',  ( -0.0000000000000000000, -0.0000000000000000000, -1.000000000000000000 ) ) ;
#3226 = VECTOR ( 'NONE', #4295, 1000.000000000000000 ) ;
#3227 = CARTESIAN_POINT ( 'NONE',  ( 0.8749999999999984500, 0.1000000000000000100, 1.999999999999996200 ) ) ;
#3228 = PLANE ( 'NONE',  #936 ) ;
#3229 = DIRECTION ( 'NONE',  ( 0.0000000000000000000, -1.000000000000000000, 0.0000000000000000000 ) ) ;
#3230 = FACE_OUTER_BOUND ( 'NONE', #1067, .T. ) ;
#3231 = CARTESIAN_POINT ( 'NONE',  ( -0.8749999999999946700, 0.1000000000000002600, -1.599999999999996300 ) ) ;
#3232 = ORIENTED_EDGE ( 'NONE', *, *, #2995, .T. ) ;
#3233 = DIRECTION ( 'NONE',  ( 0.0000000000000000000, -0.0000000000000000000, 1.000000000000000000 ) ) ;
#3234 =( NAMED_UNIT ( * ) PLANE_ANGLE_UNIT ( ) SI_UNIT ( $, .RADIAN. ) );
#3235 = AXIS2_PLACEMENT_3D ( 'NONE', #8222, #7632, #2480 ) ;
#3236 = ORIENTED_EDGE ( 'NONE', *, *, #3997, .T. ) ;
#3237 = VECTOR ( 'NONE', #6346, 1000.000000000000000 ) ;
#3238 = CARTESIAN_POINT ( 'NONE',  ( -1.999999999999994900, 0.1000000000000000100, -0.8750000000000001100 ) ) ;
#3239 = VECTOR ( 'NONE', #7114, 1000.000000000000000 ) ;
#3240 = ADVANCED_FACE ( 'NONE', ( #4824 ), #1762, .F. ) ;
#3241 = EDGE_CURVE ( 'NONE', #774, #1445, #1685, .T. ) ;
#3242 = VECTOR ( 'NONE', #363, 1000.000000000000000 ) ;
#3243 = VERTEX_POINT ( 'NONE', #78 ) ;
#3244 = AXIS2_PLACEMENT_3D ( 'NONE', #1872, #3149, #5036 ) ;
#3245 = CARTESIAN_POINT ( 'NONE',  ( 1.600000000000005200, 0.1000000000000000100, -0.8750000000000001100 ) ) ;
#3246 = LINE ( 'NONE', #2356, #4847 ) ;
#3247 = CARTESIAN_POINT ( 'NONE',  ( 1.600000000000004300, 4.059797974644667700, 0.3750000000000244800 ) ) ;
#3248 = CARTESIAN_POINT ( 'NONE',  ( 0.0000000000000000000, 0.1000000000000000100, 0.0000000000000000000 ) ) ;
#3249 = PLANE ( 'NONE',  #7583 ) ;
#3250 = VECTOR ( 'NONE', #4898, 1000.000000000000000 ) ;
#3251 = VERTEX_POINT ( 'NONE', #1907 ) ;
#3252 = LINE ( 'NONE', #6284, #4763 ) ;
#3253 = AXIS2_PLACEMENT_3D ( 'NONE', #5514, #2969, #1036 ) ;
#3254 = DIRECTION ( 'NONE',  ( 1.000000000000000000, -0.0000000000000000000, 1.040834085586084300E-014 ) ) ;
#3255 = VERTEX_POINT ( 'NONE', #6546 ) ;
#3256 = DIRECTION ( 'NONE',  ( -1.000000000000000000, 0.0000000000000000000, -1.040834085586084700E-014 ) ) ;
#3257 = ORIENTED_EDGE ( 'NONE', *, *, #1254, .F. ) ;
#3258 = EDGE_CURVE ( 'NONE', #4982, #5903, #991, .T. ) ;
#3259 = SURFACE_SIDE_STYLE ('',( #1475 ) ) ;
#3260 = LINE ( 'NONE', #7654, #52 ) ;
#3261 = VECTOR ( 'NONE', #5690, 1000.000000000000000 ) ;
#3262 = DIRECTION ( 'NONE',  ( 1.084202172485505500E-014, 0.0000000000000000000, -1.000000000000000000 ) ) ;
#3263 = ORIENTED_EDGE ( 'NONE', *, *, #4039, .F. ) ;
#3264 = DIRECTION ( 'NONE',  ( 0.7071067811865474600, 0.0000000000000000000, -0.7071067811865474600 ) ) ;
#3265 = ORIENTED_EDGE ( 'NONE', *, *, #3385, .F. ) ;
#3266 = CIRCLE ( 'NONE', #7236, 0.1499999999999999700 ) ;
#3267 = CARTESIAN_POINT ( 'NONE',  ( -1.599999999999989700, 0.1000000000000000100, 1.375000000000000200 ) ) ;
#3268 = LINE ( 'NONE', #8008, #5191 ) ;
#3269 = CARTESIAN_POINT ( 'NONE',  ( 1.600000000000004300, 0.1000000000000000100, 0.3750000000000244800 ) ) ;
#3270 = EDGE_LOOP ( 'NONE', ( #4488, #1143, #265, #7613 ) ) ;
#3271 = EDGE_LOOP ( 'NONE', ( #2436, #4378, #2224, #7829 ) ) ;
#3272 = ORIENTED_EDGE ( 'NONE', *, *, #6957, .T. ) ;
#3273 = VERTEX_POINT ( 'NONE', #6434 ) ;
#3274 = VECTOR ( 'NONE', #6650, 1000.000000000000000 ) ;
#3275 = CARTESIAN_POINT ( 'NONE',  ( 1.374999999999998400, 4.059797974644667700, 1.999999999999996200 ) ) ;
#3276 = LINE ( 'NONE', #4724, #2450 ) ;
#3277 = DIRECTION ( 'NONE',  ( -0.0000000000000000000, 1.000000000000000000, 0.0000000000000000000 ) ) ;
#3278 = CARTESIAN_POINT ( 'NONE',  ( -1.599999999999991200, -0.0000000000000000000, -1.125000000000014700 ) ) ;
#3279 = EDGE_CURVE ( 'NONE', #1749, #4703, #5343, .T. ) ;
#3280 = ORIENTED_EDGE ( 'NONE', *, *, #4444, .F. ) ;
#3281 = VERTEX_POINT ( 'NONE', #7716 ) ;
#3282 = VERTEX_POINT ( 'NONE', #4511 ) ;
#3283 = EDGE_CURVE ( 'NONE', #4973, #4256, #4726, .T. ) ;
#3284 = CARTESIAN_POINT ( 'NONE',  ( 0.8749999999999946700, 0.1000000000000000100, -1.599999999999996300 ) ) ;
#3285 = ADVANCED_FACE ( 'NONE', ( #7635 ), #7744, .F. ) ;
#3286 = LINE ( 'NONE', #153, #7106 ) ;
#3287 = CARTESIAN_POINT ( 'NONE',  ( -0.1249999999999943900, 0.0000000000000000000, 1.599999999999998500 ) ) ;
#3288 = DIRECTION ( 'NONE',  ( 0.0000000000000000000, -0.0000000000000000000, 1.000000000000000000 ) ) ;
#3289 = DIRECTION ( 'NONE',  ( 0.0000000000000000000, 1.000000000000000000, 0.0000000000000000000 ) ) ;
#3290 = VERTEX_POINT ( 'NONE', #106 ) ;
#3291 = ORIENTED_EDGE ( 'NONE', *, *, #3578, .T. ) ;
#3292 = VERTEX_POINT ( 'NONE', #5304 ) ;
#3293 = EDGE_LOOP ( 'NONE', ( #1429, #5704, #6586, #3369 ) ) ;
#3294 = CARTESIAN_POINT ( 'NONE',  ( -1.599999999999994800, 0.1000000000000000100, -0.6250000000000001100 ) ) ;
#3295 = CARTESIAN_POINT ( 'NONE',  ( -0.6249999999999947800, -0.0000000000000000000, -1.599999999999999000 ) ) ;
#3296 = ORIENTED_EDGE ( 'NONE', *, *, #891, .T. ) ;
#3297 = ORIENTED_EDGE ( 'NONE', *, *, #7974, .T. ) ;
#3298 = VECTOR ( 'NONE', #6333, 1000.000000000000000 ) ;
#3299 = AXIS2_PLACEMENT_3D ( 'NONE', #1759, #1117, #4977 ) ;
#3300 = CARTESIAN_POINT ( 'NONE',  ( 0.0000000000000000000, 0.0000000000000000000, 0.0000000000000000000 ) ) ;
#3301 = EDGE_LOOP ( 'NONE', ( #6001, #8047, #2331, #5381 ) ) ;
#3302 = DIRECTION ( 'NONE',  ( -0.0000000000000000000, -0.0000000000000000000, -1.000000000000000000 ) ) ;
#3303 = CARTESIAN_POINT ( 'NONE',  ( -1.199999999999999500, -0.0000000000000000000, -1.400000000000000100 ) ) ;
#3304 = DIRECTION ( 'NONE',  ( -1.040834085586085000E-014, 0.0000000000000000000, -1.000000000000000000 ) ) ;
#3305 = ORIENTED_EDGE ( 'NONE', *, *, #7057, .T. ) ;
#3306 = DIRECTION ( 'NONE',  ( 1.000000000000000000, 0.0000000000000000000, -1.040834085586084700E-014 ) ) ;
#3307 = ORIENTED_EDGE ( 'NONE', *, *, #3008, .T. ) ;
#3308 = EDGE_CURVE ( 'NONE', #1084, #6970, #4521, .T. ) ;
#3309 = VECTOR ( 'NONE', #4576, 1000.000000000000000 ) ;
#3310 = DIRECTION ( 'NONE',  ( 0.0000000000000000000, -0.0000000000000000000, -1.000000000000000000 ) ) ;
#3311 = ORIENTED_EDGE ( 'NONE', *, *, #6453, .F. ) ;
#3312 = CARTESIAN_POINT ( 'NONE',  ( 2.000000000000005300, 0.0000000000000000000, -0.6250000000000000000 ) ) ;
#3313 = MECHANICAL_DESIGN_GEOMETRIC_PRESENTATION_REPRESENTATION (  '', ( #4015 ), #260 ) ;
#3314 = FACE_OUTER_BOUND ( 'NONE', #1319, .T. ) ;
#3315 = LINE ( 'NONE', #6937, #4017 ) ;
#3316 = EDGE_CURVE ( 'NONE', #4258, #2077, #5926, .T. ) ;
#3317 = DIRECTION ( 'NONE',  ( -9.757819552369558800E-015, 0.0000000000000000000, -1.000000000000000000 ) ) ;
#3318 = CARTESIAN_POINT ( 'NONE',  ( 0.0000000000000000000, 0.1000000000000000100, 0.0000000000000000000 ) ) ;
#3319 = DIRECTION ( 'NONE',  ( 0.0000000000000000000, 0.0000000000000000000, -1.000000000000000000 ) ) ;
#3320 = ADVANCED_FACE ( 'NONE', ( #4411 ), #369, .T. ) ;
#3321 = DIRECTION ( 'NONE',  ( 1.000000000000000000, -0.0000000000000000000, 6.132518538120488200E-014 ) ) ;
#3322 = EDGE_CURVE ( 'NONE', #3488, #4150, #3913, .T. ) ;
#3323 = DIRECTION ( 'NONE',  ( 1.029992063861229100E-014, 0.0000000000000000000, 1.000000000000000000 ) ) ;
#3324 = PLANE ( 'NONE',  #1358 ) ;
#3325 = CARTESIAN_POINT ( 'NONE',  ( 0.3749999999999984500, 0.1000000000000000100, 1.999999999999996200 ) ) ;
#3326 = COLOUR_RGB ( '',1.000000000000000000, 0.8117647058823529400, 0.5019607843137254800 ) ;
#3327 = CARTESIAN_POINT ( 'NONE',  ( -2.000000000000000000, 4.059797974644667700, -0.3750000000000000600 ) ) ;
#3328 = LINE ( 'NONE', #1643, #4748 ) ;
#3329 = MANIFOLD_SOLID_BREP ( 'Boss-Extrude2[18]', #3451 ) ;
#3330 =( LENGTH_UNIT ( ) NAMED_UNIT ( * ) SI_UNIT ( .MILLI., .METRE. ) );
#3331 = EDGE_LOOP ( 'NONE', ( #4704, #5020, #5226, #4372 ) ) ;
#3332 = CARTESIAN_POINT ( 'NONE',  ( -1.599999999999994800, 0.1000000000000002600, 0.6250000000000001100 ) ) ;
#3333 = LINE ( 'NONE', #5138, #3623 ) ;
#3334 = EDGE_CURVE ( 'NONE', #1445, #1732, #1093, .T. ) ;
#3335 = UNCERTAINTY_MEASURE_WITH_UNIT (LENGTH_MEASURE( 1.000000000000000100E-005 ), #7875, 'distance_accuracy_value', 'NONE');
#3336 = CARTESIAN_POINT ( 'NONE',  ( -1.374999999999994700, 0.1000000000000002600, -1.599999999999996300 ) ) ;
#3337 = LINE ( 'NONE', #2322, #3946 ) ;
#3338 = CARTESIAN_POINT ( 'NONE',  ( -0.8749999999999942300, -0.0000000000000000000, 1.599999999999995900 ) ) ;
#3339 = VECTOR ( 'NONE', #3101, 1000.000000000000000 ) ;
#3340 = ORIENTED_EDGE ( 'NONE', *, *, #4637, .T. ) ;
#3341 = EDGE_CURVE ( 'NONE', #1442, #2889, #5237, .T. ) ;
#3342 = ORIENTED_EDGE ( 'NONE', *, *, #7120, .T. ) ;
#3343 =( NAMED_UNIT ( * ) SI_UNIT ( $, .STERADIAN. ) SOLID_ANGLE_UNIT ( ) );
#3344 = COLOUR_RGB ( '',1.000000000000000000, 0.8117647058823529400, 0.5019607843137254800 ) ;
#3345 = EDGE_CURVE ( 'NONE', #1562, #933, #1781, .T. ) ;
#3346 = DIRECTION ( 'NONE',  ( 0.0000000000000000000, -1.000000000000000000, 0.0000000000000000000 ) ) ;
#3347 = VECTOR ( 'NONE', #4863, 1000.000000000000000 ) ;
#3348 = ORIENTED_EDGE ( 'NONE', *, *, #6707, .F. ) ;
#3349 = CARTESIAN_POINT ( 'NONE',  ( 0.1249999999999947400, 0.1000000000000002600, -1.599999999999999000 ) ) ;
#3350 = DIRECTION ( 'NONE',  ( -0.0000000000000000000, 1.000000000000000000, 0.0000000000000000000 ) ) ;
#3351 = FILL_AREA_STYLE ('',( #1468 ) ) ;
#3352 = FACE_OUTER_BOUND ( 'NONE', #1466, .T. ) ;
#3353 = ORIENTED_EDGE ( 'NONE', *, *, #6342, .T. ) ;
#3354 = EDGE_LOOP ( 'NONE', ( #5005, #475, #557, #7412 ) ) ;
#3355 = LINE ( 'NONE', #7576, #8249 ) ;
#3356 = EDGE_LOOP ( 'NONE', ( #3172, #4721, #866, #7361 ) ) ;
#3357 = LINE ( 'NONE', #1912, #5378 ) ;
#3358 = AXIS2_PLACEMENT_3D ( 'NONE', #6701, #5361, #7343 ) ;
#3359 = ADVANCED_FACE ( 'NONE', ( #2999 ), #2507, .T. ) ;
#3360 = CARTESIAN_POINT ( 'NONE',  ( 1.600000000000005200, 0.1000000000000002600, -0.8750000000000001100 ) ) ;
#3361 = ORIENTED_EDGE ( 'NONE', *, *, #3334, .F. ) ;
#3362 = CYLINDRICAL_SURFACE ( 'NONE', #2690, 0.1499999999999999700 ) ;
#3363 = EDGE_CURVE ( 'NONE', #1857, #3988, #6334, .T. ) ;
#3364 = SURFACE_STYLE_USAGE ( .BOTH. , #7222 ) ;
#3365 = ORIENTED_EDGE ( 'NONE', *, *, #1993, .F. ) ;
#3366 = VERTEX_POINT ( 'NONE', #5814 ) ;
#3367 = LINE ( 'NONE', #4934, #4869 ) ;
#3368 = LINE ( 'NONE', #6059, #6181 ) ;
#3369 = ORIENTED_EDGE ( 'NONE', *, *, #5844, .T. ) ;
#3370 = VERTEX_POINT ( 'NONE', #7018 ) ;
#3371 = ORIENTED_EDGE ( 'NONE', *, *, #7672, .T. ) ;
#3372 = AXIS2_PLACEMENT_3D ( 'NONE', #6573, #1518, #2705 ) ;
#3373 = ORIENTED_EDGE ( 'NONE', *, *, #2143, .F. ) ;
#3374 = VECTOR ( 'NONE', #1305, 1000.000000000000000 ) ;
#3375 = ORIENTED_EDGE ( 'NONE', *, *, #789, .F. ) ;
#3376 = CLOSED_SHELL ( 'NONE', ( #6539, #6149, #4720, #4420, #3099, #4459 ) ) ;
#3377 = EDGE_LOOP ( 'NONE', ( #4506, #3297, #2658, #1068 ) ) ;
#3378 = SURFACE_STYLE_USAGE ( .BOTH. , #197 ) ;
#3379 = ORIENTED_EDGE ( 'NONE', *, *, #2567, .T. ) ;
#3380 = ORIENTED_EDGE ( 'NONE', *, *, #6310, .T. ) ;
#3381 = PLANE ( 'NONE',  #87 ) ;
#3382 = CARTESIAN_POINT ( 'NONE',  ( 2.100000000000000100, 0.3500000000000001400, 2.100000000000000100 ) ) ;
#3383 = FACE_OUTER_BOUND ( 'NONE', #1074, .T. ) ;
#3384 = PLANE ( 'NONE',  #7165 ) ;
#3385 = EDGE_CURVE ( 'NONE', #3094, #7117, #4620, .T. ) ;
#3386 = DIRECTION ( 'NONE',  ( -1.000000000000000000, 0.0000000000000000000, 0.0000000000000000000 ) ) ;
#3387 = VERTEX_POINT ( 'NONE', #1979 ) ;
#3388 = ORIENTED_EDGE ( 'NONE', *, *, #5358, .T. ) ;
#3389 = LINE ( 'NONE', #8181, #193 ) ;
#3390 = ORIENTED_EDGE ( 'NONE', *, *, #4779, .F. ) ;
#3391 = CLOSED_SHELL ( 'NONE', ( #960, #7863, #5731, #3359, #1697, #7650 ) ) ;
#3392 = CARTESIAN_POINT ( 'NONE',  ( 1.374999999999994700, 0.1000000000000000100, -1.599999999999996300 ) ) ;
#3393 = CARTESIAN_POINT ( 'NONE',  ( 1.399999999999999900, 0.1000000000000002600, 1.400000000000000100 ) ) ;
#3394 = VECTOR ( 'NONE', #240, 1000.000000000000000 ) ;
#3395 = DIRECTION ( 'NONE',  ( 0.0000000000000000000, -0.0000000000000000000, 1.000000000000000000 ) ) ;
#3396 = MECHANICAL_DESIGN_GEOMETRIC_PRESENTATION_REPRESENTATION (  '', ( #7332 ), #1552 ) ;
#3397 = VECTOR ( 'NONE', #1983, 1000.000000000000000 ) ;
#3398 = CARTESIAN_POINT ( 'NONE',  ( -1.399999999999999900, 4.059797974644667700, 1.399999999999999700 ) ) ;
#3399 = VERTEX_POINT ( 'NONE', #1915 ) ;
#3400 = ADVANCED_FACE ( 'NONE', ( #1183 ), #3228, .T. ) ;
#3401 = LINE ( 'NONE', #2269, #6343 ) ;
#3402 = VERTEX_POINT ( 'NONE', #1327 ) ;
#3403 = AXIS2_PLACEMENT_3D ( 'NONE', #2791, #6738, #331 ) ;
#3404 = AXIS2_PLACEMENT_3D ( 'NONE', #4010, #1389, #175 ) ;
#3405 =( NAMED_UNIT ( * ) PLANE_ANGLE_UNIT ( ) SI_UNIT ( $, .RADIAN. ) );
#3406 = VECTOR ( 'NONE', #6830, 1000.000000000000000 ) ;
#3407 = DIRECTION ( 'NONE',  ( 2.255140518769960600E-014, 0.0000000000000000000, 1.000000000000000000 ) ) ;
#3408 =( GEOMETRIC_REPRESENTATION_CONTEXT ( 3 ) GLOBAL_UNCERTAINTY_ASSIGNED_CONTEXT ( ( #5813 ) ) GLOBAL_UNIT_ASSIGNED_CONTEXT ( ( #4013, #177, #1300 ) ) REPRESENTATION_CONTEXT ( 'NONE', 'WORKASPACE' ) );
#3409 = LINE ( 'NONE', #4996, #5632 ) ;
#3410 = VECTOR ( 'NONE', #4393, 1000.000000000000000 ) ;
#3411 = EDGE_CURVE ( 'NONE', #6409, #5673, #6448, .T. ) ;
#3412 = LINE ( 'NONE', #1290, #4527 ) ;
#3413 = DIRECTION ( 'NONE',  ( 0.0000000000000000000, 0.0000000000000000000, 1.000000000000000000 ) ) ;
#3414 = DIRECTION ( 'NONE',  ( 1.000000000000000000, 0.0000000000000000000, -0.0000000000000000000 ) ) ;
#3415 = VECTOR ( 'NONE', #5594, 1000.000000000000000 ) ;
#3416 = DIRECTION ( 'NONE',  ( -1.103175710504001600E-013, 0.0000000000000000000, -1.000000000000000000 ) ) ;
#3417 = AXIS2_PLACEMENT_3D ( 'NONE', #1201, #1835, #3214 ) ;
#3418 = DIRECTION ( 'NONE',  ( -1.000000000000000000, 0.0000000000000000000, 0.0000000000000000000 ) ) ;
#3419 = DIRECTION ( 'NONE',  ( -1.000000000000000000, 0.0000000000000000000, 2.710505431213760100E-016 ) ) ;
#3420 = CARTESIAN_POINT ( 'NONE',  ( 0.0000000000000000000, 0.0000000000000000000, 0.0000000000000000000 ) ) ;
#3421 = VECTOR ( 'NONE', #5243, 1000.000000000000000 ) ;
#3422 = ORIENTED_EDGE ( 'NONE', *, *, #6723, .F. ) ;
#3423 = VECTOR ( 'NONE', #5467, 1000.000000000000000 ) ;
#3424 = DIRECTION ( 'NONE',  ( -1.000000000000000000, 0.0000000000000000000, -0.0000000000000000000 ) ) ;
#3425 = EDGE_CURVE ( 'NONE', #4496, #5238, #7534, .T. ) ;
#3426 = VECTOR ( 'NONE', #7321, 1000.000000000000000 ) ;
#3427 = MANIFOLD_SOLID_BREP ( 'Boss-Extrude2[21]', #6106 ) ;
#3428 = AXIS2_PLACEMENT_3D ( 'NONE', #6585, #5265, #186 ) ;
#3429 = VECTOR ( 'NONE', #6275, 1000.000000000000000 ) ;
#3430 = EDGE_LOOP ( 'NONE', ( #1958, #6521, #7773, #4743 ) ) ;
#3431 = DIRECTION ( 'NONE',  ( -0.0000000000000000000, -1.000000000000000000, -0.0000000000000000000 ) ) ;
#3432 = ADVANCED_FACE ( 'NONE', ( #6228 ), #5234, .F. ) ;
#3433 = CARTESIAN_POINT ( 'NONE',  ( 1.124999999999994400, 0.1000000000000002600, 1.599999999999998500 ) ) ;
#3434 = DIRECTION ( 'NONE',  ( 0.0000000000000000000, -1.000000000000000000, 0.0000000000000000000 ) ) ;
#3435 = LINE ( 'NONE', #2699, #3739 ) ;
#3436 = CARTESIAN_POINT ( 'NONE',  ( 2.000000000000000000, 0.0000000000000000000, 0.3750000000000000600 ) ) ;
#3437 = VERTEX_POINT ( 'NONE', #5975 ) ;
#3438 = EDGE_CURVE ( 'NONE', #381, #7587, #7135, .T. ) ;
#3439 = EDGE_LOOP ( 'NONE', ( #5, #6803, #4140, #58 ) ) ;
#3440 = DIRECTION ( 'NONE',  ( 0.0000000000000000000, -1.000000000000000000, 0.0000000000000000000 ) ) ;
#3441 = ORIENTED_EDGE ( 'NONE', *, *, #8193, .F. ) ;
#3442 = AXIS2_PLACEMENT_3D ( 'NONE', #6077, #6004, #5409 ) ;
#3443 = LINE ( 'NONE', #3512, #2219 ) ;
#3444 = DIRECTION ( 'NONE',  ( 0.0000000000000000000, -1.000000000000000000, 0.0000000000000000000 ) ) ;
#3445 = VECTOR ( 'NONE', #7217, 1000.000000000000000 ) ;
#3446 = DIRECTION ( 'NONE',  ( -1.040834085586084700E-014, 0.0000000000000000000, -1.000000000000000000 ) ) ;
#3447 = EDGE_CURVE ( 'NONE', #1827, #4694, #895, .T. ) ;
#3448 = VECTOR ( 'NONE', #5631, 1000.000000000000000 ) ;
#3449 = MECHANICAL_DESIGN_GEOMETRIC_PRESENTATION_REPRESENTATION (  '', ( #2153 ), #3896 ) ;
#3450 = ORIENTED_EDGE ( 'NONE', *, *, #2479, .F. ) ;
#3451 = CLOSED_SHELL ( 'NONE', ( #4925, #4410, #2043, #6575, #4507, #7699 ) ) ;
#3452 = DIRECTION ( 'NONE',  ( -0.0000000000000000000, -0.0000000000000000000, 1.000000000000000000 ) ) ;
#3453 = FACE_OUTER_BOUND ( 'NONE', #4559, .T. ) ;
#3454 = CARTESIAN_POINT ( 'NONE',  ( 0.1249999999999943900, 0.0000000000000000000, 1.599999999999998500 ) ) ;
#3455 = DIRECTION ( 'NONE',  ( 0.0000000000000000000, -1.000000000000000000, 0.0000000000000000000 ) ) ;
#3456 = ORIENTED_EDGE ( 'NONE', *, *, #6491, .T. ) ;
#3457 = FACE_OUTER_BOUND ( 'NONE', #4477, .T. ) ;
#3458 = ORIENTED_EDGE ( 'NONE', *, *, #6255, .T. ) ;
#3459 = EDGE_LOOP ( 'NONE', ( #2882, #2670, #3054, #4988 ) ) ;
#3460 = DIRECTION ( 'NONE',  ( -1.000000000000000000, 0.0000000000000000000, 1.127570259384925100E-014 ) ) ;
#3461 = VECTOR ( 'NONE', #7954, 1000.000000000000000 ) ;
#3462 = CARTESIAN_POINT ( 'NONE',  ( -0.6249999999999943400, 0.1000000000000000100, 1.599999999999998500 ) ) ;
#3463 = CARTESIAN_POINT ( 'NONE',  ( -1.599999999999991200, 0.1000000000000002600, -1.125000000000014700 ) ) ;
#3464 = EDGE_CURVE ( 'NONE', #2256, #872, #5828, .T. ) ;
#3465 = ORIENTED_EDGE ( 'NONE', *, *, #615, .T. ) ;
#3466 = DIRECTION ( 'NONE',  ( 6.938893903906732200E-015, 0.0000000000000000000, -1.000000000000000000 ) ) ;
#3467 = EDGE_LOOP ( 'NONE', ( #5311, #1833, #2747, #3674 ) ) ;
#3468 = VERTEX_POINT ( 'NONE', #4742 ) ;
#3469 = ORIENTED_EDGE ( 'NONE', *, *, #3486, .F. ) ;
#3470 = LINE ( 'NONE', #1785, #3074 ) ;
#3471 = CARTESIAN_POINT ( 'NONE',  ( 0.0000000000000000000, 0.1000000000000000100, 0.0000000000000000000 ) ) ;
#3472 = CARTESIAN_POINT ( 'NONE',  ( 2.000000000000005300, 0.1000000000000000100, -0.8750000000000001100 ) ) ;
#3473 = EDGE_CURVE ( 'NONE', #7475, #6922, #705, .T. ) ;
#3474 = SURFACE_SIDE_STYLE ('',( #6391 ) ) ;
#3475 = EDGE_LOOP ( 'NONE', ( #2027, #5877, #2966, #5584 ) ) ;
#3476 = ORIENTED_EDGE ( 'NONE', *, *, #3031, .F. ) ;
#3477 = ORIENTED_EDGE ( 'NONE', *, *, #6326, .T. ) ;
#3478 = ADVANCED_FACE ( 'NONE', ( #4919 ), #7929, .T. ) ;
#3479 = DIRECTION ( 'NONE',  ( -0.0000000000000000000, -1.000000000000000000, -0.0000000000000000000 ) ) ;
#3480 = ORIENTED_EDGE ( 'NONE', *, *, #4572, .F. ) ;
#3481 = DIRECTION ( 'NONE',  ( -0.0000000000000000000, 1.000000000000000000, 0.0000000000000000000 ) ) ;
#3482 = FILL_AREA_STYLE_COLOUR ( '', #755 ) ;
#3483 = ORIENTED_EDGE ( 'NONE', *, *, #3539, .F. ) ;
#3484 = LINE ( 'NONE', #6646, #5001 ) ;
#3485 = CARTESIAN_POINT ( 'NONE',  ( -1.600000000000000100, 0.0000000000000000000, 0.3750000000000000600 ) ) ;
#3486 = EDGE_CURVE ( 'NONE', #6534, #2788, #1880, .T. ) ;
#3487 = ORIENTED_EDGE ( 'NONE', *, *, #6557, .T. ) ;
#3488 = VERTEX_POINT ( 'NONE', #7434 ) ;
#3489 = ORIENTED_EDGE ( 'NONE', *, *, #141, .F. ) ;
#3490 = CARTESIAN_POINT ( 'NONE',  ( -1.999999999999989600, -0.0000000000000000000, -1.375000000000000200 ) ) ;
#3491 = DIRECTION ( 'NONE',  ( -0.0000000000000000000, -0.0000000000000000000, -1.000000000000000000 ) ) ;
#3492 = LINE ( 'NONE', #5321, #7029 ) ;
#3493 = ORIENTED_EDGE ( 'NONE', *, *, #5590, .F. ) ;
#3494 = EDGE_CURVE ( 'NONE', #1271, #6594, #5936, .T. ) ;
#3495 = DIRECTION ( 'NONE',  ( -1.000000000000000000, -0.0000000000000000000, -2.710505431213760100E-016 ) ) ;
#3496 = EDGE_CURVE ( 'NONE', #6280, #2256, #7837, .T. ) ;
#3497 = CARTESIAN_POINT ( 'NONE',  ( 1.600000000000010500, 0.0000000000000000000, -1.375000000000000200 ) ) ;
#3498 = STYLED_ITEM ( 'NONE', ( #7691 ), #714 ) ;
#3499 = DIRECTION ( 'NONE',  ( 0.0000000000000000000, -1.000000000000000000, 0.0000000000000000000 ) ) ;
#3500 = FACE_OUTER_BOUND ( 'NONE', #564, .T. ) ;
#3501 = AXIS2_PLACEMENT_3D ( 'NONE', #712, #3319, #764 ) ;
#3502 = VECTOR ( 'NONE', #5073, 1000.000000000000000 ) ;
#3503 = CARTESIAN_POINT ( 'NONE',  ( 2.000000000000005300, 4.059797974644667700, -0.6250000000000000000 ) ) ;
#3504 = PLANE ( 'NONE',  #6266 ) ;
#3505 = AXIS2_PLACEMENT_3D ( 'NONE', #5423, #897, #4139 ) ;
#3506 = LINE ( 'NONE', #7479, #7143 ) ;
#3507 = DIRECTION ( 'NONE',  ( 1.000000000000000000, 0.0000000000000000000, 1.040834085586085000E-014 ) ) ;
#3508 = VECTOR ( 'NONE', #6154, 1000.000000000000000 ) ;
#3509 = EDGE_CURVE ( 'NONE', #8078, #749, #3401, .T. ) ;
#3510 = DIRECTION ( 'NONE',  ( 0.0000000000000000000, -0.0000000000000000000, 1.000000000000000000 ) ) ;
#3511 = VECTOR ( 'NONE', #3920, 1000.000000000000000 ) ;
#3512 = CARTESIAN_POINT ( 'NONE',  ( 1.374999999999994700, 0.0000000000000000000, -1.599999999999996300 ) ) ;
#3513 = EDGE_LOOP ( 'NONE', ( #2368, #6204, #2767, #8186 ) ) ;
#3514 = EDGE_LOOP ( 'NONE', ( #8007, #5598, #3105, #5771 ) ) ;
#3515 = LINE ( 'NONE', #5002, #6753 ) ;
#3516 = PRESENTATION_LAYER_ASSIGNMENT (  '', '', ( #4224 ) ) ;
#3517 = ORIENTED_EDGE ( 'NONE', *, *, #7452, .T. ) ;
#3518 = ADVANCED_FACE ( 'NONE', ( #5127 ), #928, .F. ) ;
#3519 = CARTESIAN_POINT ( 'NONE',  ( 0.3749999999999943400, 0.0000000000000000000, 1.599999999999995900 ) ) ;
#3520 = VECTOR ( 'NONE', #2168, 1000.000000000000000 ) ;
#3521 = ADVANCED_FACE ( 'NONE', ( #4629 ), #5438, .F. ) ;
#3522 = CARTESIAN_POINT ( 'NONE',  ( 0.8749999999999988900, 4.059797974644667700, -1.999999999999996200 ) ) ;
#3523 = VECTOR ( 'NONE', #822, 1000.000000000000000 ) ;
#3524 = CARTESIAN_POINT ( 'NONE',  ( -1.599999999999957900, -0.0000000000000000000, -0.1250000000000245600 ) ) ;
#3525 = EDGE_CURVE ( 'NONE', #1350, #337, #2092, .T. ) ;
#3526 = LINE ( 'NONE', #7433, #4844 ) ;
#3527 = CARTESIAN_POINT ( 'NONE',  ( -2.100000000000000100, 0.0000000000000000000, 2.100000000000000100 ) ) ;
#3528 = DIRECTION ( 'NONE',  ( 0.0000000000000000000, -1.000000000000000000, 0.0000000000000000000 ) ) ;
#3529 = LINE ( 'NONE', #3796, #3339 ) ;
#3530 = DIRECTION ( 'NONE',  ( 0.0000000000000000000, -1.000000000000000000, 0.0000000000000000000 ) ) ;
#3531 = DIRECTION ( 'NONE',  ( -0.0000000000000000000, -1.000000000000000000, -0.0000000000000000000 ) ) ;
#3532 = PRESENTATION_LAYER_ASSIGNMENT (  '', '', ( #6031 ) ) ;
#3533 = DIRECTION ( 'NONE',  ( -0.0000000000000000000, -1.000000000000000000, -0.0000000000000000000 ) ) ;
#3534 = ORIENTED_EDGE ( 'NONE', *, *, #6532, .F. ) ;
#3535 = EDGE_LOOP ( 'NONE', ( #3480, #7260, #4579, #2857 ) ) ;
#3536 = LINE ( 'NONE', #4633, #438 ) ;
#3537 = LINE ( 'NONE', #5431, #1818 ) ;
#3538 = VERTEX_POINT ( 'NONE', #6733 ) ;
#3539 = EDGE_CURVE ( 'NONE', #4102, #5084, #8114, .T. ) ;
#3540 = SURFACE_STYLE_USAGE ( .BOTH. , #1684 ) ;
#3541 = CARTESIAN_POINT ( 'NONE',  ( 0.1249999999999947700, 0.0000000000000000000, -1.599999999999999000 ) ) ;
#3542 = FACE_OUTER_BOUND ( 'NONE', #6449, .T. ) ;
#3543 = ORIENTED_EDGE ( 'NONE', *, *, #914, .T. ) ;
#3544 = ORIENTED_EDGE ( 'NONE', *, *, #1898, .T. ) ;
#3545 = FACE_OUTER_BOUND ( 'NONE', #3301, .T. ) ;
#3546 = DIRECTION ( 'NONE',  ( 1.691355389077552800E-013, 0.0000000000000000000, 1.000000000000000000 ) ) ;
#3547 = EDGE_CURVE ( 'NONE', #5902, #675, #2904, .T. ) ;
#3548 = VERTEX_POINT ( 'NONE', #2296 ) ;
#3549 = FACE_OUTER_BOUND ( 'NONE', #7780, .T. ) ;
#3550 = FILL_AREA_STYLE ('',( #4409 ) ) ;
#3551 = DIRECTION ( 'NONE',  ( 8.673617379884035500E-016, -0.0000000000000000000, -1.000000000000000000 ) ) ;
#3552 = EDGE_LOOP ( 'NONE', ( #1152, #4498, #2678, #5048 ) ) ;
#3553 = VERTEX_POINT ( 'NONE', #4166 ) ;
#3554 = CARTESIAN_POINT ( 'NONE',  ( 1.600000000000005200, 0.0000000000000000000, 0.8750000000000001100 ) ) ;
#3555 = VERTEX_POINT ( 'NONE', #6138 ) ;
#3556 = DIRECTION ( 'NONE',  ( 0.0000000000000000000, -1.000000000000000000, 0.0000000000000000000 ) ) ;
#3557 = LINE ( 'NONE', #5419, #1449 ) ;
#3558 = PLANE ( 'NONE',  #3253 ) ;
#3559 = ORIENTED_EDGE ( 'NONE', *, *, #4926, .T. ) ;
#3560 = ORIENTED_EDGE ( 'NONE', *, *, #7378, .F. ) ;
#3561 = EDGE_CURVE ( 'NONE', #3954, #5478, #1892, .T. ) ;
#3562 = ORIENTED_EDGE ( 'NONE', *, *, #6688, .T. ) ;
#3563 = DIRECTION ( 'NONE',  ( 0.0000000000000000000, -1.000000000000000000, 0.0000000000000000000 ) ) ;
#3564 = DIRECTION ( 'NONE',  ( -1.000000000000000000, -0.0000000000000000000, 0.0000000000000000000 ) ) ;
#3565 = FACE_OUTER_BOUND ( 'NONE', #5873, .T. ) ;
#3566 = DIRECTION ( 'NONE',  ( 1.000000000000000000, 0.0000000000000000000, -3.089976191583644100E-014 ) ) ;
#3567 = DIRECTION ( 'NONE',  ( 1.000000000000000000, -0.0000000000000000000, -1.040834085586084700E-014 ) ) ;
#3568 = ADVANCED_FACE ( 'NONE', ( #1194 ), #2898, .T. ) ;
#3569 = ORIENTED_EDGE ( 'NONE', *, *, #6045, .T. ) ;
#3570 = DIRECTION ( 'NONE',  ( 1.000000000000000000, 0.0000000000000000000, 1.040834085586084700E-014 ) ) ;
#3571 = CLOSED_SHELL ( 'NONE', ( #3607, #7118, #1496, #4375, #2932, #5136, #8214, #5390, #2847, #7710, #6853, #4032, #4959, #3810, #6264, #7245, #8105, #4937, #47, #131, #5605, #7979, #8264, #5722, #5354, #6253, #583, #1687, #1119, #7523, #7787, #5691, #2546, #592, #6829, #3518, #5093, #6775, #4446, #7532, #7541, #7285, #7565, #6460, #2294, #4280, #8251, #6742, #4291, #3721, #3865, #6862, #637, #3691, #5040, #5634, #6626, #2759, #2628, #8223, #1663, #3521, #7489, #493, #5235, #1529, #1203, #1616, #294, #2556, #4362, #2285, #1329, #6787, #5774, #6398, #1822, #6895, #8164, #908, #6938, #3285, #1248, #3678, #4757, #5476, #542, #4495, #5009, #875, #6354, #6139, #3240, #1865, #7075, #4001, #1044, #1581, #6324, #3645, #2121, #1573, #7365, #2897, #5644, #3761, #6989, #3709, #5319, #5764, #5106, #1237, #6277, #8014, #2500, #450, #2508, #7939, #3912, #2837, #173, #6111, #3432, #625, #414, #7373, #3187, #4880, #7987, #384, #2335, #7899 ) ) ;
#3572 = ORIENTED_EDGE ( 'NONE', *, *, #5652, .F. ) ;
#3573 = AXIS2_PLACEMENT_3D ( 'NONE', #3056, #4300, #6242 ) ;
#3574 = VERTEX_POINT ( 'NONE', #2836 ) ;
#3575 = CARTESIAN_POINT ( 'NONE',  ( 2.000000000000015500, 0.1000000000000000100, 1.375000000000012400 ) ) ;
#3576 = LINE ( 'NONE', #6243, #870 ) ;
#3577 = PLANE ( 'NONE',  #8012 ) ;
#3578 = EDGE_CURVE ( 'NONE', #5983, #421, #3797, .T. ) ;
#3579 = ORIENTED_EDGE ( 'NONE', *, *, #7408, .T. ) ;
#3580 = ORIENTED_EDGE ( 'NONE', *, *, #6955, .T. ) ;
#3581 = ORIENTED_EDGE ( 'NONE', *, *, #7070, .T. ) ;
#3582 = CARTESIAN_POINT ( 'NONE',  ( -1.999999999999994900, -0.0000000000000000000, -0.8750000000000001100 ) ) ;
#3583 = EDGE_CURVE ( 'NONE', #2273, #448, #4020, .T. ) ;
#3584 = CARTESIAN_POINT ( 'NONE',  ( -1.124999999999994400, 0.1000000000000002600, 1.599999999999998500 ) ) ;
#3585 = ORIENTED_EDGE ( 'NONE', *, *, #2046, .F. ) ;
#3586 = UNCERTAINTY_MEASURE_WITH_UNIT (LENGTH_MEASURE( 1.000000000000000100E-005 ), #5287, 'distance_accuracy_value', 'NONE');
#3587 = ORIENTED_EDGE ( 'NONE', *, *, #1001, .F. ) ;
#3588 = CARTESIAN_POINT ( 'NONE',  ( 1.374999999999998400, 0.1000000000000000100, 1.999999999999996200 ) ) ;
#3589 = LINE ( 'NONE', #4733, #4499 ) ;
#3590 = DIRECTION ( 'NONE',  ( -1.095044194210351900E-013, 0.0000000000000000000, 1.000000000000000000 ) ) ;
#3591 = VECTOR ( 'NONE', #1134, 1000.000000000000000 ) ;
#3592 = CARTESIAN_POINT ( 'NONE',  ( 0.3749999999999989500, 0.1000000000000000100, -1.999999999999996200 ) ) ;
#3593 = ORIENTED_EDGE ( 'NONE', *, *, #2002, .F. ) ;
#3594 = CARTESIAN_POINT ( 'NONE',  ( 2.000000000000015500, 0.1000000000000000100, 1.125000000000012400 ) ) ;
#3595 = LINE ( 'NONE', #7008, #3219 ) ;
#3596 = VERTEX_POINT ( 'NONE', #6115 ) ;
#3597 = DIRECTION ( 'NONE',  ( -0.0000000000000000000, 1.000000000000000000, 0.0000000000000000000 ) ) ;
#3598 = EDGE_CURVE ( 'NONE', #6894, #7813, #6451, .T. ) ;
#3599 = ADVANCED_FACE ( 'NONE', ( #993 ), #516, .T. ) ;
#3600 = FACE_OUTER_BOUND ( 'NONE', #8068, .T. ) ;
#3601 = PLANE ( 'NONE',  #2162 ) ;
#3602 = CARTESIAN_POINT ( 'NONE',  ( 1.600000000000010500, 0.1000000000000002600, -1.375000000000000200 ) ) ;
#3603 = VECTOR ( 'NONE', #1298, 1000.000000000000000 ) ;
#3604 = VECTOR ( 'NONE', #3220, 1000.000000000000000 ) ;
#3605 = DIRECTION ( 'NONE',  ( -1.000000000000000000, -0.0000000000000000000, 3.469446951953614200E-015 ) ) ;
#3606 = LINE ( 'NONE', #690, #2388 ) ;
#3607 = ADVANCED_FACE ( 'NONE', ( #3211 ), #1050, .F. ) ;
#3608 = EDGE_CURVE ( 'NONE', #2780, #5717, #7, .T. ) ;
#3609 = CARTESIAN_POINT ( 'NONE',  ( 0.8749999999999984500, 4.059797974644667700, 1.999999999999996200 ) ) ;
#3610 = DIRECTION ( 'NONE',  ( -1.040834085586084700E-014, 0.0000000000000000000, -1.000000000000000000 ) ) ;
#3611 = SURFACE_SIDE_STYLE ('',( #2910 ) ) ;
#3612 =( GEOMETRIC_REPRESENTATION_CONTEXT ( 3 ) GLOBAL_UNCERTAINTY_ASSIGNED_CONTEXT ( ( #949 ) ) GLOBAL_UNIT_ASSIGNED_CONTEXT ( ( #1490, #5255, #6003 ) ) REPRESENTATION_CONTEXT ( 'NONE', 'WORKASPACE' ) );
#3613 = VECTOR ( 'NONE', #3931, 1000.000000000000000 ) ;
#3614 = CARTESIAN_POINT ( 'NONE',  ( -2.000000000000000000, 0.0000000000000000000, 0.3750000000000000600 ) ) ;
#3615 = DIRECTION ( 'NONE',  ( 1.029992063861229100E-014, 0.0000000000000000000, 1.000000000000000000 ) ) ;
#3616 = PLANE ( 'NONE',  #1295 ) ;
#3617 = AXIS2_PLACEMENT_3D ( 'NONE', #6599, #7125, #7822 ) ;
#3618 = PRODUCT ( 'QPC6614TR13', 'QPC6614TR13', '', ( #308 ) ) ;
#3619 = ORIENTED_EDGE ( 'NONE', *, *, #3654, .F. ) ;
#3620 = LINE ( 'NONE', #2636, #4744 ) ;
#3621 = VERTEX_POINT ( 'NONE', #2326 ) ;
#3622 = EDGE_CURVE ( 'NONE', #2126, #2991, #205, .T. ) ;
#3623 = VECTOR ( 'NONE', #5112, 1000.000000000000000 ) ;
#3624 = PLANE ( 'NONE',  #3905 ) ;
#3625 = DIRECTION ( 'NONE',  ( 1.029992063861230000E-014, 0.0000000000000000000, -1.000000000000000000 ) ) ;
#3626 = DIRECTION ( 'NONE',  ( -0.0000000000000000000, -1.000000000000000000, -0.0000000000000000000 ) ) ;
#3627 = LINE ( 'NONE', #6336, #1604 ) ;
#3628 = CARTESIAN_POINT ( 'NONE',  ( 2.000000000000001800, 4.059797974644667700, -0.1249999999999821400 ) ) ;
#3629 =( GEOMETRIC_REPRESENTATION_CONTEXT ( 3 ) GLOBAL_UNCERTAINTY_ASSIGNED_CONTEXT ( ( #1930 ) ) GLOBAL_UNIT_ASSIGNED_CONTEXT ( ( #3660, #4318, #1821 ) ) REPRESENTATION_CONTEXT ( 'NONE', 'WORKASPACE' ) );
#3630 = LINE ( 'NONE', #6249, #2728 ) ;
#3631 = ORIENTED_EDGE ( 'NONE', *, *, #4127, .T. ) ;
#3632 = CARTESIAN_POINT ( 'NONE',  ( 0.6249999999999983300, 0.1000000000000000100, 1.999999999999997800 ) ) ;
#3633 = CARTESIAN_POINT ( 'NONE',  ( -2.100000000000000100, 0.3500000000000001400, 2.100000000000000100 ) ) ;
#3634 = LINE ( 'NONE', #4896, #1521 ) ;
#3635 = CARTESIAN_POINT ( 'NONE',  ( -1.399999999999999900, 0.1000000000000000100, 1.399999999999999700 ) ) ;
#3636 = EDGE_LOOP ( 'NONE', ( #5058, #7957, #4570, #2744 ) ) ;
#3637 = FACE_OUTER_BOUND ( 'NONE', #2346, .T. ) ;
#3638 = CARTESIAN_POINT ( 'NONE',  ( -2.100000000000000100, 0.3500000000000001400, -2.100000000000000100 ) ) ;
#3639 = ORIENTED_EDGE ( 'NONE', *, *, #2585, .F. ) ;
#3640 = ORIENTED_EDGE ( 'NONE', *, *, #7932, .F. ) ;
#3641 = LINE ( 'NONE', #2927, #925 ) ;
#3642 = LINE ( 'NONE', #588, #7681 ) ;
#3643 = DIRECTION ( 'NONE',  ( 0.0000000000000000000, -0.0000000000000000000, -1.000000000000000000 ) ) ;
#3644 = DIRECTION ( 'NONE',  ( 0.0000000000000000000, -0.0000000000000000000, 1.000000000000000000 ) ) ;
#3645 = ADVANCED_FACE ( 'NONE', ( #807 ), #4360, .F. ) ;
#3646 = LINE ( 'NONE', #2158, #1242 ) ;
#3647 = EDGE_LOOP ( 'NONE', ( #7604, #126, #2946, #2267 ) ) ;
#3648 = EDGE_LOOP ( 'NONE', ( #2570, #6694, #178, #7528 ) ) ;
#3649 = LINE ( 'NONE', #3554, #2142 ) ;
#3650 = LINE ( 'NONE', #4952, #6686 ) ;
#3651 = CARTESIAN_POINT ( 'NONE',  ( -2.100000000000000100, 1.050000000000000000, 2.100000000000000100 ) ) ;
#3652 = CARTESIAN_POINT ( 'NONE',  ( -1.599999999999957900, 0.1000000000000000100, -0.1250000000000245600 ) ) ;
#3653 = PLANE ( 'NONE',  #5613 ) ;
#3654 = EDGE_CURVE ( 'NONE', #3900, #5480, #6637, .T. ) ;
#3655 = PLANE ( 'NONE',  #6201 ) ;
#3656 = VERTEX_POINT ( 'NONE', #7487 ) ;
#3657 = ORIENTED_EDGE ( 'NONE', *, *, #2763, .F. ) ;
#3658 = ORIENTED_EDGE ( 'NONE', *, *, #7712, .F. ) ;
#3659 = VERTEX_POINT ( 'NONE', #5655 ) ;
#3660 =( LENGTH_UNIT ( ) NAMED_UNIT ( * ) SI_UNIT ( .MILLI., .METRE. ) );
#3661 = PLANE ( 'NONE',  #8277 ) ;
#3662 = DIRECTION ( 'NONE',  ( 0.0000000000000000000, -1.000000000000000000, 0.0000000000000000000 ) ) ;
#3663 = ORIENTED_EDGE ( 'NONE', *, *, #7597, .T. ) ;
#3664 = VERTEX_POINT ( 'NONE', #2981 ) ;
#3665 = ORIENTED_EDGE ( 'NONE', *, *, #2608, .T. ) ;
#3666 = CARTESIAN_POINT ( 'NONE',  ( 2.000000000000005300, 4.059797974644667700, -0.8750000000000001100 ) ) ;
#3667 = ORIENTED_EDGE ( 'NONE', *, *, #4550, .F. ) ;
#3668 = VECTOR ( 'NONE', #600, 1000.000000000000000 ) ;
#3669 = DIRECTION ( 'NONE',  ( 0.0000000000000000000, -0.0000000000000000000, 1.000000000000000000 ) ) ;
#3670 = EDGE_CURVE ( 'NONE', #4973, #4560, #4208, .T. ) ;
#3671 = CARTESIAN_POINT ( 'NONE',  ( -1.999999999999989600, 4.059797974644667700, -1.375000000000000200 ) ) ;
#3672 = ORIENTED_EDGE ( 'NONE', *, *, #3113, .F. ) ;
#3673 = DIRECTION ( 'NONE',  ( 1.000000000000000000, -0.0000000000000000000, 1.040834085586083300E-014 ) ) ;
#3674 = ORIENTED_EDGE ( 'NONE', *, *, #4354, .T. ) ;
#3675 = ORIENTED_EDGE ( 'NONE', *, *, #2685, .F. ) ;
#3676 = CARTESIAN_POINT ( 'NONE',  ( -1.600000000000000300, 0.9500000000000000700, -1.600000000000000300 ) ) ;
#3677 = LINE ( 'NONE', #5763, #8192 ) ;
#3678 = ADVANCED_FACE ( 'NONE', ( #1680 ), #6344, .F. ) ;
#3679 = MECHANICAL_DESIGN_GEOMETRIC_PRESENTATION_REPRESENTATION (  '', ( #4557 ), #4668 ) ;
#3680 = UNCERTAINTY_MEASURE_WITH_UNIT (LENGTH_MEASURE( 1.000000000000000100E-005 ), #7371, 'distance_accuracy_value', 'NONE');
#3681 = ORIENTED_EDGE ( 'NONE', *, *, #182, .F. ) ;
#3682 = DIRECTION ( 'NONE',  ( 8.673617379884035500E-016, -0.0000000000000000000, -1.000000000000000000 ) ) ;
#3683 = DIRECTION ( 'NONE',  ( -1.000000000000000000, -0.0000000000000000000, 1.040834085586084300E-014 ) ) ;
#3684 = EDGE_LOOP ( 'NONE', ( #8044, #7796, #1138, #3744 ) ) ;
#3685 =( NAMED_UNIT ( * ) PLANE_ANGLE_UNIT ( ) SI_UNIT ( $, .RADIAN. ) );
#3686 = PLANE ( 'NONE',  #7647 ) ;
#3687 = FACE_OUTER_BOUND ( 'NONE', #6821, .T. ) ;
#3688 = DIRECTION ( 'NONE',  ( -1.000000000000000000, -0.0000000000000000000, 6.098637220231029300E-014 ) ) ;
#3689 = ORIENTED_EDGE ( 'NONE', *, *, #192, .F. ) ;
#3690 = ORIENTED_EDGE ( 'NONE', *, *, #1535, .T. ) ;
#3691 = ADVANCED_FACE ( 'NONE', ( #2498 ), #4510, .F. ) ;
#3692 = VERTEX_POINT ( 'NONE', #3 ) ;
#3693 = EDGE_CURVE ( 'NONE', #6503, #7772, #5736, .T. ) ;
#3694 = EDGE_CURVE ( 'NONE', #3088, #1543, #7440, .T. ) ;
#3695 = DIRECTION ( 'NONE',  ( 0.0000000000000000000, -1.000000000000000000, 0.0000000000000000000 ) ) ;
#3696 = AXIS2_PLACEMENT_3D ( 'NONE', #8244, #7858, #7694 ) ;
#3697 = COLOUR_RGB ( '',1.000000000000000000, 0.8117647058823529400, 0.5019607843137254800 ) ;
#3698 = VERTEX_POINT ( 'NONE', #546 ) ;
#3699 = DIRECTION ( 'NONE',  ( -1.000000000000000000, 0.0000000000000000000, 6.938893903907228400E-015 ) ) ;
#3700 = DIRECTION ( 'NONE',  ( 1.029992063861228900E-014, 0.0000000000000000000, 1.000000000000000000 ) ) ;
#3701 = FACE_OUTER_BOUND ( 'NONE', #5980, .T. ) ;
#3702 = PLANE ( 'NONE',  #4648 ) ;
#3703 = FACE_OUTER_BOUND ( 'NONE', #2052, .T. ) ;
#3704 = DIRECTION ( 'NONE',  ( 0.0000000000000000000, -0.0000000000000000000, 1.000000000000000000 ) ) ;
#3705 = VECTOR ( 'NONE', #3563, 1000.000000000000000 ) ;
#3706 = FILL_AREA_STYLE ('',( #495 ) ) ;
#3707 = CARTESIAN_POINT ( 'NONE',  ( 2.000000000000000000, 0.0000000000000000000, 0.3750000000000000600 ) ) ;
#3708 = CARTESIAN_POINT ( 'NONE',  ( -0.1249999999999947700, 0.1000000000000002600, -1.599999999999999000 ) ) ;
#3709 = ADVANCED_FACE ( 'NONE', ( #5133 ), #8235, .F. ) ;
#3710 = CARTESIAN_POINT ( 'NONE',  ( -1.599999999999989700, 4.059797974644667700, 1.375000000000000200 ) ) ;
#3711 = STYLED_ITEM ( 'NONE', ( #6479 ), #6332 ) ;
#3712 = LINE ( 'NONE', #5098, #6462 ) ;
#3713 = MECHANICAL_DESIGN_GEOMETRIC_PRESENTATION_REPRESENTATION (  '', ( #3827 ), #4260 ) ;
#3714 = SURFACE_STYLE_FILL_AREA ( #672 ) ;
#3715 = EDGE_CURVE ( 'NONE', #2235, #2961, #6437, .T. ) ;
#3716 = DIRECTION ( 'NONE',  ( -0.0000000000000000000, 1.000000000000000000, 0.0000000000000000000 ) ) ;
#3717 = ORIENTED_EDGE ( 'NONE', *, *, #6997, .F. ) ;
#3718 = FACE_OUTER_BOUND ( 'NONE', #3970, .T. ) ;
#3719 = DIRECTION ( 'NONE',  ( 0.0000000000000000000, -1.000000000000000000, 0.0000000000000000000 ) ) ;
#3720 = EDGE_CURVE ( 'NONE', #3781, #7335, #4422, .T. ) ;
#3721 = ADVANCED_FACE ( 'NONE', ( #7637 ), #5163, .F. ) ;
#3722 = ORIENTED_EDGE ( 'NONE', *, *, #6147, .T. ) ;
#3723 = LINE ( 'NONE', #6014, #4938 ) ;
#3724 = ORIENTED_EDGE ( 'NONE', *, *, #5992, .T. ) ;
#3725 = CARTESIAN_POINT ( 'NONE',  ( -1.999999999999989600, 0.1000000000000000100, 1.375000000000000200 ) ) ;
#3726 = PLANE ( 'NONE',  #2314 ) ;
#3727 = LINE ( 'NONE', #4105, #6153 ) ;
#3728 = CARTESIAN_POINT ( 'NONE',  ( -1.599999999999995000, 0.1000000000000000100, -0.8750000000000001100 ) ) ;
#3729 = ADVANCED_FACE ( 'NONE', ( #5344 ), #2098, .T. ) ;
#3730 = EDGE_CURVE ( 'NONE', #4609, #6886, #5529, .T. ) ;
#3731 = CARTESIAN_POINT ( 'NONE',  ( 0.6249999999999943400, 0.1000000000000000100, 1.599999999999998500 ) ) ;
#3732 = LINE ( 'NONE', #4335, #46 ) ;
#3733 = DIRECTION ( 'NONE',  ( -1.000000000000000000, -0.0000000000000000000, 6.098637220231030600E-014 ) ) ;
#3734 = CARTESIAN_POINT ( 'NONE',  ( 1.600000000000005000, 0.0000000000000000000, -0.6250000000000001100 ) ) ;
#3735 = ORIENTED_EDGE ( 'NONE', *, *, #7428, .F. ) ;
#3736 = ORIENTED_EDGE ( 'NONE', *, *, #1236, .T. ) ;
#3737 = VECTOR ( 'NONE', #3256, 1000.000000000000000 ) ;
#3738 = EDGE_CURVE ( 'NONE', #3659, #4190, #607, .T. ) ;
#3739 = VECTOR ( 'NONE', #5457, 1000.000000000000000 ) ;
#3740 = VERTEX_POINT ( 'NONE', #3850 ) ;
#3741 = CARTESIAN_POINT ( 'NONE',  ( -2.000000000000000000, 4.059797974644667700, -0.1250000000000000300 ) ) ;
#3742 = DIRECTION ( 'NONE',  ( 1.000000000000000000, 0.0000000000000000000, -0.0000000000000000000 ) ) ;
#3743 = LINE ( 'NONE', #6860, #5279 ) ;
#3744 = ORIENTED_EDGE ( 'NONE', *, *, #4972, .F. ) ;
#3745 = ORIENTED_EDGE ( 'NONE', *, *, #5218, .F. ) ;
#3746 = LINE ( 'NONE', #620, #6380 ) ;
#3747 = CARTESIAN_POINT ( 'NONE',  ( 1.600000000000010300, 0.1000000000000000100, 1.125000000000000200 ) ) ;
#3748 = ORIENTED_EDGE ( 'NONE', *, *, #2044, .T. ) ;
#3749 = VECTOR ( 'NONE', #3688, 1000.000000000000000 ) ;
#3750 = ORIENTED_EDGE ( 'NONE', *, *, #2109, .T. ) ;
#3751 = LINE ( 'NONE', #6108, #2139 ) ;
#3752 = CARTESIAN_POINT ( 'NONE',  ( -1.999999999999994900, -0.0000000000000000000, -0.8750000000000001100 ) ) ;
#3753 = ORIENTED_EDGE ( 'NONE', *, *, #3561, .F. ) ;
#3754 = ORIENTED_EDGE ( 'NONE', *, *, #5830, .T. ) ;
#3755 = FACE_OUTER_BOUND ( 'NONE', #4971, .T. ) ;
#3756 = EDGE_CURVE ( 'NONE', #3057, #774, #2289, .T. ) ;
#3757 = CARTESIAN_POINT ( 'NONE',  ( 1.600000000000004300, 0.0000000000000000000, -0.3750000000000244800 ) ) ;
#3758 = CARTESIAN_POINT ( 'NONE',  ( 0.8749999999999942300, 0.0000000000000000000, 1.599999999999995900 ) ) ;
#3759 = ORIENTED_EDGE ( 'NONE', *, *, #4202, .T. ) ;
#3760 = VERTEX_POINT ( 'NONE', #5805 ) ;
#3761 = ADVANCED_FACE ( 'NONE', ( #7040 ), #1206, .F. ) ;
#3762 = ORIENTED_EDGE ( 'NONE', *, *, #3241, .T. ) ;
#3763 = VECTOR ( 'NONE', #1240, 1000.000000000000000 ) ;
#3764 = CARTESIAN_POINT ( 'NONE',  ( 1.600000000000005200, 0.0000000000000000000, -0.8750000000000001100 ) ) ;
#3765 = DIRECTION ( 'NONE',  ( -0.0000000000000000000, 1.000000000000000000, 0.0000000000000000000 ) ) ;
#3766 = EDGE_CURVE ( 'NONE', #8043, #1572, #16, .T. ) ;
#3767 = EDGE_CURVE ( 'NONE', #8197, #2423, #3595, .T. ) ;
#3768 = CARTESIAN_POINT ( 'NONE',  ( 0.0000000000000000000, 0.1000000000000000100, 0.0000000000000000000 ) ) ;
#3769 = MECHANICAL_DESIGN_GEOMETRIC_PRESENTATION_REPRESENTATION (  '', ( #500 ), #917 ) ;
#3770 = ORIENTED_EDGE ( 'NONE', *, *, #404, .T. ) ;
#3771 = VERTEX_POINT ( 'NONE', #6565 ) ;
#3772 = ORIENTED_EDGE ( 'NONE', *, *, #393, .T. ) ;
#3773 = VERTEX_POINT ( 'NONE', #3154 ) ;
#3774 = ADVANCED_FACE ( 'NONE', ( #7928 ), #7743, .F. ) ;
#3775 = VECTOR ( 'NONE', #5742, 1000.000000000000000 ) ;
#3776 = PLANE ( 'NONE',  #1947 ) ;
#3777 = CARTESIAN_POINT ( 'NONE',  ( -0.8749999999999946700, 0.1000000000000000100, -1.599999999999996300 ) ) ;
#3778 = CARTESIAN_POINT ( 'NONE',  ( 2.000000000000000000, 0.1000000000000000100, 0.3750000000000000600 ) ) ;
#3779 = DIRECTION ( 'NONE',  ( 1.000000000000000000, 0.0000000000000000000, -1.060485249962383600E-013 ) ) ;
#3780 = EDGE_LOOP ( 'NONE', ( #586, #1409, #6506, #7916 ) ) ;
#3781 = VERTEX_POINT ( 'NONE', #7788 ) ;
#3782 = AXIS2_PLACEMENT_3D ( 'NONE', #4233, #1039, #5537 ) ;
#3783 = ORIENTED_EDGE ( 'NONE', *, *, #8246, .F. ) ;
#3784 = VECTOR ( 'NONE', #5181, 1000.000000000000000 ) ;
#3785 = EDGE_CURVE ( 'NONE', #1383, #1642, #6232, .T. ) ;
#3786 = DIRECTION ( 'NONE',  ( 3.469446951953614200E-015, -0.0000000000000000000, 1.000000000000000000 ) ) ;
#3787 = PLANE ( 'NONE',  #6102 ) ;
#3788 = MANIFOLD_SOLID_BREP ( 'Split1[1]', #3571 ) ;
#3789 = CARTESIAN_POINT ( 'NONE',  ( -1.374999999999994700, 0.0000000000000000000, -1.599999999999996300 ) ) ;
#3790 = ORIENTED_EDGE ( 'NONE', *, *, #541, .T. ) ;
#3791 = ORIENTED_EDGE ( 'NONE', *, *, #7575, .T. ) ;
#3792 = FACE_OUTER_BOUND ( 'NONE', #7219, .T. ) ;
#3793 = DIRECTION ( 'NONE',  ( 1.000000000000000000, 0.0000000000000000000, -6.098637220231029300E-014 ) ) ;
#3794 = AXIS2_PLACEMENT_3D ( 'NONE', #3007, #3068, #8194 ) ;
#3795 = VECTOR ( 'NONE', #3866, 1000.000000000000000 ) ;
#3796 = CARTESIAN_POINT ( 'NONE',  ( 1.124999999999994700, 0.0000000000000000000, -1.599999999999999000 ) ) ;
#3797 = LINE ( 'NONE', #7410, #7031 ) ;
#3798 = DIRECTION ( 'NONE',  ( 0.0000000000000000000, 0.0000000000000000000, -1.000000000000000000 ) ) ;
#3799 = ORIENTED_EDGE ( 'NONE', *, *, #6225, .F. ) ;
#3800 = CARTESIAN_POINT ( 'NONE',  ( 1.374999999999994700, 0.1000000000000000100, -1.599999999999996300 ) ) ;
#3801 = CARTESIAN_POINT ( 'NONE',  ( 0.3749999999999946700, 0.1000000000000000100, -1.599999999999996300 ) ) ;
#3802 = LINE ( 'NONE', #4100, #4725 ) ;
#3803 = CARTESIAN_POINT ( 'NONE',  ( 0.1249999999999943900, 4.059797974644667700, 1.599999999999998500 ) ) ;
#3804 = FACE_OUTER_BOUND ( 'NONE', #6999, .T. ) ;
#3805 = CARTESIAN_POINT ( 'NONE',  ( 0.8749999999999942300, 0.0000000000000000000, 1.599999999999995900 ) ) ;
#3806 = EDGE_CURVE ( 'NONE', #7324, #940, #7741, .T. ) ;
#3807 = CARTESIAN_POINT ( 'NONE',  ( -1.599999999999991200, 4.059797974644667700, 1.125000000000014700 ) ) ;
#3808 = VECTOR ( 'NONE', #3125, 1000.000000000000000 ) ;
#3809 = CARTESIAN_POINT ( 'NONE',  ( 0.8749999999999984500, 0.1000000000000000100, 1.999999999999996200 ) ) ;
#3810 = ADVANCED_FACE ( 'NONE', ( #4729 ), #7841, .F. ) ;
#3811 = LINE ( 'NONE', #7034, #1787 ) ;
#3812 = DIRECTION ( 'NONE',  ( 0.0000000000000000000, 1.000000000000000000, 0.0000000000000000000 ) ) ;
#3813 = PLANE ( 'NONE',  #5950 ) ;
#3814 = DIRECTION ( 'NONE',  ( -1.095044194210359100E-013, -0.0000000000000000000, 1.000000000000000000 ) ) ;
#3815 = ADVANCED_FACE ( 'NONE', ( #7375 ), #7818, .T. ) ;
#3816 = DIRECTION ( 'NONE',  ( -0.0000000000000000000, -1.000000000000000000, -0.0000000000000000000 ) ) ;
#3817 = SURFACE_STYLE_FILL_AREA ( #3909 ) ;
#3818 = DIRECTION ( 'NONE',  ( 1.000000000000000000, 0.0000000000000000000, -3.089976191583642800E-014 ) ) ;
#3819 = CARTESIAN_POINT ( 'NONE',  ( 1.600000000000010500, 0.1000000000000000100, -1.375000000000000200 ) ) ;
#3820 = CARTESIAN_POINT ( 'NONE',  ( -2.000000000000000000, 0.1000000000000000100, -0.3750000000000000600 ) ) ;
#3821 = DIRECTION ( 'NONE',  ( 0.0000000000000000000, -0.0000000000000000000, 1.000000000000000000 ) ) ;
#3822 = VERTEX_POINT ( 'NONE', #75 ) ;
#3823 = DIRECTION ( 'NONE',  ( -1.060485249962383800E-013, 0.0000000000000000000, -1.000000000000000000 ) ) ;
#3824 = AXIS2_PLACEMENT_3D ( 'NONE', #4426, #7628, #1851 ) ;
#3825 = CARTESIAN_POINT ( 'NONE',  ( 1.374999999999994700, 0.1000000000000002600, -1.599999999999996300 ) ) ;
#3826 = LINE ( 'NONE', #7145, #3941 ) ;
#3827 = STYLED_ITEM ( 'NONE', ( #6121 ), #8243 ) ;
#3828 = AXIS2_PLACEMENT_3D ( 'NONE', #7138, #3289, #6382 ) ;
#3829 = CARTESIAN_POINT ( 'NONE',  ( -1.599999999999995000, 0.0000000000000000000, 0.8750000000000001100 ) ) ;
#3830 = DIRECTION ( 'NONE',  ( 0.0000000000000000000, -1.000000000000000000, 0.0000000000000000000 ) ) ;
#3831 = DIRECTION ( 'NONE',  ( 0.0000000000000000000, 0.0000000000000000000, 1.000000000000000000 ) ) ;
#3832 = LINE ( 'NONE', #1520, #2412 ) ;
#3833 = CARTESIAN_POINT ( 'NONE',  ( 2.000000000000005300, 0.1000000000000002600, 0.8750000000000001100 ) ) ;
#3834 = DIRECTION ( 'NONE',  ( 0.0000000000000000000, -1.000000000000000000, 0.0000000000000000000 ) ) ;
#3835 = EDGE_CURVE ( 'NONE', #1543, #8230, #2382, .T. ) ;
#3836 = VECTOR ( 'NONE', #3682, 1000.000000000000000 ) ;
#3837 = ORIENTED_EDGE ( 'NONE', *, *, #3908, .T. ) ;
#3838 = CARTESIAN_POINT ( 'NONE',  ( -1.199999999999999500, 0.1000000000000000100, -1.400000000000000100 ) ) ;
#3839 = CARTESIAN_POINT ( 'NONE',  ( -1.399999999999999500, 0.1000000000000000100, -1.200000000000000200 ) ) ;
#3840 = VECTOR ( 'NONE', #4270, 1000.000000000000000 ) ;
#3841 = DIRECTION ( 'NONE',  ( -1.029992063861229100E-014, 0.0000000000000000000, -1.000000000000000000 ) ) ;
#3842 = ORIENTED_EDGE ( 'NONE', *, *, #5943, .F. ) ;
#3843 = AXIS2_PLACEMENT_3D ( 'NONE', #7025, #2516, #6417 ) ;
#3844 = DIRECTION ( 'NONE',  ( -0.0000000000000000000, -1.000000000000000000, -0.0000000000000000000 ) ) ;
#3845 = VECTOR ( 'NONE', #2985, 1000.000000000000000 ) ;
#3846 = UNCERTAINTY_MEASURE_WITH_UNIT (LENGTH_MEASURE( 1.000000000000000100E-005 ), #7664, 'distance_accuracy_value', 'NONE');
#3847 = EDGE_LOOP ( 'NONE', ( #6298, #2050, #7949, #468 ) ) ;
#3848 = ORIENTED_EDGE ( 'NONE', *, *, #1713, .T. ) ;
#3849 = EDGE_LOOP ( 'NONE', ( #5784, #7999, #230, #555 ) ) ;
#3850 = CARTESIAN_POINT ( 'NONE',  ( 2.100000000000000100, 0.0000000000000000000, -2.100000000000000100 ) ) ;
#3851 = LINE ( 'NONE', #1441, #2133 ) ;
#3852 = CARTESIAN_POINT ( 'NONE',  ( -0.8749999999999942300, 0.1000000000000000100, 1.599999999999995900 ) ) ;
#3853 = LINE ( 'NONE', #3943, #7776 ) ;
#3854 = CARTESIAN_POINT ( 'NONE',  ( 1.600000000000005200, 0.1000000000000000100, 0.8750000000000001100 ) ) ;
#3855 = CARTESIAN_POINT ( 'NONE',  ( 0.0000000000000000000, 0.1000000000000000100, 0.0000000000000000000 ) ) ;
#3856 = DIRECTION ( 'NONE',  ( 0.0000000000000000000, 0.0000000000000000000, -1.000000000000000000 ) ) ;
#3857 = ORIENTED_EDGE ( 'NONE', *, *, #8048, .T. ) ;
#3858 = VECTOR ( 'NONE', #2321, 1000.000000000000000 ) ;
#3859 = EDGE_LOOP ( 'NONE', ( #6615, #5471, #4124, #6606 ) ) ;
#3860 = EDGE_CURVE ( 'NONE', #3057, #1656, #1688, .T. ) ;
#3861 = ORIENTED_EDGE ( 'NONE', *, *, #3608, .F. ) ;
#3862 = FACE_OUTER_BOUND ( 'NONE', #1233, .T. ) ;
#3863 = EDGE_CURVE ( 'NONE', #3087, #7781, #7525, .T. ) ;
#3864 = LINE ( 'NONE', #7631, #2144 ) ;
#3865 = ADVANCED_FACE ( 'NONE', ( #7317 ), #5831, .F. ) ;
#3866 = DIRECTION ( 'NONE',  ( -0.0000000000000000000, -1.000000000000000000, -0.0000000000000000000 ) ) ;
#3867 = AXIS2_PLACEMENT_3D ( 'NONE', #2214, #6739, #3416 ) ;
#3868 = DIRECTION ( 'NONE',  ( 1.000000000000000000, 0.0000000000000000000, 6.132518538120488200E-014 ) ) ;
#3869 = VERTEX_POINT ( 'NONE', #2663 ) ;
#3870 = ORIENTED_EDGE ( 'NONE', *, *, #5633, .T. ) ;
#3871 = CARTESIAN_POINT ( 'NONE',  ( 0.0000000000000000000, 0.1000000000000000100, 0.0000000000000000000 ) ) ;
#3872 = CARTESIAN_POINT ( 'NONE',  ( -0.6249999999999497100, 0.1000000000000000100, -1.999999999999999100 ) ) ;
#3873 = EDGE_LOOP ( 'NONE', ( #4008, #2485, #1261, #4082 ) ) ;
#3874 = ORIENTED_EDGE ( 'NONE', *, *, #6723, .T. ) ;
#3875 = FACE_OUTER_BOUND ( 'NONE', #4590, .T. ) ;
#3876 = DIRECTION ( 'NONE',  ( -0.0000000000000000000, -1.000000000000000000, -0.0000000000000000000 ) ) ;
#3877 = EDGE_LOOP ( 'NONE', ( #6668, #4549, #5402, #3790 ) ) ;
#3878 = CARTESIAN_POINT ( 'NONE',  ( 1.600000000000005200, 0.0000000000000000000, 0.8750000000000001100 ) ) ;
#3879 = ORIENTED_EDGE ( 'NONE', *, *, #5135, .F. ) ;
#3880 = ORIENTED_EDGE ( 'NONE', *, *, #3345, .F. ) ;
#3881 = EDGE_CURVE ( 'NONE', #5387, #3047, #2087, .T. ) ;
#3882 = VERTEX_POINT ( 'NONE', #3269 ) ;
#3883 = FACE_OUTER_BOUND ( 'NONE', #4033, .T. ) ;
#3884 =( GEOMETRIC_REPRESENTATION_CONTEXT ( 3 ) GLOBAL_UNCERTAINTY_ASSIGNED_CONTEXT ( ( #2437 ) ) GLOBAL_UNIT_ASSIGNED_CONTEXT ( ( #2830, #246, #275 ) ) REPRESENTATION_CONTEXT ( 'NONE', 'WORKASPACE' ) );
#3885 = DIRECTION ( 'NONE',  ( -1.000000000000000000, 0.0000000000000000000, -3.089976191583646000E-014 ) ) ;
#3886 = ORIENTED_EDGE ( 'NONE', *, *, #3438, .F. ) ;
#3887 = ORIENTED_EDGE ( 'NONE', *, *, #2922, .T. ) ;
#3888 = ORIENTED_EDGE ( 'NONE', *, *, #7672, .F. ) ;
#3889 = CARTESIAN_POINT ( 'NONE',  ( -1.599999999999995000, 0.1000000000000000100, 0.8750000000000001100 ) ) ;
#3890 = EDGE_LOOP ( 'NONE', ( #5198, #670, #7892, #3493 ) ) ;
#3891 = LINE ( 'NONE', #3588, #6634 ) ;
#3892 = CARTESIAN_POINT ( 'NONE',  ( 1.600000000000010500, 0.1000000000000000100, 1.375000000000000200 ) ) ;
#3893 = LINE ( 'NONE', #6454, #7723 ) ;
#3894 = EDGE_CURVE ( 'NONE', #2659, #1049, #4090, .T. ) ;
#3895 = CARTESIAN_POINT ( 'NONE',  ( 1.600000000000010300, 0.0000000000000000000, 1.125000000000000200 ) ) ;
#3896 =( GEOMETRIC_REPRESENTATION_CONTEXT ( 3 ) GLOBAL_UNCERTAINTY_ASSIGNED_CONTEXT ( ( #5547 ) ) GLOBAL_UNIT_ASSIGNED_CONTEXT ( ( #4005, #3975, #108 ) ) REPRESENTATION_CONTEXT ( 'NONE', 'WORKASPACE' ) );
#3897 = ORIENTED_EDGE ( 'NONE', *, *, #7905, .F. ) ;
#3898 = ORIENTED_EDGE ( 'NONE', *, *, #2250, .T. ) ;
#3899 = DIRECTION ( 'NONE',  ( 1.040834085586084700E-014, -0.0000000000000000000, 1.000000000000000000 ) ) ;
#3900 = VERTEX_POINT ( 'NONE', #4622 ) ;
#3901 = DIRECTION ( 'NONE',  ( 1.095044194210351900E-013, 0.0000000000000000000, -1.000000000000000000 ) ) ;
#3902 = LINE ( 'NONE', #7557, #6112 ) ;
#3903 = VECTOR ( 'NONE', #116, 1000.000000000000000 ) ;
#3904 = ORIENTED_EDGE ( 'NONE', *, *, #4792, .F. ) ;
#3905 = AXIS2_PLACEMENT_3D ( 'NONE', #7519, #3035, #1101 ) ;
#3906 = ORIENTED_EDGE ( 'NONE', *, *, #2899, .T. ) ;
#3907 = EDGE_LOOP ( 'NONE', ( #6671, #6505, #5057, #1548 ) ) ;
#3908 = EDGE_CURVE ( 'NONE', #4398, #5068, #2369, .T. ) ;
#3909 = FILL_AREA_STYLE ('',( #4469 ) ) ;
#3910 = CARTESIAN_POINT ( 'NONE',  ( -1.999999999999994900, 4.059797974644667700, -0.8750000000000001100 ) ) ;
#3911 = LINE ( 'NONE', #814, #6832 ) ;
#3912 = ADVANCED_FACE ( 'NONE', ( #7515 ), #7122, .F. ) ;
#3913 = LINE ( 'NONE', #1024, #598 ) ;
#3914 = ORIENTED_EDGE ( 'NONE', *, *, #121, .F. ) ;
#3915 = EDGE_CURVE ( 'NONE', #7409, #1150, #4290, .T. ) ;
#3916 = DIRECTION ( 'NONE',  ( -1.029992063861229100E-014, 0.0000000000000000000, -1.000000000000000000 ) ) ;
#3917 = CARTESIAN_POINT ( 'NONE',  ( 1.600000000000005200, -0.0000000000000000000, 0.8750000000000001100 ) ) ;
#3918 = VECTOR ( 'NONE', #6649, 1000.000000000000000 ) ;
#3919 = FILL_AREA_STYLE ('',( #4679 ) ) ;
#3920 = DIRECTION ( 'NONE',  ( 1.691355389077552800E-013, 0.0000000000000000000, 1.000000000000000000 ) ) ;
#3921 = CARTESIAN_POINT ( 'NONE',  ( -1.999999999999989600, 4.059797974644667700, 1.375000000000000200 ) ) ;
#3922 = VECTOR ( 'NONE', #901, 1000.000000000000000 ) ;
#3923 = CARTESIAN_POINT ( 'NONE',  ( -1.599999999999995000, 4.059797974644667700, -0.8750000000000001100 ) ) ;
#3924 = LINE ( 'NONE', #6811, #8217 ) ;
#3925 = CARTESIAN_POINT ( 'NONE',  ( 0.0000000000000000000, 0.0000000000000000000, 0.0000000000000000000 ) ) ;
#3926 = PLANE ( 'NONE',  #563 ) ;
#3927 = LINE ( 'NONE', #100, #3421 ) ;
#3928 = EDGE_CURVE ( 'NONE', #8197, #6894, #1282, .T. ) ;
#3929 = ORIENTED_EDGE ( 'NONE', *, *, #2856, .F. ) ;
#3930 = VECTOR ( 'NONE', #1301, 1000.000000000000000 ) ;
#3931 = DIRECTION ( 'NONE',  ( -0.0000000000000000000, -1.000000000000000000, -0.0000000000000000000 ) ) ;
#3932 = DIRECTION ( 'NONE',  ( 1.040834085586084700E-014, 0.0000000000000000000, -1.000000000000000000 ) ) ;
#3933 = CARTESIAN_POINT ( 'NONE',  ( -0.8749999999999502600, 0.1000000000000000100, 1.999999999999999100 ) ) ;
#3934 = LINE ( 'NONE', #6943, #5442 ) ;
#3935 = EDGE_CURVE ( 'NONE', #7886, #6773, #2777, .T. ) ;
#3936 = LINE ( 'NONE', #2193, #828 ) ;
#3937 = DIRECTION ( 'NONE',  ( -1.084202172485505400E-014, -0.0000000000000000000, 1.000000000000000000 ) ) ;
#3938 = EDGE_CURVE ( 'NONE', #5375, #7986, #885, .T. ) ;
#3939 = ORIENTED_EDGE ( 'NONE', *, *, #6924, .T. ) ;
#3940 = PRESENTATION_LAYER_ASSIGNMENT (  '', '', ( #3498 ) ) ;
#3941 = VECTOR ( 'NONE', #5833, 1000.000000000000000 ) ;
#3942 = CARTESIAN_POINT ( 'NONE',  ( -1.374999999999994200, -0.0000000000000000000, 1.599999999999995900 ) ) ;
#3943 = CARTESIAN_POINT ( 'NONE',  ( -1.599999999999957900, 0.1000000000000000100, -0.1250000000000245600 ) ) ;
#3944 = CARTESIAN_POINT ( 'NONE',  ( 1.600000000000010500, 0.1000000000000000100, 1.375000000000000200 ) ) ;
#3945 = CARTESIAN_POINT ( 'NONE',  ( 0.6249999999999947800, 0.0000000000000000000, -1.599999999999999000 ) ) ;
#3946 = VECTOR ( 'NONE', #4215, 1000.000000000000000 ) ;
#3947 = UNCERTAINTY_MEASURE_WITH_UNIT (LENGTH_MEASURE( 1.000000000000000100E-005 ), #2693, 'distance_accuracy_value', 'NONE');
#3948 = FACE_OUTER_BOUND ( 'NONE', #343, .T. ) ;
#3949 = AXIS2_PLACEMENT_3D ( 'NONE', #7763, #7287, #3424 ) ;
#3950 = ADVANCED_FACE ( 'NONE', ( #1274 ), #4672, .T. ) ;
#3951 = DIRECTION ( 'NONE',  ( 2.081668171172264100E-014, 0.0000000000000000000, -1.000000000000000000 ) ) ;
#3952 = ORIENTED_EDGE ( 'NONE', *, *, #3043, .F. ) ;
#3953 = CARTESIAN_POINT ( 'NONE',  ( -1.999999999999984000, 0.1000000000000002600, -1.125000000000012400 ) ) ;
#3954 = VERTEX_POINT ( 'NONE', #220 ) ;
#3955 = EDGE_CURVE ( 'NONE', #489, #3402, #4099, .T. ) ;
#3956 = DIRECTION ( 'NONE',  ( 1.000000000000000000, 0.0000000000000000000, 1.040834085586084700E-014 ) ) ;
#3957 = LINE ( 'NONE', #7148, #1030 ) ;
#3958 = ORIENTED_EDGE ( 'NONE', *, *, #2034, .F. ) ;
#3959 = VECTOR ( 'NONE', #4644, 1000.000000000000000 ) ;
#3960 = CARTESIAN_POINT ( 'NONE',  ( 1.600000000000004300, 0.0000000000000000000, -0.3750000000000244800 ) ) ;
#3961 = VERTEX_POINT ( 'NONE', #820 ) ;
#3962 = ORIENTED_EDGE ( 'NONE', *, *, #7234, .F. ) ;
#3963 = VECTOR ( 'NONE', #3901, 1000.000000000000000 ) ;
#3964 = PLANE ( 'NONE',  #1035 ) ;
#3965 = AXIS2_PLACEMENT_3D ( 'NONE', #830, #2089, #1469 ) ;
#3966 = ORIENTED_EDGE ( 'NONE', *, *, #3938, .T. ) ;
#3967 = VECTOR ( 'NONE', #4401, 1000.000000000000000 ) ;
#3968 = DIRECTION ( 'NONE',  ( -1.000000000000000000, 0.0000000000000000000, 1.040834085586084700E-014 ) ) ;
#3969 = DIRECTION ( 'NONE',  ( 0.0000000000000000000, -1.000000000000000000, 0.0000000000000000000 ) ) ;
#3970 = EDGE_LOOP ( 'NONE', ( #685, #1580, #1294, #4791 ) ) ;
#3971 = LINE ( 'NONE', #1614, #556 ) ;
#3972 = VERTEX_POINT ( 'NONE', #5337 ) ;
#3973 = CLOSED_SHELL ( 'NONE', ( #3051, #2600, #1655, #800, #6696, #3568 ) ) ;
#3974 = LINE ( 'NONE', #2042, #2342 ) ;
#3975 =( NAMED_UNIT ( * ) PLANE_ANGLE_UNIT ( ) SI_UNIT ( $, .RADIAN. ) );
#3976 = VECTOR ( 'NONE', #5372, 1000.000000000000000 ) ;
#3977 = CARTESIAN_POINT ( 'NONE',  ( -0.8749999999999946700, -0.0000000000000000000, -1.599999999999996300 ) ) ;
#3978 = CARTESIAN_POINT ( 'NONE',  ( -1.399999999999999900, 0.0000000000000000000, 1.399999999999999700 ) ) ;
#3979 = PLANE ( 'NONE',  #969 ) ;
#3980 = DIRECTION ( 'NONE',  ( 0.7071067811865474600, -0.0000000000000000000, -0.7071067811865474600 ) ) ;
#3981 = EDGE_CURVE ( 'NONE', #4776, #1084, #3589, .T. ) ;
#3982 = ORIENTED_EDGE ( 'NONE', *, *, #3363, .T. ) ;
#3983 = EDGE_LOOP ( 'NONE', ( #7188, #7990, #6708, #5703 ) ) ;
#3984 = ORIENTED_EDGE ( 'NONE', *, *, #3141, .T. ) ;
#3985 = VECTOR ( 'NONE', #5838, 1000.000000000000000 ) ;
#3986 = CARTESIAN_POINT ( 'NONE',  ( 1.400000000000000400, 0.0000000000000000000, -1.399999999999999700 ) ) ;
#3987 = AXIS2_PLACEMENT_3D ( 'NONE', #791, #1419, #4435 ) ;
#3988 = VERTEX_POINT ( 'NONE', #297 ) ;
#3989 = CARTESIAN_POINT ( 'NONE',  ( 0.8749999999999988900, 0.1000000000000000100, -1.999999999999996200 ) ) ;
#3990 = ORIENTED_EDGE ( 'NONE', *, *, #2195, .T. ) ;
#3991 = VERTEX_POINT ( 'NONE', #4708 ) ;
#3992 = EDGE_CURVE ( 'NONE', #6970, #2360, #3207, .T. ) ;
#3993 = FACE_OUTER_BOUND ( 'NONE', #6683, .T. ) ;
#3994 = CARTESIAN_POINT ( 'NONE',  ( 2.100000000000000100, 1.050000000000000000, -2.100000000000000100 ) ) ;
#3995 = DIRECTION ( 'NONE',  ( 0.0000000000000000000, -0.0000000000000000000, -1.000000000000000000 ) ) ;
#3996 = DIRECTION ( 'NONE',  ( -3.089976191583647900E-014, 0.0000000000000000000, 1.000000000000000000 ) ) ;
#3997 = EDGE_CURVE ( 'NONE', #5229, #3148, #8091, .T. ) ;
#3998 = DIRECTION ( 'NONE',  ( 1.100465205072778200E-013, 0.0000000000000000000, 1.000000000000000000 ) ) ;
#3999 = VERTEX_POINT ( 'NONE', #2123 ) ;
#4000 = ORIENTED_EDGE ( 'NONE', *, *, #1884, .F. ) ;
#4001 = ADVANCED_FACE ( 'NONE', ( #478 ), #7965, .T. ) ;
#4002 = VECTOR ( 'NONE', #4751, 1000.000000000000000 ) ;
#4003 = AXIS2_PLACEMENT_3D ( 'NONE', #1917, #8280, #1330 ) ;
#4004 = DIRECTION ( 'NONE',  ( -0.0000000000000000000, 1.000000000000000000, 0.0000000000000000000 ) ) ;
#4005 =( LENGTH_UNIT ( ) NAMED_UNIT ( * ) SI_UNIT ( .MILLI., .METRE. ) );
#4006 = ORIENTED_EDGE ( 'NONE', *, *, #3279, .T. ) ;
#4007 =( LENGTH_UNIT ( ) NAMED_UNIT ( * ) SI_UNIT ( .MILLI., .METRE. ) );
#4008 = ORIENTED_EDGE ( 'NONE', *, *, #3363, .F. ) ;
#4009 = EDGE_CURVE ( 'NONE', #1061, #5983, #4705, .T. ) ;
#4010 = CARTESIAN_POINT ( 'NONE',  ( 1.400000000000000400, 0.1000000000000000100, -1.399999999999999700 ) ) ;
#4011 = ORIENTED_EDGE ( 'NONE', *, *, #4050, .F. ) ;
#4012 = DIRECTION ( 'NONE',  ( 0.0000000000000000000, 0.0000000000000000000, -1.000000000000000000 ) ) ;
#4013 =( LENGTH_UNIT ( ) NAMED_UNIT ( * ) SI_UNIT ( .MILLI., .METRE. ) );
#4014 = DIRECTION ( 'NONE',  ( 1.000000000000000000, -0.0000000000000000000, -1.040834085586084700E-014 ) ) ;
#4015 = STYLED_ITEM ( 'NONE', ( #4930 ), #2554 ) ;
#4016 = LINE ( 'NONE', #8141, #2286 ) ;
#4017 = VECTOR ( 'NONE', #3834, 1000.000000000000000 ) ;
#4018 = EDGE_CURVE ( 'NONE', #4589, #6122, #7024, .T. ) ;
#4019 = CARTESIAN_POINT ( 'NONE',  ( -0.6249999999999502600, 0.1000000000000000100, 1.999999999999998200 ) ) ;
#4020 = LINE ( 'NONE', #2189, #6130 ) ;
#4021 = CARTESIAN_POINT ( 'NONE',  ( 1.399999999999999900, 0.1000000000000000100, 1.400000000000000100 ) ) ;
#4022 = DIRECTION ( 'NONE',  ( 1.000000000000000000, 0.0000000000000000000, -8.673617379884035500E-016 ) ) ;
#4023 = VECTOR ( 'NONE', #5569, 1000.000000000000000 ) ;
#4024 = VECTOR ( 'NONE', #6806, 1000.000000000000000 ) ;
#4025 = EDGE_CURVE ( 'NONE', #3282, #2534, #6216, .T. ) ;
#4026 = PLANE ( 'NONE',  #8073 ) ;
#4027 = DIRECTION ( 'NONE',  ( -0.0000000000000000000, -1.000000000000000000, -0.0000000000000000000 ) ) ;
#4028 = DIRECTION ( 'NONE',  ( -0.0000000000000000000, -1.000000000000000000, -0.0000000000000000000 ) ) ;
#4029 = CARTESIAN_POINT ( 'NONE',  ( 1.600000000000005000, 0.1000000000000000100, 0.6250000000000001100 ) ) ;
#4030 = EDGE_LOOP ( 'NONE', ( #2345, #8200, #4675, #6194 ) ) ;
#4031 = VECTOR ( 'NONE', #4615, 1000.000000000000000 ) ;
#4032 = ADVANCED_FACE ( 'NONE', ( #6822 ), #6722, .F. ) ;
#4033 = EDGE_LOOP ( 'NONE', ( #4453, #8090 ) ) ;
#4034 = LINE ( 'NONE', #5076, #3237 ) ;
#4035 = FILL_AREA_STYLE ('',( #1499 ) ) ;
#4036 = ORIENTED_EDGE ( 'NONE', *, *, #1315, .F. ) ;
#4037 = LINE ( 'NONE', #609, #5546 ) ;
#4038 = DIRECTION ( 'NONE',  ( 1.040834085586085200E-014, 0.0000000000000000000, -1.000000000000000000 ) ) ;
#4039 = EDGE_CURVE ( 'NONE', #4573, #5411, #2784, .T. ) ;
#4040 = ORIENTED_EDGE ( 'NONE', *, *, #4684, .F. ) ;
#4041 = CARTESIAN_POINT ( 'NONE',  ( 0.1249999999999984000, 0.1000000000000002600, 1.999999999999997800 ) ) ;
#4042 = CARTESIAN_POINT ( 'NONE',  ( 1.600000000000010500, 0.0000000000000000000, 1.375000000000000200 ) ) ;
#4043 = VECTOR ( 'NONE', #7305, 1000.000000000000000 ) ;
#4044 = AXIS2_PLACEMENT_3D ( 'NONE', #1130, #6873, #7548 ) ;
#4045 = DIRECTION ( 'NONE',  ( -1.000000000000000000, 0.0000000000000000000, 6.938893903907228400E-015 ) ) ;
#4046 = CARTESIAN_POINT ( 'NONE',  ( -1.124999999999994700, 0.1000000000000000100, -1.599999999999999000 ) ) ;
#4047 = FACE_OUTER_BOUND ( 'NONE', #6144, .T. ) ;
#4048 = ORIENTED_EDGE ( 'NONE', *, *, #4437, .T. ) ;
#4049 = DIRECTION ( 'NONE',  ( -1.000000000000000000, 0.0000000000000000000, -1.040834085586084700E-014 ) ) ;
#4050 = EDGE_CURVE ( 'NONE', #1150, #2433, #4509, .T. ) ;
#4051 = AXIS2_PLACEMENT_3D ( 'NONE', #6013, #7304, #3414 ) ;
#4052 = FACE_OUTER_BOUND ( 'NONE', #3684, .T. ) ;
#4053 = ORIENTED_EDGE ( 'NONE', *, *, #3715, .T. ) ;
#4054 = UNCERTAINTY_MEASURE_WITH_UNIT (LENGTH_MEASURE( 1.000000000000000100E-005 ), #5952, 'distance_accuracy_value', 'NONE');
#4055 = DIRECTION ( 'NONE',  ( 1.000000000000000000, 0.0000000000000000000, 1.095044194210359100E-013 ) ) ;
#4056 = DIRECTION ( 'NONE',  ( -0.0000000000000000000, -1.000000000000000000, -0.0000000000000000000 ) ) ;
#4057 = PRESENTATION_STYLE_ASSIGNMENT (( #1123 ) ) ;
#4058 = CARTESIAN_POINT ( 'NONE',  ( 0.0000000000000000000, 0.0000000000000000000, 0.0000000000000000000 ) ) ;
#4059 = ORIENTED_EDGE ( 'NONE', *, *, #5772, .F. ) ;
#4060 = ORIENTED_EDGE ( 'NONE', *, *, #7575, .F. ) ;
#4061 = FACE_OUTER_BOUND ( 'NONE', #1369, .T. ) ;
#4062 = LINE ( 'NONE', #2565, #1937 ) ;
#4063 = CARTESIAN_POINT ( 'NONE',  ( -1.600000000000000300, 0.9500000000000000700, -1.600000000000000300 ) ) ;
#4064 = ORIENTED_EDGE ( 'NONE', *, *, #7137, .F. ) ;
#4065 = LINE ( 'NONE', #2374, #8060 ) ;
#4066 = EDGE_CURVE ( 'NONE', #6269, #7409, #1472, .T. ) ;
#4067 = VERTEX_POINT ( 'NONE', #318 ) ;
#4068 = CARTESIAN_POINT ( 'NONE',  ( -2.000000000000000000, 0.1000000000000000100, -0.1250000000000000300 ) ) ;
#4069 = VERTEX_POINT ( 'NONE', #2223 ) ;
#4070 = CARTESIAN_POINT ( 'NONE',  ( -0.1249999999999497800, 0.1000000000000000100, -1.999999999999999100 ) ) ;
#4071 = VECTOR ( 'NONE', #1766, 1000.000000000000000 ) ;
#4072 = CARTESIAN_POINT ( 'NONE',  ( -1.999999999999984000, -0.0000000000000000000, -1.125000000000012400 ) ) ;
#4073 = PLANE ( 'NONE',  #2646 ) ;
#4074 = ORIENTED_EDGE ( 'NONE', *, *, #7819, .T. ) ;
#4075 = VERTEX_POINT ( 'NONE', #6748 ) ;
#4076 = DIRECTION ( 'NONE',  ( 1.000000000000000000, 0.0000000000000000000, 1.040834085586084700E-014 ) ) ;
#4077 = VERTEX_POINT ( 'NONE', #2315 ) ;
#4078 = ADVANCED_FACE ( 'NONE', ( #3792 ), #3558, .T. ) ;
#4079 = VECTOR ( 'NONE', #5171, 1000.000000000000000 ) ;
#4080 = CARTESIAN_POINT ( 'NONE',  ( -0.3749999999999946700, 0.1000000000000000100, -1.599999999999996300 ) ) ;
#4081 = ORIENTED_EDGE ( 'NONE', *, *, #915, .T. ) ;
#4082 = ORIENTED_EDGE ( 'NONE', *, *, #208, .F. ) ;
#4083 = VERTEX_POINT ( 'NONE', #4185 ) ;
#4084 = DIRECTION ( 'NONE',  ( -0.0000000000000000000, -1.000000000000000000, -0.0000000000000000000 ) ) ;
#4085 = CARTESIAN_POINT ( 'NONE',  ( -1.599999999999995000, 0.1000000000000002600, 0.8750000000000001100 ) ) ;
#4086 = LINE ( 'NONE', #1340, #2157 ) ;
#4087 = ORIENTED_EDGE ( 'NONE', *, *, #6090, .F. ) ;
#4088 = VERTEX_POINT ( 'NONE', #3524 ) ;
#4089 = ORIENTED_EDGE ( 'NONE', *, *, #5249, .T. ) ;
#4090 = LINE ( 'NONE', #5303, #5820 ) ;
#4091 = SURFACE_STYLE_USAGE ( .BOTH. , #2838 ) ;
#4092 = AXIS2_PLACEMENT_3D ( 'NONE', #7871, #721, #743 ) ;
#4093 = CARTESIAN_POINT ( 'NONE',  ( -1.124999999999994400, 4.059797974644667700, 1.599999999999998500 ) ) ;
#4094 = LINE ( 'NONE', #5899, #6208 ) ;
#4095 = CARTESIAN_POINT ( 'NONE',  ( -0.3749999999999498200, 0.1000000000000000100, -2.000000000000000000 ) ) ;
#4096 = ORIENTED_EDGE ( 'NONE', *, *, #5452, .T. ) ;
#4097 = ORIENTED_EDGE ( 'NONE', *, *, #2714, .F. ) ;
#4098 = EDGE_CURVE ( 'NONE', #4102, #8061, #1876, .T. ) ;
#4099 = LINE ( 'NONE', #7866, #3394 ) ;
#4100 = CARTESIAN_POINT ( 'NONE',  ( -1.374999999999950900, -0.0000000000000000000, -1.999999999999999100 ) ) ;
#4101 =( NAMED_UNIT ( * ) SI_UNIT ( $, .STERADIAN. ) SOLID_ANGLE_UNIT ( ) );
#4102 = VERTEX_POINT ( 'NONE', #1673 ) ;
#4103 = ORIENTED_EDGE ( 'NONE', *, *, #432, .T. ) ;
#4104 = ORIENTED_EDGE ( 'NONE', *, *, #4501, .F. ) ;
#4105 = CARTESIAN_POINT ( 'NONE',  ( 1.600000000000004300, 0.1000000000000000100, -0.3750000000000244800 ) ) ;
#4106 = VECTOR ( 'NONE', #2198, 1000.000000000000000 ) ;
#4107 = CARTESIAN_POINT ( 'NONE',  ( -1.599999999999994800, -0.0000000000000000000, -0.6250000000000001100 ) ) ;
#4108 = DIRECTION ( 'NONE',  ( 0.0000000000000000000, -1.000000000000000000, 0.0000000000000000000 ) ) ;
#4109 = VECTOR ( 'NONE', #5924, 1000.000000000000000 ) ;
#4110 = ORIENTED_EDGE ( 'NONE', *, *, #731, .T. ) ;
#4111 = EDGE_CURVE ( 'NONE', #3961, #1350, #1480, .T. ) ;
#4112 = LINE ( 'NONE', #1452, #2802 ) ;
#4113 = CARTESIAN_POINT ( 'NONE',  ( 0.8749999999999984500, 0.0000000000000000000, 1.999999999999996200 ) ) ;
#4114 = LINE ( 'NONE', #1636, #4024 ) ;
#4115 = DIRECTION ( 'NONE',  ( 1.668003342285391600E-016, -0.0000000000000000000, -1.000000000000000000 ) ) ;
#4116 = AXIS2_PLACEMENT_3D ( 'NONE', #4063, #3431, #2135 ) ;
#4117 = VECTOR ( 'NONE', #1382, 1000.000000000000000 ) ;
#4118 = DIRECTION ( 'NONE',  ( 1.000000000000000000, -0.0000000000000000000, -0.0000000000000000000 ) ) ;
#4119 = CARTESIAN_POINT ( 'NONE',  ( -1.399999999999999500, 0.1000000000000002600, -1.199999999999999700 ) ) ;
#4120 = LINE ( 'NONE', #7641, #6942 ) ;
#4121 = CARTESIAN_POINT ( 'NONE',  ( 0.3749999999999943400, 0.1000000000000002600, 1.599999999999995900 ) ) ;
#4122 = FACE_OUTER_BOUND ( 'NONE', #6496, .T. ) ;
#4123 = CARTESIAN_POINT ( 'NONE',  ( 1.374999999999994700, 4.059797974644667700, -1.599999999999996300 ) ) ;
#4124 = ORIENTED_EDGE ( 'NONE', *, *, #4646, .T. ) ;
#4125 = EDGE_CURVE ( 'NONE', #8187, #5564, #4906, .T. ) ;
#4126 = VECTOR ( 'NONE', #352, 1000.000000000000000 ) ;
#4127 = EDGE_CURVE ( 'NONE', #3273, #3991, #3891, .T. ) ;
#4128 = CARTESIAN_POINT ( 'NONE',  ( -1.124999999999994700, 4.059797974644667700, -1.599999999999999000 ) ) ;
#4129 = DIRECTION ( 'NONE',  ( 6.938893903906731400E-015, 0.0000000000000000000, 1.000000000000000000 ) ) ;
#4130 = PLANE ( 'NONE',  #6647 ) ;
#4131 = CARTESIAN_POINT ( 'NONE',  ( 1.600000000000005200, 0.1000000000000000100, 0.8750000000000001100 ) ) ;
#4132 = VECTOR ( 'NONE', #2664, 1000.000000000000000 ) ;
#4133 = LINE ( 'NONE', #4397, #5960 ) ;
#4134 = EDGE_CURVE ( 'NONE', #5111, #2155, #2580, .T. ) ;
#4135 = DIRECTION ( 'NONE',  ( -0.0000000000000000000, -1.000000000000000000, -0.0000000000000000000 ) ) ;
#4136 = EDGE_CURVE ( 'NONE', #1827, #2768, #2164, .T. ) ;
#4137 = LINE ( 'NONE', #5946, #6866 ) ;
#4138 = ORIENTED_EDGE ( 'NONE', *, *, #3447, .F. ) ;
#4139 = DIRECTION ( 'NONE',  ( -1.000000000000000000, 0.0000000000000000000, -0.0000000000000000000 ) ) ;
#4140 = ORIENTED_EDGE ( 'NONE', *, *, #4125, .T. ) ;
#4141 = MECHANICAL_DESIGN_GEOMETRIC_PRESENTATION_REPRESENTATION (  '', ( #3711 ), #1403 ) ;
#4142 = FACE_OUTER_BOUND ( 'NONE', #7927, .T. ) ;
#4143 = DIRECTION ( 'NONE',  ( -0.0000000000000000000, -1.000000000000000000, -0.0000000000000000000 ) ) ;
#4144 = LINE ( 'NONE', #1646, #1619 ) ;
#4145 = CARTESIAN_POINT ( 'NONE',  ( 2.000000000000000000, 0.0000000000000000000, -0.3750000000000000600 ) ) ;
#4146 = CARTESIAN_POINT ( 'NONE',  ( -0.1249999999999943900, 0.0000000000000000000, 1.599999999999998500 ) ) ;
#4147 = EDGE_CURVE ( 'NONE', #676, #2069, #6207, .T. ) ;
#4148 = VECTOR ( 'NONE', #816, 1000.000000000000000 ) ;
#4149 = AXIS2_PLACEMENT_3D ( 'NONE', #309, #1575, #8083 ) ;
#4150 = VERTEX_POINT ( 'NONE', #6069 ) ;
#4151 = ORIENTED_EDGE ( 'NONE', *, *, #7085, .F. ) ;
#4152 = LINE ( 'NONE', #6961, #6975 ) ;
#4153 = EDGE_CURVE ( 'NONE', #4965, #319, #6431, .T. ) ;
#4154 = ORIENTED_EDGE ( 'NONE', *, *, #8019, .F. ) ;
#4155 = PLANE ( 'NONE',  #462 ) ;
#4156 = VECTOR ( 'NONE', #6322, 1000.000000000000000 ) ;
#4157 = DIRECTION ( 'NONE',  ( -1.000000000000000000, -0.0000000000000000000, 6.132518538120488200E-014 ) ) ;
#4158 = CARTESIAN_POINT ( 'NONE',  ( 1.399999999999999900, 0.1000000000000000100, 1.400000000000000100 ) ) ;
#4159 =( NAMED_UNIT ( * ) SI_UNIT ( $, .STERADIAN. ) SOLID_ANGLE_UNIT ( ) );
#4160 = CARTESIAN_POINT ( 'NONE',  ( 2.000000000000001800, 0.1000000000000002600, 0.1249999999999821400 ) ) ;
#4161 = ADVANCED_FACE ( 'NONE', ( #689 ), #422, .T. ) ;
#4162 = EDGE_LOOP ( 'NONE', ( #2603, #7705, #6429, #8176 ) ) ;
#4163 = VECTOR ( 'NONE', #2893, 1000.000000000000000 ) ;
#4164 = ORIENTED_EDGE ( 'NONE', *, *, #2908, .T. ) ;
#4165 = EDGE_LOOP ( 'NONE', ( #963, #4665, #6289, #7314 ) ) ;
#4166 = CARTESIAN_POINT ( 'NONE',  ( 1.600000000000004300, 0.0000000000000000000, 0.3750000000000244800 ) ) ;
#4167 = SURFACE_STYLE_FILL_AREA ( #2989 ) ;
#4168 = CARTESIAN_POINT ( 'NONE',  ( 2.100000000000000100, 0.3500000000000001400, -2.100000000000000100 ) ) ;
#4169 = CARTESIAN_POINT ( 'NONE',  ( 1.600000000000010500, -0.0000000000000000000, 1.375000000000000200 ) ) ;
#4170 = EDGE_CURVE ( 'NONE', #7518, #3692, #8097, .T. ) ;
#4171 = ORIENTED_EDGE ( 'NONE', *, *, #1047, .F. ) ;
#4172 = DIRECTION ( 'NONE',  ( 1.040834085586084700E-014, 0.0000000000000000000, -1.000000000000000000 ) ) ;
#4173 = VERTEX_POINT ( 'NONE', #6267 ) ;
#4174 = ORIENTED_EDGE ( 'NONE', *, *, #4332, .F. ) ;
#4175 = ORIENTED_EDGE ( 'NONE', *, *, #7517, .F. ) ;
#4176 = LINE ( 'NONE', #3777, #5587 ) ;
#4177 = DIRECTION ( 'NONE',  ( 0.0000000000000000000, -1.000000000000000000, 0.0000000000000000000 ) ) ;
#4178 = EDGE_CURVE ( 'NONE', #467, #6535, #6018, .T. ) ;
#4179 =( NAMED_UNIT ( * ) PLANE_ANGLE_UNIT ( ) SI_UNIT ( $, .RADIAN. ) );
#4180 = VERTEX_POINT ( 'NONE', #3024 ) ;
#4181 = CLOSED_SHELL ( 'NONE', ( #1153, #2801, #715, #5522, #4630, #3150 ) ) ;
#4182 = ORIENTED_EDGE ( 'NONE', *, *, #1675, .F. ) ;
#4183 = DIRECTION ( 'NONE',  ( -1.668003342285391600E-016, 0.0000000000000000000, 1.000000000000000000 ) ) ;
#4184 = LINE ( 'NONE', #7856, #282 ) ;
#4185 = CARTESIAN_POINT ( 'NONE',  ( -1.374999999999950900, -0.0000000000000000000, -1.999999999999999100 ) ) ;
#4186 = CARTESIAN_POINT ( 'NONE',  ( -1.599999999999991200, 0.1000000000000000100, -1.125000000000014700 ) ) ;
#4187 = ORIENTED_EDGE ( 'NONE', *, *, #7861, .F. ) ;
#4188 = EDGE_LOOP ( 'NONE', ( #8096, #3861, #7696, #3465 ) ) ;
#4189 = CARTESIAN_POINT ( 'NONE',  ( 2.000000000000000000, 0.1000000000000000100, 0.3750000000000000600 ) ) ;
#4190 = VERTEX_POINT ( 'NONE', #5624 ) ;
#4191 = CARTESIAN_POINT ( 'NONE',  ( 0.3749999999999943400, 0.0000000000000000000, 1.599999999999995900 ) ) ;
#4192 = LINE ( 'NONE', #6301, #6816 ) ;
#4193 = EDGE_CURVE ( 'NONE', #1386, #2229, #788, .T. ) ;
#4194 = ORIENTED_EDGE ( 'NONE', *, *, #1955, .T. ) ;
#4195 = CARTESIAN_POINT ( 'NONE',  ( 2.000000000000005300, 0.0000000000000000000, 0.8750000000000001100 ) ) ;
#4196 = ORIENTED_EDGE ( 'NONE', *, *, #3091, .F. ) ;
#4197 =( NAMED_UNIT ( * ) SI_UNIT ( $, .STERADIAN. ) SOLID_ANGLE_UNIT ( ) );
#4198 = LINE ( 'NONE', #4491, #3795 ) ;
#4199 = EDGE_LOOP ( 'NONE', ( #325, #4412, #7485, #2643 ) ) ;
#4200 = EDGE_CURVE ( 'NONE', #1417, #7897, #1664, .T. ) ;
#4201 = ADVANCED_FACE ( 'NONE', ( #7817 ), #2395, .T. ) ;
#4202 = EDGE_CURVE ( 'NONE', #7558, #7306, #3902, .T. ) ;
#4203 = CARTESIAN_POINT ( 'NONE',  ( 0.3749999999999946700, 0.0000000000000000000, -1.599999999999996300 ) ) ;
#4204 = DIRECTION ( 'NONE',  ( 0.0000000000000000000, -0.0000000000000000000, 1.000000000000000000 ) ) ;
#4205 = CARTESIAN_POINT ( 'NONE',  ( -2.000000000000000000, 0.1000000000000000100, 0.3750000000000000600 ) ) ;
#4206 = LINE ( 'NONE', #7253, #7634 ) ;
#4207 = VECTOR ( 'NONE', #3188, 1000.000000000000000 ) ;
#4208 = LINE ( 'NONE', #582, #1486 ) ;
#4209 = DIRECTION ( 'NONE',  ( -1.000000000000000000, 0.0000000000000000000, -1.029992063861230200E-014 ) ) ;
#4210 = DIRECTION ( 'NONE',  ( 1.029992063861228900E-014, 0.0000000000000000000, 1.000000000000000000 ) ) ;
#4211 = CARTESIAN_POINT ( 'NONE',  ( 0.8749999999999942300, 0.0000000000000000000, 1.599999999999995900 ) ) ;
#4212 = AXIS2_PLACEMENT_3D ( 'NONE', #3121, #1784, #2425 ) ;
#4213 = VECTOR ( 'NONE', #3673, 1000.000000000000000 ) ;
#4214 = CARTESIAN_POINT ( 'NONE',  ( -1.599999999999995000, -0.0000000000000000000, -0.8750000000000001100 ) ) ;
#4215 = DIRECTION ( 'NONE',  ( -1.000000000000000000, -0.0000000000000000000, 2.710505431213760100E-016 ) ) ;
#4216 = VECTOR ( 'NONE', #7446, 1000.000000000000000 ) ;
#4217 = EDGE_CURVE ( 'NONE', #1661, #7374, #4192, .T. ) ;
#4218 = CARTESIAN_POINT ( 'NONE',  ( 0.8749999999999946700, 4.059797974644667700, -1.599999999999996300 ) ) ;
#4219 = LINE ( 'NONE', #3977, #2509 ) ;
#4220 = DIRECTION ( 'NONE',  ( 1.000000000000000000, 0.0000000000000000000, -1.029992063861229100E-014 ) ) ;
#4221 = DIRECTION ( 'NONE',  ( 1.040834085586084700E-014, -0.0000000000000000000, 1.000000000000000000 ) ) ;
#4222 = VERTEX_POINT ( 'NONE', #6916 ) ;
#4223 = PLANE ( 'NONE',  #2589 ) ;
#4224 = STYLED_ITEM ( 'NONE', ( #4817 ), #3329 ) ;
#4225 = FILL_AREA_STYLE_COLOUR ( '', #2278 ) ;
#4226 = ORIENTED_EDGE ( 'NONE', *, *, #5121, .F. ) ;
#4227 = DIRECTION ( 'NONE',  ( -0.0000000000000000000, -1.000000000000000000, -0.0000000000000000000 ) ) ;
#4228 = ORIENTED_EDGE ( 'NONE', *, *, #5299, .F. ) ;
#4229 = LINE ( 'NONE', #2127, #2524 ) ;
#4230 = DIRECTION ( 'NONE',  ( -1.000000000000000000, 0.0000000000000000000, -1.548860246407863800E-016 ) ) ;
#4231 = EDGE_CURVE ( 'NONE', #2939, #4088, #3389, .T. ) ;
#4232 = LINE ( 'NONE', #1012, #2213 ) ;
#4233 = CARTESIAN_POINT ( 'NONE',  ( -1.600000000000000300, 1.050000000000000000, -1.600000000000000300 ) ) ;
#4234 = DIRECTION ( 'NONE',  ( -1.000000000000000000, 0.0000000000000000000, 1.095044194210350800E-013 ) ) ;
#4235 = VECTOR ( 'NONE', #3733, 1000.000000000000000 ) ;
#4236 = CARTESIAN_POINT ( 'NONE',  ( -2.100000000000000100, 1.050000000000000000, 2.100000000000000100 ) ) ;
#4237 = DIRECTION ( 'NONE',  ( -0.0000000000000000000, -1.000000000000000000, -0.0000000000000000000 ) ) ;
#4238 = PLANE ( 'NONE',  #7169 ) ;
#4239 = VERTEX_POINT ( 'NONE', #4325 ) ;
#4240 = ADVANCED_FACE ( 'NONE', ( #3687 ), #2460, .T. ) ;
#4241 = LINE ( 'NONE', #4236, #3347 ) ;
#4242 = DIRECTION ( 'NONE',  ( 0.0000000000000000000, 0.0000000000000000000, 1.000000000000000000 ) ) ;
#4243 = ORIENTED_EDGE ( 'NONE', *, *, #5496, .T. ) ;
#4244 = FACE_OUTER_BOUND ( 'NONE', #1911, .T. ) ;
#4245 = CARTESIAN_POINT ( 'NONE',  ( -1.600000000000000100, 0.1000000000000000100, 0.3750000000000000600 ) ) ;
#4246 = PLANE ( 'NONE',  #7771 ) ;
#4247 = VERTEX_POINT ( 'NONE', #4348 ) ;
#4248 = EDGE_LOOP ( 'NONE', ( #3672, #4889, #2182, #4810 ) ) ;
#4249 = ORIENTED_EDGE ( 'NONE', *, *, #6754, .T. ) ;
#4250 = LINE ( 'NONE', #2166, #5180 ) ;
#4251 = CARTESIAN_POINT ( 'NONE',  ( 2.000000000000016000, 0.0000000000000000000, -1.375000000000012400 ) ) ;
#4252 = EDGE_CURVE ( 'NONE', #5585, #1386, #4803, .T. ) ;
#4253 = STYLED_ITEM ( 'NONE', ( #1004 ), #6939 ) ;
#4254 = CARTESIAN_POINT ( 'NONE',  ( -0.1249999999999947700, -0.0000000000000000000, -1.599999999999999000 ) ) ;
#4255 = ORIENTED_EDGE ( 'NONE', *, *, #1660, .F. ) ;
#4256 = VERTEX_POINT ( 'NONE', #597 ) ;
#4257 = DIRECTION ( 'NONE',  ( -0.0000000000000000000, -1.000000000000000000, -0.0000000000000000000 ) ) ;
#4258 = VERTEX_POINT ( 'NONE', #1896 ) ;
#4259 = SURFACE_STYLE_USAGE ( .BOTH. , #3611 ) ;
#4260 =( GEOMETRIC_REPRESENTATION_CONTEXT ( 3 ) GLOBAL_UNCERTAINTY_ASSIGNED_CONTEXT ( ( #3081 ) ) GLOBAL_UNIT_ASSIGNED_CONTEXT ( ( #3330, #2601, #5841 ) ) REPRESENTATION_CONTEXT ( 'NONE', 'WORKASPACE' ) );
#4261 = LINE ( 'NONE', #1022, #5679 ) ;
#4262 = DIRECTION ( 'NONE',  ( 1.000000000000000000, 0.0000000000000000000, 3.089976191583647900E-014 ) ) ;
#4263 = ADVANCED_FACE ( 'NONE', ( #4899 ), #688, .T. ) ;
#4264 = ORIENTED_EDGE ( 'NONE', *, *, #5284, .F. ) ;
#4265 = LINE ( 'NONE', #5969, #4777 ) ;
#4266 = EDGE_CURVE ( 'NONE', #5398, #801, #7121, .T. ) ;
#4267 = CARTESIAN_POINT ( 'NONE',  ( -1.999999999999994900, 4.059797974644667700, 0.8750000000000001100 ) ) ;
#4268 = VERTEX_POINT ( 'NONE', #3758 ) ;
#4269 = DIRECTION ( 'NONE',  ( -1.000000000000000000, 0.0000000000000000000, -6.132518538120488200E-014 ) ) ;
#4270 = DIRECTION ( 'NONE',  ( -1.084202172485505400E-014, -0.0000000000000000000, 1.000000000000000000 ) ) ;
#4271 = LINE ( 'NONE', #10, #1058 ) ;
#4272 = CARTESIAN_POINT ( 'NONE',  ( -1.124999999999994400, 0.1000000000000002600, 1.599999999999998500 ) ) ;
#4273 = ORIENTED_EDGE ( 'NONE', *, *, #2614, .T. ) ;
#4274 = DIRECTION ( 'NONE',  ( 0.0000000000000000000, -1.000000000000000000, 0.0000000000000000000 ) ) ;
#4275 = ORIENTED_EDGE ( 'NONE', *, *, #6749, .F. ) ;
#4276 = VERTEX_POINT ( 'NONE', #4839 ) ;
#4277 = AXIS2_PLACEMENT_3D ( 'NONE', #6906, #3168, #1981 ) ;
#4278 = VERTEX_POINT ( 'NONE', #5942 ) ;
#4279 = CARTESIAN_POINT ( 'NONE',  ( -0.8749999999999502600, 0.1000000000000000100, 1.999999999999999100 ) ) ;
#4280 = ADVANCED_FACE ( 'NONE', ( #6321 ), #5647, .F. ) ;
#4281 = DIRECTION ( 'NONE',  ( 0.0000000000000000000, 0.0000000000000000000, -1.000000000000000000 ) ) ;
#4282 = CARTESIAN_POINT ( 'NONE',  ( -1.374999999999950500, 0.0000000000000000000, 1.999999999999999100 ) ) ;
#4283 = FACE_OUTER_BOUND ( 'NONE', #2754, .T. ) ;
#4284 = CARTESIAN_POINT ( 'NONE',  ( 1.124999999999994700, 0.0000000000000000000, -1.599999999999999000 ) ) ;
#4285 = CARTESIAN_POINT ( 'NONE',  ( -0.6249999999999502600, 0.0000000000000000000, 1.999999999999998200 ) ) ;
#4286 = EDGE_LOOP ( 'NONE', ( #180, #2414, #5386, #7401 ) ) ;
#4287 = VERTEX_POINT ( 'NONE', #4072 ) ;
#4288 = ORIENTED_EDGE ( 'NONE', *, *, #5028, .F. ) ;
#4289 = ORIENTED_EDGE ( 'NONE', *, *, #7769, .F. ) ;
#4290 = LINE ( 'NONE', #2079, #2362 ) ;
#4291 = ADVANCED_FACE ( 'NONE', ( #2078 ), #7910, .F. ) ;
#4292 = VECTOR ( 'NONE', #5751, 1000.000000000000000 ) ;
#4293 = EDGE_CURVE ( 'NONE', #8033, #2939, #2175, .T. ) ;
#4294 = PLANE ( 'NONE',  #5082 ) ;
#4295 = DIRECTION ( 'NONE',  ( 0.0000000000000000000, -1.000000000000000000, 0.0000000000000000000 ) ) ;
#4296 = ORIENTED_EDGE ( 'NONE', *, *, #759, .F. ) ;
#4297 = ORIENTED_EDGE ( 'NONE', *, *, #3720, .T. ) ;
#4298 = STYLED_ITEM ( 'NONE', ( #6988 ), #5445 ) ;
#4299 = VECTOR ( 'NONE', #5273, 1000.000000000000000 ) ;
#4300 = DIRECTION ( 'NONE',  ( 0.0000000000000000000, -1.000000000000000000, 0.0000000000000000000 ) ) ;
#4301 = VECTOR ( 'NONE', #2091, 1000.000000000000000 ) ;
#4302 = PLANE ( 'NONE',  #7556 ) ;
#4303 = CARTESIAN_POINT ( 'NONE',  ( 1.374999999999999100, 0.0000000000000000000, -1.999999999999996200 ) ) ;
#4304 = CARTESIAN_POINT ( 'NONE',  ( -0.3749999999999943400, 0.0000000000000000000, 1.599999999999995900 ) ) ;
#4305 = ORIENTED_EDGE ( 'NONE', *, *, #2743, .F. ) ;
#4306 = DIRECTION ( 'NONE',  ( 0.0000000000000000000, -1.000000000000000000, 0.0000000000000000000 ) ) ;
#4307 = ORIENTED_EDGE ( 'NONE', *, *, #7234, .T. ) ;
#4308 = ORIENTED_EDGE ( 'NONE', *, *, #5429, .T. ) ;
#4309 = CARTESIAN_POINT ( 'NONE',  ( -1.999999999999994900, 0.1000000000000000100, 0.8750000000000001100 ) ) ;
#4310 = EDGE_CURVE ( 'NONE', #6687, #4067, #2478, .T. ) ;
#4311 = UNCERTAINTY_MEASURE_WITH_UNIT (LENGTH_MEASURE( 1.000000000000000100E-005 ), #6558, 'distance_accuracy_value', 'NONE');
#4312 = VECTOR ( 'NONE', #370, 1000.000000000000000 ) ;
#4313 = CARTESIAN_POINT ( 'NONE',  ( -2.000000000000000000, 0.1000000000000000100, -0.3750000000000000600 ) ) ;
#4314 = VECTOR ( 'NONE', #253, 1000.000000000000000 ) ;
#4315 = DIRECTION ( 'NONE',  ( 1.000000000000000000, 0.0000000000000000000, -6.098637220231030600E-014 ) ) ;
#4316 = CLOSED_SHELL ( 'NONE', ( #5051, #7028, #5976, #998, #5677, #4329 ) ) ;
#4317 = FACE_OUTER_BOUND ( 'NONE', #6079, .T. ) ;
#4318 =( NAMED_UNIT ( * ) PLANE_ANGLE_UNIT ( ) SI_UNIT ( $, .RADIAN. ) );
#4319 = EDGE_CURVE ( 'NONE', #1645, #7514, #5412, .T. ) ;
#4320 = FACE_BOUND ( 'NONE', #5807, .T. ) ;
#4321 = DIRECTION ( 'NONE',  ( -1.000000000000000000, 0.0000000000000000000, -1.097754699641565700E-013 ) ) ;
#4322 = DIRECTION ( 'NONE',  ( 0.0000000000000000000, -0.0000000000000000000, -1.000000000000000000 ) ) ;
#4323 = ADVANCED_FACE ( 'NONE', ( #1379 ), #233, .T. ) ;
#4324 = VECTOR ( 'NONE', #2318, 1000.000000000000000 ) ;
#4325 = CARTESIAN_POINT ( 'NONE',  ( -1.999999999999989600, -0.0000000000000000000, 1.375000000000000200 ) ) ;
#4326 = DIRECTION ( 'NONE',  ( 1.000000000000000000, -0.0000000000000000000, 2.710505431213760100E-016 ) ) ;
#4327 = DIRECTION ( 'NONE',  ( -1.127570259384924200E-013, -0.0000000000000000000, 1.000000000000000000 ) ) ;
#4328 = CARTESIAN_POINT ( 'NONE',  ( 0.0000000000000000000, 0.0000000000000000000, 0.0000000000000000000 ) ) ;
#4329 = ADVANCED_FACE ( 'NONE', ( #2884 ), #7935, .T. ) ;
#4330 = COLOUR_RGB ( '',1.000000000000000000, 0.8117647058823529400, 0.5019607843137254800 ) ;
#4331 = ORIENTED_EDGE ( 'NONE', *, *, #7026, .T. ) ;
#4332 = EDGE_CURVE ( 'NONE', #1562, #3144, #6917, .T. ) ;
#4333 = DIRECTION ( 'NONE',  ( -1.000000000000000000, 0.0000000000000000000, 0.0000000000000000000 ) ) ;
#4334 = VECTOR ( 'NONE', #4861, 1000.000000000000000 ) ;
#4335 = CARTESIAN_POINT ( 'NONE',  ( -1.999999999999989600, 0.1000000000000000100, -1.375000000000000200 ) ) ;
#4336 = CARTESIAN_POINT ( 'NONE',  ( 1.600000000000001600, 0.1000000000000002600, -0.1250000000000245600 ) ) ;
#4337 = CARTESIAN_POINT ( 'NONE',  ( 2.000000000000016000, 0.0000000000000000000, -1.375000000000012400 ) ) ;
#4338 = FACE_OUTER_BOUND ( 'NONE', #4479, .T. ) ;
#4339 = CARTESIAN_POINT ( 'NONE',  ( -1.600000000000000100, 0.1000000000000000100, -0.3750000000000000600 ) ) ;
#4340 = VERTEX_POINT ( 'NONE', #7988 ) ;
#4341 = EDGE_CURVE ( 'NONE', #4150, #4180, #8003, .T. ) ;
#4342 = VECTOR ( 'NONE', #7372, 1000.000000000000100 ) ;
#4343 = DIRECTION ( 'NONE',  ( -1.000000000000000000, -0.0000000000000000000, 3.469446951953614200E-015 ) ) ;
#4344 = LINE ( 'NONE', #5077, #5453 ) ;
#4345 = PLANE ( 'NONE',  #2199 ) ;
#4346 = DIRECTION ( 'NONE',  ( -0.0000000000000000000, 0.0000000000000000000, -1.000000000000000000 ) ) ;
#4347 = FACE_OUTER_BOUND ( 'NONE', #7315, .T. ) ;
#4348 = CARTESIAN_POINT ( 'NONE',  ( -0.3749999999999498200, 0.0000000000000000000, -2.000000000000000000 ) ) ;
#4349 = ORIENTED_EDGE ( 'NONE', *, *, #6792, .F. ) ;
#4350 = ORIENTED_EDGE ( 'NONE', *, *, #7874, .T. ) ;
#4351 = FACE_OUTER_BOUND ( 'NONE', #2432, .T. ) ;
#4352 = DIRECTION ( 'NONE',  ( 0.0000000000000000000, 1.000000000000000000, 0.0000000000000000000 ) ) ;
#4353 = LINE ( 'NONE', #1797, #6383 ) ;
#4354 = EDGE_CURVE ( 'NONE', #6994, #7993, #1986, .T. ) ;
#4355 = DIRECTION ( 'NONE',  ( 1.029992063861230000E-014, 0.0000000000000000000, -1.000000000000000000 ) ) ;
#4356 = CARTESIAN_POINT ( 'NONE',  ( 2.100000000000000100, 0.3500000000000001400, 2.100000000000000100 ) ) ;
#4357 = LINE ( 'NONE', #1456, #1745 ) ;
#4358 = ORIENTED_EDGE ( 'NONE', *, *, #915, .F. ) ;
#4359 = ORIENTED_EDGE ( 'NONE', *, *, #8202, .F. ) ;
#4360 = PLANE ( 'NONE',  #4394 ) ;
#4361 = LINE ( 'NONE', #3778, #7384 ) ;
#4362 = ADVANCED_FACE ( 'NONE', ( #289 ), #4802, .F. ) ;
#4363 = ORIENTED_EDGE ( 'NONE', *, *, #5328, .T. ) ;
#4364 = VECTOR ( 'NONE', #5728, 1000.000000000000000 ) ;
#4365 = DIRECTION ( 'NONE',  ( 1.000000000000000000, -0.0000000000000000000, 6.071532165919179000E-015 ) ) ;
#4366 = CARTESIAN_POINT ( 'NONE',  ( -0.3749999999999946700, -0.0000000000000000000, -1.599999999999996300 ) ) ;
#4367 =( LENGTH_UNIT ( ) NAMED_UNIT ( * ) SI_UNIT ( .MILLI., .METRE. ) );
#4368 = EDGE_CURVE ( 'NONE', #5815, #5336, #3484, .T. ) ;
#4369 = EDGE_CURVE ( 'NONE', #7897, #4609, #1769, .T. ) ;
#4370 = EDGE_LOOP ( 'NONE', ( #1801, #5900, #7521, #2251 ) ) ;
#4371 = MECHANICAL_DESIGN_GEOMETRIC_PRESENTATION_REPRESENTATION (  '', ( #1936 ), #1506 ) ;
#4372 = ORIENTED_EDGE ( 'NONE', *, *, #2243, .F. ) ;
#4373 = LINE ( 'NONE', #6068, #4677 ) ;
#4374 = LINE ( 'NONE', #7331, #6697 ) ;
#4375 = ADVANCED_FACE ( 'NONE', ( #2681 ), #2848, .F. ) ;
#4376 = AXIS2_PLACEMENT_3D ( 'NONE', #2862, #7945, #2891 ) ;
#4377 = CARTESIAN_POINT ( 'NONE',  ( -1.124999999999950900, 0.1000000000000000100, -1.999999999999999100 ) ) ;
#4378 = ORIENTED_EDGE ( 'NONE', *, *, #3992, .T. ) ;
#4379 = EDGE_LOOP ( 'NONE', ( #6879, #4380, #2578, #1457 ) ) ;
#4380 = ORIENTED_EDGE ( 'NONE', *, *, #4368, .T. ) ;
#4381 = CARTESIAN_POINT ( 'NONE',  ( 1.600000000000010300, 0.1000000000000002600, 1.125000000000000200 ) ) ;
#4382 = AXIS2_PLACEMENT_3D ( 'NONE', #6215, #1198, #5000 ) ;
#4383 = LINE ( 'NONE', #2737, #7702 ) ;
#4384 = EDGE_CURVE ( 'NONE', #1363, #6269, #975, .T. ) ;
#4385 = ORIENTED_EDGE ( 'NONE', *, *, #1291, .F. ) ;
#4386 = CARTESIAN_POINT ( 'NONE',  ( 0.8749999999999942300, 0.0000000000000000000, 1.599999999999995900 ) ) ;
#4387 = EDGE_LOOP ( 'NONE', ( #7876, #2359, #2085, #1651 ) ) ;
#4388 = ORIENTED_EDGE ( 'NONE', *, *, #731, .F. ) ;
#4389 = ORIENTED_EDGE ( 'NONE', *, *, #2922, .F. ) ;
#4390 = DIRECTION ( 'NONE',  ( 0.0000000000000000000, -1.000000000000000000, 0.0000000000000000000 ) ) ;
#4391 = ORIENTED_EDGE ( 'NONE', *, *, #7137, .T. ) ;
#4392 = LINE ( 'NONE', #1223, #2581 ) ;
#4393 = DIRECTION ( 'NONE',  ( 1.122149248522487000E-013, 0.0000000000000000000, -1.000000000000000000 ) ) ;
#4394 = AXIS2_PLACEMENT_3D ( 'NONE', #4309, #6840, #4242 ) ;
#4395 = VERTEX_POINT ( 'NONE', #6717 ) ;
#4396 = ORIENTED_EDGE ( 'NONE', *, *, #8246, .T. ) ;
#4397 = CARTESIAN_POINT ( 'NONE',  ( -1.600000000000000100, 0.1000000000000002600, 0.3750000000000000600 ) ) ;
#4398 = VERTEX_POINT ( 'NONE', #1582 ) ;
#4399 = FILL_AREA_STYLE ('',( #1213 ) ) ;
#4400 = DIRECTION ( 'NONE',  ( 1.100465205072778200E-013, 0.0000000000000000000, 1.000000000000000000 ) ) ;
#4401 = DIRECTION ( 'NONE',  ( 0.0000000000000000000, -1.000000000000000000, 0.0000000000000000000 ) ) ;
#4402 = CARTESIAN_POINT ( 'NONE',  ( 1.374999999999994200, 0.1000000000000002600, 1.599999999999995900 ) ) ;
#4403 = ORIENTED_EDGE ( 'NONE', *, *, #771, .F. ) ;
#4404 = ORIENTED_EDGE ( 'NONE', *, *, #7178, .F. ) ;
#4405 = DIRECTION ( 'NONE',  ( -1.000000000000000000, 0.0000000000000000000, 1.002887009549093500E-014 ) ) ;
#4406 = EDGE_CURVE ( 'NONE', #5095, #1706, #3197, .T. ) ;
#4407 = DIRECTION ( 'NONE',  ( -1.000000000000000000, -0.0000000000000000000, 3.469446951953614200E-015 ) ) ;
#4408 = CARTESIAN_POINT ( 'NONE',  ( 1.600000000000010300, 0.1000000000000000100, 1.125000000000000200 ) ) ;
#4409 = FILL_AREA_STYLE_COLOUR ( '', #95 ) ;
#4410 = ADVANCED_FACE ( 'NONE', ( #7615 ), #1864, .F. ) ;
#4411 = FACE_OUTER_BOUND ( 'NONE', #161, .T. ) ;
#4412 = ORIENTED_EDGE ( 'NONE', *, *, #4066, .T. ) ;
#4413 = CARTESIAN_POINT ( 'NONE',  ( 0.3749999999999946700, 0.0000000000000000000, -1.599999999999996300 ) ) ;
#4414 = DIRECTION ( 'NONE',  ( 1.000000000000000000, 0.0000000000000000000, 1.040834085586084700E-014 ) ) ;
#4415 = DIRECTION ( 'NONE',  ( 0.0000000000000000000, -0.0000000000000000000, -1.000000000000000000 ) ) ;
#4416 = MANIFOLD_SOLID_BREP ( 'Boss-Extrude2[12]', #1615 ) ;
#4417 = FACE_OUTER_BOUND ( 'NONE', #5397, .T. ) ;
#4418 = DIRECTION ( 'NONE',  ( 1.127570259384925100E-014, -0.0000000000000000000, -1.000000000000000000 ) ) ;
#4419 = EDGE_CURVE ( 'NONE', #1748, #4784, #5506, .T. ) ;
#4420 = ADVANCED_FACE ( 'NONE', ( #6101 ), #684, .T. ) ;
#4421 = VECTOR ( 'NONE', #4227, 1000.000000000000000 ) ;
#4422 = LINE ( 'NONE', #1297, #2703 ) ;
#4423 = EDGE_CURVE ( 'NONE', #6970, #1287, #479, .T. ) ;
#4424 = DIRECTION ( 'NONE',  ( 1.000000000000000000, -0.0000000000000000000, -0.0000000000000000000 ) ) ;
#4425 = VECTOR ( 'NONE', #8070, 1000.000000000000000 ) ;
#4426 = CARTESIAN_POINT ( 'NONE',  ( 1.374999999999998400, 4.059797974644667700, 1.999999999999996200 ) ) ;
#4427 = DIRECTION ( 'NONE',  ( -0.0000000000000000000, 1.000000000000000000, 0.0000000000000000000 ) ) ;
#4428 = AXIS2_PLACEMENT_3D ( 'NONE', #6900, #6251, #2409 ) ;
#4429 = FACE_OUTER_BOUND ( 'NONE', #1017, .T. ) ;
#4430 = DIRECTION ( 'NONE',  ( 0.0000000000000000000, -1.000000000000000000, 0.0000000000000000000 ) ) ;
#4431 = AXIS2_PLACEMENT_3D ( 'NONE', #533, #1805, #3669 ) ;
#4432 = LINE ( 'NONE', #2593, #5256 ) ;
#4433 = DIRECTION ( 'NONE',  ( 1.000000000000000000, 0.0000000000000000000, -0.0000000000000000000 ) ) ;
#4434 = EDGE_LOOP ( 'NONE', ( #1758, #6081, #4264, #4350 ) ) ;
#4435 = DIRECTION ( 'NONE',  ( -1.122149248522487000E-013, 0.0000000000000000000, 1.000000000000000000 ) ) ;
#4436 = CARTESIAN_POINT ( 'NONE',  ( 0.0000000000000000000, 0.0000000000000000000, 0.0000000000000000000 ) ) ;
#4437 = EDGE_CURVE ( 'NONE', #2445, #6993, #3677, .T. ) ;
#4438 = ORIENTED_EDGE ( 'NONE', *, *, #498, .T. ) ;
#4439 = ORIENTED_EDGE ( 'NONE', *, *, #2675, .T. ) ;
#4440 = CARTESIAN_POINT ( 'NONE',  ( -0.3749999999999503200, 0.1000000000000000100, 1.999999999999999100 ) ) ;
#4441 = CARTESIAN_POINT ( 'NONE',  ( 0.1249999999999947700, 0.0000000000000000000, -1.599999999999999000 ) ) ;
#4442 = LINE ( 'NONE', #2806, #2021 ) ;
#4443 = CARTESIAN_POINT ( 'NONE',  ( 0.0000000000000000000, 0.1000000000000000100, 0.0000000000000000000 ) ) ;
#4444 = EDGE_CURVE ( 'NONE', #6886, #3999, #1165, .T. ) ;
#4445 = DIRECTION ( 'NONE',  ( 1.002887009549093300E-014, 0.0000000000000000000, 1.000000000000000000 ) ) ;
#4446 = ADVANCED_FACE ( 'NONE', ( #5405 ), #1283, .F. ) ;
#4447 = PLANE ( 'NONE',  #1056 ) ;
#4448 = VECTOR ( 'NONE', #5886, 1000.000000000000000 ) ;
#4449 = CARTESIAN_POINT ( 'NONE',  ( 0.3749999999999943400, 4.059797974644667700, 1.599999999999995900 ) ) ;
#4450 = PLANE ( 'NONE',  #5204 ) ;
#4451 = DIRECTION ( 'NONE',  ( -1.000000000000000000, 0.0000000000000000000, 1.040834085586085000E-014 ) ) ;
#4452 = DIRECTION ( 'NONE',  ( -1.000000000000000000, 0.0000000000000000000, -1.040834085586084300E-014 ) ) ;
#4453 = ORIENTED_EDGE ( 'NONE', *, *, #3447, .T. ) ;
#4454 = DIRECTION ( 'NONE',  ( 0.0000000000000000000, -1.000000000000000000, 0.0000000000000000000 ) ) ;
#4455 = EDGE_CURVE ( 'NONE', #4069, #773, #3893, .T. ) ;
#4456 = ORIENTED_EDGE ( 'NONE', *, *, #3720, .F. ) ;
#4457 = DIRECTION ( 'NONE',  ( 0.0000000000000000000, -1.000000000000000000, 0.0000000000000000000 ) ) ;
#4458 = VECTOR ( 'NONE', #1909, 1000.000000000000000 ) ;
#4459 = ADVANCED_FACE ( 'NONE', ( #3993 ), #1335, .T. ) ;
#4460 = FILL_AREA_STYLE_COLOUR ( '', #1877 ) ;
#4461 = ORIENTED_EDGE ( 'NONE', *, *, #5079, .T. ) ;
#4462 = ORIENTED_EDGE ( 'NONE', *, *, #2152, .F. ) ;
#4463 = VECTOR ( 'NONE', #5088, 1000.000000000000000 ) ;
#4464 = DIRECTION ( 'NONE',  ( 1.122149248522486900E-013, 0.0000000000000000000, -1.000000000000000000 ) ) ;
#4465 = DIRECTION ( 'NONE',  ( -1.000000000000000000, 0.0000000000000000000, -1.127570259384925100E-014 ) ) ;
#4466 = LINE ( 'NONE', #7795, #8053 ) ;
#4467 = ORIENTED_EDGE ( 'NONE', *, *, #3438, .T. ) ;
#4468 = LINE ( 'NONE', #302, #2650 ) ;
#4469 = FILL_AREA_STYLE_COLOUR ( '', #314 ) ;
#4470 = VERTEX_POINT ( 'NONE', #2576 ) ;
#4471 = DIRECTION ( 'NONE',  ( 6.938893903907228400E-015, -0.0000000000000000000, 1.000000000000000000 ) ) ;
#4472 = VERTEX_POINT ( 'NONE', #7669 ) ;
#4473 = DIRECTION ( 'NONE',  ( -1.000000000000000000, 0.0000000000000000000, -3.469446951953614200E-015 ) ) ;
#4474 = EDGE_CURVE ( 'NONE', #7772, #3869, #7607, .T. ) ;
#4475 = FACE_OUTER_BOUND ( 'NONE', #884, .T. ) ;
#4476 = AXIS2_PLACEMENT_3D ( 'NONE', #4516, #1324, #1940 ) ;
#4477 = EDGE_LOOP ( 'NONE', ( #6410, #778, #5913, #4151 ) ) ;
#4478 = ORIENTED_EDGE ( 'NONE', *, *, #3509, .F. ) ;
#4479 = EDGE_LOOP ( 'NONE', ( #1375, #6097, #1232, #6527 ) ) ;
#4480 = DIRECTION ( 'NONE',  ( -1.000000000000000000, 0.0000000000000000000, 0.0000000000000000000 ) ) ;
#4481 = FACE_OUTER_BOUND ( 'NONE', #5091, .T. ) ;
#4482 = DIRECTION ( 'NONE',  ( 1.127570259384925200E-014, 0.0000000000000000000, 1.000000000000000000 ) ) ;
#4483 = CARTESIAN_POINT ( 'NONE',  ( -2.000000000000000000, 4.059797974644667700, 0.3750000000000000600 ) ) ;
#4484 = EDGE_CURVE ( 'NONE', #1371, #3366, #4392, .T. ) ;
#4485 = DIRECTION ( 'NONE',  ( -1.000000000000000000, -0.0000000000000000000, 0.0000000000000000000 ) ) ;
#4486 = AXIS2_PLACEMENT_3D ( 'NONE', #1547, #5322, #5957 ) ;
#4487 = VERTEX_POINT ( 'NONE', #2517 ) ;
#4488 = ORIENTED_EDGE ( 'NONE', *, *, #3928, .F. ) ;
#4489 = VERTEX_POINT ( 'NONE', #7734 ) ;
#4490 = LINE ( 'NONE', #5099, #3775 ) ;
#4491 = CARTESIAN_POINT ( 'NONE',  ( -1.999999999999984500, 0.1000000000000000100, 1.125000000000011500 ) ) ;
#4492 = CARTESIAN_POINT ( 'NONE',  ( -0.1249999999999947700, -0.0000000000000000000, -1.599999999999999000 ) ) ;
#4493 = DIRECTION ( 'NONE',  ( 0.0000000000000000000, 1.000000000000000000, -0.0000000000000000000 ) ) ;
#4494 = CARTESIAN_POINT ( 'NONE',  ( 0.3749999999999984500, 0.1000000000000000100, 1.999999999999996200 ) ) ;
#4495 = ADVANCED_FACE ( 'NONE', ( #2673 ), #5738, .F. ) ;
#4496 = VERTEX_POINT ( 'NONE', #3332 ) ;
#4497 = ORIENTED_EDGE ( 'NONE', *, *, #4136, .F. ) ;
#4498 = ORIENTED_EDGE ( 'NONE', *, *, #2169, .T. ) ;
#4499 = VECTOR ( 'NONE', #878, 1000.000000000000000 ) ;
#4500 = SURFACE_STYLE_FILL_AREA ( #2709 ) ;
#4501 = EDGE_CURVE ( 'NONE', #8168, #143, #6908, .T. ) ;
#4502 = DIRECTION ( 'NONE',  ( -1.100465205072778200E-013, -0.0000000000000000000, -1.000000000000000000 ) ) ;
#4503 = CARTESIAN_POINT ( 'NONE',  ( -1.374999999999994700, 4.059797974644667700, -1.599999999999996300 ) ) ;
#4504 = DIRECTION ( 'NONE',  ( 1.000000000000000000, -0.0000000000000000000, 7.589415207398658800E-015 ) ) ;
#4505 = CARTESIAN_POINT ( 'NONE',  ( -1.600000000000000300, 1.050000000000000000, -1.600000000000000300 ) ) ;
#4506 = ORIENTED_EDGE ( 'NONE', *, *, #2281, .F. ) ;
#4507 = ADVANCED_FACE ( 'NONE', ( #1975 ), #5291, .T. ) ;
#4508 = ORIENTED_EDGE ( 'NONE', *, *, #3411, .T. ) ;
#4509 = LINE ( 'NONE', #4146, #5604 ) ;
#4510 = PLANE ( 'NONE',  #5531 ) ;
#4511 = CARTESIAN_POINT ( 'NONE',  ( 1.600000000000001600, 0.1000000000000000100, -0.1250000000000245600 ) ) ;
#4512 = EDGE_LOOP ( 'NONE', ( #5486, #2464, #3192, #4182 ) ) ;
#4513 = DIRECTION ( 'NONE',  ( 0.0000000000000000000, -1.000000000000000000, 0.0000000000000000000 ) ) ;
#4514 = FILL_AREA_STYLE_COLOUR ( '', #4330 ) ;
#4515 = ORIENTED_EDGE ( 'NONE', *, *, #5249, .F. ) ;
#4516 = CARTESIAN_POINT ( 'NONE',  ( 0.0000000000000000000, 0.0000000000000000000, 0.0000000000000000000 ) ) ;
#4517 = ORIENTED_EDGE ( 'NONE', *, *, #1708, .T. ) ;
#4518 = LINE ( 'NONE', #2909, #3406 ) ;
#4519 = CARTESIAN_POINT ( 'NONE',  ( -1.599999999999989700, 0.1000000000000000100, -1.375000000000000200 ) ) ;
#4520 = DIRECTION ( 'NONE',  ( 1.000000000000000000, -0.0000000000000000000, 1.040834085586084300E-014 ) ) ;
#4521 = LINE ( 'NONE', #5165, #5013 ) ;
#4522 = ORIENTED_EDGE ( 'NONE', *, *, #2513, .T. ) ;
#4523 = SURFACE_STYLE_USAGE ( .BOTH. , #2452 ) ;
#4524 = SURFACE_STYLE_FILL_AREA ( #2632 ) ;
#4525 = PLANE ( 'NONE',  #2553 ) ;
#4526 = DIRECTION ( 'NONE',  ( 1.124859753953710600E-013, 0.0000000000000000000, -1.000000000000000000 ) ) ;
#4527 = VECTOR ( 'NONE', #23, 1000.000000000000000 ) ;
#4528 = FACE_BOUND ( 'NONE', #1045, .T. ) ;
#4529 = PLANE ( 'NONE',  #578 ) ;
#4530 = DIRECTION ( 'NONE',  ( -0.0000000000000000000, -1.000000000000000000, -0.0000000000000000000 ) ) ;
#4531 = DIRECTION ( 'NONE',  ( -8.673617379884035500E-016, 0.0000000000000000000, -1.000000000000000000 ) ) ;
#4532 = LINE ( 'NONE', #3454, #2808 ) ;
#4533 = EDGE_CURVE ( 'NONE', #64, #7558, #4184, .T. ) ;
#4534 = CARTESIAN_POINT ( 'NONE',  ( -2.100000000000000100, 0.3500000000000001400, 2.100000000000000100 ) ) ;
#4535 = LINE ( 'NONE', #2656, #2811 ) ;
#4536 = AXIS2_PLACEMENT_3D ( 'NONE', #4328, #7619, #5716 ) ;
#4537 = DIRECTION ( 'NONE',  ( -0.0000000000000000000, -1.000000000000000000, -0.0000000000000000000 ) ) ;
#4538 = CARTESIAN_POINT ( 'NONE',  ( 2.000000000000015500, 0.1000000000000000100, 1.375000000000012400 ) ) ;
#4539 = ORIENTED_EDGE ( 'NONE', *, *, #3123, .T. ) ;
#4540 = CARTESIAN_POINT ( 'NONE',  ( 0.1249999999999943900, 0.0000000000000000000, 1.599999999999998500 ) ) ;
#4541 = VECTOR ( 'NONE', #2274, 1000.000000000000000 ) ;
#4542 = ORIENTED_EDGE ( 'NONE', *, *, #4200, .T. ) ;
#4543 = VECTOR ( 'NONE', #8126, 1000.000000000000000 ) ;
#4544 = CARTESIAN_POINT ( 'NONE',  ( -1.999999999999994900, 4.059797974644667700, -0.6250000000000000000 ) ) ;
#4545 = AXIS2_PLACEMENT_3D ( 'NONE', #1505, #5988, #871 ) ;
#4546 = ADVANCED_FACE ( 'NONE', ( #7809 ), #756, .T. ) ;
#4547 = LINE ( 'NONE', #5348, #6759 ) ;
#4548 = DIRECTION ( 'NONE',  ( 0.0000000000000000000, -0.0000000000000000000, 1.000000000000000000 ) ) ;
#4549 = ORIENTED_EDGE ( 'NONE', *, *, #4994, .T. ) ;
#4550 = EDGE_CURVE ( 'NONE', #6152, #8265, #5217, .T. ) ;
#4551 =( LENGTH_UNIT ( ) NAMED_UNIT ( * ) SI_UNIT ( .MILLI., .METRE. ) );
#4552 = LINE ( 'NONE', #2328, #3836 ) ;
#4553 = CARTESIAN_POINT ( 'NONE',  ( 0.0000000000000000000, 0.1000000000000000100, 0.0000000000000000000 ) ) ;
#4554 = FILL_AREA_STYLE ('',( #2522 ) ) ;
#4555 = LINE ( 'NONE', #957, #3250 ) ;
#4556 = CARTESIAN_POINT ( 'NONE',  ( 0.1249999999999943900, 0.1000000000000002600, 1.599999999999998500 ) ) ;
#4557 = STYLED_ITEM ( 'NONE', ( #6032 ), #3427 ) ;
#4558 = LINE ( 'NONE', #6867, #5967 ) ;
#4559 = EDGE_LOOP ( 'NONE', ( #8245, #49, #6355, #7737 ) ) ;
#4560 = VERTEX_POINT ( 'NONE', #1392 ) ;
#4561 = DIRECTION ( 'NONE',  ( -0.0000000000000000000, 1.000000000000000000, 0.0000000000000000000 ) ) ;
#4562 = LINE ( 'NONE', #3602, #5377 ) ;
#4563 = DIRECTION ( 'NONE',  ( 1.000000000000000000, 0.0000000000000000000, 8.673617379884036500E-016 ) ) ;
#4564 = CARTESIAN_POINT ( 'NONE',  ( 1.374999999999994700, 4.059797974644667700, -1.599999999999996300 ) ) ;
#4565 = PLANE ( 'NONE',  #4092 ) ;
#4566 = PLANE ( 'NONE',  #3119 ) ;
#4567 = FACE_OUTER_BOUND ( 'NONE', #6559, .T. ) ;
#4568 = ORIENTED_EDGE ( 'NONE', *, *, #1993, .T. ) ;
#4569 = EDGE_CURVE ( 'NONE', #6000, #4239, #1761, .T. ) ;
#4570 = ORIENTED_EDGE ( 'NONE', *, *, #3385, .T. ) ;
#4571 = VECTOR ( 'NONE', #2541, 1000.000000000000000 ) ;
#4572 = EDGE_CURVE ( 'NONE', #5951, #6752, #4094, .T. ) ;
#4573 = VERTEX_POINT ( 'NONE', #2030 ) ;
#4574 = MANIFOLD_SOLID_BREP ( 'Boss-Extrude2[23]', #7797 ) ;
#4575 = FACE_OUTER_BOUND ( 'NONE', #5963, .T. ) ;
#4576 = DIRECTION ( 'NONE',  ( 0.0000000000000000000, -1.000000000000000000, 0.0000000000000000000 ) ) ;
#4577 = DIRECTION ( 'NONE',  ( -1.000000000000000000, -0.0000000000000000000, 1.040834085586084300E-014 ) ) ;
#4578 = ORIENTED_EDGE ( 'NONE', *, *, #602, .T. ) ;
#4579 = ORIENTED_EDGE ( 'NONE', *, *, #3928, .T. ) ;
#4580 = DIRECTION ( 'NONE',  ( -0.0000000000000000000, -1.000000000000000000, -0.0000000000000000000 ) ) ;
#4581 = ORIENTED_EDGE ( 'NONE', *, *, #6082, .T. ) ;
#4582 = CARTESIAN_POINT ( 'NONE',  ( 2.100000000000000100, 1.050000000000000000, -2.100000000000000100 ) ) ;
#4583 = ORIENTED_EDGE ( 'NONE', *, *, #6326, .F. ) ;
#4584 = FACE_OUTER_BOUND ( 'NONE', #687, .T. ) ;
#4585 = EDGE_CURVE ( 'NONE', #6731, #7306, #5606, .T. ) ;
#4586 = CARTESIAN_POINT ( 'NONE',  ( 2.000000000000016000, 0.0000000000000000000, -1.375000000000012400 ) ) ;
#4587 = EDGE_LOOP ( 'NONE', ( #372, #5474, #455, #4331 ) ) ;
#4588 = CARTESIAN_POINT ( 'NONE',  ( -1.124999999999994700, 0.1000000000000000100, -1.599999999999999000 ) ) ;
#4589 = VERTEX_POINT ( 'NONE', #8218 ) ;
#4590 = EDGE_LOOP ( 'NONE', ( #4970, #4765, #4831, #6176 ) ) ;
#4591 = AXIS2_PLACEMENT_3D ( 'NONE', #4131, #6676, #4740 ) ;
#4592 = ADVANCED_FACE ( 'NONE', ( #2167 ), #1849, .T. ) ;
#4593 = LINE ( 'NONE', #3160, #4079 ) ;
#4594 = AXIS2_PLACEMENT_3D ( 'NONE', #8272, #6954, #2385 ) ;
#4595 = DIRECTION ( 'NONE',  ( -0.0000000000000000000, 0.0000000000000000000, 1.000000000000000000 ) ) ;
#4596 = ORIENTED_EDGE ( 'NONE', *, *, #2685, .T. ) ;
#4597 = ORIENTED_EDGE ( 'NONE', *, *, #162, .T. ) ;
#4598 = VERTEX_POINT ( 'NONE', #6402 ) ;
#4599 = DIRECTION ( 'NONE',  ( -1.057097118173367600E-014, -0.0000000000000000000, 1.000000000000000000 ) ) ;
#4600 = EDGE_LOOP ( 'NONE', ( #1006, #1085, #1654, #3562 ) ) ;
#4601 = DIRECTION ( 'NONE',  ( -1.000000000000000000, 0.0000000000000000000, -0.0000000000000000000 ) ) ;
#4602 = DIRECTION ( 'NONE',  ( -2.255140518769960600E-014, -0.0000000000000000000, -1.000000000000000000 ) ) ;
#4603 = LINE ( 'NONE', #3159, #4292 ) ;
#4604 = EDGE_CURVE ( 'NONE', #3437, #7993, #2468, .T. ) ;
#4605 = CARTESIAN_POINT ( 'NONE',  ( -0.3749999999999946700, 0.1000000000000002600, -1.599999999999996300 ) ) ;
#4606 = EDGE_CURVE ( 'NONE', #4256, #1256, #4603, .T. ) ;
#4607 = ORIENTED_EDGE ( 'NONE', *, *, #6387, .F. ) ;
#4608 = ORIENTED_EDGE ( 'NONE', *, *, #4231, .T. ) ;
#4609 = VERTEX_POINT ( 'NONE', #1879 ) ;
#4610 = SURFACE_STYLE_FILL_AREA ( #5392 ) ;
#4611 = VECTOR ( 'NONE', #18, 1000.000000000000000 ) ;
#4612 = EDGE_LOOP ( 'NONE', ( #3958, #457, #5970, #201 ) ) ;
#4613 = EDGE_LOOP ( 'NONE', ( #3887, #3280, #5485, #3990 ) ) ;
#4614 = EDGE_CURVE ( 'NONE', #3255, #6280, #7994, .T. ) ;
#4615 = DIRECTION ( 'NONE',  ( 2.081668171172264100E-014, 0.0000000000000000000, -1.000000000000000000 ) ) ;
#4616 = CARTESIAN_POINT ( 'NONE',  ( 1.600000000000005200, 0.1000000000000000100, -0.8750000000000001100 ) ) ;
#4617 = CARTESIAN_POINT ( 'NONE',  ( 0.8749999999999988900, 0.0000000000000000000, -1.999999999999996200 ) ) ;
#4618 = COLOUR_RGB ( '',1.000000000000000000, 0.8117647058823529400, 0.5019607843137254800 ) ;
#4619 = CARTESIAN_POINT ( 'NONE',  ( -1.124999999999950900, 0.1000000000000002600, -1.999999999999999100 ) ) ;
#4620 = LINE ( 'NONE', #4544, #3103 ) ;
#4621 = VERTEX_POINT ( 'NONE', #551 ) ;
#4622 = CARTESIAN_POINT ( 'NONE',  ( -1.124999999999994700, 0.1000000000000002600, -1.599999999999999000 ) ) ;
#4623 = EDGE_CURVE ( 'NONE', #5501, #6008, #1372, .T. ) ;
#4624 = DIRECTION ( 'NONE',  ( 1.000000000000000000, 0.0000000000000000000, 1.040834085586084700E-014 ) ) ;
#4625 = LINE ( 'NONE', #7391, #4312 ) ;
#4626 = CARTESIAN_POINT ( 'NONE',  ( -1.999999999999994900, 0.1000000000000000100, 0.6250000000000000000 ) ) ;
#4627 = DIRECTION ( 'NONE',  ( 0.0000000000000000000, -1.000000000000000000, 0.0000000000000000000 ) ) ;
#4628 = VECTOR ( 'NONE', #6263, 1000.000000000000000 ) ;
#4629 = FACE_OUTER_BOUND ( 'NONE', #7969, .T. ) ;
#4630 = ADVANCED_FACE ( 'NONE', ( #4795 ), #3504, .T. ) ;
#4631 = VECTOR ( 'NONE', #7561, 1000.000000000000000 ) ;
#4632 = PLANE ( 'NONE',  #1246 ) ;
#4633 = CARTESIAN_POINT ( 'NONE',  ( 0.1249999999999943900, 0.1000000000000002600, 1.599999999999998500 ) ) ;
#4634 = FACE_BOUND ( 'NONE', #4838, .T. ) ;
#4635 = DIRECTION ( 'NONE',  ( -3.089976191583644100E-014, 0.0000000000000000000, -1.000000000000000000 ) ) ;
#4636 = DIRECTION ( 'NONE',  ( -1.000000000000000000, -0.0000000000000000000, -0.0000000000000000000 ) ) ;
#4637 = EDGE_CURVE ( 'NONE', #7003, #1749, #6311, .T. ) ;
#4638 = LINE ( 'NONE', #2698, #2914 ) ;
#4639 = ORIENTED_EDGE ( 'NONE', *, *, #3935, .F. ) ;
#4640 = DIRECTION ( 'NONE',  ( 1.000000000000000000, 0.0000000000000000000, 1.040834085586084300E-014 ) ) ;
#4641 = PLANE ( 'NONE',  #6473 ) ;
#4642 = CARTESIAN_POINT ( 'NONE',  ( 2.000000000000005300, 0.0000000000000000000, 0.6250000000000000000 ) ) ;
#4643 = LINE ( 'NONE', #7507, #6353 ) ;
#4644 = DIRECTION ( 'NONE',  ( 0.0000000000000000000, 0.0000000000000000000, -1.000000000000000000 ) ) ;
#4645 = VERTEX_POINT ( 'NONE', #6857 ) ;
#4646 = EDGE_CURVE ( 'NONE', #3692, #887, #4706, .T. ) ;
#4647 = EDGE_CURVE ( 'NONE', #6098, #5600, #780, .T. ) ;
#4648 = AXIS2_PLACEMENT_3D ( 'NONE', #3728, #1231, #2525 ) ;
#4649 = DIRECTION ( 'NONE',  ( 1.000000000000000000, 0.0000000000000000000, 1.668003342285391600E-016 ) ) ;
#4650 =( NAMED_UNIT ( * ) PLANE_ANGLE_UNIT ( ) SI_UNIT ( $, .RADIAN. ) );
#4651 = AXIS2_PLACEMENT_3D ( 'NONE', #1511, #5407, #2231 ) ;
#4652 = SURFACE_STYLE_USAGE ( .BOTH. , #7849 ) ;
#4653 = LINE ( 'NONE', #3303, #4342 ) ;
#4654 = CARTESIAN_POINT ( 'NONE',  ( 1.374999999999999100, 0.1000000000000000100, -1.999999999999996200 ) ) ;
#4655 = ORIENTED_EDGE ( 'NONE', *, *, #182, .T. ) ;
#4656 = DIRECTION ( 'NONE',  ( -0.0000000000000000000, -1.000000000000000000, -0.0000000000000000000 ) ) ;
#4657 = ORIENTED_EDGE ( 'NONE', *, *, #3464, .F. ) ;
#4658 = EDGE_CURVE ( 'NONE', #3999, #3961, #3082, .T. ) ;
#4659 = CARTESIAN_POINT ( 'NONE',  ( 1.600000000000004300, 0.0000000000000000000, -0.3750000000000244800 ) ) ;
#4660 = FILL_AREA_STYLE ('',( #179 ) ) ;
#4661 = VERTEX_POINT ( 'NONE', #7560 ) ;
#4662 = DIRECTION ( 'NONE',  ( -1.127570259384925100E-014, 0.0000000000000000000, -1.000000000000000000 ) ) ;
#4663 = ORIENTED_EDGE ( 'NONE', *, *, #1476, .T. ) ;
#4664 = DIRECTION ( 'NONE',  ( -1.000000000000000000, 0.0000000000000000000, -1.040834085586084700E-014 ) ) ;
#4665 = ORIENTED_EDGE ( 'NONE', *, *, #7009, .F. ) ;
#4666 = LINE ( 'NONE', #7501, #6880 ) ;
#4667 = DIRECTION ( 'NONE',  ( -8.673617379884036500E-016, 0.0000000000000000000, -1.000000000000000000 ) ) ;
#4668 =( GEOMETRIC_REPRESENTATION_CONTEXT ( 3 ) GLOBAL_UNCERTAINTY_ASSIGNED_CONTEXT ( ( #4054 ) ) GLOBAL_UNIT_ASSIGNED_CONTEXT ( ( #5952, #4688, #2757 ) ) REPRESENTATION_CONTEXT ( 'NONE', 'WORKASPACE' ) );
#4669 = LINE ( 'NONE', #5661, #3044 ) ;
#4670 = CARTESIAN_POINT ( 'NONE',  ( 2.000000000000016000, 0.0000000000000000000, -1.125000000000012400 ) ) ;
#4671 = ADVANCED_FACE ( 'NONE', ( #6424 ), #4302, .T. ) ;
#4672 = PLANE ( 'NONE',  #826 ) ;
#4673 = VERTEX_POINT ( 'NONE', #4941 ) ;
#4674 = VECTOR ( 'NONE', #3507, 1000.000000000000000 ) ;
#4675 = ORIENTED_EDGE ( 'NONE', *, *, #2197, .T. ) ;
#4676 = EDGE_LOOP ( 'NONE', ( #6187, #5664, #2469, #4884 ) ) ;
#4677 = VECTOR ( 'NONE', #7938, 1000.000000000000000 ) ;
#4678 = UNCERTAINTY_MEASURE_WITH_UNIT (LENGTH_MEASURE( 1.000000000000000100E-005 ), #419, 'distance_accuracy_value', 'NONE');
#4679 = FILL_AREA_STYLE_COLOUR ( '', #6483 ) ;
#4680 = LINE ( 'NONE', #6641, #6601 ) ;
#4681 = DIRECTION ( 'NONE',  ( 0.0000000000000000000, 0.0000000000000000000, 1.000000000000000000 ) ) ;
#4682 = DIRECTION ( 'NONE',  ( -1.000000000000000000, 0.0000000000000000000, 1.100465205072778300E-013 ) ) ;
#4683 = DIRECTION ( 'NONE',  ( -2.710505431213760100E-016, 0.0000000000000000000, -1.000000000000000000 ) ) ;
#4684 = EDGE_CURVE ( 'NONE', #2764, #6389, #1753, .T. ) ;
#4685 = ORIENTED_EDGE ( 'NONE', *, *, #759, .T. ) ;
#4686 = ORIENTED_EDGE ( 'NONE', *, *, #7039, .T. ) ;
#4687 = ORIENTED_EDGE ( 'NONE', *, *, #1695, .T. ) ;
#4688 =( NAMED_UNIT ( * ) PLANE_ANGLE_UNIT ( ) SI_UNIT ( $, .RADIAN. ) );
#4689 = VECTOR ( 'NONE', #6492, 1000.000000000000000 ) ;
#4690 = AXIS2_PLACEMENT_3D ( 'NONE', #2710, #3139, #7665 ) ;
#4691 = DIRECTION ( 'NONE',  ( -1.097754699641565700E-013, 0.0000000000000000000, 1.000000000000000000 ) ) ;
#4692 = ORIENTED_EDGE ( 'NONE', *, *, #6991, .F. ) ;
#4693 = DIRECTION ( 'NONE',  ( -0.7071067811865475700, 0.0000000000000000000, -0.7071067811865475700 ) ) ;
#4694 = VERTEX_POINT ( 'NONE', #3122 ) ;
#4695 = ORIENTED_EDGE ( 'NONE', *, *, #3738, .F. ) ;
#4696 = ORIENTED_EDGE ( 'NONE', *, *, #2391, .F. ) ;
#4697 = VECTOR ( 'NONE', #6512, 1000.000000000000000 ) ;
#4698 = CARTESIAN_POINT ( 'NONE',  ( 1.374999999999998400, 0.0000000000000000000, 1.999999999999996200 ) ) ;
#4699 = CARTESIAN_POINT ( 'NONE',  ( 1.600000000000010500, 0.1000000000000002600, 1.375000000000000200 ) ) ;
#4700 = EDGE_CURVE ( 'NONE', #2861, #4276, #3576, .T. ) ;
#4701 = DIRECTION ( 'NONE',  ( 1.000000000000000000, 0.0000000000000000000, -1.103175710504001600E-013 ) ) ;
#4702 = ORIENTED_EDGE ( 'NONE', *, *, #879, .F. ) ;
#4703 = VERTEX_POINT ( 'NONE', #6219 ) ;
#4704 = ORIENTED_EDGE ( 'NONE', *, *, #2596, .F. ) ;
#4705 = LINE ( 'NONE', #1065, #5810 ) ;
#4706 = LINE ( 'NONE', #486, #2877 ) ;
#4707 = AXIS2_PLACEMENT_3D ( 'NONE', #1650, #6161, #2293 ) ;
#4708 = CARTESIAN_POINT ( 'NONE',  ( 1.374999999999998400, 0.0000000000000000000, 1.999999999999996200 ) ) ;
#4709 = AXIS2_PLACEMENT_3D ( 'NONE', #7801, #6501, #7134 ) ;
#4710 = CARTESIAN_POINT ( 'NONE',  ( -1.374999999999994700, 0.1000000000000000100, -1.599999999999996300 ) ) ;
#4711 = CARTESIAN_POINT ( 'NONE',  ( 0.0000000000000000000, 0.0000000000000000000, 0.0000000000000000000 ) ) ;
#4712 = ORIENTED_EDGE ( 'NONE', *, *, #2743, .T. ) ;
#4713 = DIRECTION ( 'NONE',  ( -1.000000000000000000, -0.0000000000000000000, 0.0000000000000000000 ) ) ;
#4714 = AXIS2_PLACEMENT_3D ( 'NONE', #38, #7775, #2604 ) ;
#4715 = ORIENTED_EDGE ( 'NONE', *, *, #2938, .T. ) ;
#4716 = VECTOR ( 'NONE', #4230, 1000.000000000000000 ) ;
#4717 = EDGE_CURVE ( 'NONE', #3281, #5847, #3470, .T. ) ;
#4718 = VECTOR ( 'NONE', #7076, 1000.000000000000000 ) ;
#4719 = VERTEX_POINT ( 'NONE', #1097 ) ;
#4720 = ADVANCED_FACE ( 'NONE', ( #4283 ), #2348, .T. ) ;
#4721 = ORIENTED_EDGE ( 'NONE', *, *, #7888, .F. ) ;
#4722 = DIRECTION ( 'NONE',  ( -0.0000000000000000000, -1.000000000000000000, -0.0000000000000000000 ) ) ;
#4723 = DIRECTION ( 'NONE',  ( -0.0000000000000000000, -1.000000000000000000, -0.0000000000000000000 ) ) ;
#4724 = CARTESIAN_POINT ( 'NONE',  ( 0.3749999999999989500, 0.1000000000000000100, -1.999999999999996200 ) ) ;
#4725 = VECTOR ( 'NONE', #6667, 1000.000000000000000 ) ;
#4726 = LINE ( 'NONE', #3245, #6730 ) ;
#4727 = VERTEX_POINT ( 'NONE', #5714 ) ;
#4728 = CARTESIAN_POINT ( 'NONE',  ( 1.600000000000005000, 4.059797974644667700, 0.6250000000000001100 ) ) ;
#4729 = FACE_OUTER_BOUND ( 'NONE', #937, .T. ) ;
#4730 = CARTESIAN_POINT ( 'NONE',  ( 2.100000000000000100, 1.050000000000000000, 2.100000000000000100 ) ) ;
#4731 = CARTESIAN_POINT ( 'NONE',  ( 0.8749999999999942300, 0.1000000000000000100, 1.599999999999995900 ) ) ;
#4732 = FACE_OUTER_BOUND ( 'NONE', #6914, .T. ) ;
#4733 = CARTESIAN_POINT ( 'NONE',  ( 0.8749999999999942300, 0.1000000000000000100, 1.599999999999995900 ) ) ;
#4734 = FACE_BOUND ( 'NONE', #5914, .T. ) ;
#4735 = EDGE_CURVE ( 'NONE', #459, #6534, #7007, .T. ) ;
#4736 = CARTESIAN_POINT ( 'NONE',  ( -2.100000000000000100, 0.3500000000000001400, -2.100000000000000100 ) ) ;
#4737 = DIRECTION ( 'NONE',  ( -1.002887009549093300E-014, -0.0000000000000000000, -1.000000000000000000 ) ) ;
#4738 = CARTESIAN_POINT ( 'NONE',  ( -1.399999999999999500, 0.1000000000000000100, -1.200000000000000200 ) ) ;
#4739 = VECTOR ( 'NONE', #4157, 1000.000000000000000 ) ;
#4740 = DIRECTION ( 'NONE',  ( 8.673617379884035500E-016, 0.0000000000000000000, 1.000000000000000000 ) ) ;
#4741 = VECTOR ( 'NONE', #4502, 1000.000000000000000 ) ;
#4742 = CARTESIAN_POINT ( 'NONE',  ( -0.1249999999999502600, 0.1000000000000000100, 1.999999999999998200 ) ) ;
#4743 = ORIENTED_EDGE ( 'NONE', *, *, #965, .T. ) ;
#4744 = VECTOR ( 'NONE', #1999, 1000.000000000000000 ) ;
#4745 = CARTESIAN_POINT ( 'NONE',  ( -0.1249999999999502600, 0.1000000000000000100, 1.999999999999998200 ) ) ;
#4746 = CARTESIAN_POINT ( 'NONE',  ( 2.000000000000015500, 0.1000000000000000100, 1.125000000000012400 ) ) ;
#4747 = CARTESIAN_POINT ( 'NONE',  ( -2.000000000000000000, 4.059797974644667700, 0.3750000000000000600 ) ) ;
#4748 = VECTOR ( 'NONE', #2317, 1000.000000000000000 ) ;
#4749 = CARTESIAN_POINT ( 'NONE',  ( -0.3749999999999943400, 0.0000000000000000000, 1.599999999999995900 ) ) ;
#4750 = EDGE_CURVE ( 'NONE', #4784, #4340, #5804, .T. ) ;
#4751 = DIRECTION ( 'NONE',  ( -0.0000000000000000000, -1.000000000000000000, -0.0000000000000000000 ) ) ;
#4752 = VECTOR ( 'NONE', #4723, 1000.000000000000000 ) ;
#4753 = CARTESIAN_POINT ( 'NONE',  ( 0.0000000000000000000, 0.1000000000000000100, 0.0000000000000000000 ) ) ;
#4754 = ORIENTED_EDGE ( 'NONE', *, *, #4637, .F. ) ;
#4755 = DIRECTION ( 'NONE',  ( -1.000000000000000000, -0.0000000000000000000, -0.0000000000000000000 ) ) ;
#4756 = FACE_OUTER_BOUND ( 'NONE', #7089, .T. ) ;
#4757 = ADVANCED_FACE ( 'NONE', ( #1554 ), #3146, .F. ) ;
#4758 = DIRECTION ( 'NONE',  ( -0.0000000000000000000, -0.0000000000000000000, 1.000000000000000000 ) ) ;
#4759 = EDGE_CURVE ( 'NONE', #7986, #1572, #5313, .T. ) ;
#4760 = AXIS2_PLACEMENT_3D ( 'NONE', #550, #4927, #3073 ) ;
#4761 = LINE ( 'NONE', #7062, #7953 ) ;
#4762 = CARTESIAN_POINT ( 'NONE',  ( 0.0000000000000000000, 0.1000000000000000100, 0.0000000000000000000 ) ) ;
#4763 = VECTOR ( 'NONE', #3625, 1000.000000000000000 ) ;
#4764 = CARTESIAN_POINT ( 'NONE',  ( 1.600000000000004300, 0.1000000000000000100, -0.3750000000000244800 ) ) ;
#4765 = ORIENTED_EDGE ( 'NONE', *, *, #3694, .T. ) ;
#4766 = ORIENTED_EDGE ( 'NONE', *, *, #6629, .F. ) ;
#4767 = CARTESIAN_POINT ( 'NONE',  ( 0.3749999999999943400, 0.1000000000000000100, 1.599999999999995900 ) ) ;
#4768 = DIRECTION ( 'NONE',  ( -0.0000000000000000000, -1.000000000000000000, -0.0000000000000000000 ) ) ;
#4769 = VECTOR ( 'NONE', #2100, 1000.000000000000000 ) ;
#4770 = EDGE_CURVE ( 'NONE', #4694, #3698, #1860, .T. ) ;
#4771 = ORIENTED_EDGE ( 'NONE', *, *, #2358, .F. ) ;
#4772 = EDGE_LOOP ( 'NONE', ( #3291, #3195, #5395, #2978 ) ) ;
#4773 = VECTOR ( 'NONE', #6502, 1000.000000000000000 ) ;
#4774 = PLANE ( 'NONE',  #809 ) ;
#4775 = DIRECTION ( 'NONE',  ( 1.097754699641565700E-013, 0.0000000000000000000, -1.000000000000000000 ) ) ;
#4776 = VERTEX_POINT ( 'NONE', #7001 ) ;
#4777 = VECTOR ( 'NONE', #7150, 1000.000000000000000 ) ;
#4778 = ORIENTED_EDGE ( 'NONE', *, *, #2899, .F. ) ;
#4779 = EDGE_CURVE ( 'NONE', #7825, #6481, #6006, .T. ) ;
#4780 = DIRECTION ( 'NONE',  ( 8.673617379884035500E-016, -0.0000000000000000000, -1.000000000000000000 ) ) ;
#4781 = ORIENTED_EDGE ( 'NONE', *, *, #4025, .F. ) ;
#4782 = LINE ( 'NONE', #2466, #2035 ) ;
#4783 = VECTOR ( 'NONE', #3491, 1000.000000000000000 ) ;
#4784 = VERTEX_POINT ( 'NONE', #1899 ) ;
#4785 = EDGE_LOOP ( 'NONE', ( #6396, #6767, #785, #5685 ) ) ;
#4786 = ORIENTED_EDGE ( 'NONE', *, *, #3806, .T. ) ;
#4787 = PLANE ( 'NONE',  #6259 ) ;
#4788 = DIRECTION ( 'NONE',  ( -0.0000000000000000000, -1.000000000000000000, -0.0000000000000000000 ) ) ;
#4789 = ORIENTED_EDGE ( 'NONE', *, *, #5444, .F. ) ;
#4790 = ORIENTED_EDGE ( 'NONE', *, *, #7749, .T. ) ;
#4791 = ORIENTED_EDGE ( 'NONE', *, *, #7920, .T. ) ;
#4792 = EDGE_CURVE ( 'NONE', #3148, #4496, #2357, .T. ) ;
#4793 = ORIENTED_EDGE ( 'NONE', *, *, #6007, .T. ) ;
#4794 = ADVANCED_FACE ( 'NONE', ( #2573 ), #7642, .T. ) ;
#4795 = FACE_OUTER_BOUND ( 'NONE', #6385, .T. ) ;
#4796 = PLANE ( 'NONE',  #3867 ) ;
#4797 = EDGE_LOOP ( 'NONE', ( #1558, #8291, #1775, #89 ) ) ;
#4798 = VERTEX_POINT ( 'NONE', #7055 ) ;
#4799 = VERTEX_POINT ( 'NONE', #1869 ) ;
#4800 = EDGE_CURVE ( 'NONE', #6087, #5678, #6516, .T. ) ;
#4801 = ADVANCED_FACE ( 'NONE', ( #6412 ), #8259, .T. ) ;
#4802 = PLANE ( 'NONE',  #1092 ) ;
#4803 = LINE ( 'NONE', #3178, #484 ) ;
#4804 = EDGE_CURVE ( 'NONE', #4067, #536, #4490, .T. ) ;
#4805 = DIRECTION ( 'NONE',  ( 0.0000000000000000000, 1.000000000000000000, 0.0000000000000000000 ) ) ;
#4806 = AXIS2_PLACEMENT_3D ( 'NONE', #3522, #1528, #2887 ) ;
#4807 = DIRECTION ( 'NONE',  ( 1.000000000000000000, -0.0000000000000000000, -1.040834085586085000E-014 ) ) ;
#4808 = ORIENTED_EDGE ( 'NONE', *, *, #3494, .T. ) ;
#4809 = ORIENTED_EDGE ( 'NONE', *, *, #7762, .F. ) ;
#4810 = ORIENTED_EDGE ( 'NONE', *, *, #1535, .F. ) ;
#4811 = DIRECTION ( 'NONE',  ( 1.000000000000000000, 0.0000000000000000000, 0.0000000000000000000 ) ) ;
#4812 = CARTESIAN_POINT ( 'NONE',  ( -2.000000000000000000, 0.1000000000000002600, 0.3750000000000000600 ) ) ;
#4813 = CARTESIAN_POINT ( 'NONE',  ( -0.8749999999999942300, 0.0000000000000000000, 1.599999999999995900 ) ) ;
#4814 = PLANE ( 'NONE',  #658 ) ;
#4815 = AXIS2_PLACEMENT_3D ( 'NONE', #20, #1923, #8254 ) ;
#4816 = CARTESIAN_POINT ( 'NONE',  ( -0.3749999999999943400, 4.059797974644667700, 1.599999999999995900 ) ) ;
#4817 = PRESENTATION_STYLE_ASSIGNMENT (( #2992 ) ) ;
#4818 = ORIENTED_EDGE ( 'NONE', *, *, #96, .T. ) ;
#4819 = PLANE ( 'NONE',  #626 ) ;
#4820 = EDGE_CURVE ( 'NONE', #1442, #4102, #7894, .T. ) ;
#4821 = DIRECTION ( 'NONE',  ( 1.000000000000000000, 0.0000000000000000000, -1.029992063861229100E-014 ) ) ;
#4822 = LINE ( 'NONE', #7783, #501 ) ;
#4823 = DIRECTION ( 'NONE',  ( 8.673617379884036500E-016, 0.0000000000000000000, -1.000000000000000000 ) ) ;
#4824 = FACE_OUTER_BOUND ( 'NONE', #628, .T. ) ;
#4825 = CARTESIAN_POINT ( 'NONE',  ( 1.374999999999994200, 0.1000000000000000100, 1.599999999999995900 ) ) ;
#4826 = VECTOR ( 'NONE', #6365, 1000.000000000000000 ) ;
#4827 = MANIFOLD_SOLID_BREP ( 'Boss-Extrude2[11]', #1348 ) ;
#4828 = LINE ( 'NONE', #985, #3011 ) ;
#4829 = DIRECTION ( 'NONE',  ( -0.0000000000000000000, -1.000000000000000000, -0.0000000000000000000 ) ) ;
#4830 = CARTESIAN_POINT ( 'NONE',  ( 1.124999999999998900, 4.059797974644667700, -1.999999999999998700 ) ) ;
#4831 = ORIENTED_EDGE ( 'NONE', *, *, #8220, .T. ) ;
#4832 = EDGE_CURVE ( 'NONE', #558, #3900, #4985, .T. ) ;
#4833 = LINE ( 'NONE', #8232, #3126 ) ;
#4834 = PLANE ( 'NONE',  #6486 ) ;
#4835 = AXIS2_PLACEMENT_3D ( 'NONE', #3327, #2638, #113 ) ;
#4836 = DIRECTION ( 'NONE',  ( -0.0000000000000000000, -1.000000000000000000, -0.0000000000000000000 ) ) ;
#4837 = ADVANCED_FACE ( 'NONE', ( #3883 ), #1289, .F. ) ;
#4838 = EDGE_LOOP ( 'NONE', ( #8258, #5306, #6408, #4359 ) ) ;
#4839 = CARTESIAN_POINT ( 'NONE',  ( -1.124999999999950500, 0.1000000000000000100, 1.999999999999998200 ) ) ;
#4840 = LINE ( 'NONE', #3275, #7562 ) ;
#4841 = EDGE_CURVE ( 'NONE', #3292, #3437, #4086, .T. ) ;
#4842 = FILL_AREA_STYLE ('',( #2244 ) ) ;
#4843 = CARTESIAN_POINT ( 'NONE',  ( -1.600000000000000100, 0.0000000000000000000, 0.3750000000000000600 ) ) ;
#4844 = VECTOR ( 'NONE', #8001, 1000.000000000000000 ) ;
#4845 = CARTESIAN_POINT ( 'NONE',  ( -1.374999999999950500, 0.1000000000000000100, 1.999999999999999100 ) ) ;
#4846 = EDGE_CURVE ( 'NONE', #2993, #2155, #184, .T. ) ;
#4847 = VECTOR ( 'NONE', #8132, 1000.000000000000000 ) ;
#4848 = ORIENTED_EDGE ( 'NONE', *, *, #8019, .T. ) ;
#4849 = VERTEX_POINT ( 'NONE', #6425 ) ;
#4850 = AXIS2_PLACEMENT_3D ( 'NONE', #4986, #521, #5639 ) ;
#4851 = DIRECTION ( 'NONE',  ( -1.000000000000000000, 0.0000000000000000000, -1.548860246407863600E-016 ) ) ;
#4852 = LINE ( 'NONE', #4764, #740 ) ;
#4853 = ORIENTED_EDGE ( 'NONE', *, *, #7830, .F. ) ;
#4854 = MECHANICAL_DESIGN_GEOMETRIC_PRESENTATION_REPRESENTATION (  '', ( #677 ), #6852 ) ;
#4855 = AXIS2_PLACEMENT_3D ( 'NONE', #6593, #8038, #4917 ) ;
#4856 = ORIENTED_EDGE ( 'NONE', *, *, #3341, .T. ) ;
#4857 = ORIENTED_EDGE ( 'NONE', *, *, #4193, .T. ) ;
#4858 = LINE ( 'NONE', #4282, #1122 ) ;
#4859 = EDGE_CURVE ( 'NONE', #7527, #773, #6618, .T. ) ;
#4860 = ORIENTED_EDGE ( 'NONE', *, *, #7815, .F. ) ;
#4861 = DIRECTION ( 'NONE',  ( 0.0000000000000000000, -1.000000000000000000, 0.0000000000000000000 ) ) ;
#4862 = PLANE ( 'NONE',  #6375 ) ;
#4863 = DIRECTION ( 'NONE',  ( 1.000000000000000000, 0.0000000000000000000, 0.0000000000000000000 ) ) ;
#4864 = DIRECTION ( 'NONE',  ( 6.132518538120488200E-014, -0.0000000000000000000, 1.000000000000000000 ) ) ;
#4865 = PLANE ( 'NONE',  #4707 ) ;
#4866 = ORIENTED_EDGE ( 'NONE', *, *, #631, .F. ) ;
#4867 = EDGE_LOOP ( 'NONE', ( #1957, #6485, #4363, #7879 ) ) ;
#4868 = ORIENTED_EDGE ( 'NONE', *, *, #4127, .F. ) ;
#4869 = VECTOR ( 'NONE', #1137, 1000.000000000000000 ) ;
#4870 = STYLED_ITEM ( 'NONE', ( #2708 ), #2913 ) ;
#4871 = CARTESIAN_POINT ( 'NONE',  ( 0.3749999999999984500, 0.1000000000000002600, 1.999999999999996200 ) ) ;
#4872 = CARTESIAN_POINT ( 'NONE',  ( 0.6249999999999943400, 0.1000000000000002600, 1.599999999999998500 ) ) ;
#4873 = EDGE_CURVE ( 'NONE', #4645, #2257, #3286, .T. ) ;
#4874 = DIRECTION ( 'NONE',  ( -0.0000000000000000000, -1.000000000000000000, -0.0000000000000000000 ) ) ;
#4875 = EDGE_LOOP ( 'NONE', ( #454, #5220, #1681, #2161 ) ) ;
#4876 = ORIENTED_EDGE ( 'NONE', *, *, #7610, .F. ) ;
#4877 = EDGE_LOOP ( 'NONE', ( #3189, #6716, #6949, #2237 ) ) ;
#4878 = CLOSED_SHELL ( 'NONE', ( #1293, #6929, #4998, #5437, #3815, #7207 ) ) ;
#4879 = FACE_OUTER_BOUND ( 'NONE', #105, .T. ) ;
#4880 = ADVANCED_FACE ( 'NONE', ( #276 ), #101, .F. ) ;
#4881 = DIRECTION ( 'NONE',  ( 1.000000000000000000, 0.0000000000000000000, 0.0000000000000000000 ) ) ;
#4882 = EDGE_CURVE ( 'NONE', #490, #579, #1266, .T. ) ;
#4883 = CARTESIAN_POINT ( 'NONE',  ( 1.600000000000004300, 0.0000000000000000000, 0.3750000000000244800 ) ) ;
#4884 = ORIENTED_EDGE ( 'NONE', *, *, #4912, .T. ) ;
#4885 = ORIENTED_EDGE ( 'NONE', *, *, #8172, .F. ) ;
#4886 = ORIENTED_EDGE ( 'NONE', *, *, #2723, .T. ) ;
#4887 = CARTESIAN_POINT ( 'NONE',  ( 0.3749999999999943400, 0.1000000000000000100, 1.599999999999995900 ) ) ;
#4888 = CLOSED_SHELL ( 'NONE', ( #1164, #3066, #4592, #1607, #5148, #2926 ) ) ;
#4889 = ORIENTED_EDGE ( 'NONE', *, *, #1448, .F. ) ;
#4890 = LINE ( 'NONE', #7228, #5498 ) ;
#4891 = CARTESIAN_POINT ( 'NONE',  ( 1.600000000000010500, 0.1000000000000000100, 1.375000000000000200 ) ) ;
#4892 = PLANE ( 'NONE',  #6384 ) ;
#4893 = DIRECTION ( 'NONE',  ( 1.000000000000000000, 0.0000000000000000000, 7.589415207398658800E-015 ) ) ;
#4894 = ORIENTED_EDGE ( 'NONE', *, *, #5907, .F. ) ;
#4895 = ORIENTED_EDGE ( 'NONE', *, *, #4444, .T. ) ;
#4896 = CARTESIAN_POINT ( 'NONE',  ( -1.599999999999995000, -0.0000000000000000000, -0.8750000000000001100 ) ) ;
#4897 = ORIENTED_EDGE ( 'NONE', *, *, #251, .F. ) ;
#4898 = DIRECTION ( 'NONE',  ( 0.0000000000000000000, -1.000000000000000000, 0.0000000000000000000 ) ) ;
#4899 = FACE_OUTER_BOUND ( 'NONE', #5100, .T. ) ;
#4900 = EDGE_CURVE ( 'NONE', #6886, #1417, #4890, .T. ) ;
#4901 = VERTEX_POINT ( 'NONE', #7836 ) ;
#4902 = DIRECTION ( 'NONE',  ( 1.000000000000000000, -0.0000000000000000000, 0.0000000000000000000 ) ) ;
#4903 = DIRECTION ( 'NONE',  ( -1.000000000000000000, -0.0000000000000000000, 3.469446951953614200E-015 ) ) ;
#4904 = VERTEX_POINT ( 'NONE', #4586 ) ;
#4905 = CARTESIAN_POINT ( 'NONE',  ( 1.600000000000005000, 0.1000000000000002600, 0.6250000000000001100 ) ) ;
#4906 = LINE ( 'NONE', #4830, #7731 ) ;
#4907 = STYLED_ITEM ( 'NONE', ( #1040 ), #5917 ) ;
#4908 = CARTESIAN_POINT ( 'NONE',  ( -0.1249999999999943900, 4.059797974644667700, 1.599999999999998500 ) ) ;
#4909 = ORIENTED_EDGE ( 'NONE', *, *, #285, .F. ) ;
#4910 = VECTOR ( 'NONE', #4274, 1000.000000000000000 ) ;
#4911 = ORIENTED_EDGE ( 'NONE', *, *, #1175, .F. ) ;
#4912 = EDGE_CURVE ( 'NONE', #2881, #887, #1657, .T. ) ;
#4913 = CARTESIAN_POINT ( 'NONE',  ( -1.999999999999994900, -0.0000000000000000000, 0.8750000000000001100 ) ) ;
#4914 = CARTESIAN_POINT ( 'NONE',  ( -0.6249999999999947800, -0.0000000000000000000, -1.599999999999999000 ) ) ;
#4915 = CARTESIAN_POINT ( 'NONE',  ( -1.599999999999995000, 0.0000000000000000000, 0.8750000000000001100 ) ) ;
#4916 = VECTOR ( 'NONE', #443, 1000.000000000000000 ) ;
#4917 = DIRECTION ( 'NONE',  ( 0.0000000000000000000, -0.0000000000000000000, -1.000000000000000000 ) ) ;
#4918 = LINE ( 'NONE', #6366, #1587 ) ;
#4919 = FACE_OUTER_BOUND ( 'NONE', #3514, .T. ) ;
#4920 = DIRECTION ( 'NONE',  ( 0.0000000000000000000, -1.000000000000000000, 0.0000000000000000000 ) ) ;
#4921 = CARTESIAN_POINT ( 'NONE',  ( -0.6249999999999947800, 0.1000000000000000100, -1.599999999999999000 ) ) ;
#4922 = CARTESIAN_POINT ( 'NONE',  ( 0.6249999999999988900, 0.0000000000000000000, -1.999999999999998700 ) ) ;
#4923 = CARTESIAN_POINT ( 'NONE',  ( 1.600000000000010500, 0.1000000000000000100, 1.375000000000000200 ) ) ;
#4924 = VECTOR ( 'NONE', #5715, 1000.000000000000000 ) ;
#4925 = ADVANCED_FACE ( 'NONE', ( #2070 ), #125, .T. ) ;
#4926 = EDGE_CURVE ( 'NONE', #6566, #2445, #671, .T. ) ;
#4927 = DIRECTION ( 'NONE',  ( 1.000000000000000000, -0.0000000000000000000, 0.0000000000000000000 ) ) ;
#4928 = CARTESIAN_POINT ( 'NONE',  ( -0.3749999999999946700, 0.1000000000000000100, -1.599999999999996300 ) ) ;
#4929 = DIRECTION ( 'NONE',  ( -0.0000000000000000000, -1.000000000000000000, -0.0000000000000000000 ) ) ;
#4930 = PRESENTATION_STYLE_ASSIGNMENT (( #2548 ) ) ;
#4931 = ORIENTED_EDGE ( 'NONE', *, *, #3258, .F. ) ;
#4932 = FACE_OUTER_BOUND ( 'NONE', #7298, .T. ) ;
#4933 = CARTESIAN_POINT ( 'NONE',  ( -1.600000000000000100, 0.1000000000000002600, -0.3750000000000000600 ) ) ;
#4934 = CARTESIAN_POINT ( 'NONE',  ( -2.100000000000000100, 1.050000000000000000, -2.100000000000000100 ) ) ;
#4935 = LINE ( 'NONE', #3838, #3239 ) ;
#4936 = CARTESIAN_POINT ( 'NONE',  ( 0.8749999999999942300, 4.059797974644667700, 1.599999999999995900 ) ) ;
#4937 = ADVANCED_FACE ( 'NONE', ( #3383 ), #7199, .F. ) ;
#4938 = VECTOR ( 'NONE', #3434, 1000.000000000000000 ) ;
#4939 = VERTEX_POINT ( 'NONE', #1397 ) ;
#4940 = CARTESIAN_POINT ( 'NONE',  ( 0.0000000000000000000, 0.0000000000000000000, 0.0000000000000000000 ) ) ;
#4941 = CARTESIAN_POINT ( 'NONE',  ( 1.600000000000010300, 0.1000000000000000100, 1.125000000000000200 ) ) ;
#4942 = CARTESIAN_POINT ( 'NONE',  ( 0.0000000000000000000, 0.1000000000000000100, 0.0000000000000000000 ) ) ;
#4943 = LINE ( 'NONE', #7651, #6477 ) ;
#4944 = CARTESIAN_POINT ( 'NONE',  ( 0.0000000000000000000, 0.0000000000000000000, 0.0000000000000000000 ) ) ;
#4945 = FACE_OUTER_BOUND ( 'NONE', #7707, .T. ) ;
#4946 = EDGE_LOOP ( 'NONE', ( #8248, #2868, #3517, #5258 ) ) ;
#4947 = ADVANCED_FACE ( 'NONE', ( #1647 ), #2097, .T. ) ;
#4948 = VECTOR ( 'NONE', #1764, 1000.000000000000000 ) ;
#4949 = PLANE ( 'NONE',  #6964 ) ;
#4950 = CARTESIAN_POINT ( 'NONE',  ( 1.600000000000001600, 0.1000000000000000100, 0.1250000000000245600 ) ) ;
#4951 = CARTESIAN_POINT ( 'NONE',  ( 2.000000000000001800, 0.0000000000000000000, -0.1249999999999821400 ) ) ;
#4952 = CARTESIAN_POINT ( 'NONE',  ( -0.8749999999999942300, 0.1000000000000002600, 1.599999999999995900 ) ) ;
#4953 = ORIENTED_EDGE ( 'NONE', *, *, #666, .F. ) ;
#4954 = EDGE_CURVE ( 'NONE', #1857, #7475, #4383, .T. ) ;
#4955 = ORIENTED_EDGE ( 'NONE', *, *, #4792, .T. ) ;
#4956 = LINE ( 'NONE', #207, #7774 ) ;
#4957 = AXIS2_PLACEMENT_3D ( 'NONE', #5653, #6308, #2429 ) ;
#4958 = VECTOR ( 'NONE', #3225, 1000.000000000000000 ) ;
#4959 = ADVANCED_FACE ( 'NONE', ( #3565 ), #4641, .F. ) ;
#4960 = AXIS2_PLACEMENT_3D ( 'NONE', #5266, #5910, #7090 ) ;
#4961 = DIRECTION ( 'NONE',  ( 7.589415207398658800E-015, 0.0000000000000000000, -1.000000000000000000 ) ) ;
#4962 = LINE ( 'NONE', #7206, #68 ) ;
#4963 = ORIENTED_EDGE ( 'NONE', *, *, #1603, .T. ) ;
#4964 = DIRECTION ( 'NONE',  ( 1.040834085586084300E-014, 0.0000000000000000000, -1.000000000000000000 ) ) ;
#4965 = VERTEX_POINT ( 'NONE', #3393 ) ;
#4966 = COLOUR_RGB ( '',1.000000000000000000, 0.8117647058823529400, 0.5019607843137254800 ) ;
#4967 = DIRECTION ( 'NONE',  ( 0.0000000000000000000, -0.0000000000000000000, -1.000000000000000000 ) ) ;
#4968 = LINE ( 'NONE', #6146, #3053 ) ;
#4969 = AXIS2_PLACEMENT_3D ( 'NONE', #6982, #5698, #7599 ) ;
#4970 = ORIENTED_EDGE ( 'NONE', *, *, #7791, .F. ) ;
#4971 = EDGE_LOOP ( 'NONE', ( #7432, #1644, #1145, #1169 ) ) ;
#4972 = EDGE_CURVE ( 'NONE', #3387, #1371, #954, .T. ) ;
#4973 = VERTEX_POINT ( 'NONE', #4616 ) ;
#4974 = ORIENTED_EDGE ( 'NONE', *, *, #7039, .F. ) ;
#4975 = FACE_OUTER_BOUND ( 'NONE', #1127, .T. ) ;
#4976 = DIRECTION ( 'NONE',  ( -1.000000000000000000, 0.0000000000000000000, -0.0000000000000000000 ) ) ;
#4977 = DIRECTION ( 'NONE',  ( -6.071532165919179000E-015, 0.0000000000000000000, -1.000000000000000000 ) ) ;
#4978 = FACE_OUTER_BOUND ( 'NONE', #477, .T. ) ;
#4979 = DIRECTION ( 'NONE',  ( -8.673617379884035500E-016, 0.0000000000000000000, 1.000000000000000000 ) ) ;
#4980 = ORIENTED_EDGE ( 'NONE', *, *, #5358, .F. ) ;
#4981 = ORIENTED_EDGE ( 'NONE', *, *, #3411, .F. ) ;
#4982 = VERTEX_POINT ( 'NONE', #6621 ) ;
#4983 = AXIS2_PLACEMENT_3D ( 'NONE', #2239, #4821, #1652 ) ;
#4984 = SURFACE_SIDE_STYLE ('',( #245 ) ) ;
#4985 = LINE ( 'NONE', #7673, #1064 ) ;
#4986 = CARTESIAN_POINT ( 'NONE',  ( 0.0000000000000000000, 0.1000000000000000100, 0.0000000000000000000 ) ) ;
#4987 = PLANE ( 'NONE',  #3132 ) ;
#4988 = ORIENTED_EDGE ( 'NONE', *, *, #5553, .T. ) ;
#4989 = VERTEX_POINT ( 'NONE', #2072 ) ;
#4990 = ORIENTED_EDGE ( 'NONE', *, *, #232, .T. ) ;
#4991 = DIRECTION ( 'NONE',  ( 1.029992063861229100E-014, 0.0000000000000000000, 1.000000000000000000 ) ) ;
#4992 = PRESENTATION_STYLE_ASSIGNMENT (( #3364 ) ) ;
#4993 = DIRECTION ( 'NONE',  ( 1.000000000000000000, 0.0000000000000000000, -1.103175710504001600E-013 ) ) ;
#4994 = EDGE_CURVE ( 'NONE', #3290, #5010, #5301, .T. ) ;
#4995 = CARTESIAN_POINT ( 'NONE',  ( -1.374999999999950900, -0.0000000000000000000, -1.999999999999999100 ) ) ;
#4996 = CARTESIAN_POINT ( 'NONE',  ( -1.599999999999995000, 0.1000000000000000100, -0.8750000000000001100 ) ) ;
#4997 = EDGE_CURVE ( 'NONE', #5084, #5173, #2957, .T. ) ;
#4998 = ADVANCED_FACE ( 'NONE', ( #6798 ), #7252, .T. ) ;
#4999 = VERTEX_POINT ( 'NONE', #213 ) ;
#5000 = DIRECTION ( 'NONE',  ( 1.000000000000000000, 0.0000000000000000000, 0.0000000000000000000 ) ) ;
#5001 = VECTOR ( 'NONE', #4118, 1000.000000000000000 ) ;
#5002 = CARTESIAN_POINT ( 'NONE',  ( -1.599999999999989700, 0.1000000000000002600, -1.375000000000000200 ) ) ;
#5003 = CARTESIAN_POINT ( 'NONE',  ( -1.600000000000000100, -0.0000000000000000000, -0.3750000000000000600 ) ) ;
#5004 = CARTESIAN_POINT ( 'NONE',  ( 1.600000000000005000, 0.1000000000000002600, -0.6250000000000001100 ) ) ;
#5005 = ORIENTED_EDGE ( 'NONE', *, *, #5284, .T. ) ;
#5006 = DIRECTION ( 'NONE',  ( -1.000000000000000000, -0.0000000000000000000, 3.469446951953614600E-015 ) ) ;
#5007 = ORIENTED_EDGE ( 'NONE', *, *, #6799, .F. ) ;
#5008 = EDGE_CURVE ( 'NONE', #81, #3251, #5996, .T. ) ;
#5009 = ADVANCED_FACE ( 'NONE', ( #5096 ), #4566, .F. ) ;
#5010 = VERTEX_POINT ( 'NONE', #3895 ) ;
#5011 = AXIS2_PLACEMENT_3D ( 'NONE', #7947, #6078, #5458 ) ;
#5012 = LINE ( 'NONE', #93, #2990 ) ;
#5013 = VECTOR ( 'NONE', #2694, 1000.000000000000000 ) ;
#5014 = DIRECTION ( 'NONE',  ( 6.098637220231029300E-014, 0.0000000000000000000, -1.000000000000000000 ) ) ;
#5015 = ORIENTED_EDGE ( 'NONE', *, *, #4193, .F. ) ;
#5016 = DIRECTION ( 'NONE',  ( 0.0000000000000000000, 0.0000000000000000000, 1.000000000000000000 ) ) ;
#5017 = DIRECTION ( 'NONE',  ( -1.000000000000000000, 0.0000000000000000000, 1.100465205072778200E-013 ) ) ;
#5018 = AXIS2_PLACEMENT_3D ( 'NONE', #6452, #1474, #6604 ) ;
#5019 = CARTESIAN_POINT ( 'NONE',  ( 2.000000000000015500, 4.059797974644667700, 1.125000000000012400 ) ) ;
#5020 = ORIENTED_EDGE ( 'NONE', *, *, #7210, .T. ) ;
#5021 = AXIS2_PLACEMENT_3D ( 'NONE', #7360, #6123, #291 ) ;
#5022 = FACE_OUTER_BOUND ( 'NONE', #5334, .T. ) ;
#5023 = EDGE_CURVE ( 'NONE', #5280, #4287, #860, .T. ) ;
#5024 = DIRECTION ( 'NONE',  ( 0.0000000000000000000, -1.000000000000000000, 0.0000000000000000000 ) ) ;
#5025 = LINE ( 'NONE', #6979, #6549 ) ;
#5026 = CARTESIAN_POINT ( 'NONE',  ( -2.100000000000000100, 0.3500000000000001400, 2.100000000000000100 ) ) ;
#5027 = DIRECTION ( 'NONE',  ( 1.000000000000000000, 0.0000000000000000000, 3.089976191583646000E-014 ) ) ;
#5028 = EDGE_CURVE ( 'NONE', #5411, #4472, #1850, .T. ) ;
#5029 = LINE ( 'NONE', #6569, #4117 ) ;
#5030 = DIRECTION ( 'NONE',  ( 0.0000000000000000000, -1.000000000000000000, 0.0000000000000000000 ) ) ;
#5031 = VECTOR ( 'NONE', #3317, 1000.000000000000000 ) ;
#5032 = DIRECTION ( 'NONE',  ( -1.000000000000000000, 0.0000000000000000000, 5.421010862427620000E-015 ) ) ;
#5033 = DIRECTION ( 'NONE',  ( -1.060485249962383800E-013, 0.0000000000000000000, 1.000000000000000000 ) ) ;
#5034 = CARTESIAN_POINT ( 'NONE',  ( -1.599999999999995000, -0.0000000000000000000, -0.8750000000000001100 ) ) ;
#5035 = AXIS2_PLACEMENT_3D ( 'NONE', #6913, #3719, #4322 ) ;
#5036 = DIRECTION ( 'NONE',  ( 0.0000000000000000000, -0.0000000000000000000, 1.000000000000000000 ) ) ;
#5037 = PRESENTATION_STYLE_ASSIGNMENT (( #6602 ) ) ;
#5038 = EDGE_CURVE ( 'NONE', #4395, #7527, #6403, .T. ) ;
#5039 = LINE ( 'NONE', #7367, #2621 ) ;
#5040 = ADVANCED_FACE ( 'NONE', ( #2459 ), #2620, .F. ) ;
#5041 = CARTESIAN_POINT ( 'NONE',  ( 1.374999999999999100, 4.059797974644667700, -1.999999999999996200 ) ) ;
#5042 = DIRECTION ( 'NONE',  ( 1.000000000000000000, -0.0000000000000000000, 1.691355389077552800E-013 ) ) ;
#5043 = ORIENTED_EDGE ( 'NONE', *, *, #6370, .F. ) ;
#5044 = DIRECTION ( 'NONE',  ( -1.000000000000000000, 0.0000000000000000000, 6.938893903907228400E-015 ) ) ;
#5045 = DIRECTION ( 'NONE',  ( 6.938893903907229200E-015, 0.0000000000000000000, 1.000000000000000000 ) ) ;
#5046 = FACE_OUTER_BOUND ( 'NONE', #7968, .T. ) ;
#5047 = PLANE ( 'NONE',  #606 ) ;
#5048 = ORIENTED_EDGE ( 'NONE', *, *, #7488, .F. ) ;
#5049 = EDGE_CURVE ( 'NONE', #856, #4621, #7496, .T. ) ;
#5050 = FACE_OUTER_BOUND ( 'NONE', #5102, .T. ) ;
#5051 = ADVANCED_FACE ( 'NONE', ( #7405 ), #1325, .T. ) ;
#5052 = CARTESIAN_POINT ( 'NONE',  ( 1.600000000000005200, 4.059797974644667700, 0.8750000000000001100 ) ) ;
#5053 = LINE ( 'NONE', #5004, #5654 ) ;
#5054 = DIRECTION ( 'NONE',  ( 1.000000000000000000, 0.0000000000000000000, -0.0000000000000000000 ) ) ;
#5055 = DIRECTION ( 'NONE',  ( 8.673617379884036500E-016, 0.0000000000000000000, 1.000000000000000000 ) ) ;
#5056 = LINE ( 'NONE', #6981, #4235 ) ;
#5057 = ORIENTED_EDGE ( 'NONE', *, *, #3738, .T. ) ;
#5058 = ORIENTED_EDGE ( 'NONE', *, *, #1394, .F. ) ;
#5059 = SURFACE_STYLE_FILL_AREA ( #4842 ) ;
#5060 = CARTESIAN_POINT ( 'NONE',  ( -1.599999999999991200, 0.1000000000000000100, -1.125000000000014700 ) ) ;
#5061 = DIRECTION ( 'NONE',  ( 0.0000000000000000000, -1.000000000000000000, 0.0000000000000000000 ) ) ;
#5062 = LINE ( 'NONE', #2918, #5964 ) ;
#5063 = DIRECTION ( 'NONE',  ( 1.000000000000000000, 0.0000000000000000000, -5.421010862427620000E-015 ) ) ;
#5064 = EDGE_CURVE ( 'NONE', #2653, #3773, #2864, .T. ) ;
#5065 = PLANE ( 'NONE',  #3244 ) ;
#5066 = FACE_OUTER_BOUND ( 'NONE', #1361, .T. ) ;
#5067 = ORIENTED_EDGE ( 'NONE', *, *, #4800, .F. ) ;
#5068 = VERTEX_POINT ( 'NONE', #7101 ) ;
#5069 = DIRECTION ( 'NONE',  ( 1.002887009549093300E-014, 0.0000000000000000000, 1.000000000000000000 ) ) ;
#5070 = FACE_OUTER_BOUND ( 'NONE', #1205, .T. ) ;
#5071 = DIRECTION ( 'NONE',  ( -1.100465205072778200E-013, -0.0000000000000000000, -1.000000000000000000 ) ) ;
#5072 = VERTEX_POINT ( 'NONE', #7770 ) ;
#5073 = DIRECTION ( 'NONE',  ( -1.000000000000000000, -0.0000000000000000000, 3.469446951953614200E-015 ) ) ;
#5074 = VECTOR ( 'NONE', #5141, 1000.000000000000000 ) ;
#5075 = DIRECTION ( 'NONE',  ( 1.040834085586083300E-014, 0.0000000000000000000, -1.000000000000000000 ) ) ;
#5076 = CARTESIAN_POINT ( 'NONE',  ( 1.124999999999998400, 0.1000000000000000100, 1.999999999999997800 ) ) ;
#5077 = CARTESIAN_POINT ( 'NONE',  ( -0.1249999999999947700, 0.1000000000000002600, -1.599999999999999000 ) ) ;
#5078 = EDGE_CURVE ( 'NONE', #3094, #4573, #4271, .T. ) ;
#5079 = EDGE_CURVE ( 'NONE', #8157, #2629, #5896, .T. ) ;
#5080 = CARTESIAN_POINT ( 'NONE',  ( -0.8749999999999508200, 4.059797974644667700, -1.999999999999999100 ) ) ;
#5081 = ORIENTED_EDGE ( 'NONE', *, *, #6843, .T. ) ;
#5082 = AXIS2_PLACEMENT_3D ( 'NONE', #8062, #3610, #6262 ) ;
#5083 = ORIENTED_EDGE ( 'NONE', *, *, #1783, .F. ) ;
#5084 = VERTEX_POINT ( 'NONE', #7130 ) ;
#5085 = FACE_OUTER_BOUND ( 'NONE', #6973, .T. ) ;
#5086 = AXIS2_PLACEMENT_3D ( 'NONE', #5811, #612, #4482 ) ;
#5087 = CARTESIAN_POINT ( 'NONE',  ( -0.6249999999999502600, 4.059797974644667700, 1.999999999999998200 ) ) ;
#5088 = DIRECTION ( 'NONE',  ( -1.000000000000000000, 0.0000000000000000000, 0.0000000000000000000 ) ) ;
#5089 = ORIENTED_EDGE ( 'NONE', *, *, #5428, .T. ) ;
#5090 = ORIENTED_EDGE ( 'NONE', *, *, #5721, .T. ) ;
#5091 = EDGE_LOOP ( 'NONE', ( #3379, #7329, #4275, #4963 ) ) ;
#5092 = CARTESIAN_POINT ( 'NONE',  ( 2.000000000000016000, 4.059797974644667700, -1.375000000000012400 ) ) ;
#5093 = ADVANCED_FACE ( 'NONE', ( #6611 ), #3249, .F. ) ;
#5094 = ORIENTED_EDGE ( 'NONE', *, *, #5663, .F. ) ;
#5095 = VERTEX_POINT ( 'NONE', #5232 ) ;
#5096 = FACE_OUTER_BOUND ( 'NONE', #3513, .T. ) ;
#5097 = EDGE_CURVE ( 'NONE', #6582, #7004, #7600, .T. ) ;
#5098 = CARTESIAN_POINT ( 'NONE',  ( -0.1249999999999497800, 4.059797974644667700, -1.999999999999999100 ) ) ;
#5099 = CARTESIAN_POINT ( 'NONE',  ( 1.600000000000005000, 0.1000000000000000100, -0.6250000000000001100 ) ) ;
#5100 = EDGE_LOOP ( 'NONE', ( #365, #2260, #7889, #481 ) ) ;
#5101 = DIRECTION ( 'NONE',  ( 3.469446951953614200E-015, 0.0000000000000000000, -1.000000000000000000 ) ) ;
#5102 = EDGE_LOOP ( 'NONE', ( #5494, #6808, #4040, #1339 ) ) ;
#5103 = ORIENTED_EDGE ( 'NONE', *, *, #339, .F. ) ;
#5104 = CARTESIAN_POINT ( 'NONE',  ( 0.1249999999999988900, 0.0000000000000000000, -1.999999999999998700 ) ) ;
#5105 = ORIENTED_EDGE ( 'NONE', *, *, #4252, .T. ) ;
#5106 = ADVANCED_FACE ( 'NONE', ( #4879 ), #7725, .T. ) ;
#5107 = VECTOR ( 'NONE', #711, 1000.000000000000000 ) ;
#5108 = DIRECTION ( 'NONE',  ( -1.097754699641565700E-013, 0.0000000000000000000, 1.000000000000000000 ) ) ;
#5109 = AXIS2_PLACEMENT_3D ( 'NONE', #2869, #3460, #907 ) ;
#5110 = ORIENTED_EDGE ( 'NONE', *, *, #6510, .T. ) ;
#5111 = VERTEX_POINT ( 'NONE', #88 ) ;
#5112 = DIRECTION ( 'NONE',  ( -0.0000000000000000000, 1.000000000000000000, -0.0000000000000000000 ) ) ;
#5113 = DIRECTION ( 'NONE',  ( -0.0000000000000000000, -1.000000000000000000, -0.0000000000000000000 ) ) ;
#5114 = SURFACE_STYLE_USAGE ( .BOTH. , #5726 ) ;
#5115 = DIRECTION ( 'NONE',  ( 0.0000000000000000000, -0.0000000000000000000, 1.000000000000000000 ) ) ;
#5116 = VECTOR ( 'NONE', #6063, 1000.000000000000000 ) ;
#5117 = ORIENTED_EDGE ( 'NONE', *, *, #4423, .T. ) ;
#5118 = ORIENTED_EDGE ( 'NONE', *, *, #3863, .T. ) ;
#5119 = DIRECTION ( 'NONE',  ( 0.0000000000000000000, -1.000000000000000000, 0.0000000000000000000 ) ) ;
#5120 = DIRECTION ( 'NONE',  ( 0.0000000000000000000, -1.000000000000000000, 0.0000000000000000000 ) ) ;
#5121 = EDGE_CURVE ( 'NONE', #2861, #57, #4593, .T. ) ;
#5122 = DIRECTION ( 'NONE',  ( -1.057097118173367800E-014, -0.0000000000000000000, 1.000000000000000000 ) ) ;
#5123 = VECTOR ( 'NONE', #2287, 1000.000000000000000 ) ;
#5124 = DIRECTION ( 'NONE',  ( -2.255140518769960600E-014, 0.0000000000000000000, -1.000000000000000000 ) ) ;
#5125 = EDGE_LOOP ( 'NONE', ( #6297, #4249, #7529, #8095 ) ) ;
#5126 = AXIS2_PLACEMENT_3D ( 'NONE', #6038, #4693, #2819 ) ;
#5127 = FACE_OUTER_BOUND ( 'NONE', #4199, .T. ) ;
#5128 = ORIENTED_EDGE ( 'NONE', *, *, #2177, .T. ) ;
#5129 = PLANE ( 'NONE',  #8026 ) ;
#5130 = DIRECTION ( 'NONE',  ( 0.0000000000000000000, -0.0000000000000000000, 1.000000000000000000 ) ) ;
#5131 = VECTOR ( 'NONE', #2958, 1000.000000000000000 ) ;
#5132 = LINE ( 'NONE', #6330, #8212 ) ;
#5133 = FACE_OUTER_BOUND ( 'NONE', #1763, .T. ) ;
#5134 = DIRECTION ( 'NONE',  ( 1.000000000000000000, 0.0000000000000000000, 0.0000000000000000000 ) ) ;
#5135 = EDGE_CURVE ( 'NONE', #7781, #1271, #6089, .T. ) ;
#5136 = ADVANCED_FACE ( 'NONE', ( #4481 ), #5890, .F. ) ;
#5137 = DIRECTION ( 'NONE',  ( 1.000000000000000000, 0.0000000000000000000, 0.0000000000000000000 ) ) ;
#5138 = CARTESIAN_POINT ( 'NONE',  ( -1.600000000000000300, 0.9500000000000000700, -1.750000000000000200 ) ) ;
#5139 = FACE_OUTER_BOUND ( 'NONE', #7671, .T. ) ;
#5140 = CARTESIAN_POINT ( 'NONE',  ( -0.1249999999999947700, 4.059797974644667700, -1.599999999999999000 ) ) ;
#5141 = DIRECTION ( 'NONE',  ( -1.000000000000000000, -0.0000000000000000000, 6.098637220231029300E-014 ) ) ;
#5142 = PLANE ( 'NONE',  #5018 ) ;
#5143 = FACE_BOUND ( 'NONE', #7972, .T. ) ;
#5144 = DIRECTION ( 'NONE',  ( 1.057097118173367800E-014, 0.0000000000000000000, -1.000000000000000000 ) ) ;
#5145 =( GEOMETRIC_REPRESENTATION_CONTEXT ( 3 ) GLOBAL_UNCERTAINTY_ASSIGNED_CONTEXT ( ( #3586 ) ) GLOBAL_UNIT_ASSIGNED_CONTEXT ( ( #5287, #1498, #7267 ) ) REPRESENTATION_CONTEXT ( 'NONE', 'WORKASPACE' ) );
#5146 = AXIS2_PLACEMENT_3D ( 'NONE', #1367, #120, #3956 ) ;
#5147 = CARTESIAN_POINT ( 'NONE',  ( 0.6249999999999947800, 4.059797974644667700, -1.599999999999999000 ) ) ;
#5148 = ADVANCED_FACE ( 'NONE', ( #7303 ), #7179, .T. ) ;
#5149 = VECTOR ( 'NONE', #5363, 1000.000000000000000 ) ;
#5150 = DIRECTION ( 'NONE',  ( -1.000000000000000000, 0.0000000000000000000, -1.127570259384925200E-014 ) ) ;
#5151 = PLANE ( 'NONE',  #4690 ) ;
#5152 = PLANE ( 'NONE',  #6374 ) ;
#5153 = LINE ( 'NONE', #2963, #3508 ) ;
#5154 = EDGE_CURVE ( 'NONE', #5678, #817, #2252, .T. ) ;
#5155 = ORIENTED_EDGE ( 'NONE', *, *, #6619, .F. ) ;
#5156 = LINE ( 'NONE', #7416, #7258 ) ;
#5157 = CARTESIAN_POINT ( 'NONE',  ( 1.400000000000000400, 0.1000000000000000100, -1.399999999999999700 ) ) ;
#5158 =( NAMED_UNIT ( * ) PLANE_ANGLE_UNIT ( ) SI_UNIT ( $, .RADIAN. ) );
#5159 = CARTESIAN_POINT ( 'NONE',  ( 0.8749999999999946700, 0.1000000000000000100, -1.599999999999996300 ) ) ;
#5160 = LINE ( 'NONE', #6522, #1418 ) ;
#5161 = PLANE ( 'NONE',  #2049 ) ;
#5162 = LINE ( 'NONE', #2019, #4132 ) ;
#5163 = PLANE ( 'NONE',  #7255 ) ;
#5164 = ORIENTED_EDGE ( 'NONE', *, *, #2324, .T. ) ;
#5165 = CARTESIAN_POINT ( 'NONE',  ( 0.8749999999999942300, 0.1000000000000000100, 1.599999999999995900 ) ) ;
#5166 = VECTOR ( 'NONE', #1683, 1000.000000000000000 ) ;
#5167 = DIRECTION ( 'NONE',  ( -1.691355389077552800E-013, -0.0000000000000000000, 1.000000000000000000 ) ) ;
#5168 = DIRECTION ( 'NONE',  ( -8.673617379884035500E-016, 0.0000000000000000000, -1.000000000000000000 ) ) ;
#5169 = DIRECTION ( 'NONE',  ( 0.0000000000000000000, -1.000000000000000000, 0.0000000000000000000 ) ) ;
#5170 = ORIENTED_EDGE ( 'NONE', *, *, #1028, .F. ) ;
#5171 = DIRECTION ( 'NONE',  ( -0.0000000000000000000, -1.000000000000000000, -0.0000000000000000000 ) ) ;
#5172 = EDGE_CURVE ( 'NONE', #6409, #3088, #8074, .T. ) ;
#5173 = VERTEX_POINT ( 'NONE', #3945 ) ;
#5174 = FACE_OUTER_BOUND ( 'NONE', #775, .T. ) ;
#5175 = DIRECTION ( 'NONE',  ( 1.002887009549093500E-014, 0.0000000000000000000, 1.000000000000000000 ) ) ;
#5176 = MECHANICAL_DESIGN_GEOMETRIC_PRESENTATION_REPRESENTATION (  '', ( #5434 ), #7851 ) ;
#5177 = EDGE_LOOP ( 'NONE', ( #8269, #8207, #566, #3311 ) ) ;
#5178 = CARTESIAN_POINT ( 'NONE',  ( 0.0000000000000000000, 0.1000000000000000100, 0.0000000000000000000 ) ) ;
#5179 = ORIENTED_EDGE ( 'NONE', *, *, #3113, .T. ) ;
#5180 = VECTOR ( 'NONE', #4656, 1000.000000000000000 ) ;
#5181 = DIRECTION ( 'NONE',  ( -1.000000000000000000, 0.0000000000000000000, 6.938893903907228400E-015 ) ) ;
#5182 = LINE ( 'NONE', #2533, #7478 ) ;
#5183 = LINE ( 'NONE', #2977, #7966 ) ;
#5184 = DIRECTION ( 'NONE',  ( 1.000000000000000000, 0.0000000000000000000, 0.0000000000000000000 ) ) ;
#5185 = ORIENTED_EDGE ( 'NONE', *, *, #5008, .F. ) ;
#5186 = DIRECTION ( 'NONE',  ( -1.000000000000000000, 0.0000000000000000000, -1.040834085586084300E-014 ) ) ;
#5187 = ORIENTED_EDGE ( 'NONE', *, *, #982, .F. ) ;
#5188 = FACE_OUTER_BOUND ( 'NONE', #4676, .T. ) ;
#5189 = PLANE ( 'NONE',  #3501 ) ;
#5190 = EDGE_CURVE ( 'NONE', #1376, #4190, #1459, .T. ) ;
#5191 = VECTOR ( 'NONE', #5473, 1000.000000000000000 ) ;
#5192 = ADVANCED_FACE ( 'NONE', ( #3875 ), #7047, .T. ) ;
#5193 = MECHANICAL_DESIGN_GEOMETRIC_PRESENTATION_REPRESENTATION (  '', ( #4907 ), #1451 ) ;
#5194 = DIRECTION ( 'NONE',  ( 3.469446951953614600E-015, 0.0000000000000000000, 1.000000000000000000 ) ) ;
#5195 = CLOSED_SHELL ( 'NONE', ( #2405, #8191, #4801, #7662, #2253, #4078 ) ) ;
#5196 = ORIENTED_EDGE ( 'NONE', *, *, #3694, .F. ) ;
#5197 = ORIENTED_EDGE ( 'NONE', *, *, #7633, .F. ) ;
#5198 = ORIENTED_EDGE ( 'NONE', *, *, #6177, .F. ) ;
#5199 = CARTESIAN_POINT ( 'NONE',  ( 1.600000000000010500, 4.059797974644667700, 1.375000000000000200 ) ) ;
#5200 = LINE ( 'NONE', #3436, #3461 ) ;
#5201 = CARTESIAN_POINT ( 'NONE',  ( -1.599999999999957900, 0.1000000000000000100, 0.1250000000000245600 ) ) ;
#5202 = EDGE_CURVE ( 'NONE', #4489, #496, #7000, .T. ) ;
#5203 = CARTESIAN_POINT ( 'NONE',  ( 1.600000000000005000, 0.0000000000000000000, 0.6250000000000001100 ) ) ;
#5204 = AXIS2_PLACEMENT_3D ( 'NONE', #3820, #4480, #642 ) ;
#5205 = ORIENTED_EDGE ( 'NONE', *, *, #2907, .F. ) ;
#5206 = ORIENTED_EDGE ( 'NONE', *, *, #5261, .T. ) ;
#5207 = ORIENTED_EDGE ( 'NONE', *, *, #8077, .T. ) ;
#5208 = UNCERTAINTY_MEASURE_WITH_UNIT (LENGTH_MEASURE( 1.000000000000000100E-005 ), #4007, 'distance_accuracy_value', 'NONE');
#5209 = EDGE_LOOP ( 'NONE', ( #1772, #6896, #5520, #6699 ) ) ;
#5210 = ORIENTED_EDGE ( 'NONE', *, *, #6350, .F. ) ;
#5211 = VECTOR ( 'NONE', #3876, 1000.000000000000000 ) ;
#5212 = FILL_AREA_STYLE_COLOUR ( '', #5615 ) ;
#5213 = DIRECTION ( 'NONE',  ( -0.0000000000000000000, -1.000000000000000000, -0.0000000000000000000 ) ) ;
#5214 = ORIENTED_EDGE ( 'NONE', *, *, #4750, .T. ) ;
#5215 = VERTEX_POINT ( 'NONE', #7223 ) ;
#5216 = STYLED_ITEM ( 'NONE', ( #6248 ), #2284 ) ;
#5217 = LINE ( 'NONE', #7802, #5906 ) ;
#5218 = EDGE_CURVE ( 'NONE', #6087, #4077, #7887, .T. ) ;
#5219 = CARTESIAN_POINT ( 'NONE',  ( 2.000000000000015500, 4.059797974644667700, 1.375000000000012400 ) ) ;
#5220 = ORIENTED_EDGE ( 'NONE', *, *, #3425, .T. ) ;
#5221 = EDGE_LOOP ( 'NONE', ( #7167, #1323, #371, #1344 ) ) ;
#5222 = VECTOR ( 'NONE', #974, 1000.000000000000000 ) ;
#5223 =( NAMED_UNIT ( * ) PLANE_ANGLE_UNIT ( ) SI_UNIT ( $, .RADIAN. ) );
#5224 = EDGE_CURVE ( 'NONE', #7897, #1350, #4176, .T. ) ;
#5225 = DIRECTION ( 'NONE',  ( -6.938893903906731400E-015, -0.0000000000000000000, 1.000000000000000000 ) ) ;
#5226 = ORIENTED_EDGE ( 'NONE', *, *, #5294, .T. ) ;
#5227 = DIRECTION ( 'NONE',  ( 1.029992063861230000E-014, 0.0000000000000000000, -1.000000000000000000 ) ) ;
#5228 = PLANE ( 'NONE',  #5837 ) ;
#5229 = VERTEX_POINT ( 'NONE', #6614 ) ;
#5230 = DIRECTION ( 'NONE',  ( -1.000000000000000000, 0.0000000000000000000, 6.132518538120488200E-014 ) ) ;
#5231 = EDGE_LOOP ( 'NONE', ( #5416, #3080, #92, #7940 ) ) ;
#5232 = CARTESIAN_POINT ( 'NONE',  ( 0.3749999999999943400, 0.0000000000000000000, 1.599999999999995900 ) ) ;
#5233 = VECTOR ( 'NONE', #3254, 1000.000000000000000 ) ;
#5234 = PLANE ( 'NONE',  #3965 ) ;
#5235 = ADVANCED_FACE ( 'NONE', ( #570 ), #5151, .F. ) ;
#5236 = DIRECTION ( 'NONE',  ( 1.040834085586083500E-014, 0.0000000000000000000, -1.000000000000000000 ) ) ;
#5237 = LINE ( 'NONE', #2051, #2794 ) ;
#5238 = VERTEX_POINT ( 'NONE', #7832 ) ;
#5239 = CARTESIAN_POINT ( 'NONE',  ( 0.3749999999999946700, 0.1000000000000000100, -1.599999999999996300 ) ) ;
#5240 = DIRECTION ( 'NONE',  ( 1.127570259384925100E-014, -0.0000000000000000000, -1.000000000000000000 ) ) ;
#5241 = EDGE_CURVE ( 'NONE', #7087, #381, #7099, .T. ) ;
#5242 = VECTOR ( 'NONE', #5577, 1000.000000000000000 ) ;
#5243 = DIRECTION ( 'NONE',  ( -1.000000000000000000, -0.0000000000000000000, -1.060485249962383600E-013 ) ) ;
#5244 = CARTESIAN_POINT ( 'NONE',  ( 2.000000000000005300, 0.1000000000000000100, 0.8750000000000001100 ) ) ;
#5245 = CARTESIAN_POINT ( 'NONE',  ( 0.3749999999999943400, 4.059797974644667700, 1.599999999999995900 ) ) ;
#5246 = VECTOR ( 'NONE', #4129, 1000.000000000000000 ) ;
#5247 = EDGE_CURVE ( 'NONE', #4180, #6193, #5489, .T. ) ;
#5248 = CARTESIAN_POINT ( 'NONE',  ( 1.600000000000010300, 0.1000000000000000100, 1.125000000000000200 ) ) ;
#5249 = EDGE_CURVE ( 'NONE', #2686, #7868, #368, .T. ) ;
#5250 = CARTESIAN_POINT ( 'NONE',  ( -1.374999999999950900, 0.1000000000000000100, -1.999999999999999100 ) ) ;
#5251 = LINE ( 'NONE', #3960, #1798 ) ;
#5252 = AXIS2_PLACEMENT_3D ( 'NONE', #4731, #3446, #3968 ) ;
#5253 = DIRECTION ( 'NONE',  ( 1.000000000000000000, 0.0000000000000000000, -5.421010862427620800E-015 ) ) ;
#5254 = PLANE ( 'NONE',  #355 ) ;
#5255 =( NAMED_UNIT ( * ) PLANE_ANGLE_UNIT ( ) SI_UNIT ( $, .RADIAN. ) );
#5256 = VECTOR ( 'NONE', #7100, 1000.000000000000000 ) ;
#5257 = DIRECTION ( 'NONE',  ( 1.548860246407863600E-016, 0.0000000000000000000, -1.000000000000000000 ) ) ;
#5258 = ORIENTED_EDGE ( 'NONE', *, *, #3076, .T. ) ;
#5259 = LINE ( 'NONE', #7616, #6145 ) ;
#5260 = LINE ( 'NONE', #6713, #3520 ) ;
#5261 = EDGE_CURVE ( 'NONE', #1390, #4268, #166, .T. ) ;
#5262 = CARTESIAN_POINT ( 'NONE',  ( -1.599999999999989700, 0.0000000000000000000, 1.375000000000000200 ) ) ;
#5263 = LINE ( 'NONE', #6047, #3523 ) ;
#5264 = DIRECTION ( 'NONE',  ( 0.0000000000000000000, 1.000000000000000000, 0.0000000000000000000 ) ) ;
#5265 = DIRECTION ( 'NONE',  ( 1.000000000000000000, 0.0000000000000000000, 0.0000000000000000000 ) ) ;
#5266 = CARTESIAN_POINT ( 'NONE',  ( 0.8749999999999942300, 4.059797974644667700, 1.599999999999995900 ) ) ;
#5267 = STYLED_ITEM ( 'NONE', ( #2798 ), #3788 ) ;
#5268 = CARTESIAN_POINT ( 'NONE',  ( 2.000000000000000000, 0.0000000000000000000, 0.3750000000000000600 ) ) ;
#5269 = VECTOR ( 'NONE', #5113, 1000.000000000000000 ) ;
#5270 = ADVANCED_FACE ( 'NONE', ( #2054 ), #7194, .T. ) ;
#5271 = EDGE_LOOP ( 'NONE', ( #7824, #3735, #1207, #4895 ) ) ;
#5272 = ORIENTED_EDGE ( 'NONE', *, *, #1783, .T. ) ;
#5273 = DIRECTION ( 'NONE',  ( 1.000000000000000000, 0.0000000000000000000, 3.089976191583646000E-014 ) ) ;
#5274 = VECTOR ( 'NONE', #834, 1000.000000000000000 ) ;
#5275 = VECTOR ( 'NONE', #2863, 1000.000000000000000 ) ;
#5276 = ORIENTED_EDGE ( 'NONE', *, *, #5023, .T. ) ;
#5277 = DIRECTION ( 'NONE',  ( 1.000000000000000000, 0.0000000000000000000, -3.469446951953614200E-015 ) ) ;
#5278 = CARTESIAN_POINT ( 'NONE',  ( -1.599999999999994800, 4.059797974644667700, 0.6250000000000001100 ) ) ;
#5279 = VECTOR ( 'NONE', #3005, 1000.000000000000000 ) ;
#5280 = VERTEX_POINT ( 'NONE', #1219 ) ;
#5281 = EDGE_CURVE ( 'NONE', #4278, #6428, #3167, .T. ) ;
#5282 = ORIENTED_EDGE ( 'NONE', *, *, #1476, .F. ) ;
#5283 = FACE_OUTER_BOUND ( 'NONE', #7173, .T. ) ;
#5284 = EDGE_CURVE ( 'NONE', #6008, #2993, #760, .T. ) ;
#5285 = ORIENTED_EDGE ( 'NONE', *, *, #2651, .F. ) ;
#5286 = LINE ( 'NONE', #4908, #7295 ) ;
#5287 =( LENGTH_UNIT ( ) NAMED_UNIT ( * ) SI_UNIT ( .MILLI., .METRE. ) );
#5288 = AXIS2_PLACEMENT_3D ( 'NONE', #651, #2512, #3831 ) ;
#5289 = CARTESIAN_POINT ( 'NONE',  ( 0.3749999999999946700, 4.059797974644667700, -1.599999999999996300 ) ) ;
#5290 = EDGE_LOOP ( 'NONE', ( #4808, #1765, #1672, #3305 ) ) ;
#5291 = PLANE ( 'NONE',  #1949 ) ;
#5292 = EDGE_LOOP ( 'NONE', ( #3265, #7471, #1815, #3373 ) ) ;
#5293 = ORIENTED_EDGE ( 'NONE', *, *, #2465, .T. ) ;
#5294 = EDGE_CURVE ( 'NONE', #1856, #3290, #6509, .T. ) ;
#5295 = CARTESIAN_POINT ( 'NONE',  ( 2.000000000000005300, 4.059797974644667700, 0.6250000000000000000 ) ) ;
#5296 = ORIENTED_EDGE ( 'NONE', *, *, #3561, .T. ) ;
#5297 = ORIENTED_EDGE ( 'NONE', *, *, #2908, .F. ) ;
#5298 = ORIENTED_EDGE ( 'NONE', *, *, #7044, .F. ) ;
#5299 = EDGE_CURVE ( 'NONE', #6503, #8029, #2949, .T. ) ;
#5300 = ORIENTED_EDGE ( 'NONE', *, *, #2742, .T. ) ;
#5301 = LINE ( 'NONE', #4042, #2662 ) ;
#5302 =( GEOMETRIC_REPRESENTATION_CONTEXT ( 3 ) GLOBAL_UNCERTAINTY_ASSIGNED_CONTEXT ( ( #1812 ) ) GLOBAL_UNIT_ASSIGNED_CONTEXT ( ( #6286, #1852, #6252 ) ) REPRESENTATION_CONTEXT ( 'NONE', 'WORKASPACE' ) );
#5303 = CARTESIAN_POINT ( 'NONE',  ( 0.1249999999999984000, 4.059797974644667700, 1.999999999999997800 ) ) ;
#5304 = CARTESIAN_POINT ( 'NONE',  ( 1.374999999999994700, 0.0000000000000000000, -1.599999999999996300 ) ) ;
#5305 = ORIENTED_EDGE ( 'NONE', *, *, #2307, .T. ) ;
#5306 = ORIENTED_EDGE ( 'NONE', *, *, #5959, .F. ) ;
#5307 = ORIENTED_EDGE ( 'NONE', *, *, #6754, .F. ) ;
#5308 =( GEOMETRIC_REPRESENTATION_CONTEXT ( 3 ) GLOBAL_UNCERTAINTY_ASSIGNED_CONTEXT ( ( #3846 ) ) GLOBAL_UNIT_ASSIGNED_CONTEXT ( ( #7664, #1218, #1307 ) ) REPRESENTATION_CONTEXT ( 'NONE', 'WORKASPACE' ) );
#5309 = MANIFOLD_SOLID_BREP ( 'Boss-Extrude2[19]', #7476 ) ;
#5310 = DIRECTION ( 'NONE',  ( -1.000000000000000000, 0.0000000000000000000, 8.673617379884036500E-016 ) ) ;
#5311 = ORIENTED_EDGE ( 'NONE', *, *, #7355, .T. ) ;
#5312 = DIRECTION ( 'NONE',  ( -1.000000000000000000, 0.0000000000000000000, -1.040834085586084700E-014 ) ) ;
#5313 = LINE ( 'NONE', #43, #376 ) ;
#5314 = DIRECTION ( 'NONE',  ( 0.0000000000000000000, -1.000000000000000000, 0.0000000000000000000 ) ) ;
#5315 = EDGE_CURVE ( 'NONE', #3366, #3047, #4374, .T. ) ;
#5316 = FILL_AREA_STYLE ('',( #2645 ) ) ;
#5317 = ORIENTED_EDGE ( 'NONE', *, *, #8282, .T. ) ;
#5318 = ORIENTED_EDGE ( 'NONE', *, *, #7962, .F. ) ;
#5319 = ADVANCED_FACE ( 'NONE', ( #6393 ), #6377, .F. ) ;
#5320 = VERTEX_POINT ( 'NONE', #2095 ) ;
#5321 = CARTESIAN_POINT ( 'NONE',  ( 1.600000000000005200, 0.0000000000000000000, -0.8750000000000001100 ) ) ;
#5322 = DIRECTION ( 'NONE',  ( -0.0000000000000000000, 1.000000000000000000, 0.0000000000000000000 ) ) ;
#5323 = DIRECTION ( 'NONE',  ( 0.0000000000000000000, 0.0000000000000000000, -1.000000000000000000 ) ) ;
#5324 = CARTESIAN_POINT ( 'NONE',  ( 1.600000000000010500, 4.059797974644667700, 1.375000000000000200 ) ) ;
#5325 = AXIS2_PLACEMENT_3D ( 'NONE', #5534, #7909, #400 ) ;
#5326 = ORIENTED_EDGE ( 'NONE', *, *, #4770, .T. ) ;
#5327 = ORIENTED_EDGE ( 'NONE', *, *, #5469, .T. ) ;
#5328 = EDGE_CURVE ( 'NONE', #5817, #593, #5200, .T. ) ;
#5329 = CARTESIAN_POINT ( 'NONE',  ( 1.600000000000010300, 0.1000000000000000100, -1.125000000000000200 ) ) ;
#5330 = DIRECTION ( 'NONE',  ( 0.0000000000000000000, -0.0000000000000000000, 1.000000000000000000 ) ) ;
#5331 = DIRECTION ( 'NONE',  ( -1.000000000000000000, 0.0000000000000000000, -0.0000000000000000000 ) ) ;
#5332 = SURFACE_STYLE_FILL_AREA ( #2064 ) ;
#5333 = DIRECTION ( 'NONE',  ( -1.000000000000000000, 0.0000000000000000000, -1.668003342285391800E-016 ) ) ;
#5334 = EDGE_LOOP ( 'NONE', ( #1485, #437, #7675, #6009 ) ) ;
#5335 = VECTOR ( 'NONE', #492, 1000.000000000000000 ) ;
#5336 = VERTEX_POINT ( 'NONE', #209 ) ;
#5337 = CARTESIAN_POINT ( 'NONE',  ( 1.124999999999994700, 0.1000000000000000100, -1.599999999999999000 ) ) ;
#5338 = EDGE_CURVE ( 'NONE', #1858, #7127, #5391, .T. ) ;
#5339 = PLANE ( 'NONE',  #5953 ) ;
#5340 = LINE ( 'NONE', #2280, #2697 ) ;
#5341 = DIRECTION ( 'NONE',  ( -1.000000000000000000, -0.0000000000000000000, 1.040834085586084700E-014 ) ) ;
#5342 = DIRECTION ( 'NONE',  ( 0.0000000000000000000, 0.0000000000000000000, -1.000000000000000000 ) ) ;
#5343 = LINE ( 'NONE', #6488, #1889 ) ;
#5344 = FACE_OUTER_BOUND ( 'NONE', #7418, .T. ) ;
#5345 = LINE ( 'NONE', #2552, #5630 ) ;
#5346 = CARTESIAN_POINT ( 'NONE',  ( 2.000000000000005300, 0.0000000000000000000, -0.8750000000000001100 ) ) ;
#5347 = LINE ( 'NONE', #4887, #21 ) ;
#5348 = CARTESIAN_POINT ( 'NONE',  ( -1.124999999999994400, 0.0000000000000000000, 1.599999999999998500 ) ) ;
#5349 = EDGE_CURVE ( 'NONE', #3203, #6088, #3557, .T. ) ;
#5350 = DIRECTION ( 'NONE',  ( 0.0000000000000000000, 0.0000000000000000000, -1.000000000000000000 ) ) ;
#5351 = AXIS2_PLACEMENT_3D ( 'NONE', #3921, #5859, #2056 ) ;
#5352 = PLANE ( 'NONE',  #2964 ) ;
#5353 = VECTOR ( 'NONE', #42, 1000.000000000000000 ) ;
#5354 = ADVANCED_FACE ( 'NONE', ( #5085 ), #4774, .F. ) ;
#5355 = VERTEX_POINT ( 'NONE', #7357 ) ;
#5356 = FACE_OUTER_BOUND ( 'NONE', #1471, .T. ) ;
#5357 = DIRECTION ( 'NONE',  ( 0.0000000000000000000, -1.000000000000000000, 0.0000000000000000000 ) ) ;
#5358 = EDGE_CURVE ( 'NONE', #2353, #4470, #5887, .T. ) ;
#5359 = STYLED_ITEM ( 'NONE', ( #6769 ), #1420 ) ;
#5360 = LINE ( 'NONE', #5885, #525 ) ;
#5361 = DIRECTION ( 'NONE',  ( 0.0000000000000000000, 0.0000000000000000000, 1.000000000000000000 ) ) ;
#5362 = ORIENTED_EDGE ( 'NONE', *, *, #6471, .F. ) ;
#5363 = DIRECTION ( 'NONE',  ( 1.103175710504001600E-013, 0.0000000000000000000, 1.000000000000000000 ) ) ;
#5364 = DIRECTION ( 'NONE',  ( 0.0000000000000000000, 1.000000000000000000, 0.0000000000000000000 ) ) ;
#5365 = SURFACE_SIDE_STYLE ('',( #2945 ) ) ;
#5366 = LINE ( 'NONE', #5441, #5761 ) ;
#5367 = DIRECTION ( 'NONE',  ( -0.0000000000000000000, 0.0000000000000000000, -1.000000000000000000 ) ) ;
#5368 = VECTOR ( 'NONE', #2592, 1000.000000000000000 ) ;
#5369 = ORIENTED_EDGE ( 'NONE', *, *, #5008, .T. ) ;
#5370 =( NAMED_UNIT ( * ) PLANE_ANGLE_UNIT ( ) SI_UNIT ( $, .RADIAN. ) );
#5371 = EDGE_CURVE ( 'NONE', #4075, #938, #1247, .T. ) ;
#5372 = DIRECTION ( 'NONE',  ( -1.000000000000000000, -0.0000000000000000000, 6.938893903907229200E-015 ) ) ;
#5373 = ORIENTED_EDGE ( 'NONE', *, *, #703, .T. ) ;
#5374 = ORIENTED_EDGE ( 'NONE', *, *, #3622, .F. ) ;
#5375 = VERTEX_POINT ( 'NONE', #5443 ) ;
#5376 = EDGE_LOOP ( 'NONE', ( #2150, #7202, #700, #6192 ) ) ;
#5377 = VECTOR ( 'NONE', #4823, 1000.000000000000000 ) ;
#5378 = VECTOR ( 'NONE', #7685, 1000.000000000000000 ) ;
#5379 = CARTESIAN_POINT ( 'NONE',  ( 2.000000000000015500, 0.0000000000000000000, 1.375000000000012400 ) ) ;
#5380 = ORIENTED_EDGE ( 'NONE', *, *, #5505, .F. ) ;
#5381 = ORIENTED_EDGE ( 'NONE', *, *, #3693, .F. ) ;
#5382 = DIRECTION ( 'NONE',  ( 1.691355389077552800E-013, 0.0000000000000000000, -1.000000000000000000 ) ) ;
#5383 = VECTOR ( 'NONE', #4929, 1000.000000000000000 ) ;
#5384 = DIRECTION ( 'NONE',  ( -0.0000000000000000000, 1.000000000000000000, 0.0000000000000000000 ) ) ;
#5385 = PLANE ( 'NONE',  #7912 ) ;
#5386 = ORIENTED_EDGE ( 'NONE', *, *, #614, .T. ) ;
#5387 = VERTEX_POINT ( 'NONE', #1579 ) ;
#5388 = ORIENTED_EDGE ( 'NONE', *, *, #3496, .F. ) ;
#5389 = EDGE_LOOP ( 'NONE', ( #2110, #3489, #6790, #6871 ) ) ;
#5390 = ADVANCED_FACE ( 'NONE', ( #4978 ), #7272, .F. ) ;
#5391 = LINE ( 'NONE', #284, #2242 ) ;
#5392 = FILL_AREA_STYLE ('',( #5212 ) ) ;
#5393 = DIRECTION ( 'NONE',  ( -1.000000000000000000, 0.0000000000000000000, -0.0000000000000000000 ) ) ;
#5394 = DIRECTION ( 'NONE',  ( -0.0000000000000000000, 1.000000000000000000, 0.0000000000000000000 ) ) ;
#5395 = ORIENTED_EDGE ( 'NONE', *, *, #5567, .F. ) ;
#5396 = DIRECTION ( 'NONE',  ( 2.081668171172264100E-014, 0.0000000000000000000, -1.000000000000000000 ) ) ;
#5397 = EDGE_LOOP ( 'NONE', ( #1436, #7021, #1494, #6966 ) ) ;
#5398 = VERTEX_POINT ( 'NONE', #7307 ) ;
#5399 = EDGE_CURVE ( 'NONE', #2423, #6690, #4680, .T. ) ;
#5400 = DIRECTION ( 'NONE',  ( 1.000000000000000000, 0.0000000000000000000, 1.548860246407863600E-016 ) ) ;
#5401 = EDGE_LOOP ( 'NONE', ( #1718, #4786, #8151, #7457 ) ) ;
#5402 = ORIENTED_EDGE ( 'NONE', *, *, #329, .T. ) ;
#5403 = ORIENTED_EDGE ( 'NONE', *, *, #2528, .F. ) ;
#5404 = ORIENTED_EDGE ( 'NONE', *, *, #7608, .T. ) ;
#5405 = FACE_OUTER_BOUND ( 'NONE', #971, .T. ) ;
#5406 = FILL_AREA_STYLE ('',( #2778 ) ) ;
#5407 = DIRECTION ( 'NONE',  ( 1.040834085586084700E-014, 0.0000000000000000000, 1.000000000000000000 ) ) ;
#5408 = ORIENTED_EDGE ( 'NONE', *, *, #3578, .F. ) ;
#5409 = DIRECTION ( 'NONE',  ( 0.0000000000000000000, -0.0000000000000000000, 1.000000000000000000 ) ) ;
#5410 = CARTESIAN_POINT ( 'NONE',  ( 0.8749999999999942300, 0.1000000000000002600, 1.599999999999995900 ) ) ;
#5411 = VERTEX_POINT ( 'NONE', #6714 ) ;
#5412 = LINE ( 'NONE', #4728, #7422 ) ;
#5413 = EDGE_CURVE ( 'NONE', #5616, #5544, #3368, .T. ) ;
#5414 = CARTESIAN_POINT ( 'NONE',  ( 0.0000000000000000000, 0.1000000000000000100, 0.0000000000000000000 ) ) ;
#5415 = ORIENTED_EDGE ( 'NONE', *, *, #1802, .T. ) ;
#5416 = ORIENTED_EDGE ( 'NONE', *, *, #4310, .T. ) ;
#5417 = PLANE ( 'NONE',  #4486 ) ;
#5418 = ORIENTED_EDGE ( 'NONE', *, *, #5930, .F. ) ;
#5419 = CARTESIAN_POINT ( 'NONE',  ( -1.399999999999999900, 0.0000000000000000000, 1.399999999999999700 ) ) ;
#5420 = MECHANICAL_DESIGN_GEOMETRIC_PRESENTATION_REPRESENTATION (  '', ( #4224 ), #3629 ) ;
#5421 = LINE ( 'NONE', #5424, #2998 ) ;
#5422 = ORIENTED_EDGE ( 'NONE', *, *, #829, .F. ) ;
#5423 = CARTESIAN_POINT ( 'NONE',  ( -2.100000000000000100, 1.050000000000000000, 2.100000000000000100 ) ) ;
#5424 = CARTESIAN_POINT ( 'NONE',  ( 1.399999999999999900, 0.0000000000000000000, 1.400000000000000100 ) ) ;
#5425 = CARTESIAN_POINT ( 'NONE',  ( 2.000000000000000000, 4.059797974644667700, 0.3750000000000000600 ) ) ;
#5426 = VECTOR ( 'NONE', #1526, 1000.000000000000000 ) ;
#5427 = LINE ( 'NONE', #4519, #5242 ) ;
#5428 = EDGE_CURVE ( 'NONE', #7799, #2069, #1637, .T. ) ;
#5429 = EDGE_CURVE ( 'NONE', #675, #4798, #8171, .T. ) ;
#5430 = PLANE ( 'NONE',  #2803 ) ;
#5431 = CARTESIAN_POINT ( 'NONE',  ( -1.599999999999991200, 0.1000000000000000100, 1.125000000000014700 ) ) ;
#5432 = LINE ( 'NONE', #6673, #1591 ) ;
#5433 = PLANE ( 'NONE',  #5011 ) ;
#5434 = STYLED_ITEM ( 'NONE', ( #69 ), #5309 ) ;
#5435 =( NAMED_UNIT ( * ) SI_UNIT ( $, .STERADIAN. ) SOLID_ANGLE_UNIT ( ) );
#5436 = CARTESIAN_POINT ( 'NONE',  ( 1.374999999999994700, 0.1000000000000000100, -1.599999999999996300 ) ) ;
#5437 = ADVANCED_FACE ( 'NONE', ( #944 ), #4796, .T. ) ;
#5438 = PLANE ( 'NONE',  #4983 ) ;
#5439 = EDGE_CURVE ( 'NONE', #6257, #1576, #3276, .T. ) ;
#5440 = DIRECTION ( 'NONE',  ( -1.000000000000000000, 0.0000000000000000000, -1.040834085586084300E-014 ) ) ;
#5441 = CARTESIAN_POINT ( 'NONE',  ( -2.100000000000000100, 1.050000000000000000, 2.100000000000000100 ) ) ;
#5442 = VECTOR ( 'NONE', #8208, 1000.000000000000000 ) ;
#5443 = CARTESIAN_POINT ( 'NONE',  ( -0.1249999999999947700, 0.1000000000000000100, -1.599999999999999000 ) ) ;
#5444 = EDGE_CURVE ( 'NONE', #654, #1054, #3064, .T. ) ;
#5445 = MANIFOLD_SOLID_BREP ( 'Boss-Extrude2[24]', #5195 ) ;
#5446 = DIRECTION ( 'NONE',  ( 0.0000000000000000000, 0.0000000000000000000, -1.000000000000000000 ) ) ;
#5447 = LINE ( 'NONE', #4746, #4752 ) ;
#5448 = CARTESIAN_POINT ( 'NONE',  ( 1.600000000000010500, 0.1000000000000000100, -1.375000000000000200 ) ) ;
#5449 = CARTESIAN_POINT ( 'NONE',  ( -1.599999999999989700, 4.059797974644667700, 1.375000000000000200 ) ) ;
#5450 = FACE_OUTER_BOUND ( 'NONE', #1831, .T. ) ;
#5451 = DIRECTION ( 'NONE',  ( 1.103175710504001600E-013, 0.0000000000000000000, 1.000000000000000000 ) ) ;
#5452 = EDGE_CURVE ( 'NONE', #1837, #5592, #7582, .T. ) ;
#5453 = VECTOR ( 'NONE', #6319, 1000.000000000000000 ) ;
#5454 = EDGE_CURVE ( 'NONE', #4276, #1858, #261, .T. ) ;
#5455 = DIRECTION ( 'NONE',  ( -8.673617379884035500E-016, -0.0000000000000000000, 1.000000000000000000 ) ) ;
#5456 = FACE_OUTER_BOUND ( 'NONE', #6100, .T. ) ;
#5457 = DIRECTION ( 'NONE',  ( 0.0000000000000000000, -1.000000000000000000, 0.0000000000000000000 ) ) ;
#5458 = DIRECTION ( 'NONE',  ( 0.0000000000000000000, -0.0000000000000000000, -1.000000000000000000 ) ) ;
#5459 = CARTESIAN_POINT ( 'NONE',  ( 1.124999999999994400, 0.1000000000000000100, 1.599999999999998500 ) ) ;
#5460 = VERTEX_POINT ( 'NONE', #2880 ) ;
#5461 = ORIENTED_EDGE ( 'NONE', *, *, #3183, .T. ) ;
#5462 = SURFACE_STYLE_FILL_AREA ( #4035 ) ;
#5463 = VECTOR ( 'NONE', #4713, 1000.000000000000000 ) ;
#5464 = ORIENTED_EDGE ( 'NONE', *, *, #4217, .T. ) ;
#5465 = AXIS2_PLACEMENT_3D ( 'NONE', #3725, #3027, #6337 ) ;
#5466 = DIRECTION ( 'NONE',  ( 3.089976191583642800E-014, 0.0000000000000000000, 1.000000000000000000 ) ) ;
#5467 = DIRECTION ( 'NONE',  ( 1.000000000000000000, -0.0000000000000000000, -0.0000000000000000000 ) ) ;
#5468 = FACE_OUTER_BOUND ( 'NONE', #1508, .T. ) ;
#5469 = EDGE_CURVE ( 'NONE', #2256, #8265, #5286, .T. ) ;
#5470 = VERTEX_POINT ( 'NONE', #7385 ) ;
#5471 = ORIENTED_EDGE ( 'NONE', *, *, #4170, .T. ) ;
#5472 = VECTOR ( 'NONE', #5497, 1000.000000000000000 ) ;
#5473 = DIRECTION ( 'NONE',  ( -0.0000000000000000000, -1.000000000000000000, -0.0000000000000000000 ) ) ;
#5474 = ORIENTED_EDGE ( 'NONE', *, *, #6764, .F. ) ;
#5475 = FACE_OUTER_BOUND ( 'NONE', #389, .T. ) ;
#5476 = ADVANCED_FACE ( 'NONE', ( #5475 ), #2905, .T. ) ;
#5477 = PLANE ( 'NONE',  #7726 ) ;
#5478 = VERTEX_POINT ( 'NONE', #1659 ) ;
#5479 = VECTOR ( 'NONE', #429, 1000.000000000000000 ) ;
#5480 = VERTEX_POINT ( 'NONE', #8032 ) ;
#5481 = EDGE_CURVE ( 'NONE', #7110, #749, #1736, .T. ) ;
#5482 = ORIENTED_EDGE ( 'NONE', *, *, #5452, .F. ) ;
#5483 = DIRECTION ( 'NONE',  ( 0.0000000000000000000, 0.0000000000000000000, 1.000000000000000000 ) ) ;
#5484 = ORIENTED_EDGE ( 'NONE', *, *, #6294, .F. ) ;
#5485 = ORIENTED_EDGE ( 'NONE', *, *, #3730, .F. ) ;
#5486 = ORIENTED_EDGE ( 'NONE', *, *, #5683, .F. ) ;
#5487 = DIRECTION ( 'NONE',  ( 0.0000000000000000000, -0.0000000000000000000, 1.000000000000000000 ) ) ;
#5488 = PLANE ( 'NONE',  #5977 ) ;
#5489 = LINE ( 'NONE', #594, #2063 ) ;
#5490 = CARTESIAN_POINT ( 'NONE',  ( -2.100000000000000100, 0.3500000000000001400, 2.100000000000000100 ) ) ;
#5491 = CARTESIAN_POINT ( 'NONE',  ( -1.599999999999995000, 4.059797974644667700, -0.8750000000000001100 ) ) ;
#5492 = ORIENTED_EDGE ( 'NONE', *, *, #1220, .T. ) ;
#5493 = DIRECTION ( 'NONE',  ( 1.000000000000000000, 0.0000000000000000000, 0.0000000000000000000 ) ) ;
#5494 = ORIENTED_EDGE ( 'NONE', *, *, #1079, .T. ) ;
#5495 = ORIENTED_EDGE ( 'NONE', *, *, #1770, .T. ) ;
#5496 = EDGE_CURVE ( 'NONE', #1172, #2519, #4968, .T. ) ;
#5497 = DIRECTION ( 'NONE',  ( -0.0000000000000000000, -0.0000000000000000000, 1.000000000000000000 ) ) ;
#5498 = VECTOR ( 'NONE', #6561, 1000.000000000000000 ) ;
#5499 = CARTESIAN_POINT ( 'NONE',  ( -1.599999999999995000, 0.1000000000000000100, -0.8750000000000001100 ) ) ;
#5500 = DIRECTION ( 'NONE',  ( -0.0000000000000000000, -1.000000000000000000, -0.0000000000000000000 ) ) ;
#5501 = VERTEX_POINT ( 'NONE', #1053 ) ;
#5502 = ORIENTED_EDGE ( 'NONE', *, *, #1016, .T. ) ;
#5503 = ORIENTED_EDGE ( 'NONE', *, *, #4759, .F. ) ;
#5504 = FILL_AREA_STYLE ('',( #4225 ) ) ;
#5505 = EDGE_CURVE ( 'NONE', #4939, #654, #2555, .T. ) ;
#5506 = LINE ( 'NONE', #4494, #3784 ) ;
#5507 = EDGE_CURVE ( 'NONE', #2349, #5280, #3268, .T. ) ;
#5508 = DIRECTION ( 'NONE',  ( 0.0000000000000000000, 1.000000000000000000, 0.0000000000000000000 ) ) ;
#5509 = FILL_AREA_STYLE_COLOUR ( '', #449 ) ;
#5510 = ADVANCED_FACE ( 'NONE', ( #5578 ), #1689, .T. ) ;
#5511 = ORIENTED_EDGE ( 'NONE', *, *, #5328, .F. ) ;
#5512 = AXIS2_PLACEMENT_3D ( 'NONE', #1260, #3147, #5770 ) ;
#5513 = ORIENTED_EDGE ( 'NONE', *, *, #5172, .F. ) ;
#5514 = CARTESIAN_POINT ( 'NONE',  ( -1.374999999999994700, 4.059797974644667700, -1.599999999999996300 ) ) ;
#5515 = VECTOR ( 'NONE', #5998, 1000.000000000000000 ) ;
#5516 = CARTESIAN_POINT ( 'NONE',  ( 0.8749999999999984500, 0.1000000000000002600, 1.999999999999996200 ) ) ;
#5517 = LINE ( 'NONE', #3084, #300 ) ;
#5518 = CARTESIAN_POINT ( 'NONE',  ( 1.374999999999994700, 0.0000000000000000000, -1.599999999999996300 ) ) ;
#5519 = VECTOR ( 'NONE', #3570, 1000.000000000000000 ) ;
#5520 = ORIENTED_EDGE ( 'NONE', *, *, #3151, .T. ) ;
#5521 = FILL_AREA_STYLE ('',( #1571 ) ) ;
#5522 = ADVANCED_FACE ( 'NONE', ( #4575 ), #4223, .T. ) ;
#5523 = EDGE_CURVE ( 'NONE', #5616, #2920, #1537, .T. ) ;
#5524 = DIRECTION ( 'NONE',  ( -1.000000000000000000, 0.0000000000000000000, 6.132518538120488200E-014 ) ) ;
#5525 = VECTOR ( 'NONE', #4143, 1000.000000000000000 ) ;
#5526 = PLANE ( 'NONE',  #981 ) ;
#5527 = LINE ( 'NONE', #3632, #4421 ) ;
#5528 = DIRECTION ( 'NONE',  ( 1.000000000000000000, 0.0000000000000000000, -1.040834085586084700E-014 ) ) ;
#5529 = LINE ( 'NONE', #2557, #1495 ) ;
#5530 = CARTESIAN_POINT ( 'NONE',  ( 1.124999999999998900, 0.0000000000000000000, -1.999999999999998700 ) ) ;
#5531 = AXIS2_PLACEMENT_3D ( 'NONE', #3731, #2527, #5069 ) ;
#5532 = VECTOR ( 'NONE', #4531, 1000.000000000000000 ) ;
#5533 = CARTESIAN_POINT ( 'NONE',  ( 0.0000000000000000000, 0.3500000000000001400, 0.0000000000000000000 ) ) ;
#5534 = CARTESIAN_POINT ( 'NONE',  ( 0.0000000000000000000, 0.0000000000000000000, 0.0000000000000000000 ) ) ;
#5535 = DIRECTION ( 'NONE',  ( -3.089976191583647900E-014, 0.0000000000000000000, 1.000000000000000000 ) ) ;
#5536 = EDGE_CURVE ( 'NONE', #4487, #6923, #1142, .T. ) ;
#5537 = DIRECTION ( 'NONE',  ( 0.0000000000000000000, -0.0000000000000000000, 1.000000000000000000 ) ) ;
#5538 = CARTESIAN_POINT ( 'NONE',  ( -0.8749999999999508200, 4.059797974644667700, -1.999999999999999100 ) ) ;
#5539 = DIRECTION ( 'NONE',  ( 0.0000000000000000000, -1.000000000000000000, 0.0000000000000000000 ) ) ;
#5540 = CARTESIAN_POINT ( 'NONE',  ( -2.000000000000000000, 0.1000000000000000100, 0.1250000000000000300 ) ) ;
#5541 = AXIS2_PLACEMENT_3D ( 'NONE', #3039, #3075, #7545 ) ;
#5542 = ORIENTED_EDGE ( 'NONE', *, *, #5064, .T. ) ;
#5543 =( NAMED_UNIT ( * ) PLANE_ANGLE_UNIT ( ) SI_UNIT ( $, .RADIAN. ) );
#5544 = VERTEX_POINT ( 'NONE', #6172 ) ;
#5545 = CARTESIAN_POINT ( 'NONE',  ( -1.124999999999994700, 4.059797974644667700, -1.599999999999999000 ) ) ;
#5546 = VECTOR ( 'NONE', #2635, 1000.000000000000000 ) ;
#5547 = UNCERTAINTY_MEASURE_WITH_UNIT (LENGTH_MEASURE( 1.000000000000000100E-005 ), #4005, 'distance_accuracy_value', 'NONE');
#5548 = CARTESIAN_POINT ( 'NONE',  ( 0.8749999999999946700, 0.0000000000000000000, -1.599999999999996300 ) ) ;
#5549 = DIRECTION ( 'NONE',  ( 1.000000000000000000, 0.0000000000000000000, -3.089976191583642800E-014 ) ) ;
#5550 = DIRECTION ( 'NONE',  ( 6.098637220231030600E-014, 0.0000000000000000000, 1.000000000000000000 ) ) ;
#5551 = LINE ( 'NONE', #2870, #523 ) ;
#5552 = SURFACE_STYLE_USAGE ( .BOTH. , #1711 ) ;
#5553 = EDGE_CURVE ( 'NONE', #7813, #1088, #4261, .T. ) ;
#5554 = LINE ( 'NONE', #4582, #5765 ) ;
#5555 = VERTEX_POINT ( 'NONE', #7492 ) ;
#5556 = ADVANCED_FACE ( 'NONE', ( #6980 ), #1081, .T. ) ;
#5557 = AXIS2_PLACEMENT_3D ( 'NONE', #1910, #7684, #7147 ) ;
#5558 = LINE ( 'NONE', #5518, #3840 ) ;
#5559 = DIRECTION ( 'NONE',  ( -1.060485249962383800E-013, 0.0000000000000000000, 1.000000000000000000 ) ) ;
#5560 = ORIENTED_EDGE ( 'NONE', *, *, #8125, .F. ) ;
#5561 = DIRECTION ( 'NONE',  ( -8.673617379884035500E-016, 0.0000000000000000000, 1.000000000000000000 ) ) ;
#5562 = AXIS2_PLACEMENT_3D ( 'NONE', #5759, #5818, #15 ) ;
#5563 = DIRECTION ( 'NONE',  ( 0.0000000000000000000, -1.000000000000000000, 0.0000000000000000000 ) ) ;
#5564 = VERTEX_POINT ( 'NONE', #5530 ) ;
#5565 = ORIENTED_EDGE ( 'NONE', *, *, #5038, .T. ) ;
#5566 = LINE ( 'NONE', #3462, #537 ) ;
#5567 = EDGE_CURVE ( 'NONE', #579, #2764, #6076, .T. ) ;
#5568 = DIRECTION ( 'NONE',  ( -1.029992063861230200E-014, 0.0000000000000000000, 1.000000000000000000 ) ) ;
#5569 = DIRECTION ( 'NONE',  ( 0.0000000000000000000, -0.0000000000000000000, 1.000000000000000000 ) ) ;
#5570 = DIRECTION ( 'NONE',  ( -1.000000000000000000, 0.0000000000000000000, 8.673617379884035500E-016 ) ) ;
#5571 = DIRECTION ( 'NONE',  ( 1.000000000000000000, 0.0000000000000000000, 0.0000000000000000000 ) ) ;
#5572 = ORIENTED_EDGE ( 'NONE', *, *, #1149, .T. ) ;
#5573 = ORIENTED_EDGE ( 'NONE', *, *, #722, .F. ) ;
#5574 = VERTEX_POINT ( 'NONE', #1771 ) ;
#5575 = VECTOR ( 'NONE', #2200, 1000.000000000000000 ) ;
#5576 = AXIS2_PLACEMENT_3D ( 'NONE', #4940, #3092, #6272 ) ;
#5577 = DIRECTION ( 'NONE',  ( -0.0000000000000000000, -1.000000000000000000, -0.0000000000000000000 ) ) ;
#5578 = FACE_OUTER_BOUND ( 'NONE', #2154, .T. ) ;
#5579 = DIRECTION ( 'NONE',  ( 6.071532165919179000E-015, 0.0000000000000000000, -1.000000000000000000 ) ) ;
#5580 = CARTESIAN_POINT ( 'NONE',  ( 2.000000000000001800, 0.0000000000000000000, 0.1249999999999821400 ) ) ;
#5581 = DIRECTION ( 'NONE',  ( -0.0000000000000000000, -1.000000000000000000, -0.0000000000000000000 ) ) ;
#5582 = CARTESIAN_POINT ( 'NONE',  ( 0.3749999999999946700, 4.059797974644667700, -1.599999999999996300 ) ) ;
#5583 = ORIENTED_EDGE ( 'NONE', *, *, #1460, .T. ) ;
#5584 = ORIENTED_EDGE ( 'NONE', *, *, #5553, .F. ) ;
#5585 = VERTEX_POINT ( 'NONE', #8201 ) ;
#5586 = ORIENTED_EDGE ( 'NONE', *, *, #465, .F. ) ;
#5587 = VECTOR ( 'NONE', #5760, 1000.000000000000000 ) ;
#5588 = PLANE ( 'NONE',  #4277 ) ;
#5589 = CARTESIAN_POINT ( 'NONE',  ( 1.600000000000010500, 0.1000000000000002600, -1.375000000000000200 ) ) ;
#5590 = EDGE_CURVE ( 'NONE', #1287, #6186, #7785, .T. ) ;
#5591 = ORIENTED_EDGE ( 'NONE', *, *, #7070, .F. ) ;
#5592 = VERTEX_POINT ( 'NONE', #7526 ) ;
#5593 = ORIENTED_EDGE ( 'NONE', *, *, #7436, .F. ) ;
#5594 = DIRECTION ( 'NONE',  ( 1.000000000000000000, 0.0000000000000000000, 1.040834085586083300E-014 ) ) ;
#5595 = EDGE_CURVE ( 'NONE', #4694, #1827, #2439, .T. ) ;
#5596 = ADVANCED_FACE ( 'NONE', ( #3453 ), #3655, .T. ) ;
#5597 = AXIS2_PLACEMENT_3D ( 'NONE', #412, #2952, #8085 ) ;
#5598 = ORIENTED_EDGE ( 'NONE', *, *, #3835, .T. ) ;
#5599 = CARTESIAN_POINT ( 'NONE',  ( 1.600000000000010300, 0.1000000000000002600, -1.125000000000000200 ) ) ;
#5600 = VERTEX_POINT ( 'NONE', #8136 ) ;
#5601 = ORIENTED_EDGE ( 'NONE', *, *, #4178, .F. ) ;
#5602 = CARTESIAN_POINT ( 'NONE',  ( 1.600000000000010500, 0.0000000000000000000, -1.375000000000000200 ) ) ;
#5603 = EDGE_LOOP ( 'NONE', ( #4909, #2962, #7661, #576 ) ) ;
#5604 = VECTOR ( 'NONE', #5451, 1000.000000000000000 ) ;
#5605 = ADVANCED_FACE ( 'NONE', ( #750 ), #6349, .F. ) ;
#5606 = LINE ( 'NONE', #4659, #2363 ) ;
#5607 = EDGE_CURVE ( 'NONE', #6535, #3882, #353, .T. ) ;
#5608 = VERTEX_POINT ( 'NONE', #6287 ) ;
#5609 = DIRECTION ( 'NONE',  ( -0.0000000000000000000, -1.000000000000000000, -0.0000000000000000000 ) ) ;
#5610 = EDGE_LOOP ( 'NONE', ( #2422, #171, #4657, #5388 ) ) ;
#5611 = DIRECTION ( 'NONE',  ( 1.000000000000000000, 0.0000000000000000000, 1.040834085586084700E-014 ) ) ;
#5612 = VECTOR ( 'NONE', #1430, 1000.000000000000000 ) ;
#5613 = AXIS2_PLACEMENT_3D ( 'NONE', #3710, #8112, #2386 ) ;
#5614 = DIRECTION ( 'NONE',  ( -1.100465205072788000E-013, 0.0000000000000000000, -1.000000000000000000 ) ) ;
#5615 = COLOUR_RGB ( '',0.7921568627450980000, 0.8196078431372548800, 0.9333333333333333500 ) ;
#5616 = VERTEX_POINT ( 'NONE', #4339 ) ;
#5617 = ORIENTED_EDGE ( 'NONE', *, *, #2886, .F. ) ;
#5618 = VERTEX_POINT ( 'NONE', #2413 ) ;
#5619 = EDGE_CURVE ( 'NONE', #1154, #4849, #6883, .T. ) ;
#5620 = DIRECTION ( 'NONE',  ( 1.029992063861230000E-014, 0.0000000000000000000, -1.000000000000000000 ) ) ;
#5621 = AXIS2_PLACEMENT_3D ( 'NONE', #4767, #7221, #2094 ) ;
#5622 = PLANE ( 'NONE',  #1462 ) ;
#5623 = VECTOR ( 'NONE', #3551, 1000.000000000000000 ) ;
#5624 = CARTESIAN_POINT ( 'NONE',  ( 0.6249999999999943400, 0.0000000000000000000, 1.599999999999998500 ) ) ;
#5625 = VECTOR ( 'NONE', #859, 1000.000000000000000 ) ;
#5626 = ORIENTED_EDGE ( 'NONE', *, *, #6570, .T. ) ;
#5627 = CARTESIAN_POINT ( 'NONE',  ( -1.599999999999995000, 0.1000000000000000100, 0.8750000000000001100 ) ) ;
#5628 = CARTESIAN_POINT ( 'NONE',  ( -0.1249999999999943900, 0.1000000000000000100, 1.599999999999998500 ) ) ;
#5629 = CARTESIAN_POINT ( 'NONE',  ( -0.3749999999999943400, 0.1000000000000002600, 1.599999999999995900 ) ) ;
#5630 = VECTOR ( 'NONE', #1839, 1000.000000000000000 ) ;
#5631 = DIRECTION ( 'NONE',  ( 0.0000000000000000000, -1.000000000000000000, 0.0000000000000000000 ) ) ;
#5632 = VECTOR ( 'NONE', #6299, 1000.000000000000000 ) ;
#5633 = EDGE_CURVE ( 'NONE', #964, #4661, #1345, .T. ) ;
#5634 = ADVANCED_FACE ( 'NONE', ( #549 ), #5047, .T. ) ;
#5635 = CARTESIAN_POINT ( 'NONE',  ( 1.399999999999999900, 4.059797974644667700, 1.400000000000000100 ) ) ;
#5636 = DIRECTION ( 'NONE',  ( 1.000000000000000000, 0.0000000000000000000, 1.127570259384924200E-013 ) ) ;
#5637 = LINE ( 'NONE', #951, #2005 ) ;
#5638 =( LENGTH_UNIT ( ) NAMED_UNIT ( * ) SI_UNIT ( .MILLI., .METRE. ) );
#5639 = DIRECTION ( 'NONE',  ( 0.0000000000000000000, -0.0000000000000000000, 1.000000000000000000 ) ) ;
#5640 = CARTESIAN_POINT ( 'NONE',  ( 0.6249999999999947800, 0.1000000000000000100, -1.599999999999999000 ) ) ;
#5641 = LINE ( 'NONE', #2715, #225 ) ;
#5642 = CARTESIAN_POINT ( 'NONE',  ( 0.8749999999999984500, 0.0000000000000000000, 1.999999999999996200 ) ) ;
#5643 = EDGE_CURVE ( 'NONE', #270, #1158, #2230, .T. ) ;
#5644 = ADVANCED_FACE ( 'NONE', ( #2751 ), #589, .F. ) ;
#5645 = LINE ( 'NONE', #3614, #1411 ) ;
#5646 = PLANE ( 'NONE',  #7195 ) ;
#5647 = PLANE ( 'NONE',  #8279 ) ;
#5648 = FACE_OUTER_BOUND ( 'NONE', #5694, .T. ) ;
#5649 = DIRECTION ( 'NONE',  ( 1.000000000000000000, 0.0000000000000000000, -3.469446951953614600E-015 ) ) ;
#5650 = CARTESIAN_POINT ( 'NONE',  ( -0.8749999999999502600, 4.059797974644667700, 1.999999999999999100 ) ) ;
#5651 = VECTOR ( 'NONE', #6401, 1000.000000000000000 ) ;
#5652 = EDGE_CURVE ( 'NONE', #6773, #489, #5985, .T. ) ;
#5653 = CARTESIAN_POINT ( 'NONE',  ( 1.124999999999994400, 0.1000000000000000100, 1.599999999999998500 ) ) ;
#5654 = VECTOR ( 'NONE', #2401, 1000.000000000000000 ) ;
#5655 = CARTESIAN_POINT ( 'NONE',  ( 0.6249999999999983300, 0.0000000000000000000, 1.999999999999997800 ) ) ;
#5656 = DIRECTION ( 'NONE',  ( 1.029992063861230200E-014, 0.0000000000000000000, -1.000000000000000000 ) ) ;
#5657 = VECTOR ( 'NONE', #6464, 1000.000000000000000 ) ;
#5658 = DIRECTION ( 'NONE',  ( -1.095044194210350800E-013, -0.0000000000000000000, -1.000000000000000000 ) ) ;
#5659 = PLANE ( 'NONE',  #6328 ) ;
#5660 = PLANE ( 'NONE',  #4594 ) ;
#5661 = CARTESIAN_POINT ( 'NONE',  ( -1.600000000000000100, 4.059797974644667700, 0.3750000000000000600 ) ) ;
#5662 = ORIENTED_EDGE ( 'NONE', *, *, #7932, .T. ) ;
#5663 = EDGE_CURVE ( 'NONE', #872, #4645, #60, .T. ) ;
#5664 = ORIENTED_EDGE ( 'NONE', *, *, #441, .T. ) ;
#5665 = FACE_OUTER_BOUND ( 'NONE', #4512, .T. ) ;
#5666 = EDGE_CURVE ( 'NONE', #3773, #4083, #851, .T. ) ;
#5667 = CARTESIAN_POINT ( 'NONE',  ( 1.600000000000004300, 0.1000000000000000100, 0.3750000000000244800 ) ) ;
#5668 = AXIS2_PLACEMENT_3D ( 'NONE', #5425, #977, #2912 ) ;
#5669 = VECTOR ( 'NONE', #2637, 1000.000000000000000 ) ;
#5670 = ORIENTED_EDGE ( 'NONE', *, *, #6090, .T. ) ;
#5671 = DIRECTION ( 'NONE',  ( -1.103175710504001600E-013, 0.0000000000000000000, -1.000000000000000000 ) ) ;
#5672 = VECTOR ( 'NONE', #3814, 1000.000000000000000 ) ;
#5673 = VERTEX_POINT ( 'NONE', #7524 ) ;
#5674 = CARTESIAN_POINT ( 'NONE',  ( 1.600000000000005200, 0.0000000000000000000, 0.8750000000000001100 ) ) ;
#5675 = EDGE_LOOP ( 'NONE', ( #7493, #5995, #5601, #8195 ) ) ;
#5676 = LINE ( 'NONE', #118, #2227 ) ;
#5677 = ADVANCED_FACE ( 'NONE', ( #4475 ), #3653, .T. ) ;
#5678 = VERTEX_POINT ( 'NONE', #6320 ) ;
#5679 = VECTOR ( 'NONE', #7464, 1000.000000000000000 ) ;
#5680 = AXIS2_PLACEMENT_3D ( 'NONE', #6665, #262, #2173 ) ;
#5681 = ORIENTED_EDGE ( 'NONE', *, *, #8016, .F. ) ;
#5682 = FACE_OUTER_BOUND ( 'NONE', #3049, .T. ) ;
#5683 = EDGE_CURVE ( 'NONE', #496, #2787, #2344, .T. ) ;
#5684 = DIRECTION ( 'NONE',  ( -6.071532165919179000E-015, -0.0000000000000000000, 1.000000000000000000 ) ) ;
#5685 = ORIENTED_EDGE ( 'NONE', *, *, #7428, .T. ) ;
#5686 = ORIENTED_EDGE ( 'NONE', *, *, #8009, .F. ) ;
#5687 = VECTOR ( 'NONE', #2935, 1000.000000000000000 ) ;
#5688 = DIRECTION ( 'NONE',  ( -1.057097118173367600E-014, -0.0000000000000000000, 1.000000000000000000 ) ) ;
#5689 = COLOUR_RGB ( '',1.000000000000000000, 0.8117647058823529400, 0.5019607843137254800 ) ;
#5690 = DIRECTION ( 'NONE',  ( 1.097754699641565700E-013, 0.0000000000000000000, -1.000000000000000000 ) ) ;
#5691 = ADVANCED_FACE ( 'NONE', ( #665 ), #473, .F. ) ;
#5692 = DIRECTION ( 'NONE',  ( 0.0000000000000000000, 0.0000000000000000000, 1.000000000000000000 ) ) ;
#5693 = VERTEX_POINT ( 'NONE', #6930 ) ;
#5694 = EDGE_LOOP ( 'NONE', ( #3639, #7111, #4508, #1162 ) ) ;
#5695 = ORIENTED_EDGE ( 'NONE', *, *, #4569, .T. ) ;
#5696 = ORIENTED_EDGE ( 'NONE', *, *, #2431, .T. ) ;
#5697 = DIRECTION ( 'NONE',  ( 0.0000000000000000000, -0.0000000000000000000, 1.000000000000000000 ) ) ;
#5698 = DIRECTION ( 'NONE',  ( 1.000000000000000000, 0.0000000000000000000, -1.691355389077552800E-013 ) ) ;
#5699 = DIRECTION ( 'NONE',  ( 0.0000000000000000000, -0.0000000000000000000, -1.000000000000000000 ) ) ;
#5700 = PRODUCT_DEFINITION_SHAPE ( 'NONE', 'NONE',  #6443 ) ;
#5701 = ORIENTED_EDGE ( 'NONE', *, *, #4153, .F. ) ;
#5702 = ORIENTED_EDGE ( 'NONE', *, *, #4266, .F. ) ;
#5703 = ORIENTED_EDGE ( 'NONE', *, *, #6570, .F. ) ;
#5704 = ORIENTED_EDGE ( 'NONE', *, *, #76, .T. ) ;
#5705 = CARTESIAN_POINT ( 'NONE',  ( 0.6249999999999943400, 4.059797974644667700, 1.599999999999998500 ) ) ;
#5706 = DIRECTION ( 'NONE',  ( -1.000000000000000000, -0.0000000000000000000, 1.040834085586084700E-014 ) ) ;
#5707 = EDGE_CURVE ( 'NONE', #8061, #5173, #3864, .T. ) ;
#5708 = CARTESIAN_POINT ( 'NONE',  ( 1.124999999999998400, 0.1000000000000000100, 1.999999999999997800 ) ) ;
#5709 = DIRECTION ( 'NONE',  ( -0.0000000000000000000, -1.000000000000000000, -0.0000000000000000000 ) ) ;
#5710 = UNCERTAINTY_MEASURE_WITH_UNIT (LENGTH_MEASURE( 1.000000000000000100E-005 ), #6475, 'distance_accuracy_value', 'NONE');
#5711 = ORIENTED_EDGE ( 'NONE', *, *, #6131, .F. ) ;
#5712 = ORIENTED_EDGE ( 'NONE', *, *, #6092, .T. ) ;
#5713 = PLANE ( 'NONE',  #5576 ) ;
#5714 = CARTESIAN_POINT ( 'NONE',  ( -0.8749999999999946700, -0.0000000000000000000, -1.599999999999996300 ) ) ;
#5715 = DIRECTION ( 'NONE',  ( -1.127570259384925100E-014, 0.0000000000000000000, -1.000000000000000000 ) ) ;
#5716 = DIRECTION ( 'NONE',  ( 0.0000000000000000000, -0.0000000000000000000, -1.000000000000000000 ) ) ;
#5717 = VERTEX_POINT ( 'NONE', #4285 ) ;
#5718 = EDGE_CURVE ( 'NONE', #5501, #4621, #7091, .T. ) ;
#5719 = EDGE_LOOP ( 'NONE', ( #2775, #1625, #4255, #7814 ) ) ;
#5720 = CARTESIAN_POINT ( 'NONE',  ( 0.0000000000000000000, 0.1000000000000000100, 0.0000000000000000000 ) ) ;
#5721 = EDGE_CURVE ( 'NONE', #565, #5555, #3650, .T. ) ;
#5722 = ADVANCED_FACE ( 'NONE', ( #7692 ), #7602, .F. ) ;
#5723 = FACE_OUTER_BOUND ( 'NONE', #4434, .T. ) ;
#5724 = CARTESIAN_POINT ( 'NONE',  ( 1.400000000000000400, 0.1000000000000000100, -1.399999999999999700 ) ) ;
#5725 = ORIENTED_EDGE ( 'NONE', *, *, #4572, .T. ) ;
#5726 = SURFACE_SIDE_STYLE ('',( #1610 ) ) ;
#5727 = PLANE ( 'NONE',  #2352 ) ;
#5728 = DIRECTION ( 'NONE',  ( -1.000000000000000000, -0.0000000000000000000, 1.040834085586084300E-014 ) ) ;
#5729 = LINE ( 'NONE', #2308, #5525 ) ;
#5730 = AXIS2_PLACEMENT_3D ( 'NONE', #6091, #5446, #2116 ) ;
#5731 = ADVANCED_FACE ( 'NONE', ( #453 ), #3686, .T. ) ;
#5732 = PLANE ( 'NONE',  #4003 ) ;
#5733 = LINE ( 'NONE', #3747, #505 ) ;
#5734 = DIRECTION ( 'NONE',  ( 0.0000000000000000000, -1.000000000000000000, 0.0000000000000000000 ) ) ;
#5735 = CARTESIAN_POINT ( 'NONE',  ( -1.599999999999995000, 0.1000000000000000100, 0.8750000000000001100 ) ) ;
#5736 = LINE ( 'NONE', #5777, #3604 ) ;
#5737 = EDGE_CURVE ( 'NONE', #5555, #45, #157, .T. ) ;
#5738 = PLANE ( 'NONE',  #5146 ) ;
#5739 = LINE ( 'NONE', #4813, #6461 ) ;
#5740 = LINE ( 'NONE', #2997, #2390 ) ;
#5741 = CARTESIAN_POINT ( 'NONE',  ( 1.400000000000000400, 4.059797974644667700, -1.399999999999999700 ) ) ;
#5742 = DIRECTION ( 'NONE',  ( -0.0000000000000000000, -1.000000000000000000, -0.0000000000000000000 ) ) ;
#5743 = AXIS2_PLACEMENT_3D ( 'NONE', #7638, #1719, #4967 ) ;
#5744 = CARTESIAN_POINT ( 'NONE',  ( -1.374999999999994200, 0.0000000000000000000, 1.599999999999995900 ) ) ;
#5745 = VECTOR ( 'NONE', #27, 1000.000000000000000 ) ;
#5746 = ORIENTED_EDGE ( 'NONE', *, *, #7623, .F. ) ;
#5747 = EDGE_CURVE ( 'NONE', #6098, #2851, #4353, .T. ) ;
#5748 = CARTESIAN_POINT ( 'NONE',  ( -0.3749999999999946700, -0.0000000000000000000, -1.599999999999996300 ) ) ;
#5749 = DIRECTION ( 'NONE',  ( 0.0000000000000000000, -1.000000000000000000, 0.0000000000000000000 ) ) ;
#5750 = CARTESIAN_POINT ( 'NONE',  ( -1.599999999999957900, 4.059797974644667700, -0.1250000000000245600 ) ) ;
#5751 = DIRECTION ( 'NONE',  ( -0.0000000000000000000, -1.000000000000000000, -0.0000000000000000000 ) ) ;
#5752 = DIRECTION ( 'NONE',  ( 1.000000000000000000, 0.0000000000000000000, 1.084202172485505400E-014 ) ) ;
#5753 = ORIENTED_EDGE ( 'NONE', *, *, #3183, .F. ) ;
#5754 = PLANE ( 'NONE',  #6423 ) ;
#5755 = DIRECTION ( 'NONE',  ( -1.000000000000000000, 0.0000000000000000000, 5.421010862427620000E-015 ) ) ;
#5756 = ORIENTED_EDGE ( 'NONE', *, *, #4779, .T. ) ;
#5757 = EDGE_CURVE ( 'NONE', #886, #2549, #4669, .T. ) ;
#5758 = VECTOR ( 'NONE', #7843, 1000.000000000000000 ) ;
#5759 = CARTESIAN_POINT ( 'NONE',  ( -1.199999999999999500, 4.059797974644667700, -1.400000000000000100 ) ) ;
#5760 = DIRECTION ( 'NONE',  ( -0.0000000000000000000, -1.000000000000000000, -0.0000000000000000000 ) ) ;
#5761 = VECTOR ( 'NONE', #4768, 1000.000000000000000 ) ;
#5762 = DIRECTION ( 'NONE',  ( -0.0000000000000000000, 1.000000000000000000, -0.0000000000000000000 ) ) ;
#5763 = CARTESIAN_POINT ( 'NONE',  ( 1.124999999999994400, 0.0000000000000000000, 1.599999999999998500 ) ) ;
#5764 = ADVANCED_FACE ( 'NONE', ( #6782 ), #5754, .F. ) ;
#5765 = VECTOR ( 'NONE', #5870, 1000.000000000000000 ) ;
#5766 = DIRECTION ( 'NONE',  ( 0.0000000000000000000, 1.000000000000000000, 0.0000000000000000000 ) ) ;
#5767 = VERTEX_POINT ( 'NONE', #5640 ) ;
#5768 = CARTESIAN_POINT ( 'NONE',  ( -1.599999999999994800, 0.1000000000000002600, 0.6250000000000001100 ) ) ;
#5769 = VECTOR ( 'NONE', #6889, 1000.000000000000000 ) ;
#5770 = DIRECTION ( 'NONE',  ( -1.000000000000000000, 0.0000000000000000000, 1.040834085586085200E-014 ) ) ;
#5771 = ORIENTED_EDGE ( 'NONE', *, *, #4018, .F. ) ;
#5772 = EDGE_CURVE ( 'NONE', #1743, #1532, #1628, .T. ) ;
#5773 = DIRECTION ( 'NONE',  ( -1.095044194210350800E-013, -0.0000000000000000000, -1.000000000000000000 ) ) ;
#5774 = ADVANCED_FACE ( 'NONE', ( #6874 ), #5727, .F. ) ;
#5775 = ORIENTED_EDGE ( 'NONE', *, *, #4419, .T. ) ;
#5776 = EDGE_LOOP ( 'NONE', ( #4715, #1744, #3441, #5317 ) ) ;
#5777 = CARTESIAN_POINT ( 'NONE',  ( -1.600000000000000300, 0.9500000000000000700, -1.450000000000000400 ) ) ;
#5778 = LINE ( 'NONE', #787, #1725 ) ;
#5779 = LINE ( 'NONE', #7746, #2941 ) ;
#5780 = PLANE ( 'NONE',  #306 ) ;
#5781 = DIRECTION ( 'NONE',  ( 1.084202172485505400E-014, 0.0000000000000000000, -1.000000000000000000 ) ) ;
#5782 = EDGE_CURVE ( 'NONE', #6594, #3087, #3260, .T. ) ;
#5783 = CARTESIAN_POINT ( 'NONE',  ( 0.0000000000000000000, 0.1000000000000000100, 0.0000000000000000000 ) ) ;
#5784 = ORIENTED_EDGE ( 'NONE', *, *, #6583, .T. ) ;
#5785 = LINE ( 'NONE', #7370, #4674 ) ;
#5786 = ORIENTED_EDGE ( 'NONE', *, *, #31, .T. ) ;
#5787 = ORIENTED_EDGE ( 'NONE', *, *, #5567, .T. ) ;
#5788 = FACE_OUTER_BOUND ( 'NONE', #1060, .T. ) ;
#5789 = VECTOR ( 'NONE', #6868, 1000.000000000000000 ) ;
#5790 = CARTESIAN_POINT ( 'NONE',  ( -1.599999999999989700, 4.059797974644667700, -1.375000000000000200 ) ) ;
#5791 = VERTEX_POINT ( 'NONE', #4540 ) ;
#5792 = LINE ( 'NONE', #1435, #1742 ) ;
#5793 = CARTESIAN_POINT ( 'NONE',  ( 1.600000000000010300, 0.0000000000000000000, 1.125000000000000200 ) ) ;
#5794 = ORIENTED_EDGE ( 'NONE', *, *, #5338, .F. ) ;
#5795 = AXIS2_PLACEMENT_3D ( 'NONE', #6547, #4004, #5918 ) ;
#5796 = VECTOR ( 'NONE', #733, 1000.000000000000000 ) ;
#5797 = EDGE_CURVE ( 'NONE', #7603, #6627, #2134, .T. ) ;
#5798 = DIRECTION ( 'NONE',  ( -1.548860246407863600E-016, -0.0000000000000000000, 1.000000000000000000 ) ) ;
#5799 = CARTESIAN_POINT ( 'NONE',  ( -1.199999999999999500, 0.1000000000000002600, -1.400000000000000100 ) ) ;
#5800 = ORIENTED_EDGE ( 'NONE', *, *, #4406, .T. ) ;
#5801 = ORIENTED_EDGE ( 'NONE', *, *, #6129, .F. ) ;
#5802 = ORIENTED_EDGE ( 'NONE', *, *, #1605, .F. ) ;
#5803 = ORIENTED_EDGE ( 'NONE', *, *, #8057, .T. ) ;
#5804 = LINE ( 'NONE', #1202, #8180 ) ;
#5805 = CARTESIAN_POINT ( 'NONE',  ( -1.599999999999991200, 0.1000000000000000100, 1.125000000000014700 ) ) ;
#5806 = ORIENTED_EDGE ( 'NONE', *, *, #6749, .T. ) ;
#5807 = EDGE_LOOP ( 'NONE', ( #3929, #4358, #7019, #4478 ) ) ;
#5808 = VERTEX_POINT ( 'NONE', #6440 ) ;
#5809 = ORIENTED_EDGE ( 'NONE', *, *, #6415, .T. ) ;
#5810 = VECTOR ( 'NONE', #7427, 1000.000000000000000 ) ;
#5811 = CARTESIAN_POINT ( 'NONE',  ( 1.600000000000004300, 0.1000000000000000100, 0.3750000000000244800 ) ) ;
#5812 = DIRECTION ( 'NONE',  ( -0.0000000000000000000, -0.0000000000000000000, 1.000000000000000000 ) ) ;
#5813 = UNCERTAINTY_MEASURE_WITH_UNIT (LENGTH_MEASURE( 1.000000000000000100E-005 ), #4013, 'distance_accuracy_value', 'NONE');
#5814 = CARTESIAN_POINT ( 'NONE',  ( -1.599999999999989700, -0.0000000000000000000, -1.375000000000000200 ) ) ;
#5815 = VERTEX_POINT ( 'NONE', #5836 ) ;
#5816 = ADVANCED_FACE ( 'NONE', ( #3549 ), #8273, .T. ) ;
#5817 = VERTEX_POINT ( 'NONE', #8238 ) ;
#5818 = DIRECTION ( 'NONE',  ( -0.7071067811865475700, 0.0000000000000000000, -0.7071067811865475700 ) ) ;
#5819 =( NAMED_UNIT ( * ) SI_UNIT ( $, .STERADIAN. ) SOLID_ANGLE_UNIT ( ) );
#5820 = VECTOR ( 'NONE', #1404, 1000.000000000000000 ) ;
#5821 = FACE_OUTER_BOUND ( 'NONE', #4785, .T. ) ;
#5822 = ORIENTED_EDGE ( 'NONE', *, *, #5941, .F. ) ;
#5823 = ORIENTED_EDGE ( 'NONE', *, *, #6209, .T. ) ;
#5824 = ORIENTED_EDGE ( 'NONE', *, *, #7623, .T. ) ;
#5825 = CARTESIAN_POINT ( 'NONE',  ( 0.1249999999999984000, 0.1000000000000000100, 1.999999999999997800 ) ) ;
#5826 = DIRECTION ( 'NONE',  ( 1.095044194210359200E-013, 0.0000000000000000000, -1.000000000000000000 ) ) ;
#5827 = VECTOR ( 'NONE', #8058, 1000.000000000000000 ) ;
#5828 = LINE ( 'NONE', #2786, #4109 ) ;
#5829 = EDGE_LOOP ( 'NONE', ( #6684, #1867, #3593, #7394 ) ) ;
#5830 = EDGE_CURVE ( 'NONE', #873, #3574, #5779, .T. ) ;
#5831 = PLANE ( 'NONE',  #6563 ) ;
#5832 = AXIS2_PLACEMENT_3D ( 'NONE', #2800, #4022, #7313 ) ;
#5833 = DIRECTION ( 'NONE',  ( 1.000000000000000000, -0.0000000000000000000, -1.040834085586085000E-014 ) ) ;
#5834 = VECTOR ( 'NONE', #2523, 1000.000000000000000 ) ;
#5835 = CARTESIAN_POINT ( 'NONE',  ( 0.1249999999999988900, 4.059797974644667700, -1.999999999999998700 ) ) ;
#5836 = CARTESIAN_POINT ( 'NONE',  ( -1.999999999999989600, 0.1000000000000000100, -1.375000000000000200 ) ) ;
#5837 = AXIS2_PLACEMENT_3D ( 'NONE', #2564, #3304, #4451 ) ;
#5838 = DIRECTION ( 'NONE',  ( 0.0000000000000000000, -1.000000000000000000, 0.0000000000000000000 ) ) ;
#5839 = DIRECTION ( 'NONE',  ( 0.0000000000000000000, -1.000000000000000000, 0.0000000000000000000 ) ) ;
#5840 = LINE ( 'NONE', #8100, #508 ) ;
#5841 =( NAMED_UNIT ( * ) SI_UNIT ( $, .STERADIAN. ) SOLID_ANGLE_UNIT ( ) );
#5842 = DIRECTION ( 'NONE',  ( 1.000000000000000000, 0.0000000000000000000, -1.103175710504001600E-013 ) ) ;
#5843 = LINE ( 'NONE', #3238, #2302 ) ;
#5844 = EDGE_CURVE ( 'NONE', #1642, #3972, #440, .T. ) ;
#5845 = DIRECTION ( 'NONE',  ( 1.000000000000000000, 0.0000000000000000000, -6.938893903906731400E-015 ) ) ;
#5846 = LINE ( 'NONE', #1739, #2111 ) ;
#5847 = VERTEX_POINT ( 'NONE', #613 ) ;
#5848 = DIRECTION ( 'NONE',  ( 0.0000000000000000000, 0.0000000000000000000, -1.000000000000000000 ) ) ;
#5849 = CARTESIAN_POINT ( 'NONE',  ( -1.374999999999994200, 0.1000000000000002600, 1.599999999999995900 ) ) ;
#5850 = LINE ( 'NONE', #3503, #4334 ) ;
#5851 = CARTESIAN_POINT ( 'NONE',  ( -1.599999999999995000, 4.059797974644667700, -0.8750000000000001100 ) ) ;
#5852 = ADVANCED_FACE ( 'NONE', ( #6274 ), #6467, .T. ) ;
#5853 = VECTOR ( 'NONE', #5016, 1000.000000000000000 ) ;
#5854 = CARTESIAN_POINT ( 'NONE',  ( -1.599999999999991200, 4.059797974644667700, -1.125000000000014700 ) ) ;
#5855 = ORIENTED_EDGE ( 'NONE', *, *, #7608, .F. ) ;
#5856 = VECTOR ( 'NONE', #7294, 1000.000000000000000 ) ;
#5857 = CARTESIAN_POINT ( 'NONE',  ( -1.999999999999994900, -0.0000000000000000000, -0.8750000000000001100 ) ) ;
#5858 = CARTESIAN_POINT ( 'NONE',  ( 0.3749999999999943400, 0.0000000000000000000, 1.599999999999995900 ) ) ;
#5859 = DIRECTION ( 'NONE',  ( -1.000000000000000000, 0.0000000000000000000, -2.081668171172264100E-014 ) ) ;
#5860 = DIRECTION ( 'NONE',  ( -1.122149248522486900E-013, 0.0000000000000000000, 1.000000000000000000 ) ) ;
#5861 = EDGE_CURVE ( 'NONE', #4982, #2953, #5182, .T. ) ;
#5862 = CARTESIAN_POINT ( 'NONE',  ( -0.1249999999999947700, 4.059797974644667700, -1.599999999999999000 ) ) ;
#5863 = FACE_OUTER_BOUND ( 'NONE', #6965, .T. ) ;
#5864 = FILL_AREA_STYLE_COLOUR ( '', #4618 ) ;
#5865 = AXIS2_PLACEMENT_3D ( 'NONE', #5909, #1373, #3995 ) ;
#5866 = ORIENTED_EDGE ( 'NONE', *, *, #5247, .F. ) ;
#5867 =( NAMED_UNIT ( * ) PLANE_ANGLE_UNIT ( ) SI_UNIT ( $, .RADIAN. ) );
#5868 = EDGE_LOOP ( 'NONE', ( #2209, #6010, #6788, #2067 ) ) ;
#5869 = LINE ( 'NONE', #330, #738 ) ;
#5870 = DIRECTION ( 'NONE',  ( -0.0000000000000000000, -1.000000000000000000, -0.0000000000000000000 ) ) ;
#5871 = EDGE_CURVE ( 'NONE', #2755, #6000, #3357, .T. ) ;
#5872 = LINE ( 'NONE', #7481, #6070 ) ;
#5873 = EDGE_LOOP ( 'NONE', ( #6864, #6756, #6892, #7093 ) ) ;
#5874 = ORIENTED_EDGE ( 'NONE', *, *, #1431, .F. ) ;
#5875 = VECTOR ( 'NONE', #7754, 1000.000000000000000 ) ;
#5876 = PLANE ( 'NONE',  #3083 ) ;
#5877 = ORIENTED_EDGE ( 'NONE', *, *, #5399, .T. ) ;
#5878 = VECTOR ( 'NONE', #4874, 1000.000000000000000 ) ;
#5879 = AXIS2_PLACEMENT_3D ( 'NONE', #890, #5394, #5979 ) ;
#5880 = CARTESIAN_POINT ( 'NONE',  ( -0.3749999999999503200, 4.059797974644667700, 1.999999999999999100 ) ) ;
#5881 = ORIENTED_EDGE ( 'NONE', *, *, #5930, .T. ) ;
#5882 = FACE_OUTER_BOUND ( 'NONE', #5231, .T. ) ;
#5883 = ORIENTED_EDGE ( 'NONE', *, *, #3997, .F. ) ;
#5884 = ORIENTED_EDGE ( 'NONE', *, *, #7517, .T. ) ;
#5885 = CARTESIAN_POINT ( 'NONE',  ( 1.400000000000000400, 0.0000000000000000000, -1.399999999999999700 ) ) ;
#5886 = DIRECTION ( 'NONE',  ( -1.000000000000000000, -0.0000000000000000000, 3.089976191583642800E-014 ) ) ;
#5887 = LINE ( 'NONE', #2792, #3976 ) ;
#5888 = DIRECTION ( 'NONE',  ( 1.100465205072778300E-013, 0.0000000000000000000, 1.000000000000000000 ) ) ;
#5889 = EDGE_CURVE ( 'NONE', #8285, #5280, #4062, .T. ) ;
#5890 = PLANE ( 'NONE',  #2831 ) ;
#5891 = VERTEX_POINT ( 'NONE', #1302 ) ;
#5892 = ORIENTED_EDGE ( 'NONE', *, *, #7378, .T. ) ;
#5893 = ORIENTED_EDGE ( 'NONE', *, *, #1810, .F. ) ;
#5894 = EDGE_CURVE ( 'NONE', #6625, #4989, #7081, .T. ) ;
#5895 = ADVANCED_FACE ( 'NONE', ( #6590 ), #7067, .T. ) ;
#5896 = LINE ( 'NONE', #3825, #3374 ) ;
#5897 = PLANE ( 'NONE',  #243 ) ;
#5898 = PLANE ( 'NONE',  #3199 ) ;
#5899 = CARTESIAN_POINT ( 'NONE',  ( 1.600000000000005000, 4.059797974644667700, -0.6250000000000001100 ) ) ;
#5900 = ORIENTED_EDGE ( 'NONE', *, *, #1517, .F. ) ;
#5901 = CARTESIAN_POINT ( 'NONE',  ( -2.000000000000000000, 0.0000000000000000000, 0.3750000000000000600 ) ) ;
#5902 = VERTEX_POINT ( 'NONE', #55 ) ;
#5903 = VERTEX_POINT ( 'NONE', #6490 ) ;
#5904 = AXIS2_PLACEMENT_3D ( 'NONE', #6996, #567, #1140 ) ;
#5905 = ORIENTED_EDGE ( 'NONE', *, *, #3525, .T. ) ;
#5906 = VECTOR ( 'NONE', #146, 1000.000000000000000 ) ;
#5907 = EDGE_CURVE ( 'NONE', #172, #4673, #252, .T. ) ;
#5908 = CARTESIAN_POINT ( 'NONE',  ( -1.374999999999950900, 0.1000000000000002600, -1.999999999999999100 ) ) ;
#5909 = CARTESIAN_POINT ( 'NONE',  ( 0.0000000000000000000, 0.0000000000000000000, 0.0000000000000000000 ) ) ;
#5910 = DIRECTION ( 'NONE',  ( 1.000000000000000000, 0.0000000000000000000, -1.029992063861229100E-014 ) ) ;
#5911 = DIRECTION ( 'NONE',  ( -0.0000000000000000000, 0.0000000000000000000, 1.000000000000000000 ) ) ;
#5912 = ORIENTED_EDGE ( 'NONE', *, *, #3091, .T. ) ;
#5913 = ORIENTED_EDGE ( 'NONE', *, *, #7153, .T. ) ;
#5914 = EDGE_LOOP ( 'NONE', ( #3200, #2300, #4389, #2560 ) ) ;
#5915 = CARTESIAN_POINT ( 'NONE',  ( 1.374999999999994700, 0.1000000000000000100, -1.599999999999996300 ) ) ;
#5916 = EDGE_CURVE ( 'NONE', #5068, #264, #3642, .T. ) ;
#5917 = MANIFOLD_SOLID_BREP ( 'Boss-Extrude2[1]', #286 ) ;
#5918 = DIRECTION ( 'NONE',  ( 0.0000000000000000000, -0.0000000000000000000, 1.000000000000000000 ) ) ;
#5919 = CARTESIAN_POINT ( 'NONE',  ( 0.6249999999999988900, 0.1000000000000000100, -1.999999999999998700 ) ) ;
#5920 = ORIENTED_EDGE ( 'NONE', *, *, #683, .T. ) ;
#5921 = CARTESIAN_POINT ( 'NONE',  ( -1.999999999999989600, -0.0000000000000000000, -1.375000000000000200 ) ) ;
#5922 = ORIENTED_EDGE ( 'NONE', *, *, #1584, .F. ) ;
#5923 = VECTOR ( 'NONE', #5706, 1000.000000000000000 ) ;
#5924 = DIRECTION ( 'NONE',  ( 1.103175710504001600E-013, 0.0000000000000000000, 1.000000000000000000 ) ) ;
#5925 = CARTESIAN_POINT ( 'NONE',  ( -1.599999999999989700, -0.0000000000000000000, -1.375000000000000200 ) ) ;
#5926 = LINE ( 'NONE', #1351, #7334 ) ;
#5927 = ORIENTED_EDGE ( 'NONE', *, *, #4202, .F. ) ;
#5928 = CARTESIAN_POINT ( 'NONE',  ( -0.6249999999999943400, 0.1000000000000000100, 1.599999999999998500 ) ) ;
#5929 = DIRECTION ( 'NONE',  ( 1.127570259384925100E-014, 0.0000000000000000000, -1.000000000000000000 ) ) ;
#5930 = EDGE_CURVE ( 'NONE', #1386, #3740, #4466, .T. ) ;
#5931 = FACE_OUTER_BOUND ( 'NONE', #7803, .T. ) ;
#5932 = VECTOR ( 'NONE', #5027, 1000.000000000000000 ) ;
#5933 = DIRECTION ( 'NONE',  ( 0.0000000000000000000, -1.000000000000000000, 0.0000000000000000000 ) ) ;
#5934 = DIRECTION ( 'NONE',  ( 1.000000000000000000, 0.0000000000000000000, 0.0000000000000000000 ) ) ;
#5935 = STYLED_ITEM ( 'NONE', ( #7376 ), #6060 ) ;
#5936 = LINE ( 'NONE', #1620, #8018 ) ;
#5937 = CARTESIAN_POINT ( 'NONE',  ( -2.000000000000000000, 0.1000000000000000100, 0.1250000000000000300 ) ) ;
#5938 = CARTESIAN_POINT ( 'NONE',  ( -0.8749999999999508200, -0.0000000000000000000, -1.999999999999999100 ) ) ;
#5939 = ADVANCED_FACE ( 'NONE', ( #6680 ), #4565, .T. ) ;
#5940 = LINE ( 'NONE', #4303, #4213 ) ;
#5941 = EDGE_CURVE ( 'NONE', #5238, #3153, #2835, .T. ) ;
#5942 = CARTESIAN_POINT ( 'NONE',  ( -2.000000000000000000, 0.0000000000000000000, 0.3750000000000000600 ) ) ;
#5943 = EDGE_CURVE ( 'NONE', #6608, #4247, #2741, .T. ) ;
#5944 = FACE_BOUND ( 'NONE', #279, .T. ) ;
#5945 = DIRECTION ( 'NONE',  ( 0.0000000000000000000, -1.000000000000000000, 0.0000000000000000000 ) ) ;
#5946 = CARTESIAN_POINT ( 'NONE',  ( 1.124999999999994700, 0.1000000000000000100, -1.599999999999999000 ) ) ;
#5947 = DIRECTION ( 'NONE',  ( -1.000000000000000000, 0.0000000000000000000, -1.040834085586084700E-014 ) ) ;
#5948 = CARTESIAN_POINT ( 'NONE',  ( -1.599999999999957900, 0.1000000000000000100, 0.1250000000000245600 ) ) ;
#5949 = FACE_OUTER_BOUND ( 'NONE', #3780, .T. ) ;
#5950 = AXIS2_PLACEMENT_3D ( 'NONE', #5650, #6944, #8262 ) ;
#5951 = VERTEX_POINT ( 'NONE', #1357 ) ;
#5952 =( LENGTH_UNIT ( ) NAMED_UNIT ( * ) SI_UNIT ( .MILLI., .METRE. ) );
#5953 = AXIS2_PLACEMENT_3D ( 'NONE', #4128, #4055, #6630 ) ;
#5954 = CARTESIAN_POINT ( 'NONE',  ( -0.3749999999999498200, 4.059797974644667700, -2.000000000000000000 ) ) ;
#5955 = ORIENTED_EDGE ( 'NONE', *, *, #5536, .T. ) ;
#5956 = LINE ( 'NONE', #3707, #6468 ) ;
#5957 = DIRECTION ( 'NONE',  ( 0.0000000000000000000, -0.0000000000000000000, 1.000000000000000000 ) ) ;
#5958 = ORIENTED_EDGE ( 'NONE', *, *, #3785, .F. ) ;
#5959 = EDGE_CURVE ( 'NONE', #2519, #7527, #1439, .T. ) ;
#5960 = VECTOR ( 'NONE', #5167, 1000.000000000000000 ) ;
#5961 = DIRECTION ( 'NONE',  ( -1.000000000000000000, 0.0000000000000000000, 0.0000000000000000000 ) ) ;
#5962 = FACE_OUTER_BOUND ( 'NONE', #2790, .T. ) ;
#5963 = EDGE_LOOP ( 'NONE', ( #6314, #6677, #858, #7605 ) ) ;
#5964 = VECTOR ( 'NONE', #6859, 1000.000000000000000 ) ;
#5965 = ORIENTED_EDGE ( 'NONE', *, *, #7277, .T. ) ;
#5966 = CARTESIAN_POINT ( 'NONE',  ( -2.000000000000000000, 0.0000000000000000000, 0.1250000000000000300 ) ) ;
#5967 = VECTOR ( 'NONE', #3102, 1000.000000000000000 ) ;
#5968 = CARTESIAN_POINT ( 'NONE',  ( 0.3749999999999946700, 0.0000000000000000000, -1.599999999999996300 ) ) ;
#5969 = CARTESIAN_POINT ( 'NONE',  ( 2.000000000000015500, 0.1000000000000002600, 1.375000000000012400 ) ) ;
#5970 = ORIENTED_EDGE ( 'NONE', *, *, #2297, .F. ) ;
#5971 = EDGE_CURVE ( 'NONE', #1748, #459, #1832, .T. ) ;
#5972 = ORIENTED_EDGE ( 'NONE', *, *, #6856, .T. ) ;
#5973 = FACE_OUTER_BOUND ( 'NONE', #7322, .T. ) ;
#5974 = VECTOR ( 'NONE', #4627, 1000.000000000000000 ) ;
#5975 = CARTESIAN_POINT ( 'NONE',  ( 1.124999999999994700, 0.0000000000000000000, -1.599999999999999000 ) ) ;
#5976 = ADVANCED_FACE ( 'NONE', ( #7283 ), #168, .T. ) ;
#5977 = AXIS2_PLACEMENT_3D ( 'NONE', #6245, #2976, #428 ) ;
#5978 = SURFACE_SIDE_STYLE ('',( #5462 ) ) ;
#5979 = DIRECTION ( 'NONE',  ( 0.0000000000000000000, -0.0000000000000000000, 1.000000000000000000 ) ) ;
#5980 = EDGE_LOOP ( 'NONE', ( #948, #4349, #972, #3848 ) ) ;
#5981 = VECTOR ( 'NONE', #8155, 1000.000000000000000 ) ;
#5982 = ORIENTED_EDGE ( 'NONE', *, *, #7300, .T. ) ;
#5983 = VERTEX_POINT ( 'NONE', #7177 ) ;
#5984 = VECTOR ( 'NONE', #3662, 1000.000000000000000 ) ;
#5985 = LINE ( 'NONE', #6231, #1948 ) ;
#5986 = CARTESIAN_POINT ( 'NONE',  ( -1.124999999999994400, 0.1000000000000000100, 1.599999999999998500 ) ) ;
#5987 = EDGE_CURVE ( 'NONE', #2920, #1743, #3853, .T. ) ;
#5988 = DIRECTION ( 'NONE',  ( 0.0000000000000000000, 0.0000000000000000000, -1.000000000000000000 ) ) ;
#5989 = DIRECTION ( 'NONE',  ( -0.0000000000000000000, 1.000000000000000000, 0.0000000000000000000 ) ) ;
#5990 = ORIENTED_EDGE ( 'NONE', *, *, #2391, .T. ) ;
#5991 = LINE ( 'NONE', #7895, #2559 ) ;
#5992 = EDGE_CURVE ( 'NONE', #4222, #3621, #6863, .T. ) ;
#5993 = ORIENTED_EDGE ( 'NONE', *, *, #7593, .F. ) ;
#5994 = DIRECTION ( 'NONE',  ( -1.668003342285391800E-016, 0.0000000000000000000, 1.000000000000000000 ) ) ;
#5995 = ORIENTED_EDGE ( 'NONE', *, *, #945, .F. ) ;
#5996 = LINE ( 'NONE', #6406, #2760 ) ;
#5997 = AXIS2_PLACEMENT_3D ( 'NONE', #3224, #6438, #3821 ) ;
#5998 = DIRECTION ( 'NONE',  ( -1.000000000000000000, -0.0000000000000000000, 1.040834085586084700E-014 ) ) ;
#5999 = ORIENTED_EDGE ( 'NONE', *, *, #8035, .F. ) ;
#6000 = VERTEX_POINT ( 'NONE', #1384 ) ;
#6001 = ORIENTED_EDGE ( 'NONE', *, *, #7806, .F. ) ;
#6002 = CARTESIAN_POINT ( 'NONE',  ( 1.600000000000010500, 0.0000000000000000000, 1.375000000000000200 ) ) ;
#6003 =( NAMED_UNIT ( * ) SI_UNIT ( $, .STERADIAN. ) SOLID_ANGLE_UNIT ( ) );
#6004 = DIRECTION ( 'NONE',  ( 0.0000000000000000000, 1.000000000000000000, 0.0000000000000000000 ) ) ;
#6005 = AXIS2_PLACEMENT_3D ( 'NONE', #4891, #5535, #4262 ) ;
#6006 = LINE ( 'NONE', #5799, #6809 ) ;
#6007 = EDGE_CURVE ( 'NONE', #6998, #5398, #2426, .T. ) ;
#6008 = VERTEX_POINT ( 'NONE', #7240 ) ;
#6009 = ORIENTED_EDGE ( 'NONE', *, *, #3715, .F. ) ;
#6010 = ORIENTED_EDGE ( 'NONE', *, *, #5399, .F. ) ;
#6011 = VERTEX_POINT ( 'NONE', #2084 ) ;
#6012 = VECTOR ( 'NONE', #7397, 1000.000000000000000 ) ;
#6013 = CARTESIAN_POINT ( 'NONE',  ( -1.599999999999989700, 0.1000000000000000100, 1.375000000000000200 ) ) ;
#6014 = CARTESIAN_POINT ( 'NONE',  ( -1.999999999999984000, 4.059797974644667700, -1.125000000000012400 ) ) ;
#6015 = DIRECTION ( 'NONE',  ( 0.0000000000000000000, 0.0000000000000000000, 1.000000000000000000 ) ) ;
#6016 = ORIENTED_EDGE ( 'NONE', *, *, #1028, .T. ) ;
#6017 = VERTEX_POINT ( 'NONE', #3978 ) ;
#6018 = LINE ( 'NONE', #8124, #6529 ) ;
#6019 = LINE ( 'NONE', #3986, #1083 ) ;
#6020 = ORIENTED_EDGE ( 'NONE', *, *, #6025, .F. ) ;
#6021 = ADVANCED_FACE ( 'NONE', ( #2125 ), #2726, .T. ) ;
#6022 = ORIENTED_EDGE ( 'NONE', *, *, #4859, .T. ) ;
#6023 = ORIENTED_EDGE ( 'NONE', *, *, #7546, .T. ) ;
#6024 = CARTESIAN_POINT ( 'NONE',  ( 0.8749999999999984500, 0.1000000000000000100, 1.999999999999996200 ) ) ;
#6025 = EDGE_CURVE ( 'NONE', #431, #536, #3957, .T. ) ;
#6026 = DIRECTION ( 'NONE',  ( 1.000000000000000000, 0.0000000000000000000, 6.098637220231029300E-014 ) ) ;
#6027 = LINE ( 'NONE', #4377, #4916 ) ;
#6028 = DIRECTION ( 'NONE',  ( -1.000000000000000000, 0.0000000000000000000, 1.100465205072778300E-013 ) ) ;
#6029 = CARTESIAN_POINT ( 'NONE',  ( -1.124999999999950900, 4.059797974644667700, -1.999999999999999100 ) ) ;
#6030 = CARTESIAN_POINT ( 'NONE',  ( 1.374999999999999100, 0.1000000000000000100, -1.999999999999996200 ) ) ;
#6031 = STYLED_ITEM ( 'NONE', ( #6199 ), #4827 ) ;
#6032 = PRESENTATION_STYLE_ASSIGNMENT (( #4652 ) ) ;
#6033 = ORIENTED_EDGE ( 'NONE', *, *, #4423, .F. ) ;
#6034 = VECTOR ( 'NONE', #3700, 1000.000000000000000 ) ;
#6035 = DIRECTION ( 'NONE',  ( 1.000000000000000000, 0.0000000000000000000, 0.0000000000000000000 ) ) ;
#6036 = CARTESIAN_POINT ( 'NONE',  ( 0.3749999999999946700, 4.059797974644667700, -1.599999999999996300 ) ) ;
#6037 = CARTESIAN_POINT ( 'NONE',  ( 1.600000000000004300, 0.0000000000000000000, 0.3750000000000244800 ) ) ;
#6038 = CARTESIAN_POINT ( 'NONE',  ( -1.199999999999999500, 0.1000000000000000100, -1.400000000000000100 ) ) ;
#6039 = LINE ( 'NONE', #3029, #4324 ) ;
#6040 = AXIS2_PLACEMENT_3D ( 'NONE', #3855, #4427, #673 ) ;
#6041 = CARTESIAN_POINT ( 'NONE',  ( 2.000000000000005300, 0.0000000000000000000, -0.8750000000000001100 ) ) ;
#6042 = LINE ( 'NONE', #1479, #6844 ) ;
#6043 = CARTESIAN_POINT ( 'NONE',  ( -0.3749999999999498200, 0.1000000000000000100, -2.000000000000000000 ) ) ;
#6044 = VECTOR ( 'NONE', #6983, 1000.000000000000000 ) ;
#6045 = EDGE_CURVE ( 'NONE', #466, #5574, #241, .T. ) ;
#6046 = EDGE_LOOP ( 'NONE', ( #7833, #5503, #8089, #2547 ) ) ;
#6047 = CARTESIAN_POINT ( 'NONE',  ( 1.374999999999994700, 0.1000000000000002600, -1.599999999999996300 ) ) ;
#6048 = DIRECTION ( 'NONE',  ( 8.673617379884035500E-016, -0.0000000000000000000, -1.000000000000000000 ) ) ;
#6049 = DIRECTION ( 'NONE',  ( 0.0000000000000000000, -0.0000000000000000000, 1.000000000000000000 ) ) ;
#6050 = SURFACE_STYLE_USAGE ( .BOTH. , #5365 ) ;
#6051 = VECTOR ( 'NONE', #8134, 1000.000000000000000 ) ;
#6052 = EDGE_LOOP ( 'NONE', ( #5408, #6369, #7354, #7758 ) ) ;
#6053 = LINE ( 'NONE', #823, #6159 ) ;
#6054 = ADVANCED_FACE ( 'NONE', ( #8241 ), #4130, .F. ) ;
#6055 = PLANE ( 'NONE',  #6751 ) ;
#6056 = CARTESIAN_POINT ( 'NONE',  ( -1.600000000000000100, 0.0000000000000000000, 0.3750000000000000600 ) ) ;
#6057 = EDGE_CURVE ( 'NONE', #1749, #5817, #341, .T. ) ;
#6058 = LINE ( 'NONE', #553, #140 ) ;
#6059 = CARTESIAN_POINT ( 'NONE',  ( -1.600000000000000100, 0.1000000000000000100, -0.3750000000000000600 ) ) ;
#6060 = MANIFOLD_SOLID_BREP ( 'Boss-Extrude2[17]', #3973 ) ;
#6061 = LINE ( 'NONE', #5835, #1328 ) ;
#6062 = ORIENTED_EDGE ( 'NONE', *, *, #848, .T. ) ;
#6063 = DIRECTION ( 'NONE',  ( -1.100465205072778200E-013, -0.0000000000000000000, -1.000000000000000000 ) ) ;
#6064 = ORIENTED_EDGE ( 'NONE', *, *, #2393, .F. ) ;
#6065 = PLANE ( 'NONE',  #560 ) ;
#6066 = EDGE_CURVE ( 'NONE', #1661, #6773, #3435, .T. ) ;
#6067 = VECTOR ( 'NONE', #5312, 1000.000000000000000 ) ;
#6068 = CARTESIAN_POINT ( 'NONE',  ( 0.3749999999999943400, 0.0000000000000000000, 1.599999999999995900 ) ) ;
#6069 = CARTESIAN_POINT ( 'NONE',  ( -1.599999999999994800, 0.1000000000000000100, -0.6250000000000001100 ) ) ;
#6070 = VECTOR ( 'NONE', #5571, 1000.000000000000000 ) ;
#6071 = ORIENTED_EDGE ( 'NONE', *, *, #5413, .F. ) ;
#6072 = VERTEX_POINT ( 'NONE', #853 ) ;
#6073 = FACE_OUTER_BOUND ( 'NONE', #4188, .T. ) ;
#6074 = ORIENTED_EDGE ( 'NONE', *, *, #510, .F. ) ;
#6075 =( NAMED_UNIT ( * ) SI_UNIT ( $, .STERADIAN. ) SOLID_ANGLE_UNIT ( ) );
#6076 = LINE ( 'NONE', #2444, #4364 ) ;
#6077 = CARTESIAN_POINT ( 'NONE',  ( -1.600000000000000300, 0.9500000000000000700, -1.600000000000000300 ) ) ;
#6078 = DIRECTION ( 'NONE',  ( 0.0000000000000000000, -1.000000000000000000, 0.0000000000000000000 ) ) ;
#6079 = EDGE_LOOP ( 'NONE', ( #535, #2849, #6700, #3966 ) ) ;
#6080 = LINE ( 'NONE', #6815, #5981 ) ;
#6081 = ORIENTED_EDGE ( 'NONE', *, *, #4846, .F. ) ;
#6082 = EDGE_CURVE ( 'NONE', #3184, #2659, #2634, .T. ) ;
#6083 = CARTESIAN_POINT ( 'NONE',  ( -1.374999999999994200, 0.1000000000000000100, 1.599999999999995900 ) ) ;
#6084 = DIRECTION ( 'NONE',  ( -1.000000000000000000, 0.0000000000000000000, -3.089976191583646000E-014 ) ) ;
#6085 = ORIENTED_EDGE ( 'NONE', *, *, #7778, .F. ) ;
#6086 = ORIENTED_EDGE ( 'NONE', *, *, #6157, .F. ) ;
#6087 = VERTEX_POINT ( 'NONE', #4738 ) ;
#6088 = VERTEX_POINT ( 'NONE', #7924 ) ;
#6089 = LINE ( 'NONE', #2566, #7800 ) ;
#6090 = EDGE_CURVE ( 'NONE', #5238, #5229, #2934, .T. ) ;
#6091 = CARTESIAN_POINT ( 'NONE',  ( 1.600000000000005200, 4.059797974644667700, -0.8750000000000001100 ) ) ;
#6092 = EDGE_CURVE ( 'NONE', #558, #3548, #927, .T. ) ;
#6093 = CARTESIAN_POINT ( 'NONE',  ( 2.000000000000005300, 0.1000000000000000100, -0.6250000000000000000 ) ) ;
#6094 = AXIS2_PLACEMENT_3D ( 'NONE', #7636, #5762, #1281 ) ;
#6095 = CARTESIAN_POINT ( 'NONE',  ( -0.8749999999999502600, 0.1000000000000002600, 1.999999999999999100 ) ) ;
#6096 = ORIENTED_EDGE ( 'NONE', *, *, #7498, .F. ) ;
#6097 = ORIENTED_EDGE ( 'NONE', *, *, #2404, .F. ) ;
#6098 = VERTEX_POINT ( 'NONE', #4158 ) ;
#6099 = ADVANCED_FACE ( 'NONE', ( #6163 ), #883, .T. ) ;
#6100 = EDGE_LOOP ( 'NONE', ( #7816, #5893, #2859, #4793 ) ) ;
#6101 = FACE_OUTER_BOUND ( 'NONE', #3176, .T. ) ;
#6102 = AXIS2_PLACEMENT_3D ( 'NONE', #601, #1900, #3180 ) ;
#6103 = DIRECTION ( 'NONE',  ( -1.040834085586084700E-014, 0.0000000000000000000, 1.000000000000000000 ) ) ;
#6104 = CARTESIAN_POINT ( 'NONE',  ( -1.599999999999995000, 0.0000000000000000000, 0.8750000000000001100 ) ) ;
#6105 = ORIENTED_EDGE ( 'NONE', *, *, #5038, .F. ) ;
#6106 = CLOSED_SHELL ( 'NONE', ( #4161, #3774, #5510, #8056, #7497, #6021 ) ) ;
#6107 = DIRECTION ( 'NONE',  ( 0.0000000000000000000, 0.0000000000000000000, 1.000000000000000000 ) ) ;
#6108 = CARTESIAN_POINT ( 'NONE',  ( -1.599999999999989700, 0.0000000000000000000, 1.375000000000000200 ) ) ;
#6109 = ORIENTED_EDGE ( 'NONE', *, *, #6007, .F. ) ;
#6110 = DIRECTION ( 'NONE',  ( -1.000000000000000000, 0.0000000000000000000, -1.668003342285391800E-016 ) ) ;
#6111 = ADVANCED_FACE ( 'NONE', ( #1432 ), #5385, .F. ) ;
#6112 = VECTOR ( 'NONE', #3695, 1000.000000000000000 ) ;
#6113 = ADVANCED_FACE ( 'NONE', ( #7867 ), #6704, .T. ) ;
#6114 = EDGE_CURVE ( 'NONE', #2629, #2458, #147, .T. ) ;
#6115 = CARTESIAN_POINT ( 'NONE',  ( 2.100000000000000100, 0.0000000000000000000, 2.100000000000000100 ) ) ;
#6116 = ORIENTED_EDGE ( 'NONE', *, *, #2225, .T. ) ;
#6117 = CARTESIAN_POINT ( 'NONE',  ( -0.6249999999999947800, 0.1000000000000000100, -1.599999999999999000 ) ) ;
#6118 = EDGE_LOOP ( 'NONE', ( #5927, #6616, #4297, #6203 ) ) ;
#6119 = DIRECTION ( 'NONE',  ( 1.057097118173367800E-014, 0.0000000000000000000, -1.000000000000000000 ) ) ;
#6120 = PRESENTATION_LAYER_ASSIGNMENT (  '', '', ( #5267 ) ) ;
#6121 = PRESENTATION_STYLE_ASSIGNMENT (( #1440 ) ) ;
#6122 = VERTEX_POINT ( 'NONE', #903 ) ;
#6123 = DIRECTION ( 'NONE',  ( 0.0000000000000000000, -1.000000000000000000, 0.0000000000000000000 ) ) ;
#6124 = PLANE ( 'NONE',  #5668 ) ;
#6125 = FILL_AREA_STYLE_COLOUR ( '', #6556 ) ;
#6126 = VECTOR ( 'NONE', #399, 1000.000000000000000 ) ;
#6127 = CARTESIAN_POINT ( 'NONE',  ( -1.599999999999995000, 0.1000000000000002600, -0.8750000000000001100 ) ) ;
#6128 = LINE ( 'NONE', #8146, #212 ) ;
#6129 = EDGE_CURVE ( 'NONE', #6826, #3760, #3537, .T. ) ;
#6130 = VECTOR ( 'NONE', #7349, 1000.000000000000000 ) ;
#6131 = EDGE_CURVE ( 'NONE', #2534, #863, #4852, .T. ) ;
#6132 = CARTESIAN_POINT ( 'NONE',  ( 0.3749999999999989500, 4.059797974644667700, -1.999999999999996200 ) ) ;
#6133 = CARTESIAN_POINT ( 'NONE',  ( 0.6249999999999983300, 0.0000000000000000000, 1.999999999999997800 ) ) ;
#6134 = FACE_OUTER_BOUND ( 'NONE', #876, .T. ) ;
#6135 = CARTESIAN_POINT ( 'NONE',  ( 0.8749999999999988900, 0.1000000000000000100, -1.999999999999996200 ) ) ;
#6136 = SURFACE_SIDE_STYLE ('',( #2928 ) ) ;
#6137 = VECTOR ( 'NONE', #3418, 1000.000000000000000 ) ;
#6138 = CARTESIAN_POINT ( 'NONE',  ( -0.6249999999999943400, 0.0000000000000000000, 1.599999999999998500 ) ) ;
#6139 = ADVANCED_FACE ( 'NONE', ( #2031 ), #4814, .F. ) ;
#6140 = EDGE_CURVE ( 'NONE', #5215, #6791, #5062, .T. ) ;
#6141 = FACE_OUTER_BOUND ( 'NONE', #6778, .T. ) ;
#6142 = DIRECTION ( 'NONE',  ( 1.668003342285391800E-016, 0.0000000000000000000, -1.000000000000000000 ) ) ;
#6143 = CARTESIAN_POINT ( 'NONE',  ( -1.599999999999957900, 4.059797974644667700, 0.1250000000000245600 ) ) ;
#6144 = EDGE_LOOP ( 'NONE', ( #6920, #3569, #6781, #6515 ) ) ;
#6145 = VECTOR ( 'NONE', #1096, 1000.000000000000000 ) ;
#6146 = CARTESIAN_POINT ( 'NONE',  ( 0.3749999999999946700, 0.1000000000000000100, -1.599999999999996300 ) ) ;
#6147 = EDGE_CURVE ( 'NONE', #3771, #2453, #4241, .T. ) ;
#6148 = ORIENTED_EDGE ( 'NONE', *, *, #1412, .T. ) ;
#6149 = ADVANCED_FACE ( 'NONE', ( #6771 ), #4834, .F. ) ;
#6150 = VECTOR ( 'NONE', #3798, 1000.000000000000000 ) ;
#6151 = AXIS2_PLACEMENT_3D ( 'NONE', #4928, #4221, #5528 ) ;
#6152 = VERTEX_POINT ( 'NONE', #4304 ) ;
#6153 = VECTOR ( 'NONE', #6026, 1000.000000000000000 ) ;
#6154 = DIRECTION ( 'NONE',  ( 0.0000000000000000000, -1.000000000000000000, 0.0000000000000000000 ) ) ;
#6155 = CARTESIAN_POINT ( 'NONE',  ( 0.8749999999999946700, 0.1000000000000002600, -1.599999999999996300 ) ) ;
#6156 = LINE ( 'NONE', #3852, #528 ) ;
#6157 = EDGE_CURVE ( 'NONE', #6017, #5678, #4144, .T. ) ;
#6158 = CARTESIAN_POINT ( 'NONE',  ( 1.374999999999998400, 0.0000000000000000000, 1.999999999999996200 ) ) ;
#6159 = VECTOR ( 'NONE', #6758, 1000.000000000000000 ) ;
#6160 = CARTESIAN_POINT ( 'NONE',  ( 1.600000000000010500, 0.0000000000000000000, -1.375000000000000200 ) ) ;
#6161 = DIRECTION ( 'NONE',  ( 0.0000000000000000000, 1.000000000000000000, 0.0000000000000000000 ) ) ;
#6162 = ORIENTED_EDGE ( 'NONE', *, *, #5590, .T. ) ;
#6163 = FACE_OUTER_BOUND ( 'NONE', #1370, .T. ) ;
#6164 = ORIENTED_EDGE ( 'NONE', *, *, #5737, .F. ) ;
#6165 = UNCERTAINTY_MEASURE_WITH_UNIT (LENGTH_MEASURE( 1.000000000000000100E-005 ), #5638, 'distance_accuracy_value', 'NONE');
#6166 = CARTESIAN_POINT ( 'NONE',  ( 2.000000000000001800, -0.0000000000000000000, -0.1249999999999821400 ) ) ;
#6167 = DIRECTION ( 'NONE',  ( -0.0000000000000000000, -1.000000000000000000, -0.0000000000000000000 ) ) ;
#6168 = EDGE_CURVE ( 'NONE', #886, #6625, #1228, .T. ) ;
#6169 = ORIENTED_EDGE ( 'NONE', *, *, #6066, .T. ) ;
#6170 = ORIENTED_EDGE ( 'NONE', *, *, #2046, .T. ) ;
#6171 = FACE_OUTER_BOUND ( 'NONE', #380, .T. ) ;
#6172 = CARTESIAN_POINT ( 'NONE',  ( -1.600000000000000100, -0.0000000000000000000, -0.3750000000000000600 ) ) ;
#6173 = CARTESIAN_POINT ( 'NONE',  ( 1.600000000000005000, 0.1000000000000000100, 0.6250000000000001100 ) ) ;
#6174 = ORIENTED_EDGE ( 'NONE', *, *, #5916, .F. ) ;
#6175 = LINE ( 'NONE', #7323, #846 ) ;
#6176 = ORIENTED_EDGE ( 'NONE', *, *, #1770, .F. ) ;
#6177 = EDGE_CURVE ( 'NONE', #4268, #1287, #7469, .T. ) ;
#6178 =( NAMED_UNIT ( * ) PLANE_ANGLE_UNIT ( ) SI_UNIT ( $, .RADIAN. ) );
#6179 = ORIENTED_EDGE ( 'NONE', *, *, #806, .T. ) ;
#6180 = CARTESIAN_POINT ( 'NONE',  ( -1.374999999999950900, 0.1000000000000002600, -1.999999999999999100 ) ) ;
#6181 = VECTOR ( 'NONE', #7933, 1000.000000000000000 ) ;
#6182 = CARTESIAN_POINT ( 'NONE',  ( -1.999999999999984500, 4.059797974644667700, 1.125000000000011500 ) ) ;
#6183 = CLOSED_SHELL ( 'NONE', ( #6191, #7828, #4263, #1458, #7448, #3320 ) ) ;
#6184 = EDGE_LOOP ( 'NONE', ( #7279, #4583, #7577, #3579 ) ) ;
#6185 = DIRECTION ( 'NONE',  ( -8.673617379884036500E-016, 0.0000000000000000000, 1.000000000000000000 ) ) ;
#6186 = VERTEX_POINT ( 'NONE', #6133 ) ;
#6187 = ORIENTED_EDGE ( 'NONE', *, *, #7085, .T. ) ;
#6188 = CARTESIAN_POINT ( 'NONE',  ( -1.599999999999957900, 0.1000000000000000100, 0.1250000000000245600 ) ) ;
#6189 = DIRECTION ( 'NONE',  ( -0.0000000000000000000, 1.000000000000000000, 0.0000000000000000000 ) ) ;
#6190 = VECTOR ( 'NONE', #1942, 1000.000000000000000 ) ;
#6191 = ADVANCED_FACE ( 'NONE', ( #4052 ), #3616, .T. ) ;
#6192 = ORIENTED_EDGE ( 'NONE', *, *, #7319, .T. ) ;
#6193 = VERTEX_POINT ( 'NONE', #7455 ) ;
#6194 = ORIENTED_EDGE ( 'NONE', *, *, #1400, .F. ) ;
#6195 = EDGE_CURVE ( 'NONE', #63, #2458, #5558, .T. ) ;
#6196 = EDGE_LOOP ( 'NONE', ( #4686, #3842, #916, #1973 ) ) ;
#6197 = CARTESIAN_POINT ( 'NONE',  ( 2.100000000000000100, 1.050000000000000000, 2.100000000000000100 ) ) ;
#6198 = CARTESIAN_POINT ( 'NONE',  ( -0.8749999999999946700, 0.0000000000000000000, -1.599999999999996300 ) ) ;
#6199 = PRESENTATION_STYLE_ASSIGNMENT (( #3215 ) ) ;
#6200 = CARTESIAN_POINT ( 'NONE',  ( 0.8749999999999942300, 0.0000000000000000000, 1.599999999999995900 ) ) ;
#6201 = AXIS2_PLACEMENT_3D ( 'NONE', #3133, #6931, #5614 ) ;
#6202 = CARTESIAN_POINT ( 'NONE',  ( -0.8749999999999942300, 4.059797974644667700, 1.599999999999995900 ) ) ;
#6203 = ORIENTED_EDGE ( 'NONE', *, *, #2723, .F. ) ;
#6204 = ORIENTED_EDGE ( 'NONE', *, *, #5496, .F. ) ;
#6205 = VERTEX_POINT ( 'NONE', #1010 ) ;
#6206 = SURFACE_SIDE_STYLE ('',( #6540 ) ) ;
#6207 = LINE ( 'NONE', #6182, #5123 ) ;
#6208 = VECTOR ( 'NONE', #790, 1000.000000000000000 ) ;
#6209 = EDGE_CURVE ( 'NONE', #64, #6731, #7271, .T. ) ;
#6210 = DIRECTION ( 'NONE',  ( 1.095044194210350900E-013, 0.0000000000000000000, 1.000000000000000000 ) ) ;
#6211 = PRESENTATION_LAYER_ASSIGNMENT (  '', '', ( #5359 ) ) ;
#6212 = DIRECTION ( 'NONE',  ( -1.000000000000000000, 0.0000000000000000000, 0.0000000000000000000 ) ) ;
#6213 = EDGE_LOOP ( 'NONE', ( #73, #280, #5922, #7594 ) ) ;
#6214 = EDGE_LOOP ( 'NONE', ( #4087, #1, #3904, #5883 ) ) ;
#6215 = CARTESIAN_POINT ( 'NONE',  ( 1.600000000000005200, 4.059797974644667700, 0.8750000000000001100 ) ) ;
#6216 = LINE ( 'NONE', #7995, #2588 ) ;
#6217 = CARTESIAN_POINT ( 'NONE',  ( 0.6249999999999947800, 0.1000000000000000100, -1.599999999999999000 ) ) ;
#6218 = FACE_OUTER_BOUND ( 'NONE', #6760, .T. ) ;
#6219 = CARTESIAN_POINT ( 'NONE',  ( 2.000000000000000000, 0.1000000000000002600, 0.3750000000000000600 ) ) ;
#6220 = CARTESIAN_POINT ( 'NONE',  ( 0.6249999999999987800, 0.1000000000000002600, -1.999999999999998700 ) ) ;
#6221 = CARTESIAN_POINT ( 'NONE',  ( -1.599999999999989700, 0.1000000000000000100, 1.375000000000000200 ) ) ;
#6222 = ORIENTED_EDGE ( 'NONE', *, *, #5121, .T. ) ;
#6223 = ORIENTED_EDGE ( 'NONE', *, *, #2228, .F. ) ;
#6224 = VERTEX_POINT ( 'NONE', #6160 ) ;
#6225 = EDGE_CURVE ( 'NONE', #2483, #4472, #3634, .T. ) ;
#6226 = FACE_OUTER_BOUND ( 'NONE', #1846, .T. ) ;
#6227 = CARTESIAN_POINT ( 'NONE',  ( -0.3749999999999946700, -0.0000000000000000000, -1.599999999999996300 ) ) ;
#6228 = FACE_OUTER_BOUND ( 'NONE', #7677, .T. ) ;
#6229 = CARTESIAN_POINT ( 'NONE',  ( 0.3749999999999943400, 0.0000000000000000000, 1.599999999999995900 ) ) ;
#6230 = ORIENTED_EDGE ( 'NONE', *, *, #4018, .T. ) ;
#6231 = CARTESIAN_POINT ( 'NONE',  ( 0.1249999999999947700, 0.0000000000000000000, -1.599999999999999000 ) ) ;
#6232 = LINE ( 'NONE', #5915, #3001 ) ;
#6233 = DIRECTION ( 'NONE',  ( 0.0000000000000000000, -1.000000000000000000, 0.0000000000000000000 ) ) ;
#6234 = FACE_OUTER_BOUND ( 'NONE', #145, .T. ) ;
#6235 = ADVANCED_FACE ( 'NONE', ( #647 ), #354, .F. ) ;
#6236 = FACE_BOUND ( 'NONE', #3191, .T. ) ;
#6237 = DIRECTION ( 'NONE',  ( 1.000000000000000000, -0.0000000000000000000, -0.0000000000000000000 ) ) ;
#6238 = CARTESIAN_POINT ( 'NONE',  ( -1.599999999999995000, 0.0000000000000000000, 0.8750000000000001100 ) ) ;
#6239 = LINE ( 'NONE', #1098, #4631 ) ;
#6240 = DIRECTION ( 'NONE',  ( -6.938893903906731400E-015, -0.0000000000000000000, 1.000000000000000000 ) ) ;
#6241 = VECTOR ( 'NONE', #5184, 1000.000000000000000 ) ;
#6242 = DIRECTION ( 'NONE',  ( 0.0000000000000000000, -0.0000000000000000000, -1.000000000000000000 ) ) ;
#6243 = CARTESIAN_POINT ( 'NONE',  ( -1.124999999999994400, 0.1000000000000000100, 1.599999999999998500 ) ) ;
#6244 = PLANE ( 'NONE',  #2201 ) ;
#6245 = CARTESIAN_POINT ( 'NONE',  ( 0.0000000000000000000, 0.1000000000000000100, 0.0000000000000000000 ) ) ;
#6246 = ORIENTED_EDGE ( 'NONE', *, *, #7178, .T. ) ;
#6247 = VECTOR ( 'NONE', #3626, 1000.000000000000000 ) ;
#6248 = PRESENTATION_STYLE_ASSIGNMENT (( #3378 ) ) ;
#6249 = CARTESIAN_POINT ( 'NONE',  ( 1.374999999999994200, 0.1000000000000000100, 1.599999999999995900 ) ) ;
#6250 = CARTESIAN_POINT ( 'NONE',  ( -0.3749999999999498200, 0.1000000000000002600, -2.000000000000000000 ) ) ;
#6251 = DIRECTION ( 'NONE',  ( 1.040834085586084700E-014, 0.0000000000000000000, -1.000000000000000000 ) ) ;
#6252 =( NAMED_UNIT ( * ) SI_UNIT ( $, .STERADIAN. ) SOLID_ANGLE_UNIT ( ) );
#6253 = ADVANCED_FACE ( 'NONE', ( #7366 ), #5488, .F. ) ;
#6254 = DIRECTION ( 'NONE',  ( 0.0000000000000000000, -1.000000000000000000, 0.0000000000000000000 ) ) ;
#6255 = EDGE_CURVE ( 'NONE', #5555, #4999, #6261, .T. ) ;
#6256 = VECTOR ( 'NONE', #229, 1000.000000000000000 ) ;
#6257 = VERTEX_POINT ( 'NONE', #3592 ) ;
#6258 = VECTOR ( 'NONE', #3128, 1000.000000000000000 ) ;
#6259 = AXIS2_PLACEMENT_3D ( 'NONE', #4762, #5384, #5487 ) ;
#6260 = DIRECTION ( 'NONE',  ( 0.0000000000000000000, 1.000000000000000000, 0.0000000000000000000 ) ) ;
#6261 = LINE ( 'NONE', #1728, #2626 ) ;
#6262 = DIRECTION ( 'NONE',  ( -1.000000000000000000, 0.0000000000000000000, 1.040834085586084700E-014 ) ) ;
#6263 = DIRECTION ( 'NONE',  ( 1.000000000000000000, 0.0000000000000000000, -1.040834085586084700E-014 ) ) ;
#6264 = ADVANCED_FACE ( 'NONE', ( #44 ), #1677, .F. ) ;
#6265 = LINE ( 'NONE', #8162, #2734 ) ;
#6266 = AXIS2_PLACEMENT_3D ( 'NONE', #1589, #6103, #4414 ) ;
#6267 = CARTESIAN_POINT ( 'NONE',  ( 0.8749999999999988900, 0.0000000000000000000, -1.999999999999996200 ) ) ;
#6268 = ORIENTED_EDGE ( 'NONE', *, *, #7340, .T. ) ;
#6269 = VERTEX_POINT ( 'NONE', #1070 ) ;
#6270 = FACE_OUTER_BOUND ( 'NONE', #5610, .T. ) ;
#6271 = EDGE_CURVE ( 'NONE', #3760, #2126, #1326, .T. ) ;
#6272 = DIRECTION ( 'NONE',  ( 0.0000000000000000000, -0.0000000000000000000, 1.000000000000000000 ) ) ;
#6273 = CARTESIAN_POINT ( 'NONE',  ( -0.6249999999999947800, -0.0000000000000000000, -1.599999999999999000 ) ) ;
#6274 = FACE_OUTER_BOUND ( 'NONE', #7411, .T. ) ;
#6275 = DIRECTION ( 'NONE',  ( -0.0000000000000000000, -1.000000000000000000, -0.0000000000000000000 ) ) ;
#6276 = CARTESIAN_POINT ( 'NONE',  ( 0.8749999999999988900, 0.1000000000000000100, -1.999999999999996200 ) ) ;
#6277 = ADVANCED_FACE ( 'NONE', ( #1020 ), #488, .F. ) ;
#6278 = VECTOR ( 'NONE', #4418, 1000.000000000000000 ) ;
#6279 = ORIENTED_EDGE ( 'NONE', *, *, #7390, .F. ) ;
#6280 = VERTEX_POINT ( 'NONE', #5629 ) ;
#6281 = LINE ( 'NONE', #6329, #1438 ) ;
#6282 = ORIENTED_EDGE ( 'NONE', *, *, #7830, .T. ) ;
#6283 = CARTESIAN_POINT ( 'NONE',  ( 1.600000000000010500, 0.1000000000000002600, 1.375000000000000200 ) ) ;
#6284 = CARTESIAN_POINT ( 'NONE',  ( 0.6249999999999947800, 0.0000000000000000000, -1.599999999999999000 ) ) ;
#6285 = DIRECTION ( 'NONE',  ( 1.000000000000000000, 0.0000000000000000000, -1.029992063861229100E-014 ) ) ;
#6286 =( LENGTH_UNIT ( ) NAMED_UNIT ( * ) SI_UNIT ( .MILLI., .METRE. ) );
#6287 = CARTESIAN_POINT ( 'NONE',  ( -1.600000000000000100, -0.0000000000000000000, -0.3750000000000000600 ) ) ;
#6288 = ORIENTED_EDGE ( 'NONE', *, *, #683, .F. ) ;
#6289 = ORIENTED_EDGE ( 'NONE', *, *, #7184, .F. ) ;
#6290 = EDGE_LOOP ( 'NONE', ( #3724, #7584, #6893, #3097 ) ) ;
#6291 = ORIENTED_EDGE ( 'NONE', *, *, #5643, .T. ) ;
#6292 = LINE ( 'NONE', #8290, #3060 ) ;
#6293 = DIRECTION ( 'NONE',  ( -1.124859753953710500E-013, -0.0000000000000000000, 1.000000000000000000 ) ) ;
#6294 = EDGE_CURVE ( 'NONE', #5767, #7087, #7564, .T. ) ;
#6295 = CARTESIAN_POINT ( 'NONE',  ( -0.3749999999999503200, 4.059797974644667700, 1.999999999999999100 ) ) ;
#6296 = ORIENTED_EDGE ( 'NONE', *, *, #1884, .T. ) ;
#6297 = ORIENTED_EDGE ( 'NONE', *, *, #4319, .F. ) ;
#6298 = ORIENTED_EDGE ( 'NONE', *, *, #404, .F. ) ;
#6299 = DIRECTION ( 'NONE',  ( -0.0000000000000000000, -1.000000000000000000, -0.0000000000000000000 ) ) ;
#6300 = VECTOR ( 'NONE', #2683, 1000.000000000000100 ) ;
#6301 = CARTESIAN_POINT ( 'NONE',  ( 0.1249999999999947700, 0.1000000000000002600, -1.599999999999999000 ) ) ;
#6302 = MECHANICAL_DESIGN_GEOMETRIC_PRESENTATION_REPRESENTATION (  '', ( #6031 ), #2518 ) ;
#6303 = CARTESIAN_POINT ( 'NONE',  ( 0.0000000000000000000, 0.3500000000000001400, 0.0000000000000000000 ) ) ;
#6304 = CARTESIAN_POINT ( 'NONE',  ( 0.3749999999999984500, 0.0000000000000000000, 1.999999999999996200 ) ) ;
#6305 = ORIENTED_EDGE ( 'NONE', *, *, #4406, .F. ) ;
#6306 = ORIENTED_EDGE ( 'NONE', *, *, #2479, .T. ) ;
#6307 = EDGE_LOOP ( 'NONE', ( #6170, #6109, #3534, #6978 ) ) ;
#6308 = DIRECTION ( 'NONE',  ( -1.000000000000000000, 0.0000000000000000000, 9.757819552369557300E-015 ) ) ;
#6309 = ORIENTED_EDGE ( 'NONE', *, *, #1189, .F. ) ;
#6310 = EDGE_CURVE ( 'NONE', #6690, #5951, #5053, .T. ) ;
#6311 = LINE ( 'NONE', #573, #8092 ) ;
#6312 = EDGE_CURVE ( 'NONE', #57, #5808, #4232, .T. ) ;
#6313 = ADVANCED_FACE ( 'NONE', ( #6571 ), #2268, .T. ) ;
#6314 = ORIENTED_EDGE ( 'NONE', *, *, #3341, .F. ) ;
#6315 = ORIENTED_EDGE ( 'NONE', *, *, #4882, .T. ) ;
#6316 = DIRECTION ( 'NONE',  ( 0.0000000000000000000, -1.000000000000000000, 0.0000000000000000000 ) ) ;
#6317 = PLANE ( 'NONE',  #139 ) ;
#6318 = ORIENTED_EDGE ( 'NONE', *, *, #5871, .T. ) ;
#6319 = DIRECTION ( 'NONE',  ( -1.124859753953710500E-013, -0.0000000000000000000, 1.000000000000000000 ) ) ;
#6320 = CARTESIAN_POINT ( 'NONE',  ( -1.399999999999999500, -0.0000000000000000000, -1.200000000000000200 ) ) ;
#6321 = FACE_OUTER_BOUND ( 'NONE', #8066, .T. ) ;
#6322 = DIRECTION ( 'NONE',  ( -1.000000000000000000, 0.0000000000000000000, 6.938893903907228400E-015 ) ) ;
#6323 = ORIENTED_EDGE ( 'NONE', *, *, #4474, .F. ) ;
#6324 = ADVANCED_FACE ( 'NONE', ( #2526 ), #4238, .F. ) ;
#6325 = ORIENTED_EDGE ( 'NONE', *, *, #1871, .T. ) ;
#6326 = EDGE_CURVE ( 'NONE', #3282, #1732, #2419, .T. ) ;
#6327 = DIRECTION ( 'NONE',  ( -1.000000000000000000, 0.0000000000000000000, 1.095044194210350900E-013 ) ) ;
#6328 = AXIS2_PLACEMENT_3D ( 'NONE', #1738, #2381, #1155 ) ;
#6329 = CARTESIAN_POINT ( 'NONE',  ( 2.000000000000005300, 4.059797974644667700, 0.8750000000000001100 ) ) ;
#6330 = CARTESIAN_POINT ( 'NONE',  ( 1.600000000000001600, 0.0000000000000000000, 0.1250000000000245600 ) ) ;
#6331 = EDGE_CURVE ( 'NONE', #8157, #63, #4555, .T. ) ;
#6332 = MANIFOLD_SOLID_BREP ( 'Boss-Extrude2[15]', #476 ) ;
#6333 = DIRECTION ( 'NONE',  ( -1.000000000000000000, 0.0000000000000000000, 0.0000000000000000000 ) ) ;
#6334 = LINE ( 'NONE', #3741, #7926 ) ;
#6335 = ORIENTED_EDGE ( 'NONE', *, *, #6688, .F. ) ;
#6336 = CARTESIAN_POINT ( 'NONE',  ( -1.399999999999999900, 0.1000000000000002600, 1.399999999999999700 ) ) ;
#6337 = DIRECTION ( 'NONE',  ( -2.081668171172264400E-014, 0.0000000000000000000, 1.000000000000000000 ) ) ;
#6338 = CARTESIAN_POINT ( 'NONE',  ( 0.3749999999999946700, 0.0000000000000000000, -1.599999999999996300 ) ) ;
#6339 = LINE ( 'NONE', #1962, #6455 ) ;
#6340 = CARTESIAN_POINT ( 'NONE',  ( 2.000000000000001800, 0.1000000000000000100, 0.1249999999999821400 ) ) ;
#6341 = LINE ( 'NONE', #2544, #112 ) ;
#6342 = EDGE_CURVE ( 'NONE', #7326, #1442, #3526, .T. ) ;
#6343 = VECTOR ( 'NONE', #8046, 1000.000000000000000 ) ;
#6344 = PLANE ( 'NONE',  #8086 ) ;
#6345 = LINE ( 'NONE', #2204, #4739 ) ;
#6346 = DIRECTION ( 'NONE',  ( -0.0000000000000000000, -1.000000000000000000, -0.0000000000000000000 ) ) ;
#6347 = CARTESIAN_POINT ( 'NONE',  ( -0.3749999999999943400, 0.1000000000000000100, 1.599999999999995900 ) ) ;
#6348 = FACE_BOUND ( 'NONE', #8175, .T. ) ;
#6349 = PLANE ( 'NONE',  #4044 ) ;
#6350 = EDGE_CURVE ( 'NONE', #2788, #6795, #3140, .T. ) ;
#6351 = DIRECTION ( 'NONE',  ( -1.000000000000000000, 0.0000000000000000000, 1.002887009549093500E-014 ) ) ;
#6352 = ORIENTED_EDGE ( 'NONE', *, *, #3863, .F. ) ;
#6353 = VECTOR ( 'NONE', #4326, 1000.000000000000000 ) ;
#6354 = ADVANCED_FACE ( 'NONE', ( #4945 ), #4865, .F. ) ;
#6355 = ORIENTED_EDGE ( 'NONE', *, *, #7733, .T. ) ;
#6356 = FACE_OUTER_BOUND ( 'NONE', #3161, .T. ) ;
#6357 = PLANE ( 'NONE',  #6865 ) ;
#6358 = SURFACE_SIDE_STYLE ('',( #7711 ) ) ;
#6359 = CARTESIAN_POINT ( 'NONE',  ( -0.3749999999999498200, 0.1000000000000000100, -2.000000000000000000 ) ) ;
#6360 = FACE_OUTER_BOUND ( 'NONE', #1559, .T. ) ;
#6361 = EDGE_CURVE ( 'NONE', #397, #3094, #3337, .T. ) ;
#6362 = ADVANCED_FACE ( 'NONE', ( #734 ), #1268, .T. ) ;
#6363 = VECTOR ( 'NONE', #4355, 1000.000000000000000 ) ;
#6364 = AXIS2_PLACEMENT_3D ( 'NONE', #1854, #6373, #674 ) ;
#6365 = DIRECTION ( 'NONE',  ( 1.000000000000000000, -0.0000000000000000000, 6.132518538120488200E-014 ) ) ;
#6366 = CARTESIAN_POINT ( 'NONE',  ( 0.6249999999999947800, 0.0000000000000000000, -1.599999999999999000 ) ) ;
#6367 = DIRECTION ( 'NONE',  ( 9.757819552369558800E-015, 0.0000000000000000000, 1.000000000000000000 ) ) ;
#6368 = CARTESIAN_POINT ( 'NONE',  ( -2.100000000000000100, 0.0000000000000000000, -2.100000000000000100 ) ) ;
#6369 = ORIENTED_EDGE ( 'NONE', *, *, #4009, .F. ) ;
#6370 = EDGE_CURVE ( 'NONE', #7596, #6011, #6156, .T. ) ;
#6371 = ORIENTED_EDGE ( 'NONE', *, *, #6877, .T. ) ;
#6372 = EDGE_CURVE ( 'NONE', #4573, #2483, #919, .T. ) ;
#6373 = DIRECTION ( 'NONE',  ( 0.0000000000000000000, -0.0000000000000000000, 1.000000000000000000 ) ) ;
#6374 = AXIS2_PLACEMENT_3D ( 'NONE', #8247, #3716, #3114 ) ;
#6375 = AXIS2_PLACEMENT_3D ( 'NONE', #6188, #405, #4269 ) ;
#6376 = PLANE ( 'NONE',  #5562 ) ;
#6377 = PLANE ( 'NONE',  #7156 ) ;
#6378 = ORIENTED_EDGE ( 'NONE', *, *, #5218, .T. ) ;
#6379 = ORIENTED_EDGE ( 'NONE', *, *, #2704, .T. ) ;
#6380 = VECTOR ( 'NONE', #5122, 1000.000000000000000 ) ;
#6381 = PLANE ( 'NONE',  #3843 ) ;
#6382 = DIRECTION ( 'NONE',  ( 0.0000000000000000000, 0.0000000000000000000, 1.000000000000000000 ) ) ;
#6383 = VECTOR ( 'NONE', #5581, 1000.000000000000000 ) ;
#6384 = AXIS2_PLACEMENT_3D ( 'NONE', #8020, #1008, #6185 ) ;
#6385 = EDGE_LOOP ( 'NONE', ( #3483, #1011, #648, #1159 ) ) ;
#6386 = LINE ( 'NONE', #2809, #2236 ) ;
#6387 = EDGE_CURVE ( 'NONE', #6768, #5501, #4761, .T. ) ;
#6388 = DIRECTION ( 'NONE',  ( -0.0000000000000000000, -1.000000000000000000, -0.0000000000000000000 ) ) ;
#6389 = VERTEX_POINT ( 'NONE', #5250 ) ;
#6390 = ORIENTED_EDGE ( 'NONE', *, *, #2630, .F. ) ;
#6391 = SURFACE_STYLE_FILL_AREA ( #6746 ) ;
#6392 = CARTESIAN_POINT ( 'NONE',  ( -0.8749999999999942300, 0.1000000000000000100, 1.599999999999995900 ) ) ;
#6393 = FACE_OUTER_BOUND ( 'NONE', #5675, .T. ) ;
#6394 = CARTESIAN_POINT ( 'NONE',  ( 2.000000000000000000, 4.059797974644667700, 0.3750000000000000600 ) ) ;
#6395 = CARTESIAN_POINT ( 'NONE',  ( 2.000000000000000000, 0.1000000000000000100, -0.3750000000000000600 ) ) ;
#6396 = ORIENTED_EDGE ( 'NONE', *, *, #4111, .T. ) ;
#6397 = ORIENTED_EDGE ( 'NONE', *, *, #1001, .T. ) ;
#6398 = ADVANCED_FACE ( 'NONE', ( #7163 ), #5660, .F. ) ;
#6399 = ORIENTED_EDGE ( 'NONE', *, *, #4804, .T. ) ;
#6400 = EDGE_LOOP ( 'NONE', ( #2016, #6885, #3017, #8240 ) ) ;
#6401 = DIRECTION ( 'NONE',  ( -1.000000000000000000, -0.0000000000000000000, 3.089976191583642800E-014 ) ) ;
#6402 = CARTESIAN_POINT ( 'NONE',  ( 1.399999999999999900, 0.0000000000000000000, 1.400000000000000100 ) ) ;
#6403 = LINE ( 'NONE', #1276, #6190 ) ;
#6404 = DIRECTION ( 'NONE',  ( -0.0000000000000000000, -0.0000000000000000000, 1.000000000000000000 ) ) ;
#6405 = DIRECTION ( 'NONE',  ( -0.0000000000000000000, -1.000000000000000000, -0.0000000000000000000 ) ) ;
#6406 = CARTESIAN_POINT ( 'NONE',  ( -1.599999999999989700, 0.1000000000000002600, 1.375000000000000200 ) ) ;
#6407 = ORIENTED_EDGE ( 'NONE', *, *, #5871, .F. ) ;
#6408 = ORIENTED_EDGE ( 'NONE', *, *, #2086, .F. ) ;
#6409 = VERTEX_POINT ( 'NONE', #3708 ) ;
#6410 = ORIENTED_EDGE ( 'NONE', *, *, #4646, .F. ) ;
#6411 = ADVANCED_FACE ( 'NONE', ( #1716 ), #2410, .F. ) ;
#6412 = FACE_OUTER_BOUND ( 'NONE', #7192, .T. ) ;
#6413 = CARTESIAN_POINT ( 'NONE',  ( 1.124999999999998900, 0.1000000000000002600, -1.999999999999998700 ) ) ;
#6414 = DIRECTION ( 'NONE',  ( -0.0000000000000000000, -1.000000000000000000, -0.0000000000000000000 ) ) ;
#6415 = EDGE_CURVE ( 'NONE', #1706, #1049, #7666, .T. ) ;
#6416 = DIRECTION ( 'NONE',  ( -1.000000000000000000, 0.0000000000000000000, -7.589415207398658800E-015 ) ) ;
#6417 = DIRECTION ( 'NONE',  ( 0.0000000000000000000, -0.0000000000000000000, 1.000000000000000000 ) ) ;
#6418 = ORIENTED_EDGE ( 'NONE', *, *, #5154, .F. ) ;
#6419 = ORIENTED_EDGE ( 'NONE', *, *, #6157, .T. ) ;
#6420 = ORIENTED_EDGE ( 'NONE', *, *, #1394, .T. ) ;
#6421 = EDGE_LOOP ( 'NONE', ( #6162, #3026, #874, #5117 ) ) ;
#6422 = VECTOR ( 'NONE', #6776, 1000.000000000000000 ) ;
#6423 = AXIS2_PLACEMENT_3D ( 'NONE', #29, #3823, #1853 ) ;
#6424 = FACE_OUTER_BOUND ( 'NONE', #295, .T. ) ;
#6425 = CARTESIAN_POINT ( 'NONE',  ( 2.000000000000015500, 0.0000000000000000000, 1.125000000000012400 ) ) ;
#6426 = CARTESIAN_POINT ( 'NONE',  ( 1.600000000000005000, 0.0000000000000000000, 0.6250000000000001100 ) ) ;
#6427 = CARTESIAN_POINT ( 'NONE',  ( 1.600000000000005000, 0.0000000000000000000, -0.6250000000000001100 ) ) ;
#6428 = VERTEX_POINT ( 'NONE', #1186 ) ;
#6429 = ORIENTED_EDGE ( 'NONE', *, *, #5987, .F. ) ;
#6430 = EDGE_CURVE ( 'NONE', #8230, #6409, #4344, .T. ) ;
#6431 = LINE ( 'NONE', #7449, #4716 ) ;
#6432 = DIRECTION ( 'NONE',  ( 0.0000000000000000000, 1.000000000000000000, 0.0000000000000000000 ) ) ;
#6433 = EDGE_CURVE ( 'NONE', #7335, #6923, #6058, .T. ) ;
#6434 = CARTESIAN_POINT ( 'NONE',  ( 1.374999999999998400, 0.1000000000000000100, 1.999999999999996200 ) ) ;
#6435 = ORIENTED_EDGE ( 'NONE', *, *, #6482, .T. ) ;
#6436 = PLANE ( 'NONE',  #1824 ) ;
#6437 = LINE ( 'NONE', #2434, #4826 ) ;
#6438 = DIRECTION ( 'NONE',  ( 0.0000000000000000000, 1.000000000000000000, 0.0000000000000000000 ) ) ;
#6439 = VERTEX_POINT ( 'NONE', #3038 ) ;
#6440 = CARTESIAN_POINT ( 'NONE',  ( -1.124999999999950500, 0.0000000000000000000, 1.999999999999998200 ) ) ;
#6441 = PRESENTATION_LAYER_ASSIGNMENT (  '', '', ( #4253 ) ) ;
#6442 = DIRECTION ( 'NONE',  ( -0.0000000000000000000, 1.000000000000000000, 0.0000000000000000000 ) ) ;
#6443 = PRODUCT_DEFINITION ( 'UNKNOWN', '', #6598, #7963 ) ;
#6444 = MANIFOLD_SOLID_BREP ( 'Boss-Extrude2[7]', #8005 ) ;
#6445 = VECTOR ( 'NONE', #6293, 1000.000000000000000 ) ;
#6446 = AXIS2_PLACEMENT_3D ( 'NONE', #1310, #4465, #624 ) ;
#6447 = DIRECTION ( 'NONE',  ( -1.029992063861230200E-014, 0.0000000000000000000, 1.000000000000000000 ) ) ;
#6448 = LINE ( 'NONE', #5862, #2691 ) ;
#6449 = EDGE_LOOP ( 'NONE', ( #4288, #6062, #6420, #2246 ) ) ;
#6450 = CARTESIAN_POINT ( 'NONE',  ( 1.600000000000010300, 0.0000000000000000000, -1.125000000000000200 ) ) ;
#6451 = LINE ( 'NONE', #1594, #8103 ) ;
#6452 = CARTESIAN_POINT ( 'NONE',  ( 0.0000000000000000000, 0.1000000000000000100, 0.0000000000000000000 ) ) ;
#6453 = EDGE_CURVE ( 'NONE', #4904, #2787, #2024, .T. ) ;
#6454 = CARTESIAN_POINT ( 'NONE',  ( 0.1249999999999988900, 0.1000000000000000100, -1.999999999999998700 ) ) ;
#6455 = VECTOR ( 'NONE', #7704, 1000.000000000000000 ) ;
#6456 = FACE_BOUND ( 'NONE', #2076, .T. ) ;
#6457 = PLANE ( 'NONE',  #6617 ) ;
#6458 =( NAMED_UNIT ( * ) SI_UNIT ( $, .STERADIAN. ) SOLID_ANGLE_UNIT ( ) );
#6459 = DIRECTION ( 'NONE',  ( -0.0000000000000000000, -1.000000000000000000, -0.0000000000000000000 ) ) ;
#6460 = ADVANCED_FACE ( 'NONE', ( #7157 ), #4987, .F. ) ;
#6461 = VECTOR ( 'NONE', #881, 1000.000000000000000 ) ;
#6462 = VECTOR ( 'NONE', #1226, 1000.000000000000000 ) ;
#6463 = CARTESIAN_POINT ( 'NONE',  ( 0.0000000000000000000, 0.0000000000000000000, 0.0000000000000000000 ) ) ;
#6464 = DIRECTION ( 'NONE',  ( 1.103175710504001600E-013, 0.0000000000000000000, 1.000000000000000000 ) ) ;
#6465 = CARTESIAN_POINT ( 'NONE',  ( 1.124999999999998900, 0.1000000000000000100, -1.999999999999998700 ) ) ;
#6466 = ORIENTED_EDGE ( 'NONE', *, *, #7390, .T. ) ;
#6467 = PLANE ( 'NONE',  #7060 ) ;
#6468 = VECTOR ( 'NONE', #8237, 1000.000000000000000 ) ;
#6469 = CARTESIAN_POINT ( 'NONE',  ( -1.374999999999994700, 4.059797974644667700, -1.599999999999996300 ) ) ;
#6470 = ORIENTED_EDGE ( 'NONE', *, *, #4437, .F. ) ;
#6471 = EDGE_CURVE ( 'NONE', #5608, #4088, #3025, .T. ) ;
#6472 = VECTOR ( 'NONE', #1726, 1000.000000000000000 ) ;
#6473 = AXIS2_PLACEMENT_3D ( 'NONE', #2013, #795, #5848 ) ;
#6474 = VECTOR ( 'NONE', #3321, 1000.000000000000000 ) ;
#6475 =( LENGTH_UNIT ( ) NAMED_UNIT ( * ) SI_UNIT ( .MILLI., .METRE. ) );
#6476 = ORIENTED_EDGE ( 'NONE', *, *, #3322, .F. ) ;
#6477 = VECTOR ( 'NONE', #5749, 1000.000000000000000 ) ;
#6478 =( LENGTH_UNIT ( ) NAMED_UNIT ( * ) SI_UNIT ( .MILLI., .METRE. ) );
#6479 = PRESENTATION_STYLE_ASSIGNMENT (( #6786 ) ) ;
#6480 = DIRECTION ( 'NONE',  ( -0.0000000000000000000, -1.000000000000000000, -0.0000000000000000000 ) ) ;
#6481 = VERTEX_POINT ( 'NONE', #327 ) ;
#6482 = EDGE_CURVE ( 'NONE', #1743, #675, #5162, .T. ) ;
#6483 = COLOUR_RGB ( '',1.000000000000000000, 0.8117647058823529400, 0.5019607843137254800 ) ;
#6484 = VERTEX_POINT ( 'NONE', #4922 ) ;
#6485 = ORIENTED_EDGE ( 'NONE', *, *, #3031, .T. ) ;
#6486 = AXIS2_PLACEMENT_3D ( 'NONE', #4944, #7480, #3644 ) ;
#6487 = PRESENTATION_STYLE_ASSIGNMENT (( #2112 ) ) ;
#6488 = CARTESIAN_POINT ( 'NONE',  ( 2.000000000000000000, 0.1000000000000002600, 0.3750000000000000600 ) ) ;
#6489 = PLANE ( 'NONE',  #5997 ) ;
#6490 = CARTESIAN_POINT ( 'NONE',  ( -1.999999999999994900, 0.1000000000000000100, 0.8750000000000001100 ) ) ;
#6491 = EDGE_CURVE ( 'NONE', #7419, #6795, #727, .T. ) ;
#6492 = DIRECTION ( 'NONE',  ( 0.0000000000000000000, 0.0000000000000000000, -1.000000000000000000 ) ) ;
#6493 = LINE ( 'NONE', #514, #1135 ) ;
#6494 = PRESENTATION_LAYER_ASSIGNMENT (  '', '', ( #2310 ) ) ;
#6495 = ORIENTED_EDGE ( 'NONE', *, *, #2465, .F. ) ;
#6496 = EDGE_LOOP ( 'NONE', ( #6721, #4953, #3886, #4990 ) ) ;
#6497 = LINE ( 'NONE', #3206, #3963 ) ;
#6498 = VECTOR ( 'NONE', #8115, 1000.000000000000000 ) ;
#6499 = DIRECTION ( 'NONE',  ( -1.000000000000000000, 0.0000000000000000000, -1.029992063861230200E-014 ) ) ;
#6500 = ADVANCED_FACE ( 'NONE', ( #5648 ), #499, .T. ) ;
#6501 = DIRECTION ( 'NONE',  ( 3.469446951953614200E-015, -0.0000000000000000000, 1.000000000000000000 ) ) ;
#6502 = DIRECTION ( 'NONE',  ( 1.103175710504001600E-013, 0.0000000000000000000, 1.000000000000000000 ) ) ;
#6503 = VERTEX_POINT ( 'NONE', #17 ) ;
#6504 = FACE_OUTER_BOUND ( 'NONE', #662, .T. ) ;
#6505 = ORIENTED_EDGE ( 'NONE', *, *, #7235, .T. ) ;
#6506 = ORIENTED_EDGE ( 'NONE', *, *, #7974, .F. ) ;
#6507 = LINE ( 'NONE', #6946, #257 ) ;
#6508 = AXIS2_PLACEMENT_3D ( 'NONE', #7708, #4321, #4691 ) ;
#6509 = LINE ( 'NONE', #5324, #6890 ) ;
#6510 = EDGE_CURVE ( 'NONE', #630, #6439, #5551, .T. ) ;
#6511 = PLANE ( 'NONE',  #691 ) ;
#6512 = DIRECTION ( 'NONE',  ( -1.127570259384924200E-013, -0.0000000000000000000, 1.000000000000000000 ) ) ;
#6513 = DIRECTION ( 'NONE',  ( 6.132518538120488200E-014, 0.0000000000000000000, -1.000000000000000000 ) ) ;
#6514 = EDGE_LOOP ( 'NONE', ( #1757, #1630, #5293, #6306 ) ) ;
#6515 = ORIENTED_EDGE ( 'NONE', *, *, #269, .F. ) ;
#6516 = LINE ( 'NONE', #3839, #5211 ) ;
#6517 = FILL_AREA_STYLE_COLOUR ( '', #6835 ) ;
#6518 = EDGE_CURVE ( 'NONE', #319, #7825, #3627, .T. ) ;
#6519 = EDGE_LOOP ( 'NONE', ( #6828, #2960, #6869, #7960 ) ) ;
#6520 = ORIENTED_EDGE ( 'NONE', *, *, #1578, .F. ) ;
#6521 = ORIENTED_EDGE ( 'NONE', *, *, #192, .T. ) ;
#6522 = CARTESIAN_POINT ( 'NONE',  ( 1.124999999999994700, 4.059797974644667700, -1.599999999999999000 ) ) ;
#6523 = VECTOR ( 'NONE', #2531, 1000.000000000000000 ) ;
#6524 = CARTESIAN_POINT ( 'NONE',  ( 1.399999999999999900, 0.1000000000000000100, 1.400000000000000100 ) ) ;
#6525 = EDGE_LOOP ( 'NONE', ( #7620, #4897, #2931, #2119 ) ) ;
#6526 = ORIENTED_EDGE ( 'NONE', *, *, #6856, .F. ) ;
#6527 = ORIENTED_EDGE ( 'NONE', *, *, #6882, .F. ) ;
#6528 = CARTESIAN_POINT ( 'NONE',  ( 0.8749999999999942300, 0.1000000000000000100, 1.599999999999995900 ) ) ;
#6529 = VECTOR ( 'NONE', #6240, 1000.000000000000000 ) ;
#6530 = CARTESIAN_POINT ( 'NONE',  ( -0.8749999999999502600, 0.0000000000000000000, 1.999999999999999100 ) ) ;
#6531 = PLANE ( 'NONE',  #6814 ) ;
#6532 = EDGE_CURVE ( 'NONE', #7784, #6998, #7359, .T. ) ;
#6533 = ORIENTED_EDGE ( 'NONE', *, *, #739, .T. ) ;
#6534 = VERTEX_POINT ( 'NONE', #439 ) ;
#6535 = VERTEX_POINT ( 'NONE', #4189 ) ;
#6536 = DIRECTION ( 'NONE',  ( -8.673617379884035500E-016, 0.0000000000000000000, -1.000000000000000000 ) ) ;
#6537 = DIRECTION ( 'NONE',  ( 0.0000000000000000000, 0.0000000000000000000, 1.000000000000000000 ) ) ;
#6538 = LINE ( 'NONE', #2510, #6825 ) ;
#6539 = ADVANCED_FACE ( 'NONE', ( #4338 ), #5142, .T. ) ;
#6540 = SURFACE_STYLE_FILL_AREA ( #5504 ) ;
#6541 = ORIENTED_EDGE ( 'NONE', *, *, #2370, .T. ) ;
#6542 = EDGE_CURVE ( 'NONE', #4190, #6709, #3832, .T. ) ;
#6543 = DIRECTION ( 'NONE',  ( 1.000000000000000000, 0.0000000000000000000, 3.469446951953614600E-015 ) ) ;
#6544 = EDGE_CURVE ( 'NONE', #4287, #4799, #1112, .T. ) ;
#6545 = PRESENTATION_LAYER_ASSIGNMENT (  '', '', ( #1936 ) ) ;
#6546 = CARTESIAN_POINT ( 'NONE',  ( -0.3749999999999503200, 0.1000000000000002600, 1.999999999999999100 ) ) ;
#6547 = CARTESIAN_POINT ( 'NONE',  ( 0.0000000000000000000, 0.1000000000000000100, 0.0000000000000000000 ) ) ;
#6548 = LINE ( 'NONE', #379, #5834 ) ;
#6549 = VECTOR ( 'NONE', #5656, 1000.000000000000000 ) ;
#6550 = CARTESIAN_POINT ( 'NONE',  ( 2.000000000000016000, 0.1000000000000002600, -1.375000000000012400 ) ) ;
#6551 = DIRECTION ( 'NONE',  ( 0.0000000000000000000, -1.000000000000000000, 0.0000000000000000000 ) ) ;
#6552 = AXIS2_PLACEMENT_3D ( 'NONE', #7477, #6755, #3590 ) ;
#6553 = FACE_OUTER_BOUND ( 'NONE', #1601, .T. ) ;
#6554 = CARTESIAN_POINT ( 'NONE',  ( 0.3749999999999989500, 0.0000000000000000000, -1.999999999999996200 ) ) ;
#6555 = DIRECTION ( 'NONE',  ( -0.0000000000000000000, 1.000000000000000000, 0.0000000000000000000 ) ) ;
#6556 = COLOUR_RGB ( '',1.000000000000000000, 0.8117647058823529400, 0.5019607843137254800 ) ;
#6557 = EDGE_CURVE ( 'NONE', #2549, #4989, #1515, .T. ) ;
#6558 =( LENGTH_UNIT ( ) NAMED_UNIT ( * ) SI_UNIT ( .MILLI., .METRE. ) );
#6559 = EDGE_LOOP ( 'NONE', ( #3210, #7703, #6476, #3232 ) ) ;
#6560 = CARTESIAN_POINT ( 'NONE',  ( -1.600000000000000300, 1.050000000000000000, -1.450000000000000400 ) ) ;
#6561 = DIRECTION ( 'NONE',  ( -1.127570259384924200E-013, -0.0000000000000000000, 1.000000000000000000 ) ) ;
#6562 = DIRECTION ( 'NONE',  ( -1.000000000000000000, 0.0000000000000000000, -6.132518538120488200E-014 ) ) ;
#6563 = AXIS2_PLACEMENT_3D ( 'NONE', #7209, #2045, #1968 ) ;
#6564 = FACE_OUTER_BOUND ( 'NONE', #2327, .T. ) ;
#6565 = CARTESIAN_POINT ( 'NONE',  ( -2.100000000000000100, 1.050000000000000000, 2.100000000000000100 ) ) ;
#6566 = VERTEX_POINT ( 'NONE', #6640 ) ;
#6567 = LINE ( 'NONE', #2471, #2724 ) ;
#6568 = CARTESIAN_POINT ( 'NONE',  ( -0.8749999999999502600, 0.1000000000000000100, 1.999999999999999100 ) ) ;
#6569 = CARTESIAN_POINT ( 'NONE',  ( -1.600000000000000100, 0.1000000000000000100, -0.3750000000000000600 ) ) ;
#6570 = EDGE_CURVE ( 'NONE', #8265, #4645, #638, .T. ) ;
#6571 = FACE_OUTER_BOUND ( 'NONE', #857, .T. ) ;
#6572 = EDGE_CURVE ( 'NONE', #2692, #1054, #8135, .T. ) ;
#6573 = CARTESIAN_POINT ( 'NONE',  ( -0.3749999999999498200, 4.059797974644667700, -2.000000000000000000 ) ) ;
#6574 = VECTOR ( 'NONE', #5658, 1000.000000000000000 ) ;
#6575 = ADVANCED_FACE ( 'NONE', ( #2017 ), #1501, .T. ) ;
#6576 = AXIS2_PLACEMENT_3D ( 'NONE', #7760, #3812, #5130 ) ;
#6577 = ORIENTED_EDGE ( 'NONE', *, *, #2393, .T. ) ;
#6578 = ORIENTED_EDGE ( 'NONE', *, *, #5454, .F. ) ;
#6579 = DIRECTION ( 'NONE',  ( -1.000000000000000000, 0.0000000000000000000, 0.0000000000000000000 ) ) ;
#6580 = VECTOR ( 'NONE', #3455, 1000.000000000000000 ) ;
#6581 = CARTESIAN_POINT ( 'NONE',  ( -1.199999999999999500, 0.1000000000000000100, -1.400000000000000100 ) ) ;
#6582 = VERTEX_POINT ( 'NONE', #930 ) ;
#6583 = EDGE_CURVE ( 'NONE', #3771, #940, #5366, .T. ) ;
#6584 = EDGE_LOOP ( 'NONE', ( #8011, #1980, #5404, #2265 ) ) ;
#6585 = CARTESIAN_POINT ( 'NONE',  ( 2.000000000000016000, 0.1000000000000000100, -1.375000000000012400 ) ) ;
#6586 = ORIENTED_EDGE ( 'NONE', *, *, #3785, .T. ) ;
#6587 = LINE ( 'NONE', #3635, #349 ) ;
#6588 = EDGE_CURVE ( 'NONE', #3165, #5815, #3936, .T. ) ;
#6589 = ORIENTED_EDGE ( 'NONE', *, *, #2020, .F. ) ;
#6590 = FACE_OUTER_BOUND ( 'NONE', #5376, .T. ) ;
#6591 = DIRECTION ( 'NONE',  ( -1.029992063861230200E-014, 0.0000000000000000000, 1.000000000000000000 ) ) ;
#6592 = AXIS2_PLACEMENT_3D ( 'NONE', #2383, #6285, #8198 ) ;
#6593 = CARTESIAN_POINT ( 'NONE',  ( 0.0000000000000000000, 0.1000000000000000100, 0.0000000000000000000 ) ) ;
#6594 = VERTEX_POINT ( 'NONE', #4169 ) ;
#6595 = ORIENTED_EDGE ( 'NONE', *, *, #4455, .T. ) ;
#6596 = ORIENTED_EDGE ( 'NONE', *, *, #3345, .T. ) ;
#6597 = VECTOR ( 'NONE', #6237, 1000.000000000000000 ) ;
#6598 = PRODUCT_DEFINITION_FORMATION_WITH_SPECIFIED_SOURCE ( 'ANY', '', #3618, .NOT_KNOWN. ) ;
#6599 = CARTESIAN_POINT ( 'NONE',  ( 0.0000000000000000000, 0.1000000000000000100, 0.0000000000000000000 ) ) ;
#6600 = PLANE ( 'NONE',  #2598 ) ;
#6601 = VECTOR ( 'NONE', #6015, 1000.000000000000000 ) ;
#6602 = SURFACE_STYLE_USAGE ( .BOTH. , #2105 ) ;
#6603 = AXIS2_PLACEMENT_3D ( 'NONE', #5790, #5367, #3386 ) ;
#6604 = DIRECTION ( 'NONE',  ( 0.0000000000000000000, -0.0000000000000000000, 1.000000000000000000 ) ) ;
#6605 = ORIENTED_EDGE ( 'NONE', *, *, #5507, .F. ) ;
#6606 = ORIENTED_EDGE ( 'NONE', *, *, #4912, .F. ) ;
#6607 = EDGE_CURVE ( 'NONE', #1270, #1562, #423, .T. ) ;
#6608 = VERTEX_POINT ( 'NONE', #4095 ) ;
#6609 = ORIENTED_EDGE ( 'NONE', *, *, #2304, .F. ) ;
#6610 = CARTESIAN_POINT ( 'NONE',  ( -2.000000000000000000, 4.059797974644667700, -0.3750000000000000600 ) ) ;
#6611 = FACE_OUTER_BOUND ( 'NONE', #6196, .T. ) ;
#6612 = DIRECTION ( 'NONE',  ( 0.0000000000000000000, 0.0000000000000000000, 1.000000000000000000 ) ) ;
#6613 = ORIENTED_EDGE ( 'NONE', *, *, #8202, .T. ) ;
#6614 = CARTESIAN_POINT ( 'NONE',  ( -1.999999999999994900, 0.1000000000000002600, 0.8750000000000001100 ) ) ;
#6615 = ORIENTED_EDGE ( 'NONE', *, *, #2263, .F. ) ;
#6616 = ORIENTED_EDGE ( 'NONE', *, *, #2404, .T. ) ;
#6617 = AXIS2_PLACEMENT_3D ( 'NONE', #2521, #7033, #3262 ) ;
#6618 = LINE ( 'NONE', #2657, #2968 ) ;
#6619 = EDGE_CURVE ( 'NONE', #304, #7781, #5447, .T. ) ;
#6620 = DIRECTION ( 'NONE',  ( 1.000000000000000000, 0.0000000000000000000, 0.0000000000000000000 ) ) ;
#6621 = CARTESIAN_POINT ( 'NONE',  ( -1.599999999999995000, 0.1000000000000000100, 0.8750000000000001100 ) ) ;
#6622 = PLANE ( 'NONE',  #137 ) ;
#6623 = PLANE ( 'NONE',  #5832 ) ;
#6624 = ORIENTED_EDGE ( 'NONE', *, *, #5894, .T. ) ;
#6625 = VERTEX_POINT ( 'NONE', #7270 ) ;
#6626 = ADVANCED_FACE ( 'NONE', ( #7948 ), #2212, .F. ) ;
#6627 = VERTEX_POINT ( 'NONE', #6037 ) ;
#6628 = VECTOR ( 'NONE', #4775, 1000.000000000000000 ) ;
#6629 = EDGE_CURVE ( 'NONE', #1141, #4222, #3723, .T. ) ;
#6630 = DIRECTION ( 'NONE',  ( 1.095044194210359100E-013, 0.0000000000000000000, -1.000000000000000000 ) ) ;
#6631 = ORIENTED_EDGE ( 'NONE', *, *, #7320, .T. ) ;
#6632 =( NAMED_UNIT ( * ) SI_UNIT ( $, .STERADIAN. ) SOLID_ANGLE_UNIT ( ) );
#6633 = CLOSED_SHELL ( 'NONE', ( #6113, #6235, #4240, #5596, #4671, #7327 ) ) ;
#6634 = VECTOR ( 'NONE', #1005, 1000.000000000000000 ) ;
#6635 = FACE_OUTER_BOUND ( 'NONE', #1836, .T. ) ;
#6636 = ORIENTED_EDGE ( 'NONE', *, *, #806, .F. ) ;
#6637 = LINE ( 'NONE', #5545, #4910 ) ;
#6638 = ORIENTED_EDGE ( 'NONE', *, *, #2448, .T. ) ;
#6639 =( LENGTH_UNIT ( ) NAMED_UNIT ( * ) SI_UNIT ( .MILLI., .METRE. ) );
#6640 = CARTESIAN_POINT ( 'NONE',  ( 1.374999999999998400, 0.0000000000000000000, 1.999999999999996200 ) ) ;
#6641 = CARTESIAN_POINT ( 'NONE',  ( 2.000000000000005300, 0.1000000000000002600, -0.8750000000000001100 ) ) ;
#6642 = EDGE_CURVE ( 'NONE', #7475, #8033, #5260, .T. ) ;
#6643 = LINE ( 'NONE', #8173, #7435 ) ;
#6644 = LINE ( 'NONE', #4381, #7038 ) ;
#6645 = CARTESIAN_POINT ( 'NONE',  ( -1.374999999999994200, 0.1000000000000000100, 1.599999999999995900 ) ) ;
#6646 = CARTESIAN_POINT ( 'NONE',  ( -1.599999999999989700, 0.1000000000000000100, -1.375000000000000200 ) ) ;
#6647 = AXIS2_PLACEMENT_3D ( 'NONE', #4058, #5364, #6049 ) ;
#6648 = VECTOR ( 'NONE', #7624, 1000.000000000000000 ) ;
#6649 = DIRECTION ( 'NONE',  ( -0.0000000000000000000, -1.000000000000000000, -0.0000000000000000000 ) ) ;
#6650 = DIRECTION ( 'NONE',  ( 1.668003342285391600E-016, -0.0000000000000000000, -1.000000000000000000 ) ) ;
#6651 = LINE ( 'NONE', #7618, #4924 ) ;
#6652 = EDGE_CURVE ( 'NONE', #1314, #865, #4547, .T. ) ;
#6653 =( GEOMETRIC_REPRESENTATION_CONTEXT ( 3 ) GLOBAL_UNCERTAINTY_ASSIGNED_CONTEXT ( ( #7660 ) ) GLOBAL_UNIT_ASSIGNED_CONTEXT ( ( #362, #6762, #7414 ) ) REPRESENTATION_CONTEXT ( 'NONE', 'WORKASPACE' ) );
#6654 = CARTESIAN_POINT ( 'NONE',  ( -1.374999999999994200, 0.0000000000000000000, 1.599999999999995900 ) ) ;
#6655 = DIRECTION ( 'NONE',  ( 0.0000000000000000000, 0.0000000000000000000, -1.000000000000000000 ) ) ;
#6656 = DIRECTION ( 'NONE',  ( 1.000000000000000000, 0.0000000000000000000, 1.040834085586085000E-014 ) ) ;
#6657 = PRESENTATION_LAYER_ASSIGNMENT (  '', '', ( #5216 ) ) ;
#6658 = ADVANCED_FACE ( 'NONE', ( #5046 ), #7330, .T. ) ;
#6659 = ORIENTED_EDGE ( 'NONE', *, *, #4025, .T. ) ;
#6660 = COLOUR_RGB ( '',1.000000000000000000, 0.8117647058823529400, 0.5019607843137254800 ) ;
#6661 = DIRECTION ( 'NONE',  ( 1.000000000000000000, 0.0000000000000000000, -6.938893903907229200E-015 ) ) ;
#6662 = EDGE_CURVE ( 'NONE', #5387, #1141, #7059, .T. ) ;
#6663 = FACE_OUTER_BOUND ( 'NONE', #5776, .T. ) ;
#6664 = DIRECTION ( 'NONE',  ( 1.000000000000000000, -0.0000000000000000000, 6.938893903906732200E-015 ) ) ;
#6665 = CARTESIAN_POINT ( 'NONE',  ( -1.599999999999989700, 4.059797974644667700, 1.375000000000000200 ) ) ;
#6666 = LINE ( 'NONE', #435, #3242 ) ;
#6667 = DIRECTION ( 'NONE',  ( 1.000000000000000000, 0.0000000000000000000, 0.0000000000000000000 ) ) ;
#6668 = ORIENTED_EDGE ( 'NONE', *, *, #2243, .T. ) ;
#6669 = PLANE ( 'NONE',  #669 ) ;
#6670 = LINE ( 'NONE', #2440, #5368 ) ;
#6671 = ORIENTED_EDGE ( 'NONE', *, *, #7488, .T. ) ;
#6672 = CARTESIAN_POINT ( 'NONE',  ( -1.374999999999994200, 0.1000000000000002600, 1.599999999999995900 ) ) ;
#6673 = CARTESIAN_POINT ( 'NONE',  ( 1.600000000000010500, 0.1000000000000002600, 1.375000000000000200 ) ) ;
#6674 = LINE ( 'NONE', #1272, #4458 ) ;
#6675 = DIRECTION ( 'NONE',  ( 0.0000000000000000000, -0.0000000000000000000, 1.000000000000000000 ) ) ;
#6676 = DIRECTION ( 'NONE',  ( -1.000000000000000000, 0.0000000000000000000, 8.673617379884035500E-016 ) ) ;
#6677 = ORIENTED_EDGE ( 'NONE', *, *, #4820, .T. ) ;
#6678 = EDGE_LOOP ( 'NONE', ( #3665, #98, #1816, #7804 ) ) ;
#6679 = VECTOR ( 'NONE', #4577, 1000.000000000000000 ) ;
#6680 = FACE_OUTER_BOUND ( 'NONE', #5868, .T. ) ;
#6681 = DIRECTION ( 'NONE',  ( 1.100465205072787900E-013, 0.0000000000000000000, 1.000000000000000000 ) ) ;
#6682 = CIRCLE ( 'NONE', #7658, 0.1499999999999999700 ) ;
#6683 = EDGE_LOOP ( 'NONE', ( #4456, #2511, #5955, #3124 ) ) ;
#6684 = ORIENTED_EDGE ( 'NONE', *, *, #5444, .T. ) ;
#6685 = UNCERTAINTY_MEASURE_WITH_UNIT (LENGTH_MEASURE( 1.000000000000000100E-005 ), #994, 'distance_accuracy_value', 'NONE');
#6686 = VECTOR ( 'NONE', #5611, 1000.000000000000000 ) ;
#6687 = VERTEX_POINT ( 'NONE', #1577 ) ;
#6688 = EDGE_CURVE ( 'NONE', #7087, #3656, #234, .T. ) ;
#6689 = CARTESIAN_POINT ( 'NONE',  ( 1.600000000000005000, 0.1000000000000000100, -0.6250000000000001100 ) ) ;
#6690 = VERTEX_POINT ( 'NONE', #2816 ) ;
#6691 = ORIENTED_EDGE ( 'NONE', *, *, #41, .T. ) ;
#6692 = ORIENTED_EDGE ( 'NONE', *, *, #4623, .F. ) ;
#6693 = DIRECTION ( 'NONE',  ( -1.029992063861230200E-014, 0.0000000000000000000, 1.000000000000000000 ) ) ;
#6694 = ORIENTED_EDGE ( 'NONE', *, *, #891, .F. ) ;
#6695 = FACE_OUTER_BOUND ( 'NONE', #181, .T. ) ;
#6696 = ADVANCED_FACE ( 'NONE', ( #1918 ), #3577, .T. ) ;
#6697 = VECTOR ( 'NONE', #837, 1000.000000000000000 ) ;
#6698 = ORIENTED_EDGE ( 'NONE', *, *, #7277, .F. ) ;
#6699 = ORIENTED_EDGE ( 'NONE', *, *, #3955, .F. ) ;
#6700 = ORIENTED_EDGE ( 'NONE', *, *, #2907, .T. ) ;
#6701 = CARTESIAN_POINT ( 'NONE',  ( -2.100000000000000100, 1.050000000000000000, -2.100000000000000100 ) ) ;
#6702 = VERTEX_POINT ( 'NONE', #4284 ) ;
#6703 = CARTESIAN_POINT ( 'NONE',  ( 0.8749999999999946700, 0.0000000000000000000, -1.599999999999996300 ) ) ;
#6704 = PLANE ( 'NONE',  #7337 ) ;
#6705 = COLOUR_RGB ( '',1.000000000000000000, 0.8117647058823529400, 0.5019607843137254800 ) ;
#6706 = CARTESIAN_POINT ( 'NONE',  ( -1.600000000000000100, 0.1000000000000000100, 0.3750000000000000600 ) ) ;
#6707 = EDGE_CURVE ( 'NONE', #7706, #2755, #35, .T. ) ;
#6708 = ORIENTED_EDGE ( 'NONE', *, *, #5663, .T. ) ;
#6709 = VERTEX_POINT ( 'NONE', #6200 ) ;
#6710 = ORIENTED_EDGE ( 'NONE', *, *, #5338, .T. ) ;
#6711 = PLANE ( 'NONE',  #5621 ) ;
#6712 = VECTOR ( 'NONE', #2473, 1000.000000000000000 ) ;
#6713 = CARTESIAN_POINT ( 'NONE',  ( -1.600000000000000100, 0.1000000000000002600, -0.3750000000000000600 ) ) ;
#6714 = CARTESIAN_POINT ( 'NONE',  ( -1.599999999999995000, 0.1000000000000002600, -0.8750000000000001100 ) ) ;
#6715 = ORIENTED_EDGE ( 'NONE', *, *, #3860, .T. ) ;
#6716 = ORIENTED_EDGE ( 'NONE', *, *, #8193, .T. ) ;
#6717 = CARTESIAN_POINT ( 'NONE',  ( 0.1249999999999947700, 0.1000000000000000100, -1.599999999999999000 ) ) ;
#6718 = DIRECTION ( 'NONE',  ( -0.0000000000000000000, -1.000000000000000000, -0.0000000000000000000 ) ) ;
#6719 = EDGE_LOOP ( 'NONE', ( #7719, #988, #1151, #6797 ) ) ;
#6720 = ORIENTED_EDGE ( 'NONE', *, *, #5507, .T. ) ;
#6721 = ORIENTED_EDGE ( 'NONE', *, *, #7184, .T. ) ;
#6722 = PLANE ( 'NONE',  #6005 ) ;
#6723 = EDGE_CURVE ( 'NONE', #3148, #7004, #6666, .T. ) ;
#6724 = EDGE_CURVE ( 'NONE', #801, #4278, #2821, .T. ) ;
#6725 = LINE ( 'NONE', #5954, #3309 ) ;
#6726 = DIRECTION ( 'NONE',  ( -0.0000000000000000000, -0.0000000000000000000, 1.000000000000000000 ) ) ;
#6727 = DIRECTION ( 'NONE',  ( -0.0000000000000000000, -1.000000000000000000, -0.0000000000000000000 ) ) ;
#6728 = DIRECTION ( 'NONE',  ( 1.000000000000000000, -0.0000000000000000000, 7.589415207398658800E-015 ) ) ;
#6729 = DIRECTION ( 'NONE',  ( 0.0000000000000000000, -1.000000000000000000, 0.0000000000000000000 ) ) ;
#6730 = VECTOR ( 'NONE', #5137, 1000.000000000000000 ) ;
#6731 = VERTEX_POINT ( 'NONE', #8110 ) ;
#6732 = DIRECTION ( 'NONE',  ( -0.0000000000000000000, 0.0000000000000000000, -1.000000000000000000 ) ) ;
#6733 = CARTESIAN_POINT ( 'NONE',  ( 1.374999999999999100, 0.0000000000000000000, -1.999999999999996200 ) ) ;
#6734 = LINE ( 'NONE', #2014, #406 ) ;
#6735 = EDGE_CURVE ( 'NONE', #7096, #2961, #7656, .T. ) ;
#6736 = DIRECTION ( 'NONE',  ( -0.0000000000000000000, -1.000000000000000000, -0.0000000000000000000 ) ) ;
#6737 = FACE_OUTER_BOUND ( 'NONE', #5829, .T. ) ;
#6738 = DIRECTION ( 'NONE',  ( -1.000000000000000000, 0.0000000000000000000, -1.029992063861230200E-014 ) ) ;
#6739 = DIRECTION ( 'NONE',  ( 1.000000000000000000, 0.0000000000000000000, -1.103175710504001600E-013 ) ) ;
#6740 = EDGE_CURVE ( 'NONE', #4398, #3488, #7941, .T. ) ;
#6741 = LINE ( 'NONE', #7538, #4023 ) ;
#6742 = ADVANCED_FACE ( 'NONE', ( #2306 ), #8028, .F. ) ;
#6743 = AXIS2_PLACEMENT_3D ( 'NONE', #2902, #410, #6119 ) ;
#6744 = CARTESIAN_POINT ( 'NONE',  ( -0.8749999999999502600, 0.1000000000000002600, 1.999999999999999100 ) ) ;
#6745 = VECTOR ( 'NONE', #5933, 1000.000000000000000 ) ;
#6746 = FILL_AREA_STYLE ('',( #5509 ) ) ;
#6747 = AXIS2_PLACEMENT_3D ( 'NONE', #1666, #4805, #313 ) ;
#6748 = CARTESIAN_POINT ( 'NONE',  ( -0.3749999999999503200, 0.0000000000000000000, 1.999999999999999100 ) ) ;
#6749 = EDGE_CURVE ( 'NONE', #2540, #6098, #7459, .T. ) ;
#6750 = ORIENTED_EDGE ( 'NONE', *, *, #2304, .T. ) ;
#6751 = AXIS2_PLACEMENT_3D ( 'NONE', #2789, #4012, #5393 ) ;
#6752 = VERTEX_POINT ( 'NONE', #7522 ) ;
#6753 = VECTOR ( 'NONE', #5684, 1000.000000000000000 ) ;
#6754 = EDGE_CURVE ( 'NONE', #1645, #7951, #8034, .T. ) ;
#6755 = DIRECTION ( 'NONE',  ( -1.000000000000000000, 0.0000000000000000000, -1.095044194210351900E-013 ) ) ;
#6756 = ORIENTED_EDGE ( 'NONE', *, *, #7057, .F. ) ;
#6757 = DIRECTION ( 'NONE',  ( -1.000000000000000000, 0.0000000000000000000, 0.0000000000000000000 ) ) ;
#6758 = DIRECTION ( 'NONE',  ( 1.000000000000000000, 0.0000000000000000000, 1.668003342285391600E-016 ) ) ;
#6759 = VECTOR ( 'NONE', #6681, 1000.000000000000000 ) ;
#6760 = EDGE_LOOP ( 'NONE', ( #1634, #8188, #1551, #3772 ) ) ;
#6761 = SURFACE_STYLE_FILL_AREA ( #5406 ) ;
#6762 =( NAMED_UNIT ( * ) PLANE_ANGLE_UNIT ( ) SI_UNIT ( $, .RADIAN. ) );
#6763 = DIRECTION ( 'NONE',  ( 1.127570259384924400E-013, 0.0000000000000000000, -1.000000000000000000 ) ) ;
#6764 = EDGE_CURVE ( 'NONE', #3972, #3437, #5156, .T. ) ;
#6765 = DIRECTION ( 'NONE',  ( 1.057097118173367800E-014, 0.0000000000000000000, -1.000000000000000000 ) ) ;
#6766 = VECTOR ( 'NONE', #8161, 1000.000000000000000 ) ;
#6767 = ORIENTED_EDGE ( 'NONE', *, *, #5224, .F. ) ;
#6768 = VERTEX_POINT ( 'NONE', #2951 ) ;
#6769 = PRESENTATION_STYLE_ASSIGNMENT (( #3540 ) ) ;
#6770 = EDGE_CURVE ( 'NONE', #7596, #3243, #7549, .T. ) ;
#6771 = FACE_OUTER_BOUND ( 'NONE', #296, .T. ) ;
#6772 = CARTESIAN_POINT ( 'NONE',  ( 0.1249999999999988900, 0.0000000000000000000, -1.999999999999998700 ) ) ;
#6773 = VERTEX_POINT ( 'NONE', #3541 ) ;
#6774 = FILL_AREA_STYLE ('',( #6125 ) ) ;
#6775 = ADVANCED_FACE ( 'NONE', ( #1913 ), #1710, .F. ) ;
#6776 = DIRECTION ( 'NONE',  ( 0.0000000000000000000, 1.000000000000000000, 0.0000000000000000000 ) ) ;
#6777 = LINE ( 'NONE', #1148, #745 ) ;
#6778 = EDGE_LOOP ( 'NONE', ( #2303, #8145, #97, #149 ) ) ;
#6779 = ORIENTED_EDGE ( 'NONE', *, *, #6642, .T. ) ;
#6780 = FACE_OUTER_BOUND ( 'NONE', #7288, .T. ) ;
#6781 = ORIENTED_EDGE ( 'NONE', *, *, #1731, .F. ) ;
#6782 = FACE_OUTER_BOUND ( 'NONE', #5389, .T. ) ;
#6783 = CARTESIAN_POINT ( 'NONE',  ( 0.8749999999999984500, 0.0000000000000000000, 1.999999999999996200 ) ) ;
#6784 = CARTESIAN_POINT ( 'NONE',  ( -1.600000000000000100, 0.1000000000000002600, 0.3750000000000000600 ) ) ;
#6785 = CARTESIAN_POINT ( 'NONE',  ( -0.8749999999999508200, 0.1000000000000002600, -1.999999999999999100 ) ) ;
#6786 = SURFACE_STYLE_USAGE ( .BOTH. , #6136 ) ;
#6787 = ADVANCED_FACE ( 'NONE', ( #4122 ), #1078, .F. ) ;
#6788 = ORIENTED_EDGE ( 'NONE', *, *, #3767, .F. ) ;
#6789 = LINE ( 'NONE', #5540, #1443 ) ;
#6790 = ORIENTED_EDGE ( 'NONE', *, *, #1533, .F. ) ;
#6791 = VERTEX_POINT ( 'NONE', #5580 ) ;
#6792 = EDGE_CURVE ( 'NONE', #6205, #868, #1313, .T. ) ;
#6793 = MANIFOLD_SOLID_BREP ( 'Boss-Extrude2[6]', #3391 ) ;
#6794 = CARTESIAN_POINT ( 'NONE',  ( -1.999999999999984500, 0.1000000000000000100, 1.125000000000011500 ) ) ;
#6795 = VERTEX_POINT ( 'NONE', #6229 ) ;
#6796 = EDGE_LOOP ( 'NONE', ( #3422, #4955, #3041, #8137 ) ) ;
#6797 = ORIENTED_EDGE ( 'NONE', *, *, #4293, .F. ) ;
#6798 = FACE_OUTER_BOUND ( 'NONE', #2354, .T. ) ;
#6799 = EDGE_CURVE ( 'NONE', #6791, #7603, #5956, .T. ) ;
#6800 = EDGE_CURVE ( 'NONE', #5951, #8197, #2721, .T. ) ;
#6801 = CARTESIAN_POINT ( 'NONE',  ( 2.000000000000005300, 0.1000000000000002600, 0.6250000000000000000 ) ) ;
#6802 = DIRECTION ( 'NONE',  ( -0.0000000000000000000, 1.000000000000000000, 0.0000000000000000000 ) ) ;
#6803 = ORIENTED_EDGE ( 'NONE', *, *, #3196, .T. ) ;
#6804 = ORIENTED_EDGE ( 'NONE', *, *, #1106, .F. ) ;
#6805 = EDGE_LOOP ( 'NONE', ( #382, #6282, #4568, #5296 ) ) ;
#6806 = DIRECTION ( 'NONE',  ( -1.124859753953710500E-013, -0.0000000000000000000, 1.000000000000000000 ) ) ;
#6807 = EDGE_LOOP ( 'NONE', ( #2561, #1212, #693, #6222 ) ) ;
#6808 = ORIENTED_EDGE ( 'NONE', *, *, #1955, .F. ) ;
#6809 = VECTOR ( 'NONE', #3264, 1000.000000000000100 ) ;
#6810 = DIRECTION ( 'NONE',  ( -1.000000000000000000, 0.0000000000000000000, 6.938893903907228400E-015 ) ) ;
#6811 = CARTESIAN_POINT ( 'NONE',  ( 1.600000000000005200, 0.1000000000000002600, 0.8750000000000001100 ) ) ;
#6812 = ORIENTED_EDGE ( 'NONE', *, *, #5992, .F. ) ;
#6813 = ORIENTED_EDGE ( 'NONE', *, *, #1026, .F. ) ;
#6814 = AXIS2_PLACEMENT_3D ( 'NONE', #4747, #2903, #3131 ) ;
#6815 = CARTESIAN_POINT ( 'NONE',  ( 2.100000000000000100, 1.050000000000000000, 2.100000000000000100 ) ) ;
#6816 = VECTOR ( 'NONE', #6941, 1000.000000000000000 ) ;
#6817 = EDGE_CURVE ( 'NONE', #1088, #6752, #2619, .T. ) ;
#6818 = CARTESIAN_POINT ( 'NONE',  ( -0.6249999999999502600, 0.1000000000000000100, 1.999999999999998200 ) ) ;
#6819 = EDGE_LOOP ( 'NONE', ( #3663, #2732, #3307, #577 ) ) ;
#6820 = CARTESIAN_POINT ( 'NONE',  ( 0.6249999999999943400, 0.1000000000000000100, 1.599999999999998500 ) ) ;
#6821 = EDGE_LOOP ( 'NONE', ( #8283, #1964, #28, #3689 ) ) ;
#6822 = FACE_OUTER_BOUND ( 'NONE', #5290, .T. ) ;
#6823 = DIRECTION ( 'NONE',  ( 0.0000000000000000000, -1.000000000000000000, 0.0000000000000000000 ) ) ;
#6824 = AXIS2_PLACEMENT_3D ( 'NONE', #5248, #7144, #3885 ) ;
#6825 = VECTOR ( 'NONE', #4520, 1000.000000000000000 ) ;
#6826 = VERTEX_POINT ( 'NONE', #6794 ) ;
#6827 = VECTOR ( 'NONE', #4333, 1000.000000000000000 ) ;
#6828 = ORIENTED_EDGE ( 'NONE', *, *, #6544, .T. ) ;
#6829 = ADVANCED_FACE ( 'NONE', ( #5356 ), #1124, .F. ) ;
#6830 = DIRECTION ( 'NONE',  ( -0.0000000000000000000, -1.000000000000000000, -0.0000000000000000000 ) ) ;
#6831 = CARTESIAN_POINT ( 'NONE',  ( -1.599999999999994800, 4.059797974644667700, 0.6250000000000001100 ) ) ;
#6832 = VECTOR ( 'NONE', #5961, 1000.000000000000000 ) ;
#6833 = CARTESIAN_POINT ( 'NONE',  ( -1.600000000000000300, 0.5257359312880716100, -1.450000000000000400 ) ) ;
#6834 = VECTOR ( 'NONE', #7821, 1000.000000000000000 ) ;
#6835 = COLOUR_RGB ( '',0.2509803921568627400, 0.2509803921568627400, 0.2509803921568627400 ) ;
#6836 = PLANE ( 'NONE',  #4212 ) ;
#6837 = VECTOR ( 'NONE', #4504, 1000.000000000000000 ) ;
#6838 = PLANE ( 'NONE',  #1886 ) ;
#6839 = FACE_BOUND ( 'NONE', #7185, .T. ) ;
#6840 = DIRECTION ( 'NONE',  ( -1.000000000000000000, 0.0000000000000000000, 0.0000000000000000000 ) ) ;
#6841 = DIRECTION ( 'NONE',  ( 1.122149248522486900E-013, 0.0000000000000000000, -1.000000000000000000 ) ) ;
#6842 = DIRECTION ( 'NONE',  ( 1.000000000000000000, -0.0000000000000000000, 7.589415207398658800E-015 ) ) ;
#6843 = EDGE_CURVE ( 'NONE', #5574, #7324, #7757, .T. ) ;
#6844 = VECTOR ( 'NONE', #1990, 1000.000000000000000 ) ;
#6845 = DIRECTION ( 'NONE',  ( -1.000000000000000000, -0.0000000000000000000, 3.089976191583642800E-014 ) ) ;
#6846 = EDGE_CURVE ( 'NONE', #3740, #630, #1509, .T. ) ;
#6847 = ORIENTED_EDGE ( 'NONE', *, *, #5023, .F. ) ;
#6848 = MECHANICAL_DESIGN_GEOMETRIC_PRESENTATION_REPRESENTATION (  '', ( #1941 ), #8166 ) ;
#6849 = CARTESIAN_POINT ( 'NONE',  ( -1.599999999999995000, 0.0000000000000000000, 0.8750000000000001100 ) ) ;
#6850 = LINE ( 'NONE', #4710, #3426 ) ;
#6851 = CARTESIAN_POINT ( 'NONE',  ( -1.599999999999957900, 0.1000000000000000100, -0.1250000000000245600 ) ) ;
#6852 =( GEOMETRIC_REPRESENTATION_CONTEXT ( 3 ) GLOBAL_UNCERTAINTY_ASSIGNED_CONTEXT ( ( #3335 ) ) GLOBAL_UNIT_ASSIGNED_CONTEXT ( ( #7875, #1473, #2165 ) ) REPRESENTATION_CONTEXT ( 'NONE', 'WORKASPACE' ) );
#6853 = ADVANCED_FACE ( 'NONE', ( #4932 ), #8219, .F. ) ;
#6854 =( GEOMETRIC_REPRESENTATION_CONTEXT ( 3 ) GLOBAL_UNCERTAINTY_ASSIGNED_CONTEXT ( ( #451 ) ) GLOBAL_UNIT_ASSIGNED_CONTEXT ( ( #4551, #3234, #7756 ) ) REPRESENTATION_CONTEXT ( 'NONE', 'WORKASPACE' ) );
#6855 = VECTOR ( 'NONE', #6167, 1000.000000000000000 ) ;
#6856 = EDGE_CURVE ( 'NONE', #964, #4901, #4034, .T. ) ;
#6857 = CARTESIAN_POINT ( 'NONE',  ( -0.1249999999999502600, 0.0000000000000000000, 1.999999999999998200 ) ) ;
#6858 = LINE ( 'NONE', #6227, #831 ) ;
#6859 = DIRECTION ( 'NONE',  ( 1.000000000000000000, 0.0000000000000000000, -1.060485249962383600E-013 ) ) ;
#6860 = CARTESIAN_POINT ( 'NONE',  ( 0.6249999999999947800, 0.1000000000000002600, -1.599999999999999000 ) ) ;
#6861 = EDGE_LOOP ( 'NONE', ( #3342, #159, #242, #1752 ) ) ;
#6862 = ADVANCED_FACE ( 'NONE', ( #909 ), #587, .F. ) ;
#6863 = LINE ( 'NONE', #5921, #1927 ) ;
#6864 = ORIENTED_EDGE ( 'NONE', *, *, #5135, .T. ) ;
#6865 = AXIS2_PLACEMENT_3D ( 'NONE', #3145, #1925, #7054 ) ;
#6866 = VECTOR ( 'NONE', #5227, 1000.000000000000000 ) ;
#6867 = CARTESIAN_POINT ( 'NONE',  ( 1.600000000000004300, 0.1000000000000002600, 0.3750000000000244800 ) ) ;
#6868 = DIRECTION ( 'NONE',  ( 0.0000000000000000000, -1.000000000000000000, 0.0000000000000000000 ) ) ;
#6869 = ORIENTED_EDGE ( 'NONE', *, *, #6588, .F. ) ;
#6870 = ORIENTED_EDGE ( 'NONE', *, *, #5299, .T. ) ;
#6871 = ORIENTED_EDGE ( 'NONE', *, *, #7282, .T. ) ;
#6872 = VECTOR ( 'NONE', #7379, 1000.000000000000000 ) ;
#6873 = DIRECTION ( 'NONE',  ( -0.0000000000000000000, 1.000000000000000000, 0.0000000000000000000 ) ) ;
#6874 = FACE_OUTER_BOUND ( 'NONE', #4600, .T. ) ;
#6875 = FACE_OUTER_BOUND ( 'NONE', #7311, .T. ) ;
#6876 = ORIENTED_EDGE ( 'NONE', *, *, #1461, .T. ) ;
#6877 = EDGE_CURVE ( 'NONE', #6481, #2159, #5846, .T. ) ;
#6878 = DIRECTION ( 'NONE',  ( -1.000000000000000000, -0.0000000000000000000, 3.469446951953614600E-015 ) ) ;
#6879 = ORIENTED_EDGE ( 'NONE', *, *, #6588, .T. ) ;
#6880 = VECTOR ( 'NONE', #8121, 1000.000000000000000 ) ;
#6881 = CARTESIAN_POINT ( 'NONE',  ( -1.999999999999989600, 0.1000000000000000100, 1.375000000000000200 ) ) ;
#6882 = EDGE_CURVE ( 'NONE', #4487, #64, #227, .T. ) ;
#6883 = LINE ( 'NONE', #5019, #3967 ) ;
#6884 = PRESENTATION_LAYER_ASSIGNMENT (  '', '', ( #4298 ) ) ;
#6885 = ORIENTED_EDGE ( 'NONE', *, *, #6491, .F. ) ;
#6886 = VERTEX_POINT ( 'NONE', #1211 ) ;
#6887 = DIRECTION ( 'NONE',  ( -1.000000000000000000, 0.0000000000000000000, 5.421010862427620000E-015 ) ) ;
#6888 = ORIENTED_EDGE ( 'NONE', *, *, #8172, .T. ) ;
#6889 = DIRECTION ( 'NONE',  ( 1.029992063861228900E-014, 0.0000000000000000000, 1.000000000000000000 ) ) ;
#6890 = VECTOR ( 'NONE', #5734, 1000.000000000000000 ) ;
#6891 = DIRECTION ( 'NONE',  ( 0.0000000000000000000, -1.000000000000000000, 0.0000000000000000000 ) ) ;
#6892 = ORIENTED_EDGE ( 'NONE', *, *, #6945, .F. ) ;
#6893 = ORIENTED_EDGE ( 'NONE', *, *, #5315, .T. ) ;
#6894 = VERTEX_POINT ( 'NONE', #3764 ) ;
#6895 = ADVANCED_FACE ( 'NONE', ( #3019 ), #7652, .F. ) ;
#6896 = ORIENTED_EDGE ( 'NONE', *, *, #1047, .T. ) ;
#6897 = DIRECTION ( 'NONE',  ( 0.0000000000000000000, 0.0000000000000000000, 1.000000000000000000 ) ) ;
#6898 = CARTESIAN_POINT ( 'NONE',  ( -1.600000000000000100, 0.1000000000000000100, 0.3750000000000000600 ) ) ;
#6899 = VECTOR ( 'NONE', #7537, 1000.000000000000000 ) ;
#6900 = CARTESIAN_POINT ( 'NONE',  ( -0.3749999999999943400, 0.1000000000000000100, 1.599999999999995900 ) ) ;
#6901 = AXIS2_PLACEMENT_3D ( 'NONE', #2290, #7512, #8072 ) ;
#6902 = ORIENTED_EDGE ( 'NONE', *, *, #879, .T. ) ;
#6903 = ORIENTED_EDGE ( 'NONE', *, *, #315, .F. ) ;
#6904 = ORIENTED_EDGE ( 'NONE', *, *, #3881, .T. ) ;
#6905 = ORIENTED_EDGE ( 'NONE', *, *, #590, .F. ) ;
#6906 = CARTESIAN_POINT ( 'NONE',  ( 0.0000000000000000000, 0.1000000000000000100, 0.0000000000000000000 ) ) ;
#6907 = ADVANCED_FACE ( 'NONE', ( #1215 ), #1184, .T. ) ;
#6908 = LINE ( 'NONE', #6530, #967 ) ;
#6909 = EDGE_CURVE ( 'NONE', #5903, #7110, #8229, .T. ) ;
#6910 = CARTESIAN_POINT ( 'NONE',  ( 1.600000000000010500, 0.1000000000000000100, -1.375000000000000200 ) ) ;
#6911 = AXIS2_PLACEMENT_3D ( 'NONE', #6568, #777, #5277 ) ;
#6912 =( NAMED_UNIT ( * ) SI_UNIT ( $, .STERADIAN. ) SOLID_ANGLE_UNIT ( ) );
#6913 = CARTESIAN_POINT ( 'NONE',  ( 0.0000000000000000000, 0.0000000000000000000, 0.0000000000000000000 ) ) ;
#6914 = EDGE_LOOP ( 'NONE', ( #5990, #5482, #5573, #7203 ) ) ;
#6915 = EDGE_LOOP ( 'NONE', ( #2038, #3581, #3544, #1360 ) ) ;
#6916 = CARTESIAN_POINT ( 'NONE',  ( -1.999999999999984000, -0.0000000000000000000, -1.125000000000012400 ) ) ;
#6917 = LINE ( 'NONE', #7336, #5222 ) ;
#6918 = CARTESIAN_POINT ( 'NONE',  ( 2.100000000000000100, 1.050000000000000000, 2.100000000000000100 ) ) ;
#6919 = CARTESIAN_POINT ( 'NONE',  ( 0.3749999999999943400, 0.1000000000000000100, 1.599999999999995900 ) ) ;
#6920 = ORIENTED_EDGE ( 'NONE', *, *, #311, .T. ) ;
#6921 = AXIS2_PLACEMENT_3D ( 'NONE', #6197, #2380, #6897 ) ;
#6922 = VERTEX_POINT ( 'NONE', #3104 ) ;
#6923 = VERTEX_POINT ( 'NONE', #4951 ) ;
#6924 = EDGE_CURVE ( 'NONE', #869, #1061, #3130, .T. ) ;
#6925 = PLANE ( 'NONE',  #2605 ) ;
#6926 =( NAMED_UNIT ( * ) PLANE_ANGLE_UNIT ( ) SI_UNIT ( $, .RADIAN. ) );
#6927 =( NAMED_UNIT ( * ) SI_UNIT ( $, .STERADIAN. ) SOLID_ANGLE_UNIT ( ) );
#6928 = CLOSED_SHELL ( 'NONE', ( #1033, #2467, #7611, #1789, #1811, #218, #2241, #254, #6099 ) ) ;
#6929 = ADVANCED_FACE ( 'NONE', ( #6564 ), #7066, .F. ) ;
#6930 = CARTESIAN_POINT ( 'NONE',  ( 1.600000000000001600, 0.0000000000000000000, 0.1250000000000245600 ) ) ;
#6931 = DIRECTION ( 'NONE',  ( 1.000000000000000000, 0.0000000000000000000, -1.100465205072788000E-013 ) ) ;
#6932 = EDGE_CURVE ( 'NONE', #1656, #3282, #3620, .T. ) ;
#6933 = VECTOR ( 'NONE', #6459, 1000.000000000000000 ) ;
#6934 = CARTESIAN_POINT ( 'NONE',  ( -1.600000000000000300, 0.9500000000000000700, -1.750000000000000200 ) ) ;
#6935 = LINE ( 'NONE', #4279, #3502 ) ;
#6936 = CARTESIAN_POINT ( 'NONE',  ( 1.600000000000001600, 0.1000000000000000100, -0.1250000000000245600 ) ) ;
#6937 = CARTESIAN_POINT ( 'NONE',  ( 1.600000000000001600, 4.059797974644667700, 0.1250000000000245600 ) ) ;
#6938 = ADVANCED_FACE ( 'NONE', ( #6356 ), #6489, .F. ) ;
#6939 = MANIFOLD_SOLID_BREP ( 'Boss-Extrude2[10]', #4316 ) ;
#6940 = VECTOR ( 'NONE', #4084, 1000.000000000000000 ) ;
#6941 = DIRECTION ( 'NONE',  ( 1.029992063861230200E-014, 0.0000000000000000000, -1.000000000000000000 ) ) ;
#6942 = VECTOR ( 'NONE', #2582, 1000.000000000000000 ) ;
#6943 = CARTESIAN_POINT ( 'NONE',  ( 1.124999999999994400, 0.0000000000000000000, 1.599999999999998500 ) ) ;
#6944 = DIRECTION ( 'NONE',  ( 3.469446951953614600E-015, 0.0000000000000000000, 1.000000000000000000 ) ) ;
#6945 = EDGE_CURVE ( 'NONE', #304, #1437, #818, .T. ) ;
#6946 = CARTESIAN_POINT ( 'NONE',  ( -1.599999999999989700, 0.1000000000000000100, -1.375000000000000200 ) ) ;
#6947 = ADVANCED_FACE ( 'NONE', ( #2106 ), #5228, .T. ) ;
#6948 = LINE ( 'NONE', #3247, #617 ) ;
#6949 = ORIENTED_EDGE ( 'NONE', *, *, #6129, .T. ) ;
#6950 = VECTOR ( 'NONE', #6810, 1000.000000000000000 ) ;
#6951 = CARTESIAN_POINT ( 'NONE',  ( 0.3749999999999989500, 0.0000000000000000000, -1.999999999999996200 ) ) ;
#6952 = DIRECTION ( 'NONE',  ( -1.000000000000000000, 0.0000000000000000000, -1.060485249962383800E-013 ) ) ;
#6953 = ORIENTED_EDGE ( 'NONE', *, *, #4735, .T. ) ;
#6954 = DIRECTION ( 'NONE',  ( 0.0000000000000000000, 1.000000000000000000, 0.0000000000000000000 ) ) ;
#6955 = EDGE_CURVE ( 'NONE', #4598, #3203, #8224, .T. ) ;
#6956 = VECTOR ( 'NONE', #6842, 1000.000000000000000 ) ;
#6957 = EDGE_CURVE ( 'NONE', #5791, #5095, #2298, .T. ) ;
#6958 = MECHANICAL_DESIGN_GEOMETRIC_PRESENTATION_REPRESENTATION (  '', ( #3498 ), #77 ) ;
#6959 = VECTOR ( 'NONE', #641, 1000.000000000000000 ) ;
#6960 = FILL_AREA_STYLE ('',( #4460 ) ) ;
#6961 = CARTESIAN_POINT ( 'NONE',  ( -1.374999999999950500, 0.0000000000000000000, 1.999999999999999100 ) ) ;
#6962 = CARTESIAN_POINT ( 'NONE',  ( -1.600000000000000100, 4.059797974644667700, -0.3750000000000000600 ) ) ;
#6963 = FACE_OUTER_BOUND ( 'NONE', #323, .T. ) ;
#6964 = AXIS2_PLACEMENT_3D ( 'NONE', #3651, #4902, #4281 ) ;
#6965 = EDGE_LOOP ( 'NONE', ( #1362, #2470, #5753, #923 ) ) ;
#6966 = ORIENTED_EDGE ( 'NONE', *, *, #4606, .T. ) ;
#6967 = LINE ( 'NONE', #929, #6872 ) ;
#6968 = EDGE_CURVE ( 'NONE', #2993, #6768, #2009, .T. ) ;
#6969 = VECTOR ( 'NONE', #7297, 1000.000000000000000 ) ;
#6970 = VERTEX_POINT ( 'NONE', #2532 ) ;
#6971 = VECTOR ( 'NONE', #5773, 1000.000000000000000 ) ;
#6972 = ORIENTED_EDGE ( 'NONE', *, *, #6955, .F. ) ;
#6973 = EDGE_LOOP ( 'NONE', ( #3690, #4226, #7030, #7191 ) ) ;
#6974 = DIRECTION ( 'NONE',  ( 0.0000000000000000000, -1.000000000000000000, 0.0000000000000000000 ) ) ;
#6975 = VECTOR ( 'NONE', #4407, 1000.000000000000000 ) ;
#6976 = ADVANCED_FACE ( 'NONE', ( #812 ), #1239, .T. ) ;
#6977 = AXIS2_PLACEMENT_3D ( 'NONE', #2406, #7792, #5253 ) ;
#6978 = ORIENTED_EDGE ( 'NONE', *, *, #251, .T. ) ;
#6979 = CARTESIAN_POINT ( 'NONE',  ( 1.124999999999994700, 0.1000000000000002600, -1.599999999999999000 ) ) ;
#6980 = FACE_OUTER_BOUND ( 'NONE', #7215, .T. ) ;
#6981 = CARTESIAN_POINT ( 'NONE',  ( 1.600000000000004300, 0.1000000000000002600, 0.3750000000000244800 ) ) ;
#6982 = CARTESIAN_POINT ( 'NONE',  ( -1.600000000000000100, 4.059797974644667700, -0.3750000000000000600 ) ) ;
#6983 = DIRECTION ( 'NONE',  ( -1.000000000000000000, 0.0000000000000000000, 0.0000000000000000000 ) ) ;
#6984 = CARTESIAN_POINT ( 'NONE',  ( 2.000000000000005300, 0.1000000000000000100, 0.6250000000000000000 ) ) ;
#6985 = ORIENTED_EDGE ( 'NONE', *, *, #5652, .T. ) ;
#6986 = ORIENTED_EDGE ( 'NONE', *, *, #5861, .F. ) ;
#6987 = ORIENTED_EDGE ( 'NONE', *, *, #6770, .T. ) ;
#6988 = PRESENTATION_STYLE_ASSIGNMENT (( #5552 ) ) ;
#6989 = ADVANCED_FACE ( 'NONE', ( #6141 ), #84, .F. ) ;
#6990 = SURFACE_STYLE_USAGE ( .BOTH. , #1249 ) ;
#6991 = EDGE_CURVE ( 'NONE', #5229, #6582, #4432, .T. ) ;
#6992 = CARTESIAN_POINT ( 'NONE',  ( 1.600000000000010500, 0.1000000000000002600, -1.375000000000000200 ) ) ;
#6993 = VERTEX_POINT ( 'NONE', #1939 ) ;
#6994 = VERTEX_POINT ( 'NONE', #6465 ) ;
#6995 = ORIENTED_EDGE ( 'NONE', *, *, #1504, .T. ) ;
#6996 = CARTESIAN_POINT ( 'NONE',  ( 0.0000000000000000000, 0.1000000000000000100, 0.0000000000000000000 ) ) ;
#6997 = EDGE_CURVE ( 'NONE', #1037, #3553, #6948, .T. ) ;
#6998 = VERTEX_POINT ( 'NONE', #5201 ) ;
#6999 = EDGE_LOOP ( 'NONE', ( #8104, #356, #7052, #6520 ) ) ;
#7000 = LINE ( 'NONE', #6550, #463 ) ;
#7001 = CARTESIAN_POINT ( 'NONE',  ( 0.6249999999999943400, 0.1000000000000000100, 1.599999999999998500 ) ) ;
#7002 = EDGE_LOOP ( 'NONE', ( #6288, #5369, #6296, #5170 ) ) ;
#7003 = VERTEX_POINT ( 'NONE', #7745 ) ;
#7004 = VERTEX_POINT ( 'NONE', #54 ) ;
#7005 = PLANE ( 'NONE',  #2799 ) ;
#7006 = EDGE_CURVE ( 'NONE', #5544, #5902, #2712, .T. ) ;
#7007 = LINE ( 'NONE', #6304, #7312 ) ;
#7008 = CARTESIAN_POINT ( 'NONE',  ( 1.600000000000005200, 0.1000000000000002600, -0.8750000000000001100 ) ) ;
#7009 = EDGE_CURVE ( 'NONE', #4719, #3152, #409, .T. ) ;
#7010 = CARTESIAN_POINT ( 'NONE',  ( -1.399999999999999900, 0.0000000000000000000, 1.399999999999999700 ) ) ;
#7011 = ORIENTED_EDGE ( 'NONE', *, *, #7429, .T. ) ;
#7012 = ORIENTED_EDGE ( 'NONE', *, *, #4735, .F. ) ;
#7013 = DIRECTION ( 'NONE',  ( -1.000000000000000000, 0.0000000000000000000, 2.710505431213760100E-016 ) ) ;
#7014 = CARTESIAN_POINT ( 'NONE',  ( -2.000000000000000000, 0.1000000000000000100, 0.3750000000000000600 ) ) ;
#7015 = ORIENTED_EDGE ( 'NONE', *, *, #5281, .F. ) ;
#7016 = CARTESIAN_POINT ( 'NONE',  ( -1.374999999999950900, -0.0000000000000000000, -1.999999999999999100 ) ) ;
#7017 = DIRECTION ( 'NONE',  ( 1.040834085586084300E-014, 0.0000000000000000000, -1.000000000000000000 ) ) ;
#7018 = CARTESIAN_POINT ( 'NONE',  ( -0.3749999999999946700, -0.0000000000000000000, -1.599999999999996300 ) ) ;
#7019 = ORIENTED_EDGE ( 'NONE', *, *, #1133, .F. ) ;
#7020 = PRESENTATION_LAYER_ASSIGNMENT (  '', '', ( #2807 ) ) ;
#7021 = ORIENTED_EDGE ( 'NONE', *, *, #7920, .F. ) ;
#7022 = PLANE ( 'NONE',  #8013 ) ;
#7023 = DIRECTION ( 'NONE',  ( -0.0000000000000000000, -1.000000000000000000, -0.0000000000000000000 ) ) ;
#7024 = LINE ( 'NONE', #1609, #2 ) ;
#7025 = CARTESIAN_POINT ( 'NONE',  ( 0.0000000000000000000, 0.1000000000000000100, 0.0000000000000000000 ) ) ;
#7026 = EDGE_CURVE ( 'NONE', #1642, #3292, #1901, .T. ) ;
#7027 = DIRECTION ( 'NONE',  ( -0.0000000000000000000, -1.000000000000000000, -0.0000000000000000000 ) ) ;
#7028 = ADVANCED_FACE ( 'NONE', ( #8027 ), #742, .T. ) ;
#7029 = VECTOR ( 'NONE', #7107, 1000.000000000000000 ) ;
#7030 = ORIENTED_EDGE ( 'NONE', *, *, #114, .F. ) ;
#7031 = VECTOR ( 'NONE', #1544, 1000.000000000000000 ) ;
#7032 = ORIENTED_EDGE ( 'NONE', *, *, #5064, .F. ) ;
#7033 = DIRECTION ( 'NONE',  ( 1.000000000000000000, -0.0000000000000000000, 1.084202172485505500E-014 ) ) ;
#7034 = CARTESIAN_POINT ( 'NONE',  ( -1.599999999999995000, -0.0000000000000000000, -0.8750000000000001100 ) ) ;
#7035 = AXIS2_PLACEMENT_3D ( 'NONE', #7424, #1062, #5561 ) ;
#7036 = LINE ( 'NONE', #1425, #7131 ) ;
#7037 = ADVANCED_FACE ( 'NONE', ( #5949 ), #3324, .T. ) ;
#7038 = VECTOR ( 'NONE', #8250, 1000.000000000000000 ) ;
#7039 = EDGE_CURVE ( 'NONE', #1572, #4247, #1503, .T. ) ;
#7040 = FACE_OUTER_BOUND ( 'NONE', #4286, .T. ) ;
#7041 = FACE_OUTER_BOUND ( 'NONE', #3552, .T. ) ;
#7042 = CARTESIAN_POINT ( 'NONE',  ( -0.1249999999999943900, 0.1000000000000000100, 1.599999999999998500 ) ) ;
#7043 = LINE ( 'NONE', #2115, #6137 ) ;
#7044 = EDGE_CURVE ( 'NONE', #3555, #5717, #1408, .T. ) ;
#7045 = MANIFOLD_SOLID_BREP ( 'Boss-Extrude2[8]', #7598 ) ;
#7046 = VECTOR ( 'NONE', #5947, 1000.000000000000000 ) ;
#7047 = PLANE ( 'NONE',  #3987 ) ;
#7048 = DIRECTION ( 'NONE',  ( 1.000000000000000000, 0.0000000000000000000, -0.0000000000000000000 ) ) ;
#7049 = LINE ( 'NONE', #7739, #6241 ) ;
#7050 = DIRECTION ( 'NONE',  ( -8.673617379884036500E-016, 0.0000000000000000000, -1.000000000000000000 ) ) ;
#7051 = DIRECTION ( 'NONE',  ( -9.757819552369557300E-015, -0.0000000000000000000, -1.000000000000000000 ) ) ;
#7052 = ORIENTED_EDGE ( 'NONE', *, *, #8006, .T. ) ;
#7053 = PRESENTATION_STYLE_ASSIGNMENT (( #1623 ) ) ;
#7054 = DIRECTION ( 'NONE',  ( 0.0000000000000000000, 0.0000000000000000000, -1.000000000000000000 ) ) ;
#7055 = CARTESIAN_POINT ( 'NONE',  ( -2.000000000000000000, -0.0000000000000000000, -0.3750000000000000600 ) ) ;
#7056 = LINE ( 'NONE', #5857, #918 ) ;
#7057 = EDGE_CURVE ( 'NONE', #1437, #1271, #4638, .T. ) ;
#7058 = PLANE ( 'NONE',  #196 ) ;
#7059 = LINE ( 'NONE', #3463, #6256 ) ;
#7060 = AXIS2_PLACEMENT_3D ( 'NONE', #3248, #3277, #5115 ) ;
#7061 = CARTESIAN_POINT ( 'NONE',  ( -1.600000000000000300, 0.5257359312880716100, -1.600000000000000300 ) ) ;
#7062 = CARTESIAN_POINT ( 'NONE',  ( 1.600000000000005000, 0.1000000000000000100, 0.6250000000000001100 ) ) ;
#7063 = ORIENTED_EDGE ( 'NONE', *, *, #4009, .T. ) ;
#7064 = DIRECTION ( 'NONE',  ( 0.0000000000000000000, -1.000000000000000000, 0.0000000000000000000 ) ) ;
#7065 = DIRECTION ( 'NONE',  ( -0.0000000000000000000, -1.000000000000000000, -0.0000000000000000000 ) ) ;
#7066 = PLANE ( 'NONE',  #5557 ) ;
#7067 = PLANE ( 'NONE',  #4476 ) ;
#7068 = EDGE_LOOP ( 'NONE', ( #6020, #652, #7104, #6698 ) ) ;
#7069 = PLANE ( 'NONE',  #6508 ) ;
#7070 = EDGE_CURVE ( 'NONE', #933, #7917, #1698, .T. ) ;
#7071 =( GEOMETRIC_REPRESENTATION_CONTEXT ( 3 ) GLOBAL_UNCERTAINTY_ASSIGNED_CONTEXT ( ( #6165 ) ) GLOBAL_UNIT_ASSIGNED_CONTEXT ( ( #5638, #6926, #7520 ) ) REPRESENTATION_CONTEXT ( 'NONE', 'WORKASPACE' ) );
#7072 = VECTOR ( 'NONE', #5539, 1000.000000000000000 ) ;
#7073 = EDGE_LOOP ( 'NONE', ( #7181, #6179, #5164, #4104 ) ) ;
#7074 = VECTOR ( 'NONE', #7098, 1000.000000000000000 ) ;
#7075 = ADVANCED_FACE ( 'NONE', ( #3230 ), #3381, .F. ) ;
#7076 = DIRECTION ( 'NONE',  ( -0.0000000000000000000, -1.000000000000000000, -0.0000000000000000000 ) ) ;
#7077 = ORIENTED_EDGE ( 'NONE', *, *, #6707, .T. ) ;
#7078 = ORIENTED_EDGE ( 'NONE', *, *, #2938, .F. ) ;
#7079 = PLANE ( 'NONE',  #2270 ) ;
#7080 = DIRECTION ( 'NONE',  ( 0.0000000000000000000, -1.000000000000000000, 0.0000000000000000000 ) ) ;
#7081 = LINE ( 'NONE', #4483, #8253 ) ;
#7082 = MECHANICAL_DESIGN_GEOMETRIC_PRESENTATION_REPRESENTATION (  '', ( #5216 ), #7404 ) ;
#7083 = ORIENTED_EDGE ( 'NONE', *, *, #2370, .F. ) ;
#7084 = VECTOR ( 'NONE', #1540, 1000.000000000000000 ) ;
#7085 = EDGE_CURVE ( 'NONE', #887, #4727, #4219, .T. ) ;
#7086 = CARTESIAN_POINT ( 'NONE',  ( 1.374999999999994700, 0.1000000000000002600, -1.599999999999996300 ) ) ;
#7087 = VERTEX_POINT ( 'NONE', #5919 ) ;
#7088 = DIRECTION ( 'NONE',  ( -1.095044194210359100E-013, -0.0000000000000000000, 1.000000000000000000 ) ) ;
#7089 = EDGE_LOOP ( 'NONE', ( #3040, #5912, #2738, #7646 ) ) ;
#7090 = DIRECTION ( 'NONE',  ( -1.029992063861229100E-014, 0.0000000000000000000, -1.000000000000000000 ) ) ;
#7091 = LINE ( 'NONE', #6984, #5383 ) ;
#7092 = DIRECTION ( 'NONE',  ( 1.000000000000000000, 0.0000000000000000000, 0.0000000000000000000 ) ) ;
#7093 = ORIENTED_EDGE ( 'NONE', *, *, #6619, .T. ) ;
#7094 = ORIENTED_EDGE ( 'NONE', *, *, #4293, .T. ) ;
#7095 = ORIENTED_EDGE ( 'NONE', *, *, #7888, .T. ) ;
#7096 = VERTEX_POINT ( 'NONE', #198 ) ;
#7097 = CARTESIAN_POINT ( 'NONE',  ( 0.8749999999999942300, 0.1000000000000002600, 1.599999999999995900 ) ) ;
#7098 = DIRECTION ( 'NONE',  ( -1.084202172485505400E-014, -0.0000000000000000000, 1.000000000000000000 ) ) ;
#7099 = LINE ( 'NONE', #3989, #7208 ) ;
#7100 = DIRECTION ( 'NONE',  ( 0.0000000000000000000, -1.000000000000000000, 0.0000000000000000000 ) ) ;
#7101 = CARTESIAN_POINT ( 'NONE',  ( -1.999999999999994900, 0.0000000000000000000, -0.8750000000000001100 ) ) ;
#7102 = EDGE_LOOP ( 'NONE', ( #5560, #696, #2631, #7218 ) ) ;
#7103 = ORIENTED_EDGE ( 'NONE', *, *, #3494, .F. ) ;
#7104 = ORIENTED_EDGE ( 'NONE', *, *, #8231, .F. ) ;
#7105 = CARTESIAN_POINT ( 'NONE',  ( 0.6249999999999947800, 0.0000000000000000000, -1.599999999999999000 ) ) ;
#7106 = VECTOR ( 'NONE', #762, 1000.000000000000000 ) ;
#7107 = DIRECTION ( 'NONE',  ( 1.000000000000000000, 0.0000000000000000000, 0.0000000000000000000 ) ) ;
#7108 = PLANE ( 'NONE',  #7342 ) ;
#7109 = VERTEX_POINT ( 'NONE', #7216 ) ;
#7110 = VERTEX_POINT ( 'NONE', #4626 ) ;
#7111 = ORIENTED_EDGE ( 'NONE', *, *, #6430, .T. ) ;
#7112 = ORIENTED_EDGE ( 'NONE', *, *, #5737, .T. ) ;
#7113 = VECTOR ( 'NONE', #4580, 1000.000000000000000 ) ;
#7114 = DIRECTION ( 'NONE',  ( -0.0000000000000000000, -1.000000000000000000, -0.0000000000000000000 ) ) ;
#7115 = DIRECTION ( 'NONE',  ( 0.0000000000000000000, 1.000000000000000000, 0.0000000000000000000 ) ) ;
#7116 = PLANE ( 'NONE',  #7396 ) ;
#7117 = VERTEX_POINT ( 'NONE', #1467 ) ;
#7118 = ADVANCED_FACE ( 'NONE', ( #7351 ), #7263, .F. ) ;
#7119 = EDGE_LOOP ( 'NONE', ( #5094, #6148, #6902, #2218 ) ) ;
#7120 = EDGE_CURVE ( 'NONE', #1532, #5616, #5029, .T. ) ;
#7121 = LINE ( 'NONE', #3485, #5612 ) ;
#7122 = PLANE ( 'NONE',  #3949 ) ;
#7123 = DIRECTION ( 'NONE',  ( 1.000000000000000000, 0.0000000000000000000, -1.029992063861229100E-014 ) ) ;
#7124 = ORIENTED_EDGE ( 'NONE', *, *, #1188, .T. ) ;
#7125 = DIRECTION ( 'NONE',  ( 0.0000000000000000000, -1.000000000000000000, -0.0000000000000000000 ) ) ;
#7126 = DIRECTION ( 'NONE',  ( -1.000000000000000000, 0.0000000000000000000, 1.060485249962383800E-013 ) ) ;
#7127 = VERTEX_POINT ( 'NONE', #7176 ) ;
#7128 = CARTESIAN_POINT ( 'NONE',  ( 1.600000000000004300, 0.0000000000000000000, 0.3750000000000244800 ) ) ;
#7129 = ORIENTED_EDGE ( 'NONE', *, *, #4614, .T. ) ;
#7130 = CARTESIAN_POINT ( 'NONE',  ( 0.8749999999999946700, 0.0000000000000000000, -1.599999999999996300 ) ) ;
#7131 = VECTOR ( 'NONE', #1629, 1000.000000000000000 ) ;
#7132 = DIRECTION ( 'NONE',  ( -8.673617379884036500E-016, -0.0000000000000000000, 1.000000000000000000 ) ) ;
#7133 = AXIS2_PLACEMENT_3D ( 'NONE', #7698, #5845, #729 ) ;
#7134 = DIRECTION ( 'NONE',  ( 1.000000000000000000, 0.0000000000000000000, -3.469446951953614200E-015 ) ) ;
#7135 = LINE ( 'NONE', #3284, #4314 ) ;
#7136 = ORIENTED_EDGE ( 'NONE', *, *, #7441, .T. ) ;
#7137 = EDGE_CURVE ( 'NONE', #7825, #6088, #1596, .T. ) ;
#7138 = CARTESIAN_POINT ( 'NONE',  ( -1.600000000000000300, 1.050000000000000000, -1.600000000000000300 ) ) ;
#7139 = VECTOR ( 'NONE', #3229, 1000.000000000000000 ) ;
#7140 = CARTESIAN_POINT ( 'NONE',  ( -1.600000000000000300, 1.050000000000000000, -1.600000000000000300 ) ) ;
#7141 = CARTESIAN_POINT ( 'NONE',  ( -1.599999999999989700, 0.1000000000000002600, -1.375000000000000200 ) ) ;
#7142 = DIRECTION ( 'NONE',  ( -1.000000000000000000, -0.0000000000000000000, -3.089976191583647900E-014 ) ) ;
#7143 = VECTOR ( 'NONE', #3615, 1000.000000000000000 ) ;
#7144 = DIRECTION ( 'NONE',  ( 3.089976191583646000E-014, 0.0000000000000000000, -1.000000000000000000 ) ) ;
#7145 = CARTESIAN_POINT ( 'NONE',  ( 1.374999999999994200, 0.0000000000000000000, 1.599999999999995900 ) ) ;
#7146 = CARTESIAN_POINT ( 'NONE',  ( 1.600000000000010300, 0.0000000000000000000, -1.125000000000000200 ) ) ;
#7147 = DIRECTION ( 'NONE',  ( 0.0000000000000000000, -0.0000000000000000000, 1.000000000000000000 ) ) ;
#7148 = CARTESIAN_POINT ( 'NONE',  ( 1.600000000000005000, 0.0000000000000000000, -0.6250000000000001100 ) ) ;
#7149 = VECTOR ( 'NONE', #2128, 1000.000000000000000 ) ;
#7150 = DIRECTION ( 'NONE',  ( 0.0000000000000000000, -0.0000000000000000000, 1.000000000000000000 ) ) ;
#7151 = EDGE_CURVE ( 'NONE', #1363, #4075, #716, .T. ) ;
#7152 = FACE_OUTER_BOUND ( 'NONE', #7864, .T. ) ;
#7153 = EDGE_CURVE ( 'NONE', #2147, #4727, #1402, .T. ) ;
#7154 = ADVANCED_FACE ( 'NONE', ( #6553 ), #321, .T. ) ;
#7155 = SURFACE_SIDE_STYLE ('',( #5332 ) ) ;
#7156 = AXIS2_PLACEMENT_3D ( 'NONE', #7250, #6664, #3466 ) ;
#7157 = FACE_OUTER_BOUND ( 'NONE', #8275, .T. ) ;
#7158 = CARTESIAN_POINT ( 'NONE',  ( 1.600000000000010500, 4.059797974644667700, -1.375000000000000200 ) ) ;
#7159 = FACE_OUTER_BOUND ( 'NONE', #3069, .T. ) ;
#7160 = EDGE_CURVE ( 'NONE', #3165, #4287, #4828, .T. ) ;
#7161 = DIRECTION ( 'NONE',  ( 2.710505431213760100E-016, 0.0000000000000000000, 1.000000000000000000 ) ) ;
#7162 = DIRECTION ( 'NONE',  ( 1.029992063861230000E-014, 0.0000000000000000000, -1.000000000000000000 ) ) ;
#7163 = FACE_OUTER_BOUND ( 'NONE', #1455, .T. ) ;
#7164 = PLANE ( 'NONE',  #8225 ) ;
#7165 = AXIS2_PLACEMENT_3D ( 'NONE', #4029, #4683, #827 ) ;
#7166 = DIRECTION ( 'NONE',  ( -1.691355389077552800E-013, -0.0000000000000000000, 1.000000000000000000 ) ) ;
#7167 = ORIENTED_EDGE ( 'NONE', *, *, #6724, .T. ) ;
#7168 = ORIENTED_EDGE ( 'NONE', *, *, #3806, .F. ) ;
#7169 = AXIS2_PLACEMENT_3D ( 'NONE', #2866, #1592, #1043 ) ;
#7170 = VECTOR ( 'NONE', #4722, 1000.000000000000000 ) ;
#7171 = DIRECTION ( 'NONE',  ( 1.000000000000000000, 0.0000000000000000000, -2.710505431213760100E-016 ) ) ;
#7172 = VECTOR ( 'NONE', #4108, 1000.000000000000000 ) ;
#7173 = EDGE_LOOP ( 'NONE', ( #6613, #7872, #1804, #6595 ) ) ;
#7174 = AXIS2_PLACEMENT_3D ( 'NONE', #3472, #4881, #1583 ) ;
#7175 = CARTESIAN_POINT ( 'NONE',  ( 0.6249999999999943400, 0.1000000000000000100, 1.599999999999998500 ) ) ;
#7176 = CARTESIAN_POINT ( 'NONE',  ( -1.374999999999950500, 0.0000000000000000000, 1.999999999999999100 ) ) ;
#7177 = CARTESIAN_POINT ( 'NONE',  ( -1.124999999999994700, -0.0000000000000000000, -1.599999999999999000 ) ) ;
#7178 = EDGE_CURVE ( 'NONE', #1230, #6193, #115, .T. ) ;
#7179 = PLANE ( 'NONE',  #4835 ) ;
#7180 = LINE ( 'NONE', #4272, #150 ) ;
#7181 = ORIENTED_EDGE ( 'NONE', *, *, #8077, .F. ) ;
#7182 = ORIENTED_EDGE ( 'NONE', *, *, #7861, .T. ) ;
#7183 = PRESENTATION_STYLE_ASSIGNMENT (( #4523 ) ) ;
#7184 = EDGE_CURVE ( 'NONE', #4173, #4719, #610, .T. ) ;
#7185 = EDGE_LOOP ( 'NONE', ( #4789, #5380, #2842, #4296 ) ) ;
#7186 = VECTOR ( 'NONE', #1216, 1000.000000000000000 ) ;
#7187 = PLANE ( 'NONE',  #3404 ) ;
#7188 = ORIENTED_EDGE ( 'NONE', *, *, #5469, .F. ) ;
#7189 = LINE ( 'NONE', #6135, #5479 ) ;
#7190 = DIRECTION ( 'NONE',  ( -1.000000000000000000, -0.0000000000000000000, 3.469446951953614200E-015 ) ) ;
#7191 = ORIENTED_EDGE ( 'NONE', *, *, #1347, .T. ) ;
#7192 = EDGE_LOOP ( 'NONE', ( #7032, #1971, #2132, #7291 ) ) ;
#7193 = LINE ( 'NONE', #7338, #1946 ) ;
#7194 = PLANE ( 'NONE',  #3696 ) ;
#7195 = AXIS2_PLACEMENT_3D ( 'NONE', #5092, #1222, #7531 ) ;
#7196 = COLOUR_RGB ( '',1.000000000000000000, 0.8117647058823529400, 0.5019607843137254800 ) ;
#7197 = EDGE_CURVE ( 'NONE', #1049, #5791, #4532, .T. ) ;
#7198 = DIRECTION ( 'NONE',  ( 0.0000000000000000000, 0.0000000000000000000, 1.000000000000000000 ) ) ;
#7199 = PLANE ( 'NONE',  #8255 ) ;
#7200 = ORIENTED_EDGE ( 'NONE', *, *, #2417, .F. ) ;
#7201 = CARTESIAN_POINT ( 'NONE',  ( -1.599999999999991200, 0.0000000000000000000, 1.125000000000014700 ) ) ;
#7202 = ORIENTED_EDGE ( 'NONE', *, *, #5097, .T. ) ;
#7203 = ORIENTED_EDGE ( 'NONE', *, *, #5943, .T. ) ;
#7204 = UNCERTAINTY_MEASURE_WITH_UNIT (LENGTH_MEASURE( 1.000000000000000100E-005 ), #2311, 'distance_accuracy_value', 'NONE');
#7205 = ORIENTED_EDGE ( 'NONE', *, *, #4484, .F. ) ;
#7206 = CARTESIAN_POINT ( 'NONE',  ( 2.000000000000005300, 0.0000000000000000000, 0.8750000000000001100 ) ) ;
#7207 = ADVANCED_FACE ( 'NONE', ( #2906 ), #5430, .T. ) ;
#7208 = VECTOR ( 'NONE', #148, 1000.000000000000000 ) ;
#7209 = CARTESIAN_POINT ( 'NONE',  ( 0.0000000000000000000, 0.1000000000000000100, 0.0000000000000000000 ) ) ;
#7210 = EDGE_CURVE ( 'NONE', #268, #1856, #5432, .T. ) ;
#7211 = ORIENTED_EDGE ( 'NONE', *, *, #11, .T. ) ;
#7212 = ORIENTED_EDGE ( 'NONE', *, *, #1421, .F. ) ;
#7213 = ORIENTED_EDGE ( 'NONE', *, *, #3583, .T. ) ;
#7214 = CARTESIAN_POINT ( 'NONE',  ( -0.8749999999999946700, 0.1000000000000002600, -1.599999999999996300 ) ) ;
#7215 = EDGE_LOOP ( 'NONE', ( #373, #1570, #7653, #4175 ) ) ;
#7216 = CARTESIAN_POINT ( 'NONE',  ( 2.000000000000005300, 0.0000000000000000000, 0.8750000000000001100 ) ) ;
#7217 = DIRECTION ( 'NONE',  ( -8.673617379884035500E-016, 0.0000000000000000000, -1.000000000000000000 ) ) ;
#7218 = ORIENTED_EDGE ( 'NONE', *, *, #24, .F. ) ;
#7219 = EDGE_LOOP ( 'NONE', ( #3619, #4663, #5542, #4911 ) ) ;
#7220 = CARTESIAN_POINT ( 'NONE',  ( 1.600000000000010300, 0.0000000000000000000, -1.125000000000000200 ) ) ;
#7221 = DIRECTION ( 'NONE',  ( -1.040834085586084700E-014, 0.0000000000000000000, -1.000000000000000000 ) ) ;
#7222 = SURFACE_SIDE_STYLE ('',( #4500 ) ) ;
#7223 = CARTESIAN_POINT ( 'NONE',  ( 1.600000000000001600, 0.0000000000000000000, 0.1250000000000245600 ) ) ;
#7224 = EDGE_CURVE ( 'NONE', #3781, #4487, #7442, .T. ) ;
#7225 = ORIENTED_EDGE ( 'NONE', *, *, #269, .T. ) ;
#7226 = ORIENTED_EDGE ( 'NONE', *, *, #3241, .F. ) ;
#7227 = CARTESIAN_POINT ( 'NONE',  ( 0.1249999999999943900, 0.0000000000000000000, 1.599999999999998500 ) ) ;
#7228 = CARTESIAN_POINT ( 'NONE',  ( -0.6249999999999947800, 0.1000000000000000100, -1.599999999999999000 ) ) ;
#7229 = VECTOR ( 'NONE', #2804, 1000.000000000000000 ) ;
#7230 = CARTESIAN_POINT ( 'NONE',  ( -1.999999999999984500, 0.0000000000000000000, 1.125000000000011500 ) ) ;
#7231 = LINE ( 'NONE', #2647, #3397 ) ;
#7232 = CARTESIAN_POINT ( 'NONE',  ( -0.1249999999999943900, 0.1000000000000000100, 1.599999999999998500 ) ) ;
#7233 = ORIENTED_EDGE ( 'NONE', *, *, #527, .T. ) ;
#7234 = EDGE_CURVE ( 'NONE', #548, #3555, #5739, .T. ) ;
#7235 = EDGE_CURVE ( 'NONE', #5072, #3659, #1306, .T. ) ;
#7236 = AXIS2_PLACEMENT_3D ( 'NONE', #1250, #595, #1863 ) ;
#7237 = LINE ( 'NONE', #6093, #2495 ) ;
#7238 = DIRECTION ( 'NONE',  ( 0.0000000000000000000, -0.0000000000000000000, 1.000000000000000000 ) ) ;
#7239 = DIRECTION ( 'NONE',  ( 0.0000000000000000000, -0.0000000000000000000, 1.000000000000000000 ) ) ;
#7240 = CARTESIAN_POINT ( 'NONE',  ( 2.000000000000005300, 0.1000000000000000100, 0.8750000000000001100 ) ) ;
#7241 = CARTESIAN_POINT ( 'NONE',  ( 1.600000000000001600, 0.1000000000000002600, -0.1250000000000245600 ) ) ;
#7242 = LINE ( 'NONE', #2572, #7139 ) ;
#7243 = VECTOR ( 'NONE', #5524, 1000.000000000000000 ) ;
#7244 = AXIS2_PLACEMENT_3D ( 'NONE', #1380, #4563, #1354 ) ;
#7245 = ADVANCED_FACE ( 'NONE', ( #7751 ), #4787, .F. ) ;
#7246 = FACE_OUTER_BOUND ( 'NONE', #6678, .T. ) ;
#7247 = CARTESIAN_POINT ( 'NONE',  ( 1.600000000000010500, 0.0000000000000000000, -1.375000000000000200 ) ) ;
#7248 = FACE_OUTER_BOUND ( 'NONE', #2983, .T. ) ;
#7249 = EDGE_CURVE ( 'NONE', #2423, #7813, #3118, .T. ) ;
#7250 = CARTESIAN_POINT ( 'NONE',  ( 2.000000000000000000, 0.1000000000000000100, 0.3750000000000000600 ) ) ;
#7251 = CARTESIAN_POINT ( 'NONE',  ( -1.599999999999991200, 0.0000000000000000000, 1.125000000000014700 ) ) ;
#7252 = PLANE ( 'NONE',  #7753 ) ;
#7253 = CARTESIAN_POINT ( 'NONE',  ( 1.374999999999998400, 0.1000000000000000100, 1.999999999999996200 ) ) ;
#7254 = FACE_OUTER_BOUND ( 'NONE', #273, .T. ) ;
#7255 = AXIS2_PLACEMENT_3D ( 'NONE', #7648, #1267, #5108 ) ;
#7256 = CARTESIAN_POINT ( 'NONE',  ( -0.8749999999999942300, 0.1000000000000002600, 1.599999999999995900 ) ) ;
#7257 = ORIENTED_EDGE ( 'NONE', *, *, #6294, .T. ) ;
#7258 = VECTOR ( 'NONE', #1686, 1000.000000000000000 ) ;
#7259 = DIRECTION ( 'NONE',  ( -0.0000000000000000000, -1.000000000000000000, -0.0000000000000000000 ) ) ;
#7260 = ORIENTED_EDGE ( 'NONE', *, *, #6800, .T. ) ;
#7261 = VECTOR ( 'NONE', #3452, 1000.000000000000000 ) ;
#7262 = CARTESIAN_POINT ( 'NONE',  ( 1.600000000000010500, 4.059797974644667700, -1.375000000000000200 ) ) ;
#7263 = PLANE ( 'NONE',  #7663 ) ;
#7264 = CARTESIAN_POINT ( 'NONE',  ( -1.599999999999995000, 4.059797974644667700, 0.8750000000000001100 ) ) ;
#7265 = DIRECTION ( 'NONE',  ( -1.548860246407863600E-016, -0.0000000000000000000, 1.000000000000000000 ) ) ;
#7266 = FACE_OUTER_BOUND ( 'NONE', #2279, .T. ) ;
#7267 =( NAMED_UNIT ( * ) SI_UNIT ( $, .STERADIAN. ) SOLID_ANGLE_UNIT ( ) );
#7268 = AXIS2_PLACEMENT_3D ( 'NONE', #4923, #5570, #1701 ) ;
#7269 = EDGE_LOOP ( 'NONE', ( #3543, #5128, #163, #3096 ) ) ;
#7270 = CARTESIAN_POINT ( 'NONE',  ( -2.000000000000000000, 0.1000000000000002600, 0.3750000000000000600 ) ) ;
#7271 = LINE ( 'NONE', #986, #7072 ) ;
#7272 = PLANE ( 'NONE',  #5126 ) ;
#7273 = ORIENTED_EDGE ( 'NONE', *, *, #31, .F. ) ;
#7274 = FACE_OUTER_BOUND ( 'NONE', #599, .T. ) ;
#7275 = DIRECTION ( 'NONE',  ( 1.029992063861228900E-014, 0.0000000000000000000, 1.000000000000000000 ) ) ;
#7276 = ORIENTED_EDGE ( 'NONE', *, *, #5797, .T. ) ;
#7277 = EDGE_CURVE ( 'NONE', #536, #4560, #7639, .T. ) ;
#7278 = DIRECTION ( 'NONE',  ( 1.691355389077552800E-013, 0.0000000000000000000, 1.000000000000000000 ) ) ;
#7279 = ORIENTED_EDGE ( 'NONE', *, *, #3334, .T. ) ;
#7280 = FACE_OUTER_BOUND ( 'NONE', #6719, .T. ) ;
#7281 = CARTESIAN_POINT ( 'NONE',  ( 1.600000000000010500, 4.059797974644667700, 1.375000000000000200 ) ) ;
#7282 = EDGE_CURVE ( 'NONE', #3190, #5215, #5637, .T. ) ;
#7283 = FACE_OUTER_BOUND ( 'NONE', #8150, .T. ) ;
#7284 = CARTESIAN_POINT ( 'NONE',  ( -0.6249999999999943400, 0.1000000000000000100, 1.599999999999998500 ) ) ;
#7285 = ADVANCED_FACE ( 'NONE', ( #8022 ), #2828, .F. ) ;
#7286 =( GEOMETRIC_REPRESENTATION_CONTEXT ( 3 ) GLOBAL_UNCERTAINTY_ASSIGNED_CONTEXT ( ( #3071 ) ) GLOBAL_UNIT_ASSIGNED_CONTEXT ( ( #720, #7767, #1356 ) ) REPRESENTATION_CONTEXT ( 'NONE', 'WORKASPACE' ) );
#7287 = DIRECTION ( 'NONE',  ( 0.0000000000000000000, 0.0000000000000000000, -1.000000000000000000 ) ) ;
#7288 = EDGE_LOOP ( 'NONE', ( #7328, #1378, #4931, #395 ) ) ;
#7289 = VECTOR ( 'NONE', #3566, 1000.000000000000000 ) ;
#7290 = ORIENTED_EDGE ( 'NONE', *, *, #568, .F. ) ;
#7291 = ORIENTED_EDGE ( 'NONE', *, *, #5666, .F. ) ;
#7292 = VECTOR ( 'NONE', #4780, 1000.000000000000000 ) ;
#7293 = STYLED_ITEM ( 'NONE', ( #7914 ), #8147 ) ;
#7294 = DIRECTION ( 'NONE',  ( -1.000000000000000000, -0.0000000000000000000, -3.089976191583647900E-014 ) ) ;
#7295 = VECTOR ( 'NONE', #6233, 1000.000000000000000 ) ;
#7296 = CARTESIAN_POINT ( 'NONE',  ( -1.599999999999989700, 0.1000000000000000100, -1.375000000000000200 ) ) ;
#7297 = DIRECTION ( 'NONE',  ( -1.000000000000000000, -0.0000000000000000000, 6.938893903907229200E-015 ) ) ;
#7298 = EDGE_LOOP ( 'NONE', ( #5806, #8204, #1602, #6378, #4687 ) ) ;
#7299 = ORIENTED_EDGE ( 'NONE', *, *, #770, .F. ) ;
#7300 = EDGE_CURVE ( 'NONE', #2939, #1857, #6345, .T. ) ;
#7301 = ORIENTED_EDGE ( 'NONE', *, *, #195, .T. ) ;
#7302 = ORIENTED_EDGE ( 'NONE', *, *, #1977, .F. ) ;
#7303 = FACE_OUTER_BOUND ( 'NONE', #3873, .T. ) ;
#7304 = DIRECTION ( 'NONE',  ( 0.0000000000000000000, -0.0000000000000000000, 1.000000000000000000 ) ) ;
#7305 = DIRECTION ( 'NONE',  ( 1.000000000000000000, 0.0000000000000000000, -1.040834085586085000E-014 ) ) ;
#7306 = VERTEX_POINT ( 'NONE', #7368 ) ;
#7307 = CARTESIAN_POINT ( 'NONE',  ( -1.599999999999957900, 0.0000000000000000000, 0.1250000000000245600 ) ) ;
#7308 = ORIENTED_EDGE ( 'NONE', *, *, #4066, .F. ) ;
#7309 = ORIENTED_EDGE ( 'NONE', *, *, #2545, .T. ) ;
#7310 = UNCERTAINTY_MEASURE_WITH_UNIT (LENGTH_MEASURE( 1.000000000000000100E-005 ), #633, 'distance_accuracy_value', 'NONE');
#7311 = EDGE_LOOP ( 'NONE', ( #4685, #3375, #4853, #1945 ) ) ;
#7312 = VECTOR ( 'NONE', #3699, 1000.000000000000000 ) ;
#7313 = DIRECTION ( 'NONE',  ( -8.673617379884035500E-016, 0.0000000000000000000, -1.000000000000000000 ) ) ;
#7314 = ORIENTED_EDGE ( 'NONE', *, *, #8142, .F. ) ;
#7315 = EDGE_LOOP ( 'NONE', ( #7918, #190, #5110, #6609 ) ) ;
#7316 = ORIENTED_EDGE ( 'NONE', *, *, #4800, .T. ) ;
#7317 = FACE_OUTER_BOUND ( 'NONE', #7742, .T. ) ;
#7318 = CARTESIAN_POINT ( 'NONE',  ( -1.999999999999994900, 0.1000000000000002600, 0.8750000000000001100 ) ) ;
#7319 = EDGE_CURVE ( 'NONE', #3664, #3153, #1197, .T. ) ;
#7320 = EDGE_CURVE ( 'NONE', #7951, #1025, #6741, .T. ) ;
#7321 = DIRECTION ( 'NONE',  ( -0.0000000000000000000, -1.000000000000000000, -0.0000000000000000000 ) ) ;
#7322 = EDGE_LOOP ( 'NONE', ( #7793, #191, #1550, #347 ) ) ;
#7323 = CARTESIAN_POINT ( 'NONE',  ( -1.374999999999994200, 0.1000000000000000100, 1.599999999999995900 ) ) ;
#7324 = VERTEX_POINT ( 'NONE', #7402 ) ;
#7325 = AXIS2_PLACEMENT_3D ( 'NONE', #3318, #2688, #5330 ) ;
#7326 = VERTEX_POINT ( 'NONE', #6220 ) ;
#7327 = ADVANCED_FACE ( 'NONE', ( #312 ), #6244, .T. ) ;
#7328 = ORIENTED_EDGE ( 'NONE', *, *, #2856, .T. ) ;
#7329 = ORIENTED_EDGE ( 'NONE', *, *, #5747, .F. ) ;
#7330 = PLANE ( 'NONE',  #5879 ) ;
#7331 = CARTESIAN_POINT ( 'NONE',  ( -1.599999999999989700, -0.0000000000000000000, -1.375000000000000200 ) ) ;
#7332 = STYLED_ITEM ( 'NONE', ( #7877 ), #102 ) ;
#7333 = LINE ( 'NONE', #6173, #4106 ) ;
#7334 = VECTOR ( 'NONE', #3346, 1000.000000000000000 ) ;
#7335 = VERTEX_POINT ( 'NONE', #2372 ) ;
#7336 = CARTESIAN_POINT ( 'NONE',  ( 1.374999999999994200, 4.059797974644667700, 1.599999999999995900 ) ) ;
#7337 = AXIS2_PLACEMENT_3D ( 'NONE', #223, #3481, #6675 ) ;
#7338 = CARTESIAN_POINT ( 'NONE',  ( 1.374999999999994200, 0.0000000000000000000, 1.599999999999995900 ) ) ;
#7339 = LINE ( 'NONE', #3267, #6933 ) ;
#7340 = EDGE_CURVE ( 'NONE', #4340, #7419, #6039, .T. ) ;
#7341 = LINE ( 'NONE', #4408, #5932 ) ;
#7342 = AXIS2_PLACEMENT_3D ( 'NONE', #1308, #2707, #2648 ) ;
#7343 = DIRECTION ( 'NONE',  ( 1.000000000000000000, 0.0000000000000000000, -0.0000000000000000000 ) ) ;
#7344 = CARTESIAN_POINT ( 'NONE',  ( 2.000000000000005300, 4.059797974644667700, -0.8750000000000001100 ) ) ;
#7345 = CARTESIAN_POINT ( 'NONE',  ( 0.3749999999999984500, 0.1000000000000002600, 1.999999999999996200 ) ) ;
#7346 = VECTOR ( 'NONE', #8021, 1000.000000000000000 ) ;
#7347 = CARTESIAN_POINT ( 'NONE',  ( 1.600000000000010500, 0.1000000000000000100, 1.375000000000000200 ) ) ;
#7348 = FACE_OUTER_BOUND ( 'NONE', #3636, .T. ) ;
#7349 = DIRECTION ( 'NONE',  ( 0.0000000000000000000, -1.000000000000000000, 0.0000000000000000000 ) ) ;
#7350 = AXIS2_PLACEMENT_3D ( 'NONE', #6463, #4513, #3193 ) ;
#7351 = FACE_OUTER_BOUND ( 'NONE', #2810, .T. ) ;
#7352 = DIRECTION ( 'NONE',  ( -1.002887009549093300E-014, -0.0000000000000000000, -1.000000000000000000 ) ) ;
#7353 = CARTESIAN_POINT ( 'NONE',  ( -0.1249999999999943900, 0.0000000000000000000, 1.599999999999998500 ) ) ;
#7354 = ORIENTED_EDGE ( 'NONE', *, *, #6924, .F. ) ;
#7355 = EDGE_CURVE ( 'NONE', #7993, #3538, #5940, .T. ) ;
#7356 = LINE ( 'NONE', #3671, #4543 ) ;
#7357 = CARTESIAN_POINT ( 'NONE',  ( 1.600000000000005200, 0.1000000000000002600, 0.8750000000000001100 ) ) ;
#7358 = CARTESIAN_POINT ( 'NONE',  ( -1.599999999999994800, 0.1000000000000000100, -0.6250000000000001100 ) ) ;
#7359 = LINE ( 'NONE', #1808, #6474 ) ;
#7360 = CARTESIAN_POINT ( 'NONE',  ( 0.0000000000000000000, 0.0000000000000000000, 0.0000000000000000000 ) ) ;
#7361 = ORIENTED_EDGE ( 'NONE', *, *, #7151, .T. ) ;
#7362 = EDGE_CURVE ( 'NONE', #676, #3281, #2706, .T. ) ;
#7363 = PLANE ( 'NONE',  #4806 ) ;
#7364 = LINE ( 'NONE', #7097, #2312 ) ;
#7365 = ADVANCED_FACE ( 'NONE', ( #2503 ), #4862, .F. ) ;
#7366 = FACE_OUTER_BOUND ( 'NONE', #3647, .T. ) ;
#7367 = CARTESIAN_POINT ( 'NONE',  ( -0.8749999999999502600, 4.059797974644667700, 1.999999999999999100 ) ) ;
#7368 = CARTESIAN_POINT ( 'NONE',  ( 1.600000000000004300, 0.0000000000000000000, -0.3750000000000244800 ) ) ;
#7369 = VECTOR ( 'NONE', #8108, 1000.000000000000000 ) ;
#7370 = CARTESIAN_POINT ( 'NONE',  ( -1.374999999999994200, 0.0000000000000000000, 1.599999999999995900 ) ) ;
#7371 =( LENGTH_UNIT ( ) NAMED_UNIT ( * ) SI_UNIT ( .MILLI., .METRE. ) );
#7372 = DIRECTION ( 'NONE',  ( 0.7071067811865474600, -0.0000000000000000000, -0.7071067811865474600 ) ) ;
#7373 = ADVANCED_FACE ( 'NONE', ( #7246 ), #460, .T. ) ;
#7374 = VERTEX_POINT ( 'NONE', #3061 ) ;
#7375 = FACE_OUTER_BOUND ( 'NONE', #7119, .T. ) ;
#7376 = PRESENTATION_STYLE_ASSIGNMENT (( #2129 ) ) ;
#7377 = DIRECTION ( 'NONE',  ( -0.0000000000000000000, 1.000000000000000000, 0.0000000000000000000 ) ) ;
#7378 = EDGE_CURVE ( 'NONE', #7569, #1661, #6239, .T. ) ;
#7379 = DIRECTION ( 'NONE',  ( 0.0000000000000000000, -1.000000000000000000, 0.0000000000000000000 ) ) ;
#7380 = CARTESIAN_POINT ( 'NONE',  ( 1.600000000000010300, 0.1000000000000000100, -1.125000000000000200 ) ) ;
#7381 = VECTOR ( 'NONE', #6718, 1000.000000000000000 ) ;
#7382 = EDGE_LOOP ( 'NONE', ( #6577, #6526, #6085, #3631 ) ) ;
#7383 = EDGE_LOOP ( 'NONE', ( #584, #1866, #1244, #2461 ) ) ;
#7384 = VECTOR ( 'NONE', #7023, 1000.000000000000000 ) ;
#7385 = CARTESIAN_POINT ( 'NONE',  ( 1.400000000000000400, 0.0000000000000000000, -1.399999999999999700 ) ) ;
#7386 = ORIENTED_EDGE ( 'NONE', *, *, #5481, .F. ) ;
#7387 = VECTOR ( 'NONE', #6823, 1000.000000000000000 ) ;
#7388 = EDGE_CURVE ( 'NONE', #7004, #3664, #995, .T. ) ;
#7389 = DIRECTION ( 'NONE',  ( 0.0000000000000000000, 0.0000000000000000000, 1.000000000000000000 ) ) ;
#7390 = EDGE_CURVE ( 'NONE', #1025, #5355, #3924, .T. ) ;
#7391 = CARTESIAN_POINT ( 'NONE',  ( -0.3749999999999943400, 0.1000000000000000100, 1.599999999999995900 ) ) ;
#7392 = ORIENTED_EDGE ( 'NONE', *, *, #3981, .F. ) ;
#7393 = VERTEX_POINT ( 'NONE', #5599 ) ;
#7394 = ORIENTED_EDGE ( 'NONE', *, *, #1277, .T. ) ;
#7395 = LINE ( 'NONE', #5449, #5687 ) ;
#7396 = AXIS2_PLACEMENT_3D ( 'NONE', #842, #2176, #5331 ) ;
#7397 = DIRECTION ( 'NONE',  ( -1.000000000000000000, 0.0000000000000000000, -1.040834085586084700E-014 ) ) ;
#7398 = CLOSED_SHELL ( 'NONE', ( #3599, #7458, #8140, #1735, #7571, #2207 ) ) ;
#7399 = VERTEX_POINT ( 'NONE', #1115 ) ;
#7400 = ORIENTED_EDGE ( 'NONE', *, *, #7958, .F. ) ;
#7401 = ORIENTED_EDGE ( 'NONE', *, *, #6532, .T. ) ;
#7402 = CARTESIAN_POINT ( 'NONE',  ( -2.100000000000000100, 0.3500000000000001400, -2.100000000000000100 ) ) ;
#7403 = DIRECTION ( 'NONE',  ( 6.071532165919177500E-015, -0.0000000000000000000, 1.000000000000000000 ) ) ;
#7404 =( GEOMETRIC_REPRESENTATION_CONTEXT ( 3 ) GLOBAL_UNCERTAINTY_ASSIGNED_CONTEXT ( ( #7555 ) ) GLOBAL_UNIT_ASSIGNED_CONTEXT ( ( #7869, #3405, #6075 ) ) REPRESENTATION_CONTEXT ( 'NONE', 'WORKASPACE' ) );
#7405 = FACE_OUTER_BOUND ( 'NONE', #79, .T. ) ;
#7406 = DIRECTION ( 'NONE',  ( 1.000000000000000000, 0.0000000000000000000, 0.0000000000000000000 ) ) ;
#7407 = CARTESIAN_POINT ( 'NONE',  ( 1.400000000000000400, 4.059797974644667700, -1.399999999999999700 ) ) ;
#7408 = EDGE_CURVE ( 'NONE', #1656, #1445, #904, .T. ) ;
#7409 = VERTEX_POINT ( 'NONE', #5628 ) ;
#7410 = CARTESIAN_POINT ( 'NONE',  ( -1.374999999999994700, -0.0000000000000000000, -1.599999999999996300 ) ) ;
#7411 = EDGE_LOOP ( 'NONE', ( #5196, #5513, #2974, #2542 ) ) ;
#7412 = ORIENTED_EDGE ( 'NONE', *, *, #4623, .T. ) ;
#7413 = EDGE_LOOP ( 'NONE', ( #754, #5681, #4011, #4866 ) ) ;
#7414 =( NAMED_UNIT ( * ) SI_UNIT ( $, .STERADIAN. ) SOLID_ANGLE_UNIT ( ) );
#7415 = COLOUR_RGB ( '',1.000000000000000000, 0.8117647058823529400, 0.5019607843137254800 ) ;
#7416 = CARTESIAN_POINT ( 'NONE',  ( 1.124999999999994700, 0.1000000000000000100, -1.599999999999999000 ) ) ;
#7417 = CARTESIAN_POINT ( 'NONE',  ( -1.600000000000000100, 0.1000000000000000100, -0.3750000000000000600 ) ) ;
#7418 = EDGE_LOOP ( 'NONE', ( #2680, #4138, #7991, #2669 ) ) ;
#7419 = VERTEX_POINT ( 'NONE', #6919 ) ;
#7420 = ORIENTED_EDGE ( 'NONE', *, *, #24, .T. ) ;
#7421 = ADVANCED_FACE ( 'NONE', ( #6134 ), #2973, .T. ) ;
#7422 = VECTOR ( 'NONE', #3440, 1000.000000000000000 ) ;
#7423 = PLANE ( 'NONE',  #2536 ) ;
#7424 = CARTESIAN_POINT ( 'NONE',  ( 1.600000000000005200, 0.1000000000000000100, -0.8750000000000001100 ) ) ;
#7425 = ORIENTED_EDGE ( 'NONE', *, *, #7643, .F. ) ;
#7426 = ORIENTED_EDGE ( 'NONE', *, *, #4369, .F. ) ;
#7427 = DIRECTION ( 'NONE',  ( -1.095044194210359100E-013, -0.0000000000000000000, 1.000000000000000000 ) ) ;
#7428 = EDGE_CURVE ( 'NONE', #1417, #3961, #7544, .T. ) ;
#7429 = EDGE_CURVE ( 'NONE', #767, #3184, #3506, .T. ) ;
#7430 = CARTESIAN_POINT ( 'NONE',  ( -0.8749999999999946700, 4.059797974644667700, -1.599999999999996300 ) ) ;
#7431 = DIRECTION ( 'NONE',  ( 0.0000000000000000000, -1.000000000000000000, 0.0000000000000000000 ) ) ;
#7432 = ORIENTED_EDGE ( 'NONE', *, *, #1871, .F. ) ;
#7433 = CARTESIAN_POINT ( 'NONE',  ( 0.8749999999999988900, 0.1000000000000002600, -1.999999999999996200 ) ) ;
#7434 = CARTESIAN_POINT ( 'NONE',  ( -1.599999999999995000, 0.1000000000000000100, -0.8750000000000001100 ) ) ;
#7435 = VECTOR ( 'NONE', #4343, 1000.000000000000000 ) ;
#7436 = EDGE_CURVE ( 'NONE', #868, #3991, #5840, .T. ) ;
#7437 = CARTESIAN_POINT ( 'NONE',  ( 0.6249999999999943400, 0.0000000000000000000, 1.599999999999998500 ) ) ;
#7438 = FACE_OUTER_BOUND ( 'NONE', #6118, .T. ) ;
#7439 = FILL_AREA_STYLE ('',( #1658 ) ) ;
#7440 = LINE ( 'NONE', #1179, #3410 ) ;
#7441 = EDGE_CURVE ( 'NONE', #319, #3203, #6548, .T. ) ;
#7442 = LINE ( 'NONE', #921, #5246 ) ;
#7443 = MECHANICAL_DESIGN_GEOMETRIC_PRESENTATION_REPRESENTATION (  '', ( #7724 ), #5302 ) ;
#7444 = CARTESIAN_POINT ( 'NONE',  ( -1.599999999999989700, -0.0000000000000000000, -1.375000000000000200 ) ) ;
#7445 = CARTESIAN_POINT ( 'NONE',  ( 1.374999999999994200, 0.0000000000000000000, 1.599999999999995900 ) ) ;
#7446 = DIRECTION ( 'NONE',  ( 0.0000000000000000000, -1.000000000000000000, 0.0000000000000000000 ) ) ;
#7447 = AXIS2_PLACEMENT_3D ( 'NONE', #1280, #7729, #4433 ) ;
#7448 = ADVANCED_FACE ( 'NONE', ( #3222 ), #2427, .T. ) ;
#7449 = CARTESIAN_POINT ( 'NONE',  ( 1.399999999999999900, 0.1000000000000002600, 1.400000000000000100 ) ) ;
#7450 = ORIENTED_EDGE ( 'NONE', *, *, #1603, .F. ) ;
#7451 = FACE_OUTER_BOUND ( 'NONE', #4867, .T. ) ;
#7452 = EDGE_CURVE ( 'NONE', #4472, #3399, #3811, .T. ) ;
#7453 = DIRECTION ( 'NONE',  ( -1.000000000000000000, 0.0000000000000000000, -1.040834085586084300E-014 ) ) ;
#7454 = DIRECTION ( 'NONE',  ( -1.000000000000000000, 0.0000000000000000000, 0.0000000000000000000 ) ) ;
#7455 = CARTESIAN_POINT ( 'NONE',  ( -1.999999999999994900, -0.0000000000000000000, -0.6250000000000000000 ) ) ;
#7456 = PLANE ( 'NONE',  #3127 ) ;
#7457 = ORIENTED_EDGE ( 'NONE', *, *, #2225, .F. ) ;
#7458 = ADVANCED_FACE ( 'NONE', ( #6234 ), #3787, .F. ) ;
#7459 = LINE ( 'NONE', #8084, #629 ) ;
#7460 = LINE ( 'NONE', #7262, #2924 ) ;
#7461 = AXIS2_PLACEMENT_3D ( 'NONE', #1396, #7161, #2036 ) ;
#7462 = PLANE ( 'NONE',  #784 ) ;
#7463 = CARTESIAN_POINT ( 'NONE',  ( -0.8749999999999502600, 0.1000000000000000100, 1.999999999999999100 ) ) ;
#7464 = DIRECTION ( 'NONE',  ( 0.0000000000000000000, 0.0000000000000000000, 1.000000000000000000 ) ) ;
#7465 = VECTOR ( 'NONE', #7491, 1000.000000000000000 ) ;
#7466 = ORIENTED_EDGE ( 'NONE', *, *, #3308, .F. ) ;
#7467 = DIRECTION ( 'NONE',  ( -1.000000000000000000, 0.0000000000000000000, -1.040834085586084700E-014 ) ) ;
#7468 = EDGE_CURVE ( 'NONE', #264, #1230, #1997, .T. ) ;
#7469 = LINE ( 'NONE', #4211, #5769 ) ;
#7470 = CARTESIAN_POINT ( 'NONE',  ( -1.600000000000000100, -0.0000000000000000000, -0.3750000000000000600 ) ) ;
#7471 = ORIENTED_EDGE ( 'NONE', *, *, #5078, .T. ) ;
#7472 = CARTESIAN_POINT ( 'NONE',  ( 0.8749999999999988900, 0.0000000000000000000, -1.999999999999996200 ) ) ;
#7473 = PRESENTATION_STYLE_ASSIGNMENT (( #83 ) ) ;
#7474 = DIRECTION ( 'NONE',  ( -1.000000000000000000, -0.0000000000000000000, -0.0000000000000000000 ) ) ;
#7475 = VERTEX_POINT ( 'NONE', #7674 ) ;
#7476 = CLOSED_SHELL ( 'NONE', ( #1916, #2416, #1722, #2004, #91, #4201 ) ) ;
#7477 = CARTESIAN_POINT ( 'NONE',  ( -1.374999999999994700, 0.1000000000000000100, -1.599999999999996300 ) ) ;
#7478 = VECTOR ( 'NONE', #6405, 1000.000000000000000 ) ;
#7479 = CARTESIAN_POINT ( 'NONE',  ( 0.3749999999999943400, 0.1000000000000002600, 1.599999999999995900 ) ) ;
#7480 = DIRECTION ( 'NONE',  ( 0.0000000000000000000, 1.000000000000000000, 0.0000000000000000000 ) ) ;
#7481 = CARTESIAN_POINT ( 'NONE',  ( -0.8749999999999508200, 0.1000000000000002600, -1.999999999999999100 ) ) ;
#7482 = DIRECTION ( 'NONE',  ( 1.124859753953710500E-013, 0.0000000000000000000, -1.000000000000000000 ) ) ;
#7483 = ORIENTED_EDGE ( 'NONE', *, *, #7436, .T. ) ;
#7484 = FACE_OUTER_BOUND ( 'NONE', #1055, .T. ) ;
#7485 = ORIENTED_EDGE ( 'NONE', *, *, #1605, .T. ) ;
#7486 = ORIENTED_EDGE ( 'NONE', *, *, #5971, .F. ) ;
#7487 = CARTESIAN_POINT ( 'NONE',  ( 0.6249999999999988900, 0.0000000000000000000, -1.999999999999998700 ) ) ;
#7488 = EDGE_CURVE ( 'NONE', #6709, #5072, #8117, .T. ) ;
#7489 = ADVANCED_FACE ( 'NONE', ( #3701 ), #8185, .F. ) ;
#7490 = VECTOR ( 'NONE', #5500, 1000.000000000000000 ) ;
#7491 = DIRECTION ( 'NONE',  ( 0.0000000000000000000, -1.000000000000000000, 0.0000000000000000000 ) ) ;
#7492 = CARTESIAN_POINT ( 'NONE',  ( -0.6249999999999943400, 0.1000000000000002600, 1.599999999999998500 ) ) ;
#7493 = ORIENTED_EDGE ( 'NONE', *, *, #6799, .T. ) ;
#7494 = ORIENTED_EDGE ( 'NONE', *, *, #2152, .T. ) ;
#7495 = EDGE_LOOP ( 'NONE', ( #1988, #3070, #1241, #7718 ) ) ;
#7496 = LINE ( 'NONE', #5203, #3763 ) ;
#7497 = ADVANCED_FACE ( 'NONE', ( #19 ), #3813, .T. ) ;
#7498 = EDGE_CURVE ( 'NONE', #6627, #5215, #6651, .T. ) ;
#7499 = CARTESIAN_POINT ( 'NONE',  ( -0.8749999999999502600, 0.0000000000000000000, 1.999999999999999100 ) ) ;
#7500 = MECHANICAL_DESIGN_GEOMETRIC_PRESENTATION_REPRESENTATION (  '', ( #880 ), #7071 ) ;
#7501 = CARTESIAN_POINT ( 'NONE',  ( -0.8749999999999942300, 0.0000000000000000000, 1.599999999999995900 ) ) ;
#7502 = ORIENTED_EDGE ( 'NONE', *, *, #1842, .T. ) ;
#7503 = ORIENTED_EDGE ( 'NONE', *, *, #6342, .F. ) ;
#7504 = ORIENTED_EDGE ( 'NONE', *, *, #5619, .F. ) ;
#7505 = CARTESIAN_POINT ( 'NONE',  ( 1.399999999999999900, 0.0000000000000000000, 1.400000000000000100 ) ) ;
#7506 = ORIENTED_EDGE ( 'NONE', *, *, #6846, .T. ) ;
#7507 = CARTESIAN_POINT ( 'NONE',  ( -1.599999999999994800, 0.1000000000000000100, 0.6250000000000001100 ) ) ;
#7508 = CARTESIAN_POINT ( 'NONE',  ( -1.374999999999994700, 0.1000000000000000100, -1.599999999999996300 ) ) ;
#7509 = ORIENTED_EDGE ( 'NONE', *, *, #358, .F. ) ;
#7510 = ORIENTED_EDGE ( 'NONE', *, *, #465, .T. ) ;
#7511 = ORIENTED_EDGE ( 'NONE', *, *, #5481, .T. ) ;
#7512 = DIRECTION ( 'NONE',  ( -0.0000000000000000000, 1.000000000000000000, 0.0000000000000000000 ) ) ;
#7513 = CARTESIAN_POINT ( 'NONE',  ( 0.0000000000000000000, 1.050000000000000000, 0.0000000000000000000 ) ) ;
#7514 = VERTEX_POINT ( 'NONE', #2494 ) ;
#7515 = FACE_OUTER_BOUND ( 'NONE', #7383, .T. ) ;
#7516 = VECTOR ( 'NONE', #6726, 1000.000000000000000 ) ;
#7517 = EDGE_CURVE ( 'NONE', #3402, #7886, #107, .T. ) ;
#7518 = VERTEX_POINT ( 'NONE', #575 ) ;
#7519 = CARTESIAN_POINT ( 'NONE',  ( 2.000000000000000000, 0.1000000000000000100, -0.3750000000000000600 ) ) ;
#7520 =( NAMED_UNIT ( * ) SI_UNIT ( $, .STERADIAN. ) SOLID_ANGLE_UNIT ( ) );
#7521 = ORIENTED_EDGE ( 'NONE', *, *, #5523, .F. ) ;
#7522 = CARTESIAN_POINT ( 'NONE',  ( 1.600000000000005000, 0.0000000000000000000, -0.6250000000000001100 ) ) ;
#7523 = ADVANCED_FACE ( 'NONE', ( #5139 ), #7590, .F. ) ;
#7524 = CARTESIAN_POINT ( 'NONE',  ( -0.1249999999999947700, -0.0000000000000000000, -1.599999999999999000 ) ) ;
#7525 = LINE ( 'NONE', #2018, #4299 ) ;
#7526 = CARTESIAN_POINT ( 'NONE',  ( -0.1249999999999497800, -0.0000000000000000000, -1.999999999999999100 ) ) ;
#7527 = VERTEX_POINT ( 'NONE', #4441 ) ;
#7528 = ORIENTED_EDGE ( 'NONE', *, *, #5747, .T. ) ;
#7529 = ORIENTED_EDGE ( 'NONE', *, *, #2763, .T. ) ;
#7530 = CARTESIAN_POINT ( 'NONE',  ( -0.6249999999999943400, 4.059797974644667700, 1.599999999999998500 ) ) ;
#7531 = DIRECTION ( 'NONE',  ( -0.0000000000000000000, 0.0000000000000000000, -1.000000000000000000 ) ) ;
#7532 = ADVANCED_FACE ( 'NONE', ( #4732 ), #3726, .F. ) ;
#7533 = VECTOR ( 'NONE', #7913, 1000.000000000000000 ) ;
#7534 = LINE ( 'NONE', #678, #2894 ) ;
#7535 = EDGE_LOOP ( 'NONE', ( #430, #4712, #4655, #6470 ) ) ;
#7536 = CARTESIAN_POINT ( 'NONE',  ( -1.600000000000000100, 0.0000000000000000000, 0.3750000000000000600 ) ) ;
#7537 = DIRECTION ( 'NONE',  ( 1.095044194210351900E-013, 0.0000000000000000000, -1.000000000000000000 ) ) ;
#7538 = CARTESIAN_POINT ( 'NONE',  ( 2.000000000000005300, 0.1000000000000002600, 0.8750000000000001100 ) ) ;
#7539 = VECTOR ( 'NONE', #4667, 1000.000000000000000 ) ;
#7540 = CARTESIAN_POINT ( 'NONE',  ( -0.8749999999999508200, -0.0000000000000000000, -1.999999999999999100 ) ) ;
#7541 = ADVANCED_FACE ( 'NONE', ( #4317 ), #634, .T. ) ;
#7542 = FACE_BOUND ( 'NONE', #4248, .T. ) ;
#7543 = CARTESIAN_POINT ( 'NONE',  ( -0.1249999999999497800, 0.1000000000000000100, -1.999999999999999100 ) ) ;
#7544 = LINE ( 'NONE', #4921, #2194 ) ;
#7545 = DIRECTION ( 'NONE',  ( -1.100465205072787900E-013, 0.0000000000000000000, -1.000000000000000000 ) ) ;
#7546 = EDGE_CURVE ( 'NONE', #7514, #7807, #3004, .T. ) ;
#7547 = LINE ( 'NONE', #5908, #2397 ) ;
#7548 = DIRECTION ( 'NONE',  ( 0.0000000000000000000, -0.0000000000000000000, 1.000000000000000000 ) ) ;
#7549 = LINE ( 'NONE', #7463, #6247 ) ;
#7550 = AXIS2_PLACEMENT_3D ( 'NONE', #4564, #5752, #5781 ) ;
#7551 = DIRECTION ( 'NONE',  ( -3.089976191583644100E-014, 0.0000000000000000000, -1.000000000000000000 ) ) ;
#7552 = ORIENTED_EDGE ( 'NONE', *, *, #6817, .F. ) ;
#7553 = CARTESIAN_POINT ( 'NONE',  ( 1.374999999999998400, 0.1000000000000002600, 1.999999999999996200 ) ) ;
#7554 = VECTOR ( 'NONE', #8040, 1000.000000000000000 ) ;
#7555 = UNCERTAINTY_MEASURE_WITH_UNIT (LENGTH_MEASURE( 1.000000000000000100E-005 ), #7869, 'distance_accuracy_value', 'NONE');
#7556 = AXIS2_PLACEMENT_3D ( 'NONE', #1727, #1114, #5649 ) ;
#7557 = CARTESIAN_POINT ( 'NONE',  ( 1.600000000000004300, 4.059797974644667700, -0.3750000000000244800 ) ) ;
#7558 = VERTEX_POINT ( 'NONE', #1147 ) ;
#7559 = EDGE_CURVE ( 'NONE', #1225, #4939, #5345, .T. ) ;
#7560 = CARTESIAN_POINT ( 'NONE',  ( 1.124999999999994400, 0.1000000000000000100, 1.599999999999998500 ) ) ;
#7561 = DIRECTION ( 'NONE',  ( -1.000000000000000000, 0.0000000000000000000, -1.040834085586084700E-014 ) ) ;
#7562 = VECTOR ( 'NONE', #7765, 1000.000000000000000 ) ;
#7563 = CARTESIAN_POINT ( 'NONE',  ( -1.124999999999950900, 0.1000000000000000100, -1.999999999999999100 ) ) ;
#7564 = LINE ( 'NONE', #3063, #6363 ) ;
#7565 = ADVANCED_FACE ( 'NONE', ( #3500 ), #5876, .F. ) ;
#7566 = AXIS2_PLACEMENT_3D ( 'NONE', #1073, #3597, #3704 ) ;
#7567 = LINE ( 'NONE', #7042, #5657 ) ;
#7568 = DIRECTION ( 'NONE',  ( 1.000000000000000000, -0.0000000000000000000, -1.040834085586085000E-014 ) ) ;
#7569 = VERTEX_POINT ( 'NONE', #512 ) ;
#7570 = EDGE_LOOP ( 'NONE', ( #4702, #7129, #7301, #4876 ) ) ;
#7571 = ADVANCED_FACE ( 'NONE', ( #5022 ), #7164, .T. ) ;
#7572 = CARTESIAN_POINT ( 'NONE',  ( -2.000000000000000000, 0.1000000000000000100, 0.3750000000000000600 ) ) ;
#7573 = LINE ( 'NONE', #1484, #7381 ) ;
#7574 = ORIENTED_EDGE ( 'NONE', *, *, #2513, .F. ) ;
#7575 = EDGE_CURVE ( 'NONE', #2126, #6000, #7339, .T. ) ;
#7576 = CARTESIAN_POINT ( 'NONE',  ( 0.3749999999999989500, 0.1000000000000002600, -1.999999999999996200 ) ) ;
#7577 = ORIENTED_EDGE ( 'NONE', *, *, #6932, .F. ) ;
#7578 = VECTOR ( 'NONE', #1667, 1000.000000000000000 ) ;
#7579 = PLANE ( 'NONE',  #5035 ) ;
#7580 = EDGE_CURVE ( 'NONE', #1256, #431, #6734, .T. ) ;
#7581 = ORIENTED_EDGE ( 'NONE', *, *, #6255, .F. ) ;
#7582 = LINE ( 'NONE', #4070, #5878 ) ;
#7583 = AXIS2_PLACEMENT_3D ( 'NONE', #2506, #32, #5860 ) ;
#7584 = ORIENTED_EDGE ( 'NONE', *, *, #1978, .T. ) ;
#7585 = VECTOR ( 'NONE', #955, 1000.000000000000000 ) ;
#7586 = CARTESIAN_POINT ( 'NONE',  ( 1.374999999999994700, 0.0000000000000000000, -1.599999999999996300 ) ) ;
#7587 = VERTEX_POINT ( 'NONE', #5159 ) ;
#7588 = ORIENTED_EDGE ( 'NONE', *, *, #3198, .T. ) ;
#7589 = LINE ( 'NONE', #1557, #2551 ) ;
#7590 = PLANE ( 'NONE',  #618 ) ;
#7591 = VECTOR ( 'NONE', #810, 1000.000000000000000 ) ;
#7592 = DIRECTION ( 'NONE',  ( 0.0000000000000000000, -1.000000000000000000, -0.0000000000000000000 ) ) ;
#7593 = EDGE_CURVE ( 'NONE', #6484, #2889, #1393, .T. ) ;
#7594 = ORIENTED_EDGE ( 'NONE', *, *, #7355, .F. ) ;
#7595 = ORIENTED_EDGE ( 'NONE', *, *, #8113, .T. ) ;
#7596 = VERTEX_POINT ( 'NONE', #3933 ) ;
#7597 = EDGE_CURVE ( 'NONE', #1437, #172, #1585, .T. ) ;
#7598 = CLOSED_SHELL ( 'NONE', ( #6658, #2980, #6907, #1874, #6947, #1377 ) ) ;
#7599 = DIRECTION ( 'NONE',  ( -1.691355389077552800E-013, 0.0000000000000000000, -1.000000000000000000 ) ) ;
#7600 = LINE ( 'NONE', #723, #4689 ) ;
#7601 = CARTESIAN_POINT ( 'NONE',  ( -2.100000000000000100, 0.3500000000000001400, -2.100000000000000100 ) ) ;
#7602 = PLANE ( 'NONE',  #5541 ) ;
#7603 = VERTEX_POINT ( 'NONE', #1928 ) ;
#7604 = ORIENTED_EDGE ( 'NONE', *, *, #1767, .T. ) ;
#7605 = ORIENTED_EDGE ( 'NONE', *, *, #1802, .F. ) ;
#7606 = AXIS2_PLACEMENT_3D ( 'NONE', #3925, #3413, #6035 ) ;
#7607 = CIRCLE ( 'NONE', #3828, 0.1499999999999999700 ) ;
#7608 = EDGE_CURVE ( 'NONE', #4088, #3988, #3412, .T. ) ;
#7609 =( NAMED_UNIT ( * ) SI_UNIT ( $, .STERADIAN. ) SOLID_ANGLE_UNIT ( ) );
#7610 = EDGE_CURVE ( 'NONE', #2257, #6152, #4822, .T. ) ;
#7611 = ADVANCED_FACE ( 'NONE', ( #219 ), #5189, .F. ) ;
#7612 = ORIENTED_EDGE ( 'NONE', *, *, #3955, .T. ) ;
#7613 = ORIENTED_EDGE ( 'NONE', *, *, #3598, .F. ) ;
#7614 = ORIENTED_EDGE ( 'NONE', *, *, #1933, .T. ) ;
#7615 = FACE_OUTER_BOUND ( 'NONE', #3877, .T. ) ;
#7616 = CARTESIAN_POINT ( 'NONE',  ( 1.600000000000004300, 0.1000000000000002600, -0.3750000000000244800 ) ) ;
#7617 = DIRECTION ( 'NONE',  ( -1.000000000000000000, 0.0000000000000000000, -1.548860246407863600E-016 ) ) ;
#7618 = CARTESIAN_POINT ( 'NONE',  ( 1.600000000000004300, 0.0000000000000000000, 0.3750000000000244800 ) ) ;
#7619 = DIRECTION ( 'NONE',  ( 0.0000000000000000000, -1.000000000000000000, 0.0000000000000000000 ) ) ;
#7620 = ORIENTED_EDGE ( 'NONE', *, *, #5281, .T. ) ;
#7621 = ADVANCED_FACE ( 'NONE', ( #3109 ), #3964, .T. ) ;
#7622 = ORIENTED_EDGE ( 'NONE', *, *, #581, .F. ) ;
#7623 = EDGE_CURVE ( 'NONE', #4965, #4598, #6339, .T. ) ;
#7624 = DIRECTION ( 'NONE',  ( -1.000000000000000000, -0.0000000000000000000, 1.040834085586084700E-014 ) ) ;
#7625 = DIRECTION ( 'NONE',  ( -1.548860246407863800E-016, 0.0000000000000000000, 1.000000000000000000 ) ) ;
#7626 = LINE ( 'NONE', #5052, #1180 ) ;
#7627 = CARTESIAN_POINT ( 'NONE',  ( 1.600000000000010300, 0.1000000000000000100, -1.125000000000000200 ) ) ;
#7628 = DIRECTION ( 'NONE',  ( 6.938893903907229200E-015, 0.0000000000000000000, 1.000000000000000000 ) ) ;
#7629 = VERTEX_POINT ( 'NONE', #4556 ) ;
#7630 = CARTESIAN_POINT ( 'NONE',  ( 0.0000000000000000000, 0.0000000000000000000, 0.0000000000000000000 ) ) ;
#7631 = CARTESIAN_POINT ( 'NONE',  ( 0.6249999999999947800, 4.059797974644667700, -1.599999999999999000 ) ) ;
#7632 = DIRECTION ( 'NONE',  ( -0.0000000000000000000, -1.000000000000000000, -0.0000000000000000000 ) ) ;
#7633 = EDGE_CURVE ( 'NONE', #2273, #2822, #1299, .T. ) ;
#7634 = VECTOR ( 'NONE', #4045, 1000.000000000000000 ) ;
#7635 = FACE_OUTER_BOUND ( 'NONE', #2377, .T. ) ;
#7636 = CARTESIAN_POINT ( 'NONE',  ( -1.600000000000000300, 0.9500000000000000700, -1.600000000000000300 ) ) ;
#7637 = FACE_OUTER_BOUND ( 'NONE', #7967, .T. ) ;
#7638 = CARTESIAN_POINT ( 'NONE',  ( 0.0000000000000000000, 0.0000000000000000000, 0.0000000000000000000 ) ) ;
#7639 = LINE ( 'NONE', #1612, #7934 ) ;
#7640 = FACE_BOUND ( 'NONE', #236, .T. ) ;
#7641 = CARTESIAN_POINT ( 'NONE',  ( 1.374999999999999100, 0.0000000000000000000, -1.999999999999996200 ) ) ;
#7642 = PLANE ( 'NONE',  #1111 ) ;
#7643 = EDGE_CURVE ( 'NONE', #2069, #5847, #899, .T. ) ;
#7644 = PLANE ( 'NONE',  #4957 ) ;
#7645 = VECTOR ( 'NONE', #2055, 1000.000000000000000 ) ;
#7646 = ORIENTED_EDGE ( 'NONE', *, *, #7655, .F. ) ;
#7647 = AXIS2_PLACEMENT_3D ( 'NONE', #3107, #5045, #8165 ) ;
#7648 = CARTESIAN_POINT ( 'NONE',  ( -0.8749999999999946700, 0.1000000000000000100, -1.599999999999996300 ) ) ;
#7649 = LINE ( 'NONE', #6158, #6950 ) ;
#7650 = ADVANCED_FACE ( 'NONE', ( #7041 ), #1343, .T. ) ;
#7651 = CARTESIAN_POINT ( 'NONE',  ( 1.124999999999998400, 4.059797974644667700, 1.999999999999997800 ) ) ;
#7652 = PLANE ( 'NONE',  #1665 ) ;
#7653 = ORIENTED_EDGE ( 'NONE', *, *, #1291, .T. ) ;
#7654 = CARTESIAN_POINT ( 'NONE',  ( 1.600000000000010500, 0.0000000000000000000, 1.375000000000000200 ) ) ;
#7655 = EDGE_CURVE ( 'NONE', #1077, #7514, #1099, .T. ) ;
#7656 = LINE ( 'NONE', #6143, #7853 ) ;
#7657 = EDGE_CURVE ( 'NONE', #3882, #6627, #3606, .T. ) ;
#7658 = AXIS2_PLACEMENT_3D ( 'NONE', #4505, #1264, #636 ) ;
#7659 = LINE ( 'NONE', #1566, #7261 ) ;
#7660 = UNCERTAINTY_MEASURE_WITH_UNIT (LENGTH_MEASURE( 1.000000000000000100E-005 ), #362, 'distance_accuracy_value', 'NONE');
#7661 = ORIENTED_EDGE ( 'NONE', *, *, #5619, .T. ) ;
#7662 = ADVANCED_FACE ( 'NONE', ( #3314 ), #7116, .T. ) ;
#7663 = AXIS2_PLACEMENT_3D ( 'NONE', #779, #4681, #2779 ) ;
#7664 =( LENGTH_UNIT ( ) NAMED_UNIT ( * ) SI_UNIT ( .MILLI., .METRE. ) );
#7665 = DIRECTION ( 'NONE',  ( 1.000000000000000000, 0.0000000000000000000, -6.938893903907228400E-015 ) ) ;
#7666 = LINE ( 'NONE', #1125, #3032 ) ;
#7667 = PLANE ( 'NONE',  #8116 ) ;
#7668 = CARTESIAN_POINT ( 'NONE',  ( -1.999999999999994900, 0.1000000000000002600, -0.6250000000000000000 ) ) ;
#7669 = CARTESIAN_POINT ( 'NONE',  ( -1.599999999999995000, -0.0000000000000000000, -0.8750000000000001100 ) ) ;
#7670 = FACE_OUTER_BOUND ( 'NONE', #5401, .T. ) ;
#7671 = EDGE_LOOP ( 'NONE', ( #4307, #3179, #2535, #4597 ) ) ;
#7672 = EDGE_CURVE ( 'NONE', #5585, #3596, #1895, .T. ) ;
#7673 = CARTESIAN_POINT ( 'NONE',  ( -1.124999999999994700, 0.1000000000000002600, -1.599999999999999000 ) ) ;
#7674 = CARTESIAN_POINT ( 'NONE',  ( -2.000000000000000000, 0.1000000000000002600, -0.3750000000000000600 ) ) ;
#7675 = ORIENTED_EDGE ( 'NONE', *, *, #6735, .T. ) ;
#7676 = DIRECTION ( 'NONE',  ( -1.000000000000000000, 0.0000000000000000000, -8.673617379884035500E-016 ) ) ;
#7677 = EDGE_LOOP ( 'NONE', ( #6246, #5866, #2753, #2174 ) ) ;
#7678 = ORIENTED_EDGE ( 'NONE', *, *, #151, .F. ) ;
#7679 = LINE ( 'NONE', #1391, #6679 ) ;
#7680 = DIRECTION ( 'NONE',  ( 3.089976191583642800E-014, -0.0000000000000000000, 1.000000000000000000 ) ) ;
#7681 = VECTOR ( 'NONE', #1214, 1000.000000000000000 ) ;
#7682 = DIRECTION ( 'NONE',  ( -1.000000000000000000, 0.0000000000000000000, -1.040834085586083300E-014 ) ) ;
#7683 = CARTESIAN_POINT ( 'NONE',  ( 2.000000000000005300, 0.1000000000000000100, 0.8750000000000001100 ) ) ;
#7684 = DIRECTION ( 'NONE',  ( -0.0000000000000000000, 1.000000000000000000, 0.0000000000000000000 ) ) ;
#7685 = DIRECTION ( 'NONE',  ( 6.071532165919177500E-015, -0.0000000000000000000, 1.000000000000000000 ) ) ;
#7686 = DIRECTION ( 'NONE',  ( 0.0000000000000000000, -1.000000000000000000, 0.0000000000000000000 ) ) ;
#7687 = ORIENTED_EDGE ( 'NONE', *, *, #3062, .F. ) ;
#7688 = FACE_BOUND ( 'NONE', #932, .T. ) ;
#7689 = ORIENTED_EDGE ( 'NONE', *, *, #7996, .T. ) ;
#7690 = ORIENTED_EDGE ( 'NONE', *, *, #1460, .F. ) ;
#7691 = PRESENTATION_STYLE_ASSIGNMENT (( #1002 ) ) ;
#7692 = FACE_OUTER_BOUND ( 'NONE', #6807, .T. ) ;
#7693 = CARTESIAN_POINT ( 'NONE',  ( -1.199999999999999500, -0.0000000000000000000, -1.400000000000000100 ) ) ;
#7694 = DIRECTION ( 'NONE',  ( 1.000000000000000000, 0.0000000000000000000, 2.710505431213760100E-016 ) ) ;
#7695 = DIRECTION ( 'NONE',  ( 7.589415207398658800E-015, 0.0000000000000000000, -1.000000000000000000 ) ) ;
#7696 = ORIENTED_EDGE ( 'NONE', *, *, #1236, .F. ) ;
#7697 = VECTOR ( 'NONE', #111, 1000.000000000000000 ) ;
#7698 = CARTESIAN_POINT ( 'NONE',  ( 2.000000000000000000, 4.059797974644667700, -0.3750000000000000600 ) ) ;
#7699 = ADVANCED_FACE ( 'NONE', ( #2190 ), #2717, .T. ) ;
#7700 = ORIENTED_EDGE ( 'NONE', *, *, #3935, .T. ) ;
#7701 = ORIENTED_EDGE ( 'NONE', *, *, #739, .F. ) ;
#7702 = VECTOR ( 'NONE', #1423, 1000.000000000000000 ) ;
#7703 = ORIENTED_EDGE ( 'NONE', *, *, #2676, .F. ) ;
#7704 = DIRECTION ( 'NONE',  ( 0.0000000000000000000, -1.000000000000000000, 0.0000000000000000000 ) ) ;
#7705 = ORIENTED_EDGE ( 'NONE', *, *, #6482, .F. ) ;
#7706 = VERTEX_POINT ( 'NONE', #7230 ) ;
#7707 = EDGE_LOOP ( 'NONE', ( #2373, #1929, #758, #3163 ) ) ;
#7708 = CARTESIAN_POINT ( 'NONE',  ( -0.8749999999999946700, 4.059797974644667700, -1.599999999999996300 ) ) ;
#7709 = ORIENTED_EDGE ( 'NONE', *, *, #5349, .T. ) ;
#7710 = ADVANCED_FACE ( 'NONE', ( #1690 ), #4073, .F. ) ;
#7711 = SURFACE_STYLE_FILL_AREA ( #4554 ) ;
#7712 = EDGE_CURVE ( 'NONE', #7868, #7324, #4112, .T. ) ;
#7713 = DIRECTION ( 'NONE',  ( -0.0000000000000000000, -1.000000000000000000, -0.0000000000000000000 ) ) ;
#7714 = DIRECTION ( 'NONE',  ( -8.673617379884036500E-016, 0.0000000000000000000, 1.000000000000000000 ) ) ;
#7715 = EDGE_CURVE ( 'NONE', #1856, #5891, #2606, .T. ) ;
#7716 = CARTESIAN_POINT ( 'NONE',  ( -1.599999999999991200, 0.1000000000000002600, 1.125000000000014700 ) ) ;
#7717 = EDGE_LOOP ( 'NONE', ( #4036, #2965, #3390, #1477, #5701 ) ) ;
#7718 = ORIENTED_EDGE ( 'NONE', *, *, #5247, .T. ) ;
#7719 = ORIENTED_EDGE ( 'NONE', *, *, #6642, .F. ) ;
#7720 = VECTOR ( 'NONE', #4811, 1000.000000000000000 ) ;
#7721 = SURFACE_STYLE_USAGE ( .BOTH. , #8 ) ;
#7722 = DIRECTION ( 'NONE',  ( -6.071532165919177500E-015, 0.0000000000000000000, 1.000000000000000000 ) ) ;
#7723 = VECTOR ( 'NONE', #7027, 1000.000000000000000 ) ;
#7724 = STYLED_ITEM ( 'NONE', ( #8234 ), #6444 ) ;
#7725 = PLANE ( 'NONE',  #1984 ) ;
#7726 = AXIS2_PLACEMENT_3D ( 'NONE', #5533, #5508, #2254 ) ;
#7727 = VERTEX_POINT ( 'NONE', #2146 ) ;
#7728 = PRESENTATION_LAYER_ASSIGNMENT (  '', '', ( #2967 ) ) ;
#7729 = DIRECTION ( 'NONE',  ( 0.0000000000000000000, 0.0000000000000000000, 1.000000000000000000 ) ) ;
#7730 = DIRECTION ( 'NONE',  ( 1.000000000000000000, 0.0000000000000000000, 1.040834085586084700E-014 ) ) ;
#7731 = VECTOR ( 'NONE', #5563, 1000.000000000000000 ) ;
#7732 = CARTESIAN_POINT ( 'NONE',  ( -0.3749999999999946700, 0.1000000000000002600, -1.599999999999996300 ) ) ;
#7733 = EDGE_CURVE ( 'NONE', #3000, #865, #8211, .T. ) ;
#7734 = CARTESIAN_POINT ( 'NONE',  ( 2.000000000000016000, 0.1000000000000002600, -1.375000000000012400 ) ) ;
#7735 = LINE ( 'NONE', #1364, #3903 ) ;
#7736 = CLOSED_SHELL ( 'NONE', ( #3010, #4947, #1196, #8179, #832, #7621 ) ) ;
#7737 = ORIENTED_EDGE ( 'NONE', *, *, #6652, .F. ) ;
#7738 = ORIENTED_EDGE ( 'NONE', *, *, #8268, .T. ) ;
#7739 = CARTESIAN_POINT ( 'NONE',  ( -1.374999999999950900, 0.1000000000000000100, -1.999999999999999100 ) ) ;
#7740 = LINE ( 'NONE', #3497, #5827 ) ;
#7741 = LINE ( 'NONE', #4534, #2602 ) ;
#7742 = EDGE_LOOP ( 'NONE', ( #4542, #2272, #7808, #7859 ) ) ;
#7743 = PLANE ( 'NONE',  #8236 ) ;
#7744 = PLANE ( 'NONE',  #1209 ) ;
#7745 = CARTESIAN_POINT ( 'NONE',  ( 1.600000000000001600, 0.1000000000000002600, 0.1250000000000245600 ) ) ;
#7746 = CARTESIAN_POINT ( 'NONE',  ( -1.599999999999994800, 0.1000000000000000100, 0.6250000000000001100 ) ) ;
#7747 = FACE_BOUND ( 'NONE', #1952, .T. ) ;
#7748 = EDGE_CURVE ( 'NONE', #1970, #8069, #3911, .T. ) ;
#7749 = EDGE_CURVE ( 'NONE', #7852, #565, #894, .T. ) ;
#7750 = ADVANCED_FACE ( 'NONE', ( #3600 ), #6622, .F. ) ;
#7751 = FACE_OUTER_BOUND ( 'NONE', #6819, .T. ) ;
#7752 = CARTESIAN_POINT ( 'NONE',  ( -0.8749999999999946700, 0.1000000000000000100, -1.599999999999996300 ) ) ;
#7753 = AXIS2_PLACEMENT_3D ( 'NONE', #2625, #3932, #65 ) ;
#7754 = DIRECTION ( 'NONE',  ( 1.000000000000000000, -0.0000000000000000000, 2.710505431213760100E-016 ) ) ;
#7755 = VECTOR ( 'NONE', #1338, 1000.000000000000000 ) ;
#7756 =( NAMED_UNIT ( * ) SI_UNIT ( $, .STERADIAN. ) SOLID_ANGLE_UNIT ( ) );
#7757 = LINE ( 'NONE', #7601, #6044 ) ;
#7758 = ORIENTED_EDGE ( 'NONE', *, *, #1079, .F. ) ;
#7759 = CARTESIAN_POINT ( 'NONE',  ( -0.8749999999999942300, 0.0000000000000000000, 1.599999999999995900 ) ) ;
#7760 = CARTESIAN_POINT ( 'NONE',  ( -1.600000000000000300, 0.9500000000000000700, -1.600000000000000300 ) ) ;
#7761 = FACE_OUTER_BOUND ( 'NONE', #6805, .T. ) ;
#7762 = EDGE_CURVE ( 'NONE', #4083, #3548, #3802, .T. ) ;
#7763 = CARTESIAN_POINT ( 'NONE',  ( 1.600000000000005200, 0.1000000000000000100, -0.8750000000000001100 ) ) ;
#7764 = CARTESIAN_POINT ( 'NONE',  ( 0.3749999999999943400, 0.1000000000000000100, 1.599999999999995900 ) ) ;
#7765 = DIRECTION ( 'NONE',  ( 0.0000000000000000000, -1.000000000000000000, 0.0000000000000000000 ) ) ;
#7766 = CARTESIAN_POINT ( 'NONE',  ( 0.0000000000000000000, 0.1000000000000000100, 0.0000000000000000000 ) ) ;
#7767 =( NAMED_UNIT ( * ) PLANE_ANGLE_UNIT ( ) SI_UNIT ( $, .RADIAN. ) );
#7768 = SURFACE_SIDE_STYLE ('',( #8153 ) ) ;
#7769 = EDGE_CURVE ( 'NONE', #4340, #2788, #2599, .T. ) ;
#7770 = CARTESIAN_POINT ( 'NONE',  ( 0.8749999999999984500, 0.0000000000000000000, 1.999999999999996200 ) ) ;
#7771 = AXIS2_PLACEMENT_3D ( 'NONE', #1052, #4220, #1622 ) ;
#7772 = VERTEX_POINT ( 'NONE', #263 ) ;
#7773 = ORIENTED_EDGE ( 'NONE', *, *, #6652, .T. ) ;
#7774 = VECTOR ( 'NONE', #7902, 1000.000000000000000 ) ;
#7775 = DIRECTION ( 'NONE',  ( -0.0000000000000000000, 1.000000000000000000, 0.0000000000000000000 ) ) ;
#7776 = VECTOR ( 'NONE', #5230, 1000.000000000000000 ) ;
#7777 = AXIS2_PLACEMENT_3D ( 'NONE', #2896, #958, #8002 ) ;
#7778 = EDGE_CURVE ( 'NONE', #3273, #964, #4206, .T. ) ;
#7779 = CARTESIAN_POINT ( 'NONE',  ( -1.599999999999995000, 4.059797974644667700, 0.8750000000000001100 ) ) ;
#7780 = EDGE_LOOP ( 'NONE', ( #287, #6223, #1987, #4778 ) ) ;
#7781 = VERTEX_POINT ( 'NONE', #7838 ) ;
#7782 = VECTOR ( 'NONE', #3868, 1000.000000000000000 ) ;
#7783 = CARTESIAN_POINT ( 'NONE',  ( -0.3749999999999943400, 0.0000000000000000000, 1.599999999999995900 ) ) ;
#7784 = VERTEX_POINT ( 'NONE', #5937 ) ;
#7785 = LINE ( 'NONE', #5642, #4156 ) ;
#7786 = DIRECTION ( 'NONE',  ( -8.673617379884036500E-016, 0.0000000000000000000, -1.000000000000000000 ) ) ;
#7787 = ADVANCED_FACE ( 'NONE', ( #1292 ), #5352, .F. ) ;
#7788 = CARTESIAN_POINT ( 'NONE',  ( 2.000000000000000000, 0.1000000000000002600, -0.3750000000000000600 ) ) ;
#7789 = EDGE_LOOP ( 'NONE', ( #2156, #4461, #621, #8065 ) ) ;
#7790 = ORIENTED_EDGE ( 'NONE', *, *, #3486, .T. ) ;
#7791 = EDGE_CURVE ( 'NONE', #3088, #3370, #3217, .T. ) ;
#7792 = DIRECTION ( 'NONE',  ( 5.421010862427620800E-015, -0.0000000000000000000, 1.000000000000000000 ) ) ;
#7793 = ORIENTED_EDGE ( 'NONE', *, *, #7009, .T. ) ;
#7794 = CARTESIAN_POINT ( 'NONE',  ( -0.8749999999999942300, 0.0000000000000000000, 1.599999999999995900 ) ) ;
#7795 = CARTESIAN_POINT ( 'NONE',  ( 2.100000000000000100, 1.050000000000000000, -2.100000000000000100 ) ) ;
#7796 = ORIENTED_EDGE ( 'NONE', *, *, #6662, .F. ) ;
#7797 = CLOSED_SHELL ( 'NONE', ( #5852, #1967, #3478, #6500, #7154, #5192 ) ) ;
#7798 = EDGE_LOOP ( 'NONE', ( #2455, #4539, #7213, #1632 ) ) ;
#7799 = VERTEX_POINT ( 'NONE', #796 ) ;
#7800 = VECTOR ( 'NONE', #5812, 1000.000000000000000 ) ;
#7801 = CARTESIAN_POINT ( 'NONE',  ( -1.374999999999950500, 0.1000000000000000100, 1.999999999999999100 ) ) ;
#7802 = CARTESIAN_POINT ( 'NONE',  ( -0.3749999999999943400, 0.0000000000000000000, 1.599999999999995900 ) ) ;
#7803 = EDGE_LOOP ( 'NONE', ( #7077, #8080, #5801, #7595 ) ) ;
#7804 = ORIENTED_EDGE ( 'NONE', *, *, #4341, .T. ) ;
#7805 = ORIENTED_EDGE ( 'NONE', *, *, #1016, .F. ) ;
#7806 = EDGE_CURVE ( 'NONE', #8029, #6503, #803, .T. ) ;
#7807 = VERTEX_POINT ( 'NONE', #4642 ) ;
#7808 = ORIENTED_EDGE ( 'NONE', *, *, #3730, .T. ) ;
#7809 = FACE_OUTER_BOUND ( 'NONE', #3377, .T. ) ;
#7810 = CARTESIAN_POINT ( 'NONE',  ( -1.124999999999994700, 0.1000000000000000100, -1.599999999999999000 ) ) ;
#7811 = DIRECTION ( 'NONE',  ( 1.000000000000000000, 0.0000000000000000000, -1.029992063861229100E-014 ) ) ;
#7812 = UNCERTAINTY_MEASURE_WITH_UNIT (LENGTH_MEASURE( 1.000000000000000100E-005 ), #6478, 'distance_accuracy_value', 'NONE');
#7813 = VERTEX_POINT ( 'NONE', #6041 ) ;
#7814 = ORIENTED_EDGE ( 'NONE', *, *, #6764, .T. ) ;
#7815 = EDGE_CURVE ( 'NONE', #3281, #81, #7036, .T. ) ;
#7816 = ORIENTED_EDGE ( 'NONE', *, *, #4266, .T. ) ;
#7817 = FACE_OUTER_BOUND ( 'NONE', #364, .T. ) ;
#7818 = PLANE ( 'NONE',  #797 ) ;
#7819 = EDGE_CURVE ( 'NONE', #6768, #856, #7333, .T. ) ;
#7820 = AXIS2_PLACEMENT_3D ( 'NONE', #7232, #4701, #1507 ) ;
#7821 = DIRECTION ( 'NONE',  ( 6.938893903906731400E-015, 0.0000000000000000000, 1.000000000000000000 ) ) ;
#7822 = DIRECTION ( 'NONE',  ( 0.0000000000000000000, 0.0000000000000000000, -1.000000000000000000 ) ) ;
#7823 = SURFACE_SIDE_STYLE ('',( #2025 ) ) ;
#7824 = ORIENTED_EDGE ( 'NONE', *, *, #4658, .T. ) ;
#7825 = VERTEX_POINT ( 'NONE', #4119 ) ;
#7826 = DIRECTION ( 'NONE',  ( 1.000000000000000000, -0.0000000000000000000, 1.548860246407863600E-016 ) ) ;
#7827 = VECTOR ( 'NONE', #1888, 1000.000000000000000 ) ;
#7828 = ADVANCED_FACE ( 'NONE', ( #2096 ), #6065, .T. ) ;
#7829 = ORIENTED_EDGE ( 'NONE', *, *, #3981, .T. ) ;
#7830 = EDGE_CURVE ( 'NONE', #2692, #7399, #2379, .T. ) ;
#7831 = DIRECTION ( 'NONE',  ( 1.000000000000000000, 0.0000000000000000000, 0.0000000000000000000 ) ) ;
#7832 = CARTESIAN_POINT ( 'NONE',  ( -1.599999999999995000, 0.1000000000000002600, 0.8750000000000001100 ) ) ;
#7833 = ORIENTED_EDGE ( 'NONE', *, *, #3766, .T. ) ;
#7834 = LINE ( 'NONE', #7444, #6126 ) ;
#7835 = LINE ( 'NONE', #608, #4207 ) ;
#7836 = CARTESIAN_POINT ( 'NONE',  ( 1.124999999999998400, 0.0000000000000000000, 1.999999999999997800 ) ) ;
#7837 = LINE ( 'NONE', #386, #5519 ) ;
#7838 = CARTESIAN_POINT ( 'NONE',  ( 2.000000000000015500, 0.0000000000000000000, 1.125000000000012400 ) ) ;
#7839 = DIRECTION ( 'NONE',  ( -1.000000000000000000, 0.0000000000000000000, -1.029992063861230200E-014 ) ) ;
#7840 = VECTOR ( 'NONE', #5455, 1000.000000000000000 ) ;
#7841 = PLANE ( 'NONE',  #6824 ) ;
#7842 = FACE_BOUND ( 'NONE', #350, .T. ) ;
#7843 = DIRECTION ( 'NONE',  ( -0.0000000000000000000, -1.000000000000000000, -0.0000000000000000000 ) ) ;
#7844 = DIRECTION ( 'NONE',  ( 0.0000000000000000000, 1.000000000000000000, 0.0000000000000000000 ) ) ;
#7845 = DIRECTION ( 'NONE',  ( -0.0000000000000000000, -1.000000000000000000, -0.0000000000000000000 ) ) ;
#7846 = EDGE_LOOP ( 'NONE', ( #6390, #8059, #5824, #1160 ) ) ;
#7847 = EDGE_CURVE ( 'NONE', #8228, #6224, #7740, .T. ) ;
#7848 = VECTOR ( 'NONE', #5032, 1000.000000000000000 ) ;
#7849 = SURFACE_SIDE_STYLE ('',( #104 ) ) ;
#7850 = DIRECTION ( 'NONE',  ( -1.000000000000000000, -0.0000000000000000000, 6.098637220231029300E-014 ) ) ;
#7851 =( GEOMETRIC_REPRESENTATION_CONTEXT ( 3 ) GLOBAL_UNCERTAINTY_ASSIGNED_CONTEXT ( ( #4311 ) ) GLOBAL_UNIT_ASSIGNED_CONTEXT ( ( #6558, #7904, #935 ) ) REPRESENTATION_CONTEXT ( 'NONE', 'WORKASPACE' ) );
#7852 = VERTEX_POINT ( 'NONE', #6744 ) ;
#7853 = VECTOR ( 'NONE', #2245, 1000.000000000000000 ) ;
#7854 = CARTESIAN_POINT ( 'NONE',  ( 0.3749999999999984500, 4.059797974644667700, 1.999999999999996200 ) ) ;
#7855 = EDGE_LOOP ( 'NONE', ( #524, #2047, #2875, #5972 ) ) ;
#7856 = CARTESIAN_POINT ( 'NONE',  ( 1.600000000000004300, 0.1000000000000002600, -0.3750000000000244800 ) ) ;
#7857 = VECTOR ( 'NONE', #4537, 1000.000000000000000 ) ;
#7858 = DIRECTION ( 'NONE',  ( -2.710505431213760100E-016, 0.0000000000000000000, 1.000000000000000000 ) ) ;
#7859 = ORIENTED_EDGE ( 'NONE', *, *, #4900, .T. ) ;
#7860 = CARTESIAN_POINT ( 'NONE',  ( -1.374999999999994200, 0.1000000000000002600, 1.599999999999995900 ) ) ;
#7861 = EDGE_CURVE ( 'NONE', #1532, #4798, #4518, .T. ) ;
#7862 = VECTOR ( 'NONE', #7064, 1000.000000000000000 ) ;
#7863 = ADVANCED_FACE ( 'NONE', ( #704 ), #2933, .T. ) ;
#7864 = EDGE_LOOP ( 'NONE', ( #4110, #747, #6023, #2181 ) ) ;
#7865 = AXIS2_PLACEMENT_3D ( 'NONE', #390, #2987, #6763 ) ;
#7866 = CARTESIAN_POINT ( 'NONE',  ( 0.3749999999999989500, 0.0000000000000000000, -1.999999999999996200 ) ) ;
#7867 = FACE_OUTER_BOUND ( 'NONE', #962, .T. ) ;
#7868 = VERTEX_POINT ( 'NONE', #2885 ) ;
#7869 =( LENGTH_UNIT ( ) NAMED_UNIT ( * ) SI_UNIT ( .MILLI., .METRE. ) );
#7870 = DIRECTION ( 'NONE',  ( 1.122149248522486900E-013, 0.0000000000000000000, -1.000000000000000000 ) ) ;
#7871 = CARTESIAN_POINT ( 'NONE',  ( 0.0000000000000000000, 0.1000000000000000100, 0.0000000000000000000 ) ) ;
#7872 = ORIENTED_EDGE ( 'NONE', *, *, #5439, .F. ) ;
#7873 = ORIENTED_EDGE ( 'NONE', *, *, #2633, .F. ) ;
#7874 = EDGE_CURVE ( 'NONE', #6008, #5111, #5729, .T. ) ;
#7875 =( LENGTH_UNIT ( ) NAMED_UNIT ( * ) SI_UNIT ( .MILLI., .METRE. ) );
#7876 = ORIENTED_EDGE ( 'NONE', *, *, #3881, .F. ) ;
#7877 = PRESENTATION_STYLE_ASSIGNMENT (( #6050 ) ) ;
#7878 = ORIENTED_EDGE ( 'NONE', *, *, #5097, .F. ) ;
#7879 = ORIENTED_EDGE ( 'NONE', *, *, #8210, .T. ) ;
#7880 = VECTOR ( 'NONE', #913, 1000.000000000000000 ) ;
#7881 = DIRECTION ( 'NONE',  ( -0.0000000000000000000, -1.000000000000000000, -0.0000000000000000000 ) ) ;
#7882 = CARTESIAN_POINT ( 'NONE',  ( 0.8749999999999946700, 0.0000000000000000000, -1.599999999999996300 ) ) ;
#7883 = ORIENTED_EDGE ( 'NONE', *, *, #4533, .T. ) ;
#7884 = ORIENTED_EDGE ( 'NONE', *, *, #5224, .T. ) ;
#7885 = PLANE ( 'NONE',  #772 ) ;
#7886 = VERTEX_POINT ( 'NONE', #4203 ) ;
#7887 = LINE ( 'NONE', #6581, #6300 ) ;
#7888 = EDGE_CURVE ( 'NONE', #6269, #938, #4625, .T. ) ;
#7889 = ORIENTED_EDGE ( 'NONE', *, *, #4484, .T. ) ;
#7890 = EDGE_LOOP ( 'NONE', ( #1741, #1723, #6624, #2447 ) ) ;
#7891 = ORIENTED_EDGE ( 'NONE', *, *, #829, .T. ) ;
#7892 = ORIENTED_EDGE ( 'NONE', *, *, #2066, .F. ) ;
#7893 = CARTESIAN_POINT ( 'NONE',  ( 0.0000000000000000000, 0.1000000000000000100, 0.0000000000000000000 ) ) ;
#7894 = LINE ( 'NONE', #1227, #681 ) ;
#7895 = CARTESIAN_POINT ( 'NONE',  ( -0.8749999999999946700, 0.1000000000000002600, -1.599999999999996300 ) ) ;
#7896 = EDGE_LOOP ( 'NONE', ( #2341, #3906, #2587, #692 ) ) ;
#7897 = VERTEX_POINT ( 'NONE', #1556 ) ;
#7898 = EDGE_LOOP ( 'NONE', ( #2832, #736, #5415, #2641 ) ) ;
#7899 = ADVANCED_FACE ( 'NONE', ( #2185 ), #5477, .T. ) ;
#7900 = ORIENTED_EDGE ( 'NONE', *, *, #11, .F. ) ;
#7901 = VECTOR ( 'NONE', #4049, 1000.000000000000000 ) ;
#7902 = DIRECTION ( 'NONE',  ( -1.548860246407863800E-016, -0.0000000000000000000, 1.000000000000000000 ) ) ;
#7903 = DIRECTION ( 'NONE',  ( -2.255140518769960600E-014, -0.0000000000000000000, -1.000000000000000000 ) ) ;
#7904 =( NAMED_UNIT ( * ) PLANE_ANGLE_UNIT ( ) SI_UNIT ( $, .RADIAN. ) );
#7905 = EDGE_CURVE ( 'NONE', #2851, #6017, #5421, .T. ) ;
#7906 = UNCERTAINTY_MEASURE_WITH_UNIT (LENGTH_MEASURE( 1.000000000000000100E-005 ), #7925, 'distance_accuracy_value', 'NONE');
#7907 = ORIENTED_EDGE ( 'NONE', *, *, #6792, .T. ) ;
#7908 = ORIENTED_EDGE ( 'NONE', *, *, #2596, .T. ) ;
#7909 = DIRECTION ( 'NONE',  ( 0.0000000000000000000, 1.000000000000000000, 0.0000000000000000000 ) ) ;
#7910 = PLANE ( 'NONE',  #4545 ) ;
#7911 = VECTOR ( 'NONE', #1318, 1000.000000000000000 ) ;
#7912 = AXIS2_PLACEMENT_3D ( 'NONE', #1590, #1512, #6107 ) ;
#7913 = DIRECTION ( 'NONE',  ( -0.0000000000000000000, -1.000000000000000000, -0.0000000000000000000 ) ) ;
#7914 = PRESENTATION_STYLE_ASSIGNMENT (( #6990 ) ) ;
#7915 = CARTESIAN_POINT ( 'NONE',  ( -2.100000000000000100, 0.0000000000000000000, -2.100000000000000100 ) ) ;
#7916 = ORIENTED_EDGE ( 'NONE', *, *, #1346, .F. ) ;
#7917 = VERTEX_POINT ( 'NONE', #999 ) ;
#7918 = ORIENTED_EDGE ( 'NONE', *, *, #602, .F. ) ;
#7919 = CARTESIAN_POINT ( 'NONE',  ( 0.3749999999999946700, 0.0000000000000000000, -1.599999999999996300 ) ) ;
#7920 = EDGE_CURVE ( 'NONE', #6687, #431, #7237, .T. ) ;
#7921 = AXIS2_PLACEMENT_3D ( 'NONE', #7980, #5466, #5549 ) ;
#7922 = VECTOR ( 'NONE', #8119, 1000.000000000000000 ) ;
#7923 = CARTESIAN_POINT ( 'NONE',  ( -1.399999999999999500, 4.059797974644667700, -1.200000000000000200 ) ) ;
#7924 = CARTESIAN_POINT ( 'NONE',  ( -1.399999999999999500, -0.0000000000000000000, -1.200000000000000200 ) ) ;
#7925 =( LENGTH_UNIT ( ) NAMED_UNIT ( * ) SI_UNIT ( .MILLI., .METRE. ) );
#7926 = VECTOR ( 'NONE', #4430, 1000.000000000000000 ) ;
#7927 = EDGE_LOOP ( 'NONE', ( #4174, #6596, #3750, #2037 ) ) ;
#7928 = FACE_OUTER_BOUND ( 'NONE', #7269, .T. ) ;
#7929 = PLANE ( 'NONE',  #3372 ) ;
#7930 = VECTOR ( 'NONE', #3216, 1000.000000000000000 ) ;
#7931 = FACE_OUTER_BOUND ( 'NONE', #6525, .T. ) ;
#7932 = EDGE_CURVE ( 'NONE', #4799, #8285, #7834, .T. ) ;
#7933 = DIRECTION ( 'NONE',  ( -0.0000000000000000000, -1.000000000000000000, -0.0000000000000000000 ) ) ;
#7934 = VECTOR ( 'NONE', #6048, 1000.000000000000000 ) ;
#7935 = PLANE ( 'NONE',  #5680 ) ;
#7936 = DIRECTION ( 'NONE',  ( 1.000000000000000000, 0.0000000000000000000, 3.089976191583647900E-014 ) ) ;
#7937 = FACE_OUTER_BOUND ( 'NONE', #4370, .T. ) ;
#7938 = DIRECTION ( 'NONE',  ( 1.029992063861228900E-014, 0.0000000000000000000, 1.000000000000000000 ) ) ;
#7939 = ADVANCED_FACE ( 'NONE', ( #4417 ), #976, .F. ) ;
#7940 = ORIENTED_EDGE ( 'NONE', *, *, #1303, .T. ) ;
#7941 = LINE ( 'NONE', #5499, #3423 ) ;
#7942 = DIRECTION ( 'NONE',  ( 0.0000000000000000000, 0.0000000000000000000, -1.000000000000000000 ) ) ;
#7943 = LINE ( 'NONE', #5060, #7848 ) ;
#7944 = DIRECTION ( 'NONE',  ( 0.0000000000000000000, -1.000000000000000000, 0.0000000000000000000 ) ) ;
#7945 = DIRECTION ( 'NONE',  ( 1.040834085586084300E-014, -0.0000000000000000000, 1.000000000000000000 ) ) ;
#7946 = CARTESIAN_POINT ( 'NONE',  ( 1.374999999999994700, 4.059797974644667700, -1.599999999999996300 ) ) ;
#7947 = CARTESIAN_POINT ( 'NONE',  ( 0.0000000000000000000, 0.1000000000000000100, 0.0000000000000000000 ) ) ;
#7948 = FACE_OUTER_BOUND ( 'NONE', #5719, .T. ) ;
#7949 = ORIENTED_EDGE ( 'NONE', *, *, #6997, .T. ) ;
#7950 = LINE ( 'NONE', #1075, #6574 ) ;
#7951 = VERTEX_POINT ( 'NONE', #6801 ) ;
#7952 = CARTESIAN_POINT ( 'NONE',  ( -1.599999999999991200, 0.0000000000000000000, 1.125000000000014700 ) ) ;
#7953 = VECTOR ( 'NONE', #7171, 1000.000000000000000 ) ;
#7954 = DIRECTION ( 'NONE',  ( -6.938893903906731400E-015, -0.0000000000000000000, 1.000000000000000000 ) ) ;
#7955 = LINE ( 'NONE', #4950, #3845 ) ;
#7956 = ADVANCED_BREP_SHAPE_REPRESENTATION ( 'QPC6614TR13', ( #5917, #1670, #2913, #1317, #102, #6793, #6444, #7045, #2554, #6939, #4827, #4416, #8243, #8147, #6332, #2284, #6060, #3329, #5309, #1420, #3427, #714, #4574, #5445, #1063, #3788, #1565, #811, #7606 ), #5145 ) ;
#7957 = ORIENTED_EDGE ( 'NONE', *, *, #6361, .T. ) ;
#7958 = EDGE_CURVE ( 'NONE', #1172, #4395, #5340, .T. ) ;
#7959 = CARTESIAN_POINT ( 'NONE',  ( -0.3749999999999943400, 0.1000000000000000100, 1.599999999999995900 ) ) ;
#7960 = ORIENTED_EDGE ( 'NONE', *, *, #7160, .T. ) ;
#7961 = LINE ( 'NONE', #1519, #7170 ) ;
#7962 = EDGE_CURVE ( 'NONE', #6193, #5068, #211, .T. ) ;
#7963 = PRODUCT_DEFINITION_CONTEXT ( 'detailed design', #255, 'design' ) ;
#7964 = AXIS2_PLACEMENT_3D ( 'NONE', #3093, #1786, #5063 ) ;
#7965 = PLANE ( 'NONE',  #4855 ) ;
#7966 = VECTOR ( 'NONE', #6891, 1000.000000000000000 ) ;
#7967 = EDGE_LOOP ( 'NONE', ( #5905, #2474, #7426, #7884 ) ) ;
#7968 = EDGE_LOOP ( 'NONE', ( #3880, #1703, #4305, #5591 ) ) ;
#7969 = EDGE_LOOP ( 'NONE', ( #7483, #4868, #1671, #7907 ) ) ;
#7970 = AXIS2_PLACEMENT_3D ( 'NONE', #1755, #5033, #458 ) ;
#7971 = PLANE ( 'NONE',  #4591 ) ;
#7972 = EDGE_LOOP ( 'NONE', ( #5702, #3585, #7015, #8252 ) ) ;
#7973 = LINE ( 'NONE', #6030, #2446 ) ;
#7974 = EDGE_CURVE ( 'NONE', #1057, #4489, #1191, .T. ) ;
#7975 = ORIENTED_EDGE ( 'NONE', *, *, #5894, .F. ) ;
#7976 = ORIENTED_EDGE ( 'NONE', *, *, #945, .T. ) ;
#7977 = CARTESIAN_POINT ( 'NONE',  ( 0.1249999999999943900, 0.0000000000000000000, 1.599999999999998500 ) ) ;
#7978 = FACE_OUTER_BOUND ( 'NONE', #4797, .T. ) ;
#7979 = ADVANCED_FACE ( 'NONE', ( #990 ), #7423, .F. ) ;
#7980 = CARTESIAN_POINT ( 'NONE',  ( 1.600000000000010300, 4.059797974644667700, -1.125000000000000200 ) ) ;
#7981 = DIRECTION ( 'NONE',  ( 1.103175710504001600E-013, 0.0000000000000000000, 1.000000000000000000 ) ) ;
#7982 = ORIENTED_EDGE ( 'NONE', *, *, #5830, .F. ) ;
#7983 = CARTESIAN_POINT ( 'NONE',  ( 1.600000000000010300, 0.0000000000000000000, -1.125000000000000200 ) ) ;
#7984 = ORIENTED_EDGE ( 'NONE', *, *, #7429, .F. ) ;
#7985 = EDGE_LOOP ( 'NONE', ( #8177, #7420, #6291, #8242 ) ) ;
#7986 = VERTEX_POINT ( 'NONE', #1714 ) ;
#7987 = ADVANCED_FACE ( 'NONE', ( #8106 ), #3661, .F. ) ;
#7988 = CARTESIAN_POINT ( 'NONE',  ( 0.1249999999999943900, 0.1000000000000000100, 1.599999999999998500 ) ) ;
#7989 = CARTESIAN_POINT ( 'NONE',  ( 0.0000000000000000000, 0.0000000000000000000, 0.0000000000000000000 ) ) ;
#7990 = ORIENTED_EDGE ( 'NONE', *, *, #3464, .T. ) ;
#7991 = ORIENTED_EDGE ( 'NONE', *, *, #4136, .T. ) ;
#7992 = ORIENTED_EDGE ( 'NONE', *, *, #6544, .F. ) ;
#7993 = VERTEX_POINT ( 'NONE', #2451 ) ;
#7994 = LINE ( 'NONE', #611, #6523 ) ;
#7995 = CARTESIAN_POINT ( 'NONE',  ( 1.600000000000004300, 0.1000000000000000100, -0.3750000000000244800 ) ) ;
#7996 = EDGE_CURVE ( 'NONE', #7727, #5585, #401, .T. ) ;
#7997 = DIRECTION ( 'NONE',  ( -1.000000000000000000, 0.0000000000000000000, -3.089976191583647900E-014 ) ) ;
#7998 = EDGE_LOOP ( 'NONE', ( #4103, #5711, #4781, #3477 ) ) ;
#7999 = ORIENTED_EDGE ( 'NONE', *, *, #315, .T. ) ;
#8000 = ORIENTED_EDGE ( 'NONE', *, *, #3164, .T. ) ;
#8001 = DIRECTION ( 'NONE',  ( 1.000000000000000000, 0.0000000000000000000, 1.040834085586084300E-014 ) ) ;
#8002 = DIRECTION ( 'NONE',  ( -1.000000000000000000, 0.0000000000000000000, 1.040834085586084700E-014 ) ) ;
#8003 = LINE ( 'NONE', #7358, #8286 ) ;
#8004 = CARTESIAN_POINT ( 'NONE',  ( -0.8749999999999946700, -0.0000000000000000000, -1.599999999999996300 ) ) ;
#8005 = CLOSED_SHELL ( 'NONE', ( #5816, #7750, #1905, #6976, #3950, #336 ) ) ;
#8006 = EDGE_CURVE ( 'NONE', #7326, #6484, #4016, .T. ) ;
#8007 = ORIENTED_EDGE ( 'NONE', *, *, #8220, .F. ) ;
#8008 = CARTESIAN_POINT ( 'NONE',  ( -1.599999999999991200, 0.1000000000000000100, -1.125000000000014700 ) ) ;
#8009 = EDGE_CURVE ( 'NONE', #2353, #5072, #1489, .T. ) ;
#8010 = FACE_OUTER_BOUND ( 'NONE', #7890, .T. ) ;
#8011 = ORIENTED_EDGE ( 'NONE', *, *, #1830, .T. ) ;
#8012 = AXIS2_PLACEMENT_3D ( 'NONE', #2330, #5550, #4315 ) ;
#8013 = AXIS2_PLACEMENT_3D ( 'NONE', #650, #5150, #682 ) ;
#8014 = ADVANCED_FACE ( 'NONE', ( #5931 ), #3021, .F. ) ;
#8015 = VECTOR ( 'NONE', #7142, 1000.000000000000000 ) ;
#8016 = EDGE_CURVE ( 'NONE', #2433, #4075, #6643, .T. ) ;
#8017 = FACE_OUTER_BOUND ( 'NONE', #5177, .T. ) ;
#8018 = VECTOR ( 'NONE', #2923, 1000.000000000000000 ) ;
#8019 = EDGE_CURVE ( 'NONE', #490, #1061, #6027, .T. ) ;
#8020 = CARTESIAN_POINT ( 'NONE',  ( 1.600000000000005200, 4.059797974644667700, -0.8750000000000001100 ) ) ;
#8021 = DIRECTION ( 'NONE',  ( -1.057097118173367600E-014, -0.0000000000000000000, 1.000000000000000000 ) ) ;
#8022 = FACE_OUTER_BOUND ( 'NONE', #4772, .T. ) ;
#8023 = FILL_AREA_STYLE ('',( #3482 ) ) ;
#8024 = ADVANCED_FACE ( 'NONE', ( #6226 ), #1091, .T. ) ;
#8025 = LINE ( 'NONE', #2456, #2505 ) ;
#8026 = AXIS2_PLACEMENT_3D ( 'NONE', #4440, #3786, #8287 ) ;
#8027 = FACE_OUTER_BOUND ( 'NONE', #99, .T. ) ;
#8028 = PLANE ( 'NONE',  #7865 ) ;
#8029 = VERTEX_POINT ( 'NONE', #6934 ) ;
#8030 = EDGE_CURVE ( 'NONE', #5717, #3243, #2793, .T. ) ;
#8031 = FACE_OUTER_BOUND ( 'NONE', #2347, .T. ) ;
#8032 = CARTESIAN_POINT ( 'NONE',  ( -1.124999999999994700, -0.0000000000000000000, -1.599999999999999000 ) ) ;
#8033 = VERTEX_POINT ( 'NONE', #4933 ) ;
#8034 = LINE ( 'NONE', #4905, #30 ) ;
#8035 = EDGE_CURVE ( 'NONE', #4395, #4069, #984, .T. ) ;
#8036 = FACE_OUTER_BOUND ( 'NONE', #4875, .T. ) ;
#8037 = PLANE ( 'NONE',  #2008 ) ;
#8038 = DIRECTION ( 'NONE',  ( 0.0000000000000000000, -1.000000000000000000, 0.0000000000000000000 ) ) ;
#8039 = VECTOR ( 'NONE', #4836, 1000.000000000000000 ) ;
#8040 = DIRECTION ( 'NONE',  ( -0.0000000000000000000, -1.000000000000000000, -0.0000000000000000000 ) ) ;
#8041 = FACE_OUTER_BOUND ( 'NONE', #7896, .T. ) ;
#8042 = CARTESIAN_POINT ( 'NONE',  ( -1.599999999999957900, 0.1000000000000000100, -0.1250000000000245600 ) ) ;
#8043 = VERTEX_POINT ( 'NONE', #4254 ) ;
#8044 = ORIENTED_EDGE ( 'NONE', *, *, #3117, .F. ) ;
#8045 = SURFACE_STYLE_FILL_AREA ( #2781 ) ;
#8046 = DIRECTION ( 'NONE',  ( 0.0000000000000000000, 0.0000000000000000000, -1.000000000000000000 ) ) ;
#8047 = ORIENTED_EDGE ( 'NONE', *, *, #2020, .T. ) ;
#8048 = EDGE_CURVE ( 'NONE', #6122, #5673, #12, .T. ) ;
#8049 =( NAMED_UNIT ( * ) SI_UNIT ( $, .STERADIAN. ) SOLID_ANGLE_UNIT ( ) );
#8050 = DIRECTION ( 'NONE',  ( 1.000000000000000000, 0.0000000000000000000, -2.710505431213760100E-016 ) ) ;
#8051 = ORIENTED_EDGE ( 'NONE', *, *, #1157, .T. ) ;
#8052 = ORIENTED_EDGE ( 'NONE', *, *, #335, .F. ) ;
#8053 = VECTOR ( 'NONE', #4028, 1000.000000000000000 ) ;
#8054 = DIRECTION ( 'NONE',  ( 2.255140518769960600E-014, 0.0000000000000000000, 1.000000000000000000 ) ) ;
#8055 = EDGE_CURVE ( 'NONE', #4470, #1376, #5517, .T. ) ;
#8056 = ADVANCED_FACE ( 'NONE', ( #6635 ), #526, .T. ) ;
#8057 = EDGE_CURVE ( 'NONE', #5355, #1077, #7626, .T. ) ;
#8058 = DIRECTION ( 'NONE',  ( 8.673617379884035500E-016, -0.0000000000000000000, -1.000000000000000000 ) ) ;
#8059 = ORIENTED_EDGE ( 'NONE', *, *, #1315, .T. ) ;
#8060 = VECTOR ( 'NONE', #7431, 1000.000000000000000 ) ;
#8061 = VERTEX_POINT ( 'NONE', #562 ) ;
#8062 = CARTESIAN_POINT ( 'NONE',  ( 0.3749999999999943400, 4.059797974644667700, 1.599999999999995900 ) ) ;
#8063 = ORIENTED_EDGE ( 'NONE', *, *, #926, .F. ) ;
#8064 = VECTOR ( 'NONE', #2282, 1000.000000000000000 ) ;
#8065 = ORIENTED_EDGE ( 'NONE', *, *, #6195, .F. ) ;
#8066 = EDGE_LOOP ( 'NONE', ( #5787, #1446, #2594, #6315 ) ) ;
#8067 = DIRECTION ( 'NONE',  ( 1.040834085586084300E-014, 0.0000000000000000000, -1.000000000000000000 ) ) ;
#8068 = EDGE_LOOP ( 'NONE', ( #7614, #4273, #1516, #667 ) ) ;
#8069 = VERTEX_POINT ( 'NONE', #7572 ) ;
#8070 = DIRECTION ( 'NONE',  ( -0.0000000000000000000, -1.000000000000000000, -0.0000000000000000000 ) ) ;
#8071 = DIRECTION ( 'NONE',  ( 1.691355389077552800E-013, 0.0000000000000000000, 1.000000000000000000 ) ) ;
#8072 = DIRECTION ( 'NONE',  ( 0.0000000000000000000, -0.0000000000000000000, 1.000000000000000000 ) ) ;
#8073 = AXIS2_PLACEMENT_3D ( 'NONE', #244, #850, #5382 ) ;
#8074 = LINE ( 'NONE', #4605, #1156 ) ;
#8075 = CARTESIAN_POINT ( 'NONE',  ( 2.100000000000000100, 1.050000000000000000, 2.100000000000000100 ) ) ;
#8076 = CARTESIAN_POINT ( 'NONE',  ( 1.600000000000001600, 0.1000000000000000100, -0.1250000000000245600 ) ) ;
#8077 = EDGE_CURVE ( 'NONE', #45, #8168, #2277, .T. ) ;
#8078 = VERTEX_POINT ( 'NONE', #4913 ) ;
#8079 = ORIENTED_EDGE ( 'NONE', *, *, #5154, .T. ) ;
#8080 = ORIENTED_EDGE ( 'NONE', *, *, #1149, .F. ) ;
#8081 = ORIENTED_EDGE ( 'NONE', *, *, #3894, .F. ) ;
#8082 = DIRECTION ( 'NONE',  ( 1.127570259384924200E-013, 0.0000000000000000000, -1.000000000000000000 ) ) ;
#8083 = DIRECTION ( 'NONE',  ( 1.000000000000000000, 0.0000000000000000000, 1.040834085586084700E-014 ) ) ;
#8084 = CARTESIAN_POINT ( 'NONE',  ( 1.399999999999999900, 0.1000000000000000100, 1.400000000000000100 ) ) ;
#8085 = DIRECTION ( 'NONE',  ( 0.0000000000000000000, -0.0000000000000000000, -1.000000000000000000 ) ) ;
#8086 = AXIS2_PLACEMENT_3D ( 'NONE', #639, #3098, #4445 ) ;
#8087 = EDGE_LOOP ( 'NONE', ( #6903, #7168, #686, #757 ) ) ;
#8088 = EDGE_LOOP ( 'NONE', ( #833, #4790, #5786, #281 ) ) ;
#8089 = ORIENTED_EDGE ( 'NONE', *, *, #3938, .F. ) ;
#8090 = ORIENTED_EDGE ( 'NONE', *, *, #5595, .T. ) ;
#8091 = LINE ( 'NONE', #7318, #391 ) ;
#8092 = VECTOR ( 'NONE', #3058, 1000.000000000000000 ) ;
#8093 = SURFACE_STYLE_USAGE ( .BOTH. , #506 ) ;
#8094 = PLANE ( 'NONE',  #1965 ) ;
#8095 = ORIENTED_EDGE ( 'NONE', *, *, #7546, .F. ) ;
#8096 = ORIENTED_EDGE ( 'NONE', *, *, #7044, .T. ) ;
#8097 = LINE ( 'NONE', #1721, #2988 ) ;
#8098 = DIRECTION ( 'NONE',  ( 0.0000000000000000000, 0.0000000000000000000, -1.000000000000000000 ) ) ;
#8099 = FACE_OUTER_BOUND ( 'NONE', #7998, .T. ) ;
#8100 = CARTESIAN_POINT ( 'NONE',  ( 1.374999999999994200, 0.0000000000000000000, 1.599999999999995900 ) ) ;
#8101 = DIRECTION ( 'NONE',  ( 1.000000000000000000, -0.0000000000000000000, -0.0000000000000000000 ) ) ;
#8102 = ORIENTED_EDGE ( 'NONE', *, *, #5971, .T. ) ;
#8103 = VECTOR ( 'NONE', #5493, 1000.000000000000000 ) ;
#8104 = ORIENTED_EDGE ( 'NONE', *, *, #5707, .F. ) ;
#8105 = ADVANCED_FACE ( 'NONE', ( #5723 ), #1861, .F. ) ;
#8106 = FACE_OUTER_BOUND ( 'NONE', #2795, .T. ) ;
#8107 = CARTESIAN_POINT ( 'NONE',  ( -1.600000000000000300, 0.9500000000000000700, -1.450000000000000400 ) ) ;
#8108 = DIRECTION ( 'NONE',  ( 1.029992063861228900E-014, 0.0000000000000000000, 1.000000000000000000 ) ) ;
#8109 = FACE_OUTER_BOUND ( 'NONE', #7717, .T. ) ;
#8110 = CARTESIAN_POINT ( 'NONE',  ( 1.600000000000001600, 0.0000000000000000000, -0.1250000000000245600 ) ) ;
#8111 = ORIENTED_EDGE ( 'NONE', *, *, #7408, .F. ) ;
#8112 = DIRECTION ( 'NONE',  ( 1.000000000000000000, 0.0000000000000000000, -6.071532165919179000E-015 ) ) ;
#8113 = EDGE_CURVE ( 'NONE', #6826, #7706, #4198, .T. ) ;
#8114 = LINE ( 'NONE', #4218, #3115 ) ;
#8115 = DIRECTION ( 'NONE',  ( 0.0000000000000000000, 0.0000000000000000000, 1.000000000000000000 ) ) ;
#8116 = AXIS2_PLACEMENT_3D ( 'NONE', #3807, #7695, #6416 ) ;
#8117 = LINE ( 'NONE', #4386, #6034 ) ;
#8118 = AXIS2_PLACEMENT_3D ( 'NONE', #7630, #3765, #1796 ) ;
#8119 = DIRECTION ( 'NONE',  ( -0.0000000000000000000, -0.0000000000000000000, -1.000000000000000000 ) ) ;
#8120 = FACE_BOUND ( 'NONE', #3079, .T. ) ;
#8121 = DIRECTION ( 'NONE',  ( -1.100465205072778200E-013, -0.0000000000000000000, -1.000000000000000000 ) ) ;
#8122 = CARTESIAN_POINT ( 'NONE',  ( -1.374999999999950900, 4.059797974644667700, -1.999999999999999100 ) ) ;
#8123 = SURFACE_STYLE_FILL_AREA ( #2082 ) ;
#8124 = CARTESIAN_POINT ( 'NONE',  ( 2.000000000000000000, 0.1000000000000000100, 0.3750000000000000600 ) ) ;
#8125 = EDGE_CURVE ( 'NONE', #3692, #2147, #394, .T. ) ;
#8126 = DIRECTION ( 'NONE',  ( 0.0000000000000000000, -1.000000000000000000, 0.0000000000000000000 ) ) ;
#8127 = CARTESIAN_POINT ( 'NONE',  ( 0.0000000000000000000, 0.1000000000000000100, 0.0000000000000000000 ) ) ;
#8128 = PLANE ( 'NONE',  #1029 ) ;
#8129 = SURFACE_STYLE_FILL_AREA ( #7439 ) ;
#8130 = FACE_OUTER_BOUND ( 'NONE', #5209, .T. ) ;
#8131 = ADVANCED_FACE ( 'NONE', ( #3100 ), #6376, .T. ) ;
#8132 = DIRECTION ( 'NONE',  ( 1.000000000000000000, -0.0000000000000000000, -0.0000000000000000000 ) ) ;
#8133 = DIRECTION ( 'NONE',  ( -0.0000000000000000000, -1.000000000000000000, -0.0000000000000000000 ) ) ;
#8134 = DIRECTION ( 'NONE',  ( -1.000000000000000000, 0.0000000000000000000, 0.0000000000000000000 ) ) ;
#8135 = LINE ( 'NONE', #7380, #2117 ) ;
#8136 = CARTESIAN_POINT ( 'NONE',  ( -1.399999999999999900, 0.1000000000000000100, 1.399999999999999700 ) ) ;
#8137 = ORIENTED_EDGE ( 'NONE', *, *, #7388, .F. ) ;
#8138 = LINE ( 'NONE', #5548, #6766 ) ;
#8139 = DIRECTION ( 'NONE',  ( 8.673617379884035500E-016, 0.0000000000000000000, 1.000000000000000000 ) ) ;
#8140 = ADVANCED_FACE ( 'NONE', ( #8010 ), #2486, .T. ) ;
#8141 = CARTESIAN_POINT ( 'NONE',  ( 0.6249999999999988900, 4.059797974644667700, -1.999999999999998700 ) ) ;
#8142 = EDGE_CURVE ( 'NONE', #3656, #4173, #6538, .T. ) ;
#8143 = COLOUR_RGB ( '',1.000000000000000000, 0.8117647058823529400, 0.5019607843137254800 ) ;
#8144 = DIRECTION ( 'NONE',  ( -1.000000000000000000, 0.0000000000000000000, -1.040834085586084300E-014 ) ) ;
#8145 = ORIENTED_EDGE ( 'NONE', *, *, #7282, .F. ) ;
#8146 = CARTESIAN_POINT ( 'NONE',  ( -1.999999999999989600, 0.0000000000000000000, 1.375000000000000200 ) ) ;
#8147 = MANIFOLD_SOLID_BREP ( 'Boss-Extrude2[14]', #6183 ) ;
#8148 = DIRECTION ( 'NONE',  ( -1.127570259384924200E-013, -0.0000000000000000000, 1.000000000000000000 ) ) ;
#8149 = AXIS2_PLACEMENT_3D ( 'NONE', #6202, #4172, #392 ) ;
#8150 = EDGE_LOOP ( 'NONE', ( #4000, #4439, #3173, #2361 ) ) ;
#8151 = ORIENTED_EDGE ( 'NONE', *, *, #6583, .F. ) ;
#8152 = LINE ( 'NONE', #2299, #1334 ) ;
#8153 = SURFACE_STYLE_FILL_AREA ( #3351 ) ;
#8154 = DIRECTION ( 'NONE',  ( 1.095044194210350800E-013, 0.0000000000000000000, 1.000000000000000000 ) ) ;
#8155 = DIRECTION ( 'NONE',  ( 0.0000000000000000000, 0.0000000000000000000, -1.000000000000000000 ) ) ;
#8156 = LINE ( 'NONE', #844, #3959 ) ;
#8157 = VERTEX_POINT ( 'NONE', #3137 ) ;
#8158 = ORIENTED_EDGE ( 'NONE', *, *, #1421, .T. ) ;
#8159 = EDGE_CURVE ( 'NONE', #7393, #8228, #3209, .T. ) ;
#8160 = VECTOR ( 'NONE', #1103, 1000.000000000000000 ) ;
#8161 = DIRECTION ( 'NONE',  ( -1.057097118173367600E-014, -0.0000000000000000000, 1.000000000000000000 ) ) ;
#8162 = CARTESIAN_POINT ( 'NONE',  ( -1.374999999999994200, 0.0000000000000000000, 1.599999999999995900 ) ) ;
#8163 = DIRECTION ( 'NONE',  ( 8.673617379884036500E-016, 0.0000000000000000000, -1.000000000000000000 ) ) ;
#8164 = ADVANCED_FACE ( 'NONE', ( #8099 ), #7022, .F. ) ;
#8165 = DIRECTION ( 'NONE',  ( 1.000000000000000000, 0.0000000000000000000, -6.938893903907229200E-015 ) ) ;
#8166 =( GEOMETRIC_REPRESENTATION_CONTEXT ( 3 ) GLOBAL_UNCERTAINTY_ASSIGNED_CONTEXT ( ( #2183 ) ) GLOBAL_UNIT_ASSIGNED_CONTEXT ( ( #4367, #3685, #6927 ) ) REPRESENTATION_CONTEXT ( 'NONE', 'WORKASPACE' ) );
#8167 = VERTEX_POINT ( 'NONE', #7693 ) ;
#8168 = VERTEX_POINT ( 'NONE', #3169 ) ;
#8169 = ORIENTED_EDGE ( 'NONE', *, *, #4832, .F. ) ;
#8170 = FACE_OUTER_BOUND ( 'NONE', #4877, .T. ) ;
#8171 = LINE ( 'NONE', #864, #4783 ) ;
#8172 = EDGE_CURVE ( 'NONE', #1084, #4268, #1483, .T. ) ;
#8173 = CARTESIAN_POINT ( 'NONE',  ( -0.3749999999999503200, 0.0000000000000000000, 1.999999999999999100 ) ) ;
#8174 = DIRECTION ( 'NONE',  ( 8.673617379884036500E-016, 0.0000000000000000000, 1.000000000000000000 ) ) ;
#8175 = EDGE_LOOP ( 'NONE', ( #6096, #360, #5007, #1428 ) ) ;
#8176 = ORIENTED_EDGE ( 'NONE', *, *, #1517, .T. ) ;
#8177 = ORIENTED_EDGE ( 'NONE', *, *, #7153, .F. ) ;
#8178 = CARTESIAN_POINT ( 'NONE',  ( -1.599999999999957900, 0.1000000000000002600, -0.1250000000000245600 ) ) ;
#8179 = ADVANCED_FACE ( 'NONE', ( #103 ), #3776, .T. ) ;
#8180 = VECTOR ( 'NONE', #2399, 1000.000000000000000 ) ;
#8181 = CARTESIAN_POINT ( 'NONE',  ( -1.599999999999957900, 4.059797974644667700, -0.1250000000000245600 ) ) ;
#8182 = CARTESIAN_POINT ( 'NONE',  ( 1.124999999999998400, 0.0000000000000000000, 1.999999999999997800 ) ) ;
#8183 = CARTESIAN_POINT ( 'NONE',  ( -1.600000000000000300, 0.5257359312880716100, -1.750000000000000200 ) ) ;
#8184 = ORIENTED_EDGE ( 'NONE', *, *, #416, .F. ) ;
#8185 = PLANE ( 'NONE',  #5512 ) ;
#8186 = ORIENTED_EDGE ( 'NONE', *, *, #5439, .T. ) ;
#8187 = VERTEX_POINT ( 'NONE', #6413 ) ;
#8188 = ORIENTED_EDGE ( 'NONE', *, *, #5666, .T. ) ;
#8189 = DIRECTION ( 'NONE',  ( 0.0000000000000000000, 0.0000000000000000000, -1.000000000000000000 ) ) ;
#8190 = EDGE_LOOP ( 'NONE', ( #5179, #947, #1523, #6710 ) ) ;
#8191 = ADVANCED_FACE ( 'NONE', ( #6218 ), #5732, .F. ) ;
#8192 = VECTOR ( 'NONE', #7051, 1000.000000000000000 ) ;
#8193 = EDGE_CURVE ( 'NONE', #2991, #6826, #5012, .T. ) ;
#8194 = DIRECTION ( 'NONE',  ( 0.0000000000000000000, 0.0000000000000000000, 1.000000000000000000 ) ) ;
#8195 = ORIENTED_EDGE ( 'NONE', *, *, #141, .T. ) ;
#8196 = CARTESIAN_POINT ( 'NONE',  ( -1.599999999999989700, 0.1000000000000000100, -1.375000000000000200 ) ) ;
#8197 = VERTEX_POINT ( 'NONE', #3360 ) ;
#8198 = DIRECTION ( 'NONE',  ( -1.029992063861229100E-014, 0.0000000000000000000, -1.000000000000000000 ) ) ;
#8199 = CARTESIAN_POINT ( 'NONE',  ( -0.1249999999999502600, 4.059797974644667700, 1.999999999999998200 ) ) ;
#8200 = ORIENTED_EDGE ( 'NONE', *, *, #2228, .T. ) ;
#8201 = CARTESIAN_POINT ( 'NONE',  ( 2.100000000000000100, 0.3500000000000001400, 2.100000000000000100 ) ) ;
#8202 = EDGE_CURVE ( 'NONE', #773, #1576, #1284, .T. ) ;
#8203 = ORIENTED_EDGE ( 'NONE', *, *, #2528, .T. ) ;
#8204 = ORIENTED_EDGE ( 'NONE', *, *, #4647, .T. ) ;
#8205 = ORIENTED_EDGE ( 'NONE', *, *, #6361, .F. ) ;
#8206 = DIRECTION ( 'NONE',  ( 0.0000000000000000000, -0.0000000000000000000, 1.000000000000000000 ) ) ;
#8207 = ORIENTED_EDGE ( 'NONE', *, *, #5202, .T. ) ;
#8208 = DIRECTION ( 'NONE',  ( -9.757819552369557300E-015, -0.0000000000000000000, -1.000000000000000000 ) ) ;
#8209 = DIRECTION ( 'NONE',  ( 8.673617379884035500E-016, 0.0000000000000000000, 1.000000000000000000 ) ) ;
#8210 = EDGE_CURVE ( 'NONE', #593, #3553, #2488, .T. ) ;
#8211 = LINE ( 'NONE', #2073, #5426 ) ;
#8212 = VECTOR ( 'NONE', #3779, 1000.000000000000000 ) ;
#8213 = CARTESIAN_POINT ( 'NONE',  ( 1.600000000000004300, 0.1000000000000000100, 0.3750000000000244800 ) ) ;
#8214 = ADVANCED_FACE ( 'NONE', ( #798 ), #7187, .F. ) ;
#8215 = CARTESIAN_POINT ( 'NONE',  ( 1.600000000000010300, 0.1000000000000000100, -1.125000000000000200 ) ) ;
#8216 = CARTESIAN_POINT ( 'NONE',  ( -1.600000000000000100, 0.1000000000000000100, 0.3750000000000000600 ) ) ;
#8217 = VECTOR ( 'NONE', #7454, 1000.000000000000000 ) ;
#8218 = CARTESIAN_POINT ( 'NONE',  ( -0.3749999999999498200, -0.0000000000000000000, -2.000000000000000000 ) ) ;
#8219 = PLANE ( 'NONE',  #4850 ) ;
#8220 = EDGE_CURVE ( 'NONE', #1543, #4589, #6725, .T. ) ;
#8221 = EDGE_CURVE ( 'NONE', #6257, #1172, #7231, .T. ) ;
#8222 = CARTESIAN_POINT ( 'NONE',  ( -1.600000000000000300, 0.9500000000000000700, -1.600000000000000300 ) ) ;
#8223 = ADVANCED_FACE ( 'NONE', ( #1779 ), #4632, .F. ) ;
#8224 = LINE ( 'NONE', #643, #5745 ) ;
#8225 = AXIS2_PLACEMENT_3D ( 'NONE', #2611, #6513, #6562 ) ;
#8226 = FACE_OUTER_BOUND ( 'NONE', #8087, .T. ) ;
#8227 = CARTESIAN_POINT ( 'NONE',  ( 1.600000000000005200, 0.1000000000000000100, 0.8750000000000001100 ) ) ;
#8228 = VERTEX_POINT ( 'NONE', #7220 ) ;
#8229 = LINE ( 'NONE', #3129, #6150 ) ;
#8230 = VERTEX_POINT ( 'NONE', #726 ) ;
#8231 = EDGE_CURVE ( 'NONE', #4560, #1256, #3492, .T. ) ;
#8232 = CARTESIAN_POINT ( 'NONE',  ( -1.599999999999991200, -0.0000000000000000000, -1.125000000000014700 ) ) ;
#8233 = FACE_OUTER_BOUND ( 'NONE', #7102, .T. ) ;
#8234 = PRESENTATION_STYLE_ASSIGNMENT (( #5114 ) ) ;
#8235 = PLANE ( 'NONE',  #216 ) ;
#8236 = AXIS2_PLACEMENT_3D ( 'NONE', #3300, #4561, #737 ) ;
#8237 = DIRECTION ( 'NONE',  ( -6.938893903906731400E-015, -0.0000000000000000000, 1.000000000000000000 ) ) ;
#8238 = CARTESIAN_POINT ( 'NONE',  ( 2.000000000000001800, 0.0000000000000000000, 0.1249999999999821400 ) ) ;
#8239 = ORIENTED_EDGE ( 'NONE', *, *, #5078, .F. ) ;
#8240 = ORIENTED_EDGE ( 'NONE', *, *, #7769, .T. ) ;
#8241 = FACE_OUTER_BOUND ( 'NONE', #1553, .T. ) ;
#8242 = ORIENTED_EDGE ( 'NONE', *, *, #441, .F. ) ;
#8243 = MANIFOLD_SOLID_BREP ( 'Boss-Extrude2[13]', #482 ) ;
#8244 = CARTESIAN_POINT ( 'NONE',  ( 1.600000000000005000, 4.059797974644667700, -0.6250000000000001100 ) ) ;
#8245 = ORIENTED_EDGE ( 'NONE', *, *, #1200, .F. ) ;
#8246 = EDGE_CURVE ( 'NONE', #3954, #4939, #7735, .T. ) ;
#8247 = CARTESIAN_POINT ( 'NONE',  ( 0.0000000000000000000, 0.1000000000000000100, 0.0000000000000000000 ) ) ;
#8248 = ORIENTED_EDGE ( 'NONE', *, *, #2143, .T. ) ;
#8249 = VECTOR ( 'NONE', #529, 1000.000000000000000 ) ;
#8250 = DIRECTION ( 'NONE',  ( 1.000000000000000000, 0.0000000000000000000, 3.089976191583646000E-014 ) ) ;
#8251 = ADVANCED_FACE ( 'NONE', ( #5821 ), #5897, .F. ) ;
#8252 = ORIENTED_EDGE ( 'NONE', *, *, #6724, .F. ) ;
#8253 = VECTOR ( 'NONE', #5169, 1000.000000000000000 ) ;
#8254 = DIRECTION ( 'NONE',  ( -1.000000000000000000, 0.0000000000000000000, -1.040834085586085000E-014 ) ) ;
#8255 = AXIS2_PLACEMENT_3D ( 'NONE', #5244, #840, #5350 ) ;
#8256 = EDGE_LOOP ( 'NONE', ( #5800, #5809, #413, #3272 ) ) ;
#8257 = LINE ( 'NONE', #2782, #7084 ) ;
#8258 = ORIENTED_EDGE ( 'NONE', *, *, #4859, .F. ) ;
#8259 = PLANE ( 'NONE',  #1649 ) ;
#8260 = ORIENTED_EDGE ( 'NONE', *, *, #2297, .T. ) ;
#8261 = LINE ( 'NONE', #7470, #6597 ) ;
#8262 = DIRECTION ( 'NONE',  ( 1.000000000000000000, 0.0000000000000000000, -3.469446951953614600E-015 ) ) ;
#8263 = VECTOR ( 'NONE', #4014, 1000.000000000000000 ) ;
#8264 = ADVANCED_FACE ( 'NONE', ( #2178 ), #61, .F. ) ;
#8265 = VERTEX_POINT ( 'NONE', #3287 ) ;
#8266 = ORIENTED_EDGE ( 'NONE', *, *, #5607, .T. ) ;
#8267 = ORIENTED_EDGE ( 'NONE', *, *, #2630, .T. ) ;
#8268 = EDGE_CURVE ( 'NONE', #8167, #5470, #6019, .T. ) ;
#8269 = ORIENTED_EDGE ( 'NONE', *, *, #713, .F. ) ;
#8270 = PLANE ( 'NONE',  #7350 ) ;
#8271 = VECTOR ( 'NONE', #7686, 1000.000000000000000 ) ;
#8272 = CARTESIAN_POINT ( 'NONE',  ( 0.0000000000000000000, 0.1000000000000000100, 0.0000000000000000000 ) ) ;
#8273 = PLANE ( 'NONE',  #6040 ) ;
#8274 = ORIENTED_EDGE ( 'NONE', *, *, #4585, .T. ) ;
#8275 = EDGE_LOOP ( 'NONE', ( #3939, #4154, #7873, #4194 ) ) ;
#8276 = EDGE_LOOP ( 'NONE', ( #6953, #5403, #2666, #8102 ) ) ;
#8277 = AXIS2_PLACEMENT_3D ( 'NONE', #6910, #7551, #1105 ) ;
#8278 = ORIENTED_EDGE ( 'NONE', *, *, #7120, .F. ) ;
#8279 = AXIS2_PLACEMENT_3D ( 'NONE', #4553, #5766, #1555 ) ;
#8280 = DIRECTION ( 'NONE',  ( 0.0000000000000000000, 1.000000000000000000, 0.0000000000000000000 ) ) ;
#8281 = CARTESIAN_POINT ( 'NONE',  ( -1.999999999999989600, 0.1000000000000002600, -1.375000000000000200 ) ) ;
#8282 = EDGE_CURVE ( 'NONE', #2991, #4239, #2785, .T. ) ;
#8283 = ORIENTED_EDGE ( 'NONE', *, *, #3583, .F. ) ;
#8284 = ORIENTED_EDGE ( 'NONE', *, *, #2124, .T. ) ;
#8285 = VERTEX_POINT ( 'NONE', #5925 ) ;
#8286 = VECTOR ( 'NONE', #3419, 1000.000000000000000 ) ;
#8287 = DIRECTION ( 'NONE',  ( 1.000000000000000000, 0.0000000000000000000, -3.469446951953614200E-015 ) ) ;
#8288 = DIRECTION ( 'NONE',  ( 0.0000000000000000000, -1.000000000000000000, 0.0000000000000000000 ) ) ;
#8289 = AXIS2_PLACEMENT_3D ( 'NONE', #3392, #2687, #4640 ) ;
#8290 = CARTESIAN_POINT ( 'NONE',  ( 0.6249999999999947800, 0.1000000000000000100, -1.599999999999999000 ) ) ;
#8291 = ORIENTED_EDGE ( 'NONE', *, *, #7847, .T. ) ;
ENDSEC;
END-ISO-10303-21;
