ISO-10303-21;
HEADER;
FILE_DESCRIPTION (( 'STEP AP214' ),
    '1' );
FILE_NAME ('SKY16602-632LF.STEP',
    '2023-01-27T11:38:52',
    ( '' ),
    ( '' ),
    'SwSTEP 2.0',
    'SolidWorks 2019',
    '' );
FILE_SCHEMA (( 'AUTOMOTIVE_DESIGN' ));
ENDSEC;

DATA;
#1 = EDGE_LOOP ( 'NONE', ( #740, #1168, #889, #2240 ) ) ;
#2 =( NAMED_UNIT ( * ) SI_UNIT ( $, .STERADIAN. ) SOLID_ANGLE_UNIT ( ) );
#3 = FILL_AREA_STYLE ('',( #1596 ) ) ;
#4 = DIRECTION ( 'NONE',  ( 0.000000000000000000, 0.000000000000000000, -1.000000000000000000 ) ) ;
#5 = UNCERTAINTY_MEASURE_WITH_UNIT (LENGTH_MEASURE( 1.000000000000000082E-05 ), #480, 'distance_accuracy_value', 'NONE');
#6 =( GEOMETRIC_REPRESENTATION_CONTEXT ( 3 ) GLOBAL_UNCERTAINTY_ASSIGNED_CONTEXT ( ( #713 ) ) GLOBAL_UNIT_ASSIGNED_CONTEXT ( ( #581, #78, #1754 ) ) REPRESENTATION_CONTEXT ( 'NONE', 'WORKASPACE' ) );
#7 = CARTESIAN_POINT ( 'NONE',  ( 0.6670000000000004814, 0.3300000000000001266, 0.8699999999999999956 ) ) ;
#8 = ORIENTED_EDGE ( 'NONE', *, *, #1455, .T. ) ;
#9 = SURFACE_STYLE_FILL_AREA ( #947 ) ;
#10 = VECTOR ( 'NONE', #583, 1000.000000000000000 ) ;
#11 = AXIS2_PLACEMENT_3D ( 'NONE', #96, #1472, #1244 ) ;
#12 = ORIENTED_EDGE ( 'NONE', *, *, #2569, .F. ) ;
#13 = ORIENTED_EDGE ( 'NONE', *, *, #390, .T. ) ;
#14 = ORIENTED_EDGE ( 'NONE', *, *, #392, .T. ) ;
#15 = ORIENTED_EDGE ( 'NONE', *, *, #71, .T. ) ;
#16 = VERTEX_POINT ( 'NONE', #1248 ) ;
#17 = CIRCLE ( 'NONE', #2500, 0.1199999999999999956 ) ;
#18 = SURFACE_STYLE_USAGE ( .BOTH. , #2856 ) ;
#19 = CARTESIAN_POINT ( 'NONE',  ( 0.8950000000000000178, 0.3300000000000001266, -0.5000000000000000000 ) ) ;
#20 = CIRCLE ( 'NONE', #1853, 0.05000000000000002359 ) ;
#21 = ORIENTED_EDGE ( 'NONE', *, *, #1125, .F. ) ;
#22 = DIRECTION ( 'NONE',  ( -0.000000000000000000, 1.000000000000000000, -0.000000000000000000 ) ) ;
#23 = PRESENTATION_LAYER_ASSIGNMENT (  '', '', ( #2201 ) ) ;
#24 = DIRECTION ( 'NONE',  ( -1.000000000000000000, 0.000000000000000000, 0.000000000000000000 ) ) ;
#25 = DIRECTION ( 'NONE',  ( -0.000000000000000000, -1.000000000000000000, -0.000000000000000000 ) ) ;
#26 =( NAMED_UNIT ( * ) PLANE_ANGLE_UNIT ( ) SI_UNIT ( $, .RADIAN. ) );
#27 = AXIS2_PLACEMENT_3D ( 'NONE', #2615, #1436, #668 ) ;
#28 = VERTEX_POINT ( 'NONE', #2141 ) ;
#29 = PLANE ( 'NONE',  #132 ) ;
#30 = EDGE_CURVE ( 'NONE', #1591, #457, #959, .T. ) ;
#31 = FILL_AREA_STYLE_COLOUR ( '', #1576 ) ;
#32 = ORIENTED_EDGE ( 'NONE', *, *, #1313, .T. ) ;
#33 = FILL_AREA_STYLE ('',( #1609 ) ) ;
#34 =( NAMED_UNIT ( * ) PLANE_ANGLE_UNIT ( ) SI_UNIT ( $, .RADIAN. ) );
#35 = CARTESIAN_POINT ( 'NONE',  ( 0.8449999999999996403, 0.3300000000000001266, 0.5000000000000000000 ) ) ;
#36 = ORIENTED_EDGE ( 'NONE', *, *, #278, .F. ) ;
#37 = DIRECTION ( 'NONE',  ( -0.000000000000000000, 1.000000000000000000, -0.000000000000000000 ) ) ;
#38 = DIRECTION ( 'NONE',  ( -0.000000000000000000, 1.000000000000000000, -0.000000000000000000 ) ) ;
#39 = SURFACE_SIDE_STYLE ('',( #1893 ) ) ;
#40 = UNCERTAINTY_MEASURE_WITH_UNIT (LENGTH_MEASURE( 1.000000000000000082E-05 ), #1268, 'distance_accuracy_value', 'NONE');
#41 = LINE ( 'NONE', #1664, #1096 ) ;
#42 = ADVANCED_FACE ( 'NONE', ( #1647 ), #1016, .T. ) ;
#43 = CARTESIAN_POINT ( 'NONE',  ( -0.8459999999999999742, 0.5500000000000001554, -0.8454999999999999183 ) ) ;
#44 = DIRECTION ( 'NONE',  ( 1.000000000000000000, 0.000000000000000000, 0.000000000000000000 ) ) ;
#45 =( NAMED_UNIT ( * ) PLANE_ANGLE_UNIT ( ) SI_UNIT ( $, .RADIAN. ) );
#46 = STYLED_ITEM ( 'NONE', ( #1862 ), #838 ) ;
#47 = ORIENTED_EDGE ( 'NONE', *, *, #2700, .F. ) ;
#48 = EDGE_CURVE ( 'NONE', #478, #1408, #981, .T. ) ;
#49 = LINE ( 'NONE', #2315, #1138 ) ;
#50 = FACE_OUTER_BOUND ( 'NONE', #491, .T. ) ;
#51 = FILL_AREA_STYLE_COLOUR ( '', #237 ) ;
#52 = VECTOR ( 'NONE', #1239, 1000.000000000000000 ) ;
#53 = DIRECTION ( 'NONE',  ( 1.000000000000000000, 0.000000000000000000, -0.000000000000000000 ) ) ;
#54 = DIRECTION ( 'NONE',  ( 0.000000000000000000, 0.000000000000000000, 1.000000000000000000 ) ) ;
#55 = AXIS2_PLACEMENT_3D ( 'NONE', #1812, #2777, #2989 ) ;
#56 = CARTESIAN_POINT ( 'NONE',  ( 1.150000000000000355, 0.5300000000000001377, 1.149999999999999911 ) ) ;
#57 =( NAMED_UNIT ( * ) SI_UNIT ( $, .STERADIAN. ) SOLID_ANGLE_UNIT ( ) );
#58 = CARTESIAN_POINT ( 'NONE',  ( 0.6770000000000004903, 0.5300000000000001377, -0.7500000000000000000 ) ) ;
#59 = CARTESIAN_POINT ( 'NONE',  ( -0.2100000000000003253, 0.5500000000000001554, -0.8954999999999999627 ) ) ;
#60 = DIRECTION ( 'NONE',  ( 0.000000000000000000, 1.000000000000000000, 0.000000000000000000 ) ) ;
#61 = CARTESIAN_POINT ( 'NONE',  ( 0.6770000000000004903, 0.5500000000000001554, 0.8699999999999999956 ) ) ;
#62 = CIRCLE ( 'NONE', #1235, 0.04999999999999991257 ) ;
#63 = CARTESIAN_POINT ( 'NONE',  ( 0.6770000000000004903, 0.3300000000000001266, -0.8699999999999999956 ) ) ;
#64 = DIRECTION ( 'NONE',  ( -0.000000000000000000, -1.000000000000000000, -0.000000000000000000 ) ) ;
#65 = SURFACE_STYLE_USAGE ( .BOTH. , #542 ) ;
#66 = ORIENTED_EDGE ( 'NONE', *, *, #2417, .F. ) ;
#67 = DIRECTION ( 'NONE',  ( -1.000000000000000000, 0.000000000000000000, -0.000000000000000000 ) ) ;
#68 = VECTOR ( 'NONE', #2228, 1000.000000000000000 ) ;
#69 = DIRECTION ( 'NONE',  ( -1.000000000000000000, -0.000000000000000000, -0.000000000000000000 ) ) ;
#70 = AXIS2_PLACEMENT_3D ( 'NONE', #774, #1690, #293 ) ;
#71 = EDGE_CURVE ( 'NONE', #1099, #1381, #1494, .T. ) ;
#72 = UNCERTAINTY_MEASURE_WITH_UNIT (LENGTH_MEASURE( 1.000000000000000082E-05 ), #683, 'distance_accuracy_value', 'NONE');
#73 = AXIS2_PLACEMENT_3D ( 'NONE', #1895, #1909, #98 ) ;
#74 =( GEOMETRIC_REPRESENTATION_CONTEXT ( 3 ) GLOBAL_UNCERTAINTY_ASSIGNED_CONTEXT ( ( #2837 ) ) GLOBAL_UNIT_ASSIGNED_CONTEXT ( ( #1855, #2838, #2116 ) ) REPRESENTATION_CONTEXT ( 'NONE', 'WORKASPACE' ) );
#75 = PRESENTATION_STYLE_ASSIGNMENT (( #1040 ) ) ;
#76 = AXIS2_PLACEMENT_3D ( 'NONE', #1304, #1080, #619 ) ;
#77 = FILL_AREA_STYLE_COLOUR ( '', #2759 ) ;
#78 =( NAMED_UNIT ( * ) PLANE_ANGLE_UNIT ( ) SI_UNIT ( $, .RADIAN. ) );
#79 = PLANE ( 'NONE',  #2921 ) ;
#80 = CARTESIAN_POINT ( 'NONE',  ( -0.8459999999999999742, 0.3300000000000001266, 0.8454999999999999183 ) ) ;
#81 = CARTESIAN_POINT ( 'NONE',  ( 0.7970000000000005969, 0.5500000000000001554, -0.8699999999999999956 ) ) ;
#82 = CARTESIAN_POINT ( 'NONE',  ( -0.8459999999999999742, 0.3300000000000001266, 0.8454999999999999183 ) ) ;
#83 = DIRECTION ( 'NONE',  ( 0.000000000000000000, 0.000000000000000000, -1.000000000000000000 ) ) ;
#84 = CARTESIAN_POINT ( 'NONE',  ( -0.1599999999999999756, 0.5500000000000001554, 0.8454999999999995852 ) ) ;
#85 =( GEOMETRIC_REPRESENTATION_CONTEXT ( 3 ) GLOBAL_UNCERTAINTY_ASSIGNED_CONTEXT ( ( #964 ) ) GLOBAL_UNIT_ASSIGNED_CONTEXT ( ( #1548, #2982, #1870 ) ) REPRESENTATION_CONTEXT ( 'NONE', 'WORKASPACE' ) );
#86 = VECTOR ( 'NONE', #2699, 1000.000000000000000 ) ;
#87 = ADVANCED_FACE ( 'NONE', ( #302 ), #2355, .F. ) ;
#88 = CARTESIAN_POINT ( 'NONE',  ( -0.2099999999999999922, 0.3300000000000001266, -0.8454999999999999183 ) ) ;
#89 = EDGE_CURVE ( 'NONE', #1591, #2485, #1882, .T. ) ;
#90 = PRESENTATION_STYLE_ASSIGNMENT (( #815 ) ) ;
#91 = DIRECTION ( 'NONE',  ( 0.000000000000000000, 0.000000000000000000, 1.000000000000000000 ) ) ;
#92 = DIRECTION ( 'NONE',  ( -3.872150616019658834E-16, 0.000000000000000000, 1.000000000000000000 ) ) ;
#93 = SURFACE_STYLE_USAGE ( .BOTH. , #2968 ) ;
#94 = CYLINDRICAL_SURFACE ( 'NONE', #2299, 0.05000000000000002359 ) ;
#95 = PRESENTATION_STYLE_ASSIGNMENT (( #2679 ) ) ;
#96 = CARTESIAN_POINT ( 'NONE',  ( 0.8950000000000000178, 0.5500000000000001554, 0.4499999999999996780 ) ) ;
#97 = DIRECTION ( 'NONE',  ( -0.000000000000000000, -1.000000000000000000, -0.000000000000000000 ) ) ;
#98 = DIRECTION ( 'NONE',  ( 0.000000000000000000, 0.000000000000000000, 1.000000000000000000 ) ) ;
#99 = SURFACE_SIDE_STYLE ('',( #1461 ) ) ;
#100 = VECTOR ( 'NONE', #802, 1000.000000000000000 ) ;
#101 = DIRECTION ( 'NONE',  ( -0.000000000000000000, -1.000000000000000000, -0.000000000000000000 ) ) ;
#102 = DIRECTION ( 'NONE',  ( 1.000000000000000000, 0.000000000000000000, -0.000000000000000000 ) ) ;
#103 = VERTEX_POINT ( 'NONE', #329 ) ;
#104 = VERTEX_POINT ( 'NONE', #1038 ) ;
#105 = VECTOR ( 'NONE', #2121, 1000.000000000000000 ) ;
#106 = DIRECTION ( 'NONE',  ( 0.000000000000000000, 0.000000000000000000, -1.000000000000000000 ) ) ;
#107 = DIRECTION ( 'NONE',  ( 0.000000000000000000, 1.000000000000000000, 0.000000000000000000 ) ) ;
#108 =( NAMED_UNIT ( * ) SI_UNIT ( $, .STERADIAN. ) SOLID_ANGLE_UNIT ( ) );
#109 =( NAMED_UNIT ( * ) PLANE_ANGLE_UNIT ( ) SI_UNIT ( $, .RADIAN. ) );
#110 = SURFACE_STYLE_FILL_AREA ( #585 ) ;
#111 = FILL_AREA_STYLE_COLOUR ( '', #2964 ) ;
#112 = CARTESIAN_POINT ( 'NONE',  ( 0.2190000000000003333, 0.3300000000000001266, -0.5000000000000000000 ) ) ;
#113 =( LENGTH_UNIT ( ) NAMED_UNIT ( * ) SI_UNIT ( .MILLI., .METRE. ) );
#114 = LINE ( 'NONE', #2254, #2933 ) ;
#115 = EDGE_LOOP ( 'NONE', ( #131, #453, #1581, #1577 ) ) ;
#116 = STYLED_ITEM ( 'NONE', ( #2997 ), #2540 ) ;
#117 = EDGE_LOOP ( 'NONE', ( #2203, #520, #970, #2868, #1108, #225, #910, #2991, #2052, #1128, #2304, #653, #1974, #2061, #2070, #1127 ) ) ;
#118 = CIRCLE ( 'NONE', #2202, 0.05000000000000002359 ) ;
#119 = ORIENTED_EDGE ( 'NONE', *, *, #2364, .T. ) ;
#120 = EDGE_CURVE ( 'NONE', #2017, #149, #1936, .T. ) ;
#121 = FACE_OUTER_BOUND ( 'NONE', #1604, .T. ) ;
#122 = LINE ( 'NONE', #1975, #1241 ) ;
#123 = SURFACE_SIDE_STYLE ('',( #2629 ) ) ;
#124 = DIRECTION ( 'NONE',  ( -0.000000000000000000, 1.000000000000000000, -0.000000000000000000 ) ) ;
#125 = DIRECTION ( 'NONE',  ( -1.000000000000000000, 0.000000000000000000, 0.000000000000000000 ) ) ;
#126 = ADVANCED_FACE ( 'NONE', ( #1686 ), #2589, .T. ) ;
#127 = MECHANICAL_DESIGN_GEOMETRIC_PRESENTATION_REPRESENTATION (  '', ( #2769 ), #1295 ) ;
#128 = DIRECTION ( 'NONE',  ( -0.000000000000000000, 0.000000000000000000, 1.000000000000000000 ) ) ;
#129 = ADVANCED_FACE ( 'NONE', ( #2603 ), #519, .F. ) ;
#130 = LINE ( 'NONE', #1282, #1083 ) ;
#131 = ORIENTED_EDGE ( 'NONE', *, *, #2705, .T. ) ;
#132 = AXIS2_PLACEMENT_3D ( 'NONE', #626, #243, #701 ) ;
#133 = ORIENTED_EDGE ( 'NONE', *, *, #2035, .F. ) ;
#134 = ORIENTED_EDGE ( 'NONE', *, *, #2059, .T. ) ;
#135 = MECHANICAL_DESIGN_GEOMETRIC_PRESENTATION_REPRESENTATION (  '', ( #332 ), #380 ) ;
#136 =( LENGTH_UNIT ( ) NAMED_UNIT ( * ) SI_UNIT ( .MILLI., .METRE. ) );
#137 = CARTESIAN_POINT ( 'NONE',  ( 0.7970000000000004858, 0.3300000000000001266, -1.149999999999999911 ) ) ;
#138 = DIRECTION ( 'NONE',  ( -0.000000000000000000, -1.000000000000000000, -0.000000000000000000 ) ) ;
#139 = DIRECTION ( 'NONE',  ( 1.000000000000000000, 0.000000000000000000, 0.000000000000000000 ) ) ;
#140 = PRESENTATION_LAYER_ASSIGNMENT (  '', '', ( #1457 ) ) ;
#141 = ORIENTED_EDGE ( 'NONE', *, *, #373, .T. ) ;
#142 = DIRECTION ( 'NONE',  ( -0.000000000000000000, 1.000000000000000000, -0.000000000000000000 ) ) ;
#143 = PLANE ( 'NONE',  #680 ) ;
#144 = DIRECTION ( 'NONE',  ( 0.000000000000000000, 0.000000000000000000, -1.000000000000000000 ) ) ;
#145 = ADVANCED_FACE ( 'NONE', ( #996 ), #2682, .T. ) ;
#146 =( NAMED_UNIT ( * ) PLANE_ANGLE_UNIT ( ) SI_UNIT ( $, .RADIAN. ) );
#147 = EDGE_LOOP ( 'NONE', ( #1774, #1752, #231, #1135, #1589, #674 ) ) ;
#148 = CIRCLE ( 'NONE', #2487, 0.05000000000000002359 ) ;
#149 = VERTEX_POINT ( 'NONE', #2190 ) ;
#150 = SURFACE_SIDE_STYLE ('',( #1547 ) ) ;
#151 = DIRECTION ( 'NONE',  ( 0.000000000000000000, 0.000000000000000000, 1.000000000000000000 ) ) ;
#152 = VECTOR ( 'NONE', #2810, 1000.000000000000000 ) ;
#153 = SURFACE_STYLE_FILL_AREA ( #2227 ) ;
#154 = VERTEX_POINT ( 'NONE', #2447 ) ;
#155 = ORIENTED_EDGE ( 'NONE', *, *, #1643, .T. ) ;
#156 = STYLED_ITEM ( 'NONE', ( #2399 ), #1392 ) ;
#157 = CARTESIAN_POINT ( 'NONE',  ( 0.5470000000000004858, 0.3300000000000001266, -1.149999999999999911 ) ) ;
#158 = CYLINDRICAL_SURFACE ( 'NONE', #1852, 0.05000000000000002359 ) ;
#159 = CARTESIAN_POINT ( 'NONE',  ( 0.9500000000000003997, 0.05000000000000000278, -0.9499999999999998446 ) ) ;
#160 = ORIENTED_EDGE ( 'NONE', *, *, #2549, .F. ) ;
#161 = CARTESIAN_POINT ( 'NONE',  ( -1.149999999999999689, 0.5300000000000001377, 1.149999999999999911 ) ) ;
#162 = CARTESIAN_POINT ( 'NONE',  ( 0.7970000000000004858, 0.5500000000000001554, -1.149999999999999911 ) ) ;
#163 = ORIENTED_EDGE ( 'NONE', *, *, #893, .T. ) ;
#164 = EDGE_LOOP ( 'NONE', ( #1042, #2688, #1111, #717 ) ) ;
#165 = ADVANCED_FACE ( 'NONE', ( #179 ), #1275, .T. ) ;
#166 = ORIENTED_EDGE ( 'NONE', *, *, #2841, .F. ) ;
#167 = EDGE_CURVE ( 'NONE', #2479, #1832, #1513, .T. ) ;
#168 = ORIENTED_EDGE ( 'NONE', *, *, #1426, .F. ) ;
#169 = STYLED_ITEM ( 'NONE', ( #2187 ), #703 ) ;
#170 = VECTOR ( 'NONE', #2840, 1000.000000000000000 ) ;
#171 =( NAMED_UNIT ( * ) SI_UNIT ( $, .STERADIAN. ) SOLID_ANGLE_UNIT ( ) );
#172 = MECHANICAL_DESIGN_GEOMETRIC_PRESENTATION_REPRESENTATION (  '', ( #1487 ), #1715 ) ;
#173 = CARTESIAN_POINT ( 'NONE',  ( 0.7970000000000004858, 0.3300000000000001266, 1.149999999999999911 ) ) ;
#174 = SURFACE_SIDE_STYLE ('',( #1995 ) ) ;
#175 = CYLINDRICAL_SURFACE ( 'NONE', #2853, 0.05000000000000002359 ) ;
#176 = COLOUR_RGB ( '',0.6666666666666666297, 0.6980392156862744724, 0.7686274509803920907 ) ;
#177 = FILL_AREA_STYLE_COLOUR ( '', #952 ) ;
#178 = ORIENTED_EDGE ( 'NONE', *, *, #1890, .F. ) ;
#179 = FACE_OUTER_BOUND ( 'NONE', #3026, .T. ) ;
#180 = CARTESIAN_POINT ( 'NONE',  ( 0.6990408205773459560, 0.3300000000000001266, -0.4600000000000000755 ) ) ;
#181 = EDGE_LOOP ( 'NONE', ( #1869, #2275, #239, #1424 ) ) ;
#182 = VERTEX_POINT ( 'NONE', #2234 ) ;
#183 = EDGE_CURVE ( 'NONE', #2108, #16, #357, .T. ) ;
#184 = EDGE_CURVE ( 'NONE', #16, #1608, #602, .T. ) ;
#185 =( NAMED_UNIT ( * ) PLANE_ANGLE_UNIT ( ) SI_UNIT ( $, .RADIAN. ) );
#186 = ORIENTED_EDGE ( 'NONE', *, *, #1981, .T. ) ;
#187 = STYLED_ITEM ( 'NONE', ( #2021 ), #962 ) ;
#188 = LINE ( 'NONE', #1309, #858 ) ;
#189 = DIRECTION ( 'NONE',  ( 0.000000000000000000, -0.000000000000000000, 1.000000000000000000 ) ) ;
#190 = CARTESIAN_POINT ( 'NONE',  ( -0.8960000000000000187, 0.5500000000000001554, 0.8454999999999995852 ) ) ;
#191 = CARTESIAN_POINT ( 'NONE',  ( -1.149999999999999911, 0.5300000000000001377, -1.149999999999999911 ) ) ;
#192 = DIRECTION ( 'NONE',  ( 0.000000000000000000, -0.000000000000000000, 1.000000000000000000 ) ) ;
#193 = EDGE_LOOP ( 'NONE', ( #633, #377, #2827, #1872 ) ) ;
#194 = ORIENTED_EDGE ( 'NONE', *, *, #1863, .F. ) ;
#195 = SURFACE_SIDE_STYLE ('',( #1519 ) ) ;
#196 = ORIENTED_EDGE ( 'NONE', *, *, #1593, .F. ) ;
#197 = ORIENTED_EDGE ( 'NONE', *, *, #212, .F. ) ;
#198 = PLANE ( 'NONE',  #1382 ) ;
#199 = DIRECTION ( 'NONE',  ( -0.000000000000000000, 1.000000000000000000, -0.000000000000000000 ) ) ;
#200 = EDGE_CURVE ( 'NONE', #1798, #2082, #518, .T. ) ;
#201 = VECTOR ( 'NONE', #2826, 1000.000000000000000 ) ;
#202 = FACE_OUTER_BOUND ( 'NONE', #1337, .T. ) ;
#203 = CARTESIAN_POINT ( 'NONE',  ( 0.000000000000000000, 0.000000000000000000, 0.000000000000000000 ) ) ;
#204 = EDGE_LOOP ( 'NONE', ( #1791, #1173, #2578, #872, #13, #2483 ) ) ;
#205 = DIRECTION ( 'NONE',  ( -1.000000000000000000, -0.000000000000000000, -0.000000000000000000 ) ) ;
#206 = VERTEX_POINT ( 'NONE', #2480 ) ;
#207 = AXIS2_PLACEMENT_3D ( 'NONE', #848, #1692, #2470 ) ;
#208 = AXIS2_PLACEMENT_3D ( 'NONE', #1527, #1493, #2400 ) ;
#209 = CARTESIAN_POINT ( 'NONE',  ( 0.8950000000000000178, 0.5500000000000001554, -0.5000000000000000000 ) ) ;
#210 = VERTEX_POINT ( 'NONE', #394 ) ;
#211 = CIRCLE ( 'NONE', #557, 0.05000000000000002359 ) ;
#212 = EDGE_CURVE ( 'NONE', #1396, #2570, #1316, .T. ) ;
#213 = ORIENTED_EDGE ( 'NONE', *, *, #2199, .T. ) ;
#214 = VERTEX_POINT ( 'NONE', #35 ) ;
#215 = DIRECTION ( 'NONE',  ( 1.000000000000000000, 0.000000000000000000, 0.000000000000000000 ) ) ;
#216 = DIRECTION ( 'NONE',  ( 0.000000000000000000, 0.000000000000000000, 1.000000000000000000 ) ) ;
#217 = VECTOR ( 'NONE', #1913, 1000.000000000000000 ) ;
#218 = CARTESIAN_POINT ( 'NONE',  ( 0.6670000000000004814, 0.5500000000000001554, -0.7500000000000000000 ) ) ;
#219 = CLOSED_SHELL ( 'NONE', ( #2158, #2042, #712, #2220, #1767, #384, #1912, #1167 ) ) ;
#220 = EDGE_CURVE ( 'NONE', #798, #16, #768, .T. ) ;
#221 = FACE_OUTER_BOUND ( 'NONE', #193, .T. ) ;
#222 = EDGE_CURVE ( 'NONE', #2798, #1904, #1194, .T. ) ;
#223 = ORIENTED_EDGE ( 'NONE', *, *, #771, .T. ) ;
#224 = DIRECTION ( 'NONE',  ( 0.000000000000000000, 1.000000000000000000, 0.000000000000000000 ) ) ;
#225 = ORIENTED_EDGE ( 'NONE', *, *, #2292, .T. ) ;
#226 = VECTOR ( 'NONE', #44, 1000.000000000000000 ) ;
#227 = EDGE_LOOP ( 'NONE', ( #1421, #3017, #2006, #738, #1058, #2804, #2062, #1123 ) ) ;
#228 = AXIS2_PLACEMENT_3D ( 'NONE', #59, #2628, #612 ) ;
#229 = ORIENTED_EDGE ( 'NONE', *, *, #1802, .F. ) ;
#230 = SURFACE_STYLE_FILL_AREA ( #2527 ) ;
#231 = ORIENTED_EDGE ( 'NONE', *, *, #1981, .F. ) ;
#232 = VERTEX_POINT ( 'NONE', #1121 ) ;
#233 = ORIENTED_EDGE ( 'NONE', *, *, #2260, .T. ) ;
#234 = CARTESIAN_POINT ( 'NONE',  ( 0.1689999999999999836, 0.5300000000000001377, -0.4499999999999996780 ) ) ;
#235 = STYLED_ITEM ( 'NONE', ( #1445 ), #1065 ) ;
#236 = CARTESIAN_POINT ( 'NONE',  ( -0.1599999999999999756, 0.3300000000000001266, -0.8454999999999995852 ) ) ;
#237 = COLOUR_RGB ( '',0.6666666666666666297, 0.6980392156862744724, 0.7686274509803920907 ) ;
#238 = CARTESIAN_POINT ( 'NONE',  ( 0.7970000000000004858, 0.5300000000000001377, -1.149999999999999911 ) ) ;
#239 = ORIENTED_EDGE ( 'NONE', *, *, #2124, .F. ) ;
#240 =( NAMED_UNIT ( * ) PLANE_ANGLE_UNIT ( ) SI_UNIT ( $, .RADIAN. ) );
#241 = ADVANCED_FACE ( 'NONE', ( #1817 ), #2748, .F. ) ;
#242 = VERTEX_POINT ( 'NONE', #988 ) ;
#243 = DIRECTION ( 'NONE',  ( 0.000000000000000000, 0.000000000000000000, -1.000000000000000000 ) ) ;
#244 = SURFACE_STYLE_USAGE ( .BOTH. , #2324 ) ;
#245 = EDGE_LOOP ( 'NONE', ( #1988, #940, #2009, #939, #1771, #439, #2994, #2572, #2981, #1158 ) ) ;
#246 = ORIENTED_EDGE ( 'NONE', *, *, #523, .T. ) ;
#247 = LINE ( 'NONE', #1885, #658 ) ;
#248 = DIRECTION ( 'NONE',  ( 0.000000000000000000, 0.000000000000000000, -1.000000000000000000 ) ) ;
#249 = LINE ( 'NONE', #2710, #10 ) ;
#250 = UNCERTAINTY_MEASURE_WITH_UNIT (LENGTH_MEASURE( 1.000000000000000082E-05 ), #281, 'distance_accuracy_value', 'NONE');
#251 = DIRECTION ( 'NONE',  ( -0.000000000000000000, 1.000000000000000000, -0.000000000000000000 ) ) ;
#252 = DIRECTION ( 'NONE',  ( 3.872150616019658834E-16, 0.000000000000000000, 1.000000000000000000 ) ) ;
#253 = DIRECTION ( 'NONE',  ( -0.000000000000000000, 0.000000000000000000, 1.000000000000000000 ) ) ;
#254 = PRESENTATION_LAYER_ASSIGNMENT (  '', '', ( #942 ) ) ;
#255 = EDGE_CURVE ( 'NONE', #649, #1154, #3018, .T. ) ;
#256 = EDGE_LOOP ( 'NONE', ( #163, #168, #2283, #3028 ) ) ;
#257 = AXIS2_PLACEMENT_3D ( 'NONE', #159, #2477, #807 ) ;
#258 = ORIENTED_EDGE ( 'NONE', *, *, #30, .T. ) ;
#259 = CARTESIAN_POINT ( 'NONE',  ( 0.6670000000000004814, 0.5500000000000001554, -0.8699999999999999956 ) ) ;
#260 = UNCERTAINTY_MEASURE_WITH_UNIT (LENGTH_MEASURE( 1.000000000000000082E-05 ), #521, 'distance_accuracy_value', 'NONE');
#261 = ADVANCED_FACE ( 'NONE', ( #887 ), #508, .F. ) ;
#262 = CARTESIAN_POINT ( 'NONE',  ( -0.8960000000000000187, 0.5500000000000001554, 0.8454999999999995852 ) ) ;
#263 = EDGE_CURVE ( 'NONE', #2053, #2031, #2412, .T. ) ;
#264 = ORIENTED_EDGE ( 'NONE', *, *, #1736, .T. ) ;
#265 = LINE ( 'NONE', #2104, #1054 ) ;
#266 = PRESENTATION_LAYER_ASSIGNMENT (  '', '', ( #1566 ) ) ;
#267 = CARTESIAN_POINT ( 'NONE',  ( 0.6769999999999996021, 0.5500000000000001554, 0.7500000000000000000 ) ) ;
#268 = AXIS2_PLACEMENT_3D ( 'NONE', #999, #1476, #787 ) ;
#269 = AXIS2_PLACEMENT_3D ( 'NONE', #528, #978, #1846 ) ;
#270 = SURFACE_SIDE_STYLE ('',( #2617 ) ) ;
#271 = VECTOR ( 'NONE', #64, 1000.000000000000000 ) ;
#272 = CARTESIAN_POINT ( 'NONE',  ( 0.5470000000000004858, 0.3300000000000001266, 0.8700000000000008837 ) ) ;
#273 = VECTOR ( 'NONE', #505, 1000.000000000000000 ) ;
#274 = CARTESIAN_POINT ( 'NONE',  ( -0.8459999999999996412, 0.3300000000000001266, 0.8954999999999999627 ) ) ;
#275 = CIRCLE ( 'NONE', #661, 0.1000000000000000472 ) ;
#276 = AXIS2_PLACEMENT_3D ( 'NONE', #634, #2929, #1094 ) ;
#277 = VERTEX_POINT ( 'NONE', #2535 ) ;
#278 = EDGE_CURVE ( 'NONE', #154, #364, #2857, .T. ) ;
#279 = MECHANICAL_DESIGN_GEOMETRIC_PRESENTATION_REPRESENTATION (  '', ( #46 ), #775 ) ;
#280 = LINE ( 'NONE', #2068, #1574 ) ;
#281 =( LENGTH_UNIT ( ) NAMED_UNIT ( * ) SI_UNIT ( .MILLI., .METRE. ) );
#282 = LINE ( 'NONE', #2781, #1628 ) ;
#283 = CARTESIAN_POINT ( 'NONE',  ( 0.6500510257216826071, 0.3300000000000001266, -0.5000000000000000000 ) ) ;
#284 = ORIENTED_EDGE ( 'NONE', *, *, #2666, .T. ) ;
#285 = CARTESIAN_POINT ( 'NONE',  ( 0.7970000000000005969, 0.5500000000000001554, -0.8699999999999999956 ) ) ;
#286 = DIRECTION ( 'NONE',  ( 0.000000000000000000, 0.000000000000000000, -1.000000000000000000 ) ) ;
#287 = LINE ( 'NONE', #1685, #2952 ) ;
#288 = AXIS2_PLACEMENT_3D ( 'NONE', #1972, #590, #2718 ) ;
#289 = CARTESIAN_POINT ( 'NONE',  ( -0.2099999999999999922, 0.5500000000000001554, -0.8454999999999999183 ) ) ;
#290 = FILL_AREA_STYLE ('',( #2356 ) ) ;
#291 = MECHANICAL_DESIGN_GEOMETRIC_PRESENTATION_REPRESENTATION (  '', ( #1573 ), #2377 ) ;
#292 = UNCERTAINTY_MEASURE_WITH_UNIT (LENGTH_MEASURE( 1.000000000000000082E-05 ), #2464, 'distance_accuracy_value', 'NONE');
#293 = DIRECTION ( 'NONE',  ( 0.000000000000000000, 0.000000000000000000, 1.000000000000000000 ) ) ;
#294 = EDGE_CURVE ( 'NONE', #232, #1198, #1136, .T. ) ;
#295 = CARTESIAN_POINT ( 'NONE',  ( 0.7970000000000005969, 0.5300000000000001377, -0.8699999999999999956 ) ) ;
#296 = CARTESIAN_POINT ( 'NONE',  ( 0.8950000000000000178, 0.5300000000000001377, 0.4499999999999996780 ) ) ;
#297 = DIRECTION ( 'NONE',  ( 0.000000000000000000, 0.000000000000000000, 1.000000000000000000 ) ) ;
#298 =( NAMED_UNIT ( * ) PLANE_ANGLE_UNIT ( ) SI_UNIT ( $, .RADIAN. ) );
#299 = EDGE_CURVE ( 'NONE', #727, #1180, #2992, .T. ) ;
#300 = CARTESIAN_POINT ( 'NONE',  ( -0.8459999999999999742, 0.3300000000000001266, 0.8454999999999999183 ) ) ;
#301 = PRESENTATION_LAYER_ASSIGNMENT (  '', '', ( #1318 ) ) ;
#302 = FACE_OUTER_BOUND ( 'NONE', #2439, .T. ) ;
#303 = CARTESIAN_POINT ( 'NONE',  ( 0.8550000000000003153, 0.3300000000000001266, -0.3040408205773457717 ) ) ;
#304 = ORIENTED_EDGE ( 'NONE', *, *, #2474, .F. ) ;
#305 = CIRCLE ( 'NONE', #257, 0.1000000000000000472 ) ;
#306 = CARTESIAN_POINT ( 'NONE',  ( 0.6670000000000004814, 0.3300000000000001266, -0.7500000000000000000 ) ) ;
#307 = CARTESIAN_POINT ( 'NONE',  ( 0.6670000000000004814, 0.3300000000000001266, -0.8699999999999999956 ) ) ;
#308 = CARTESIAN_POINT ( 'NONE',  ( -0.2100000000000003253, 0.3300000000000001266, -0.8954999999999999627 ) ) ;
#309 = CARTESIAN_POINT ( 'NONE',  ( 0.5470000000000003748, 0.5500000000000001554, -0.8699999999999999956 ) ) ;
#310 = DIRECTION ( 'NONE',  ( 0.000000000000000000, 1.000000000000000000, 0.000000000000000000 ) ) ;
#311 = DIRECTION ( 'NONE',  ( 0.000000000000000000, 0.000000000000000000, 1.000000000000000000 ) ) ;
#312 = CARTESIAN_POINT ( 'NONE',  ( 0.9500000000000003997, 0.000000000000000000, -1.050000000000000044 ) ) ;
#313 = COLOUR_RGB ( '',0.6666666666666666297, 0.6980392156862744724, 0.7686274509803920907 ) ;
#314 = EDGE_CURVE ( 'NONE', #1904, #1306, #1784, .T. ) ;
#315 =( GEOMETRIC_REPRESENTATION_CONTEXT ( 3 ) GLOBAL_UNCERTAINTY_ASSIGNED_CONTEXT ( ( #1162 ) ) GLOBAL_UNIT_ASSIGNED_CONTEXT ( ( #2663, #1258, #2172 ) ) REPRESENTATION_CONTEXT ( 'NONE', 'WORKASPACE' ) );
#316 = CARTESIAN_POINT ( 'NONE',  ( 0.8450000000000004174, 0.3300000000000001266, -0.2550510257216820897 ) ) ;
#317 = ORIENTED_EDGE ( 'NONE', *, *, #348, .T. ) ;
#318 = DIRECTION ( 'NONE',  ( 0.000000000000000000, 1.000000000000000000, 0.000000000000000000 ) ) ;
#319 = AXIS2_PLACEMENT_3D ( 'NONE', #2636, #2402, #2851 ) ;
#320 = CIRCLE ( 'NONE', #2463, 0.1199999999999999956 ) ;
#321 = DIRECTION ( 'NONE',  ( 0.000000000000000000, -1.000000000000000000, 0.000000000000000000 ) ) ;
#322 = PRESENTATION_LAYER_ASSIGNMENT (  '', '', ( #967 ) ) ;
#323 = CARTESIAN_POINT ( 'NONE',  ( -0.8459999999999999742, 0.5300000000000001377, -0.8454999999999999183 ) ) ;
#324 =( LENGTH_UNIT ( ) NAMED_UNIT ( * ) SI_UNIT ( .MILLI., .METRE. ) );
#325 = CARTESIAN_POINT ( 'NONE',  ( 0.2189999999999999725, 0.3300000000000001266, -0.4500000000000000111 ) ) ;
#326 = SURFACE_STYLE_FILL_AREA ( #1310 ) ;
#327 =( LENGTH_UNIT ( ) NAMED_UNIT ( * ) SI_UNIT ( .MILLI., .METRE. ) );
#328 = FACE_OUTER_BOUND ( 'NONE', #3004, .T. ) ;
#329 = CARTESIAN_POINT ( 'NONE',  ( 0.2189999999999999725, 0.5500000000000001554, 0.5000000000000000000 ) ) ;
#330 = DIRECTION ( 'NONE',  ( -3.872150616019658834E-16, 0.000000000000000000, 1.000000000000000000 ) ) ;
#331 = COLOUR_RGB ( '',0.6666666666666666297, 0.6980392156862744724, 0.7686274509803920907 ) ;
#332 = STYLED_ITEM ( 'NONE', ( #1818 ), #1334 ) ;
#333 = SURFACE_STYLE_USAGE ( .BOTH. , #772 ) ;
#334 = CARTESIAN_POINT ( 'NONE',  ( -0.8459999999999999742, 0.3300000000000001266, -0.8454999999999999183 ) ) ;
#335 = VERTEX_POINT ( 'NONE', #2367 ) ;
#336 = FACE_OUTER_BOUND ( 'NONE', #2582, .T. ) ;
#337 = LINE ( 'NONE', #832, #463 ) ;
#338 = DIRECTION ( 'NONE',  ( 0.000000000000000000, 0.000000000000000000, 1.000000000000000000 ) ) ;
#339 = CARTESIAN_POINT ( 'NONE',  ( 0.9500000000000003997, 0.05000000000000000278, -1.050000000000000044 ) ) ;
#340 = AXIS2_PLACEMENT_3D ( 'NONE', #958, #535, #248 ) ;
#341 = FACE_OUTER_BOUND ( 'NONE', #2252, .T. ) ;
#342 = LINE ( 'NONE', #2420, #804 ) ;
#343 =( NAMED_UNIT ( * ) SI_UNIT ( $, .STERADIAN. ) SOLID_ANGLE_UNIT ( ) );
#344 = CARTESIAN_POINT ( 'NONE',  ( -0.8459999999999996412, 0.3300000000000001266, -0.8954999999999999627 ) ) ;
#345 = DIRECTION ( 'NONE',  ( -0.000000000000000000, -1.000000000000000000, -0.000000000000000000 ) ) ;
#346 = EDGE_LOOP ( 'NONE', ( #233, #21, #1139, #951 ) ) ;
#347 = AXIS2_PLACEMENT_3D ( 'NONE', #19, #1877, #2382 ) ;
#348 = EDGE_CURVE ( 'NONE', #905, #700, #282, .T. ) ;
#349 = LINE ( 'NONE', #2709, #100 ) ;
#350 = LINE ( 'NONE', #2904, #1578 ) ;
#351 = CARTESIAN_POINT ( 'NONE',  ( 0.5470000000000004858, 0.3300000000000001266, 1.149999999999999911 ) ) ;
#352 = VERTEX_POINT ( 'NONE', #2380 ) ;
#353 = LINE ( 'NONE', #2037, #1623 ) ;
#354 = DIRECTION ( 'NONE',  ( 0.000000000000000000, -0.000000000000000000, 1.000000000000000000 ) ) ;
#355 = SURFACE_SIDE_STYLE ('',( #1066 ) ) ;
#356 = AXIS2_PLACEMENT_3D ( 'NONE', #2568, #2796, #2084 ) ;
#357 = LINE ( 'NONE', #1748, #1338 ) ;
#358 = DIRECTION ( 'NONE',  ( 0.000000000000000000, 0.000000000000000000, 1.000000000000000000 ) ) ;
#359 = ORIENTED_EDGE ( 'NONE', *, *, #899, .T. ) ;
#360 = VECTOR ( 'NONE', #1029, 1000.000000000000000 ) ;
#361 = PRESENTATION_LAYER_ASSIGNMENT (  '', '', ( #1665 ) ) ;
#362 = ORIENTED_EDGE ( 'NONE', *, *, #2319, .F. ) ;
#363 = AXIS2_PLACEMENT_3D ( 'NONE', #2918, #2196, #1944 ) ;
#364 = VERTEX_POINT ( 'NONE', #295 ) ;
#365 = CLOSED_SHELL ( 'NONE', ( #1334, #145, #2540, #1015, #409, #2706, #1956, #962, #1392, #42, #2905, #261 ) ) ;
#366 = CIRCLE ( 'NONE', #1530, 0.05000000000000002359 ) ;
#367 = SURFACE_STYLE_USAGE ( .BOTH. , #195 ) ;
#368 = SURFACE_SIDE_STYLE ('',( #2903 ) ) ;
#369 = EDGE_CURVE ( 'NONE', #971, #1180, #424, .T. ) ;
#370 = CARTESIAN_POINT ( 'NONE',  ( 0.2189999999999999725, 0.3300000000000001266, -0.4500000000000000111 ) ) ;
#371 = CARTESIAN_POINT ( 'NONE',  ( -0.2100000000000003253, 0.3300000000000001266, 0.8954999999999999627 ) ) ;
#372 = FILL_AREA_STYLE ('',( #111 ) ) ;
#373 = EDGE_CURVE ( 'NONE', #457, #1340, #2167, .T. ) ;
#374 = CARTESIAN_POINT ( 'NONE',  ( -1.149999999999999911, 0.5300000000000001377, -1.149999999999999911 ) ) ;
#375 = DIRECTION ( 'NONE',  ( 0.000000000000000000, 1.000000000000000000, -0.000000000000000000 ) ) ;
#376 = DIRECTION ( 'NONE',  ( 0.000000000000000000, 0.000000000000000000, 1.000000000000000000 ) ) ;
#377 = ORIENTED_EDGE ( 'NONE', *, *, #1190, .F. ) ;
#378 = AXIS2_PLACEMENT_3D ( 'NONE', #84, #2913, #54 ) ;
#379 = ORIENTED_EDGE ( 'NONE', *, *, #735, .F. ) ;
#380 =( GEOMETRIC_REPRESENTATION_CONTEXT ( 3 ) GLOBAL_UNCERTAINTY_ASSIGNED_CONTEXT ( ( #2128 ) ) GLOBAL_UNIT_ASSIGNED_CONTEXT ( ( #2799, #240, #1137 ) ) REPRESENTATION_CONTEXT ( 'NONE', 'WORKASPACE' ) );
#381 = FILL_AREA_STYLE_COLOUR ( '', #2609 ) ;
#382 = LINE ( 'NONE', #1022, #1205 ) ;
#383 = CARTESIAN_POINT ( 'NONE',  ( -0.2100000000000003253, 0.3300000000000001266, 0.8954999999999999627 ) ) ;
#384 = ADVANCED_FACE ( 'NONE', ( #2456 ), #79, .F. ) ;
#385 = EDGE_LOOP ( 'NONE', ( #475, #1865 ) ) ;
#386 = AXIS2_PLACEMENT_3D ( 'NONE', #2265, #421, #2547 ) ;
#387 = DIRECTION ( 'NONE',  ( 0.000000000000000000, 0.000000000000000000, -1.000000000000000000 ) ) ;
#388 = CARTESIAN_POINT ( 'NONE',  ( 0.7970000000000004858, 0.3300000000000001266, 1.149999999999999911 ) ) ;
#389 = CARTESIAN_POINT ( 'NONE',  ( 0.8449999999999996403, 0.3300000000000001266, 0.5000000000000000000 ) ) ;
#390 = EDGE_CURVE ( 'NONE', #886, #1787, #320, .T. ) ;
#391 =( LENGTH_UNIT ( ) NAMED_UNIT ( * ) SI_UNIT ( .MILLI., .METRE. ) );
#392 = EDGE_CURVE ( 'NONE', #28, #2657, #350, .T. ) ;
#393 = ORIENTED_EDGE ( 'NONE', *, *, #1130, .T. ) ;
#394 = CARTESIAN_POINT ( 'NONE',  ( 0.6769999999999996021, 0.3300000000000001266, 0.7500000000000000000 ) ) ;
#395 = DIRECTION ( 'NONE',  ( 1.000000000000000000, 0.000000000000000000, 0.000000000000000000 ) ) ;
#396 = ORIENTED_EDGE ( 'NONE', *, *, #993, .T. ) ;
#397 = STYLED_ITEM ( 'NONE', ( #1652 ), #822 ) ;
#398 = ORIENTED_EDGE ( 'NONE', *, *, #1492, .F. ) ;
#399 = DIRECTION ( 'NONE',  ( 0.000000000000000000, 1.000000000000000000, 0.000000000000000000 ) ) ;
#400 = CIRCLE ( 'NONE', #2693, 0.05000000000000002359 ) ;
#401 = DIRECTION ( 'NONE',  ( 0.000000000000000000, 0.000000000000000000, 1.000000000000000000 ) ) ;
#402 =( NAMED_UNIT ( * ) PLANE_ANGLE_UNIT ( ) SI_UNIT ( $, .RADIAN. ) );
#403 = PLANE ( 'NONE',  #1086 ) ;
#404 = DIRECTION ( 'NONE',  ( -0.000000000000000000, -1.000000000000000000, -0.000000000000000000 ) ) ;
#405 = ORIENTED_EDGE ( 'NONE', *, *, #2417, .T. ) ;
#406 = EDGE_LOOP ( 'NONE', ( #2859, #745, #3022, #2043 ) ) ;
#407 = EDGE_CURVE ( 'NONE', #1099, #2472, #2002, .T. ) ;
#408 = ORIENTED_EDGE ( 'NONE', *, *, #2320, .T. ) ;
#409 = ADVANCED_FACE ( 'NONE', ( #820 ), #1947, .F. ) ;
#410 = AXIS2_PLACEMENT_3D ( 'NONE', #948, #2601, #1908 ) ;
#411 = ORIENTED_EDGE ( 'NONE', *, *, #1736, .F. ) ;
#412 = ORIENTED_EDGE ( 'NONE', *, *, #2277, .F. ) ;
#413 = STYLED_ITEM ( 'NONE', ( #2507 ), #2158 ) ;
#414 =( GEOMETRIC_REPRESENTATION_CONTEXT ( 3 ) GLOBAL_UNCERTAINTY_ASSIGNED_CONTEXT ( ( #437 ) ) GLOBAL_UNIT_ASSIGNED_CONTEXT ( ( #851, #2925, #824 ) ) REPRESENTATION_CONTEXT ( 'NONE', 'WORKASPACE' ) );
#415 = DIRECTION ( 'NONE',  ( 0.000000000000000000, 1.000000000000000000, 0.000000000000000000 ) ) ;
#416 = AXIS2_PLACEMENT_3D ( 'NONE', #678, #2740, #645 ) ;
#417 = CARTESIAN_POINT ( 'NONE',  ( -0.1599999999999999756, 0.3300000000000001266, 0.8454999999999995852 ) ) ;
#418 = COLOUR_RGB ( '',0.6666666666666666297, 0.6980392156862744724, 0.7686274509803920907 ) ;
#419 =( GEOMETRIC_REPRESENTATION_CONTEXT ( 3 ) GLOBAL_UNCERTAINTY_ASSIGNED_CONTEXT ( ( #2638 ) ) GLOBAL_UNIT_ASSIGNED_CONTEXT ( ( #865, #2486, #1321 ) ) REPRESENTATION_CONTEXT ( 'NONE', 'WORKASPACE' ) );
#420 = DIRECTION ( 'NONE',  ( 0.000000000000000000, 1.000000000000000000, 0.000000000000000000 ) ) ;
#421 = DIRECTION ( 'NONE',  ( 0.000000000000000000, 1.000000000000000000, 0.000000000000000000 ) ) ;
#422 = LINE ( 'NONE', #711, #643 ) ;
#423 = VERTEX_POINT ( 'NONE', #1044 ) ;
#424 = LINE ( 'NONE', #2184, #2818 ) ;
#425 = LINE ( 'NONE', #455, #3032 ) ;
#426 = ORIENTED_EDGE ( 'NONE', *, *, #1170, .F. ) ;
#427 = ORIENTED_EDGE ( 'NONE', *, *, #2725, .T. ) ;
#428 = VERTEX_POINT ( 'NONE', #2920 ) ;
#429 = EDGE_CURVE ( 'NONE', #912, #445, #1728, .T. ) ;
#430 = ADVANCED_FACE ( 'NONE', ( #1296 ), #1074, .F. ) ;
#431 = EDGE_LOOP ( 'NONE', ( #1875, #2058, #476, #3027 ) ) ;
#432 = PRESENTATION_LAYER_ASSIGNMENT (  '', '', ( #235 ) ) ;
#433 = ORIENTED_EDGE ( 'NONE', *, *, #1067, .T. ) ;
#434 = CARTESIAN_POINT ( 'NONE',  ( 0.6670000000000004814, 0.5500000000000001554, 0.8699999999999999956 ) ) ;
#435 = CARTESIAN_POINT ( 'NONE',  ( 0.6500510257216826071, 0.3300000000000001266, -0.4500000000000000111 ) ) ;
#436 = DIRECTION ( 'NONE',  ( 0.000000000000000000, 1.000000000000000000, 0.000000000000000000 ) ) ;
#437 = UNCERTAINTY_MEASURE_WITH_UNIT (LENGTH_MEASURE( 1.000000000000000082E-05 ), #851, 'distance_accuracy_value', 'NONE');
#438 = FILL_AREA_STYLE_COLOUR ( '', #313 ) ;
#439 = ORIENTED_EDGE ( 'NONE', *, *, #1677, .F. ) ;
#440 = DIRECTION ( 'NONE',  ( 0.000000000000000000, 0.000000000000000000, 1.000000000000000000 ) ) ;
#441 = LINE ( 'NONE', #1833, #2168 ) ;
#442 = ADVANCED_FACE ( 'NONE', ( #522 ), #1208, .F. ) ;
#443 = ORIENTED_EDGE ( 'NONE', *, *, #3000, .F. ) ;
#444 = DIRECTION ( 'NONE',  ( 0.000000000000000000, 1.000000000000000000, 0.000000000000000000 ) ) ;
#445 = VERTEX_POINT ( 'NONE', #2437 ) ;
#446 = EDGE_CURVE ( 'NONE', #28, #1386, #707, .T. ) ;
#447 = EDGE_CURVE ( 'NONE', #1606, #210, #2406, .T. ) ;
#448 = ORIENTED_EDGE ( 'NONE', *, *, #1555, .F. ) ;
#449 = CARTESIAN_POINT ( 'NONE',  ( 0.6500510257216826071, 0.3300000000000001266, -0.5000000000000000000 ) ) ;
#450 =( LENGTH_UNIT ( ) NAMED_UNIT ( * ) SI_UNIT ( .MILLI., .METRE. ) );
#451 = LINE ( 'NONE', #309, #52 ) ;
#452 = CARTESIAN_POINT ( 'NONE',  ( 0.6500510257216826071, 0.3300000000000001266, -0.5000000000000000000 ) ) ;
#453 = ORIENTED_EDGE ( 'NONE', *, *, #1518, .F. ) ;
#454 = FILL_AREA_STYLE_COLOUR ( '', #1199 ) ;
#455 = CARTESIAN_POINT ( 'NONE',  ( 0.7970000000000005969, 0.3300000000000001266, -0.8699999999999999956 ) ) ;
#456 = ORIENTED_EDGE ( 'NONE', *, *, #1680, .T. ) ;
#457 = VERTEX_POINT ( 'NONE', #1254 ) ;
#458 = AXIS2_PLACEMENT_3D ( 'NONE', #2850, #2112, #969 ) ;
#459 = DIRECTION ( 'NONE',  ( 0.000000000000000000, 0.000000000000000000, 1.000000000000000000 ) ) ;
#460 = VERTEX_POINT ( 'NONE', #1898 ) ;
#461 = ORIENTED_EDGE ( 'NONE', *, *, #2278, .T. ) ;
#462 = VECTOR ( 'NONE', #1994, 1000.000000000000000 ) ;
#463 = VECTOR ( 'NONE', #1520, 1000.000000000000000 ) ;
#464 = DIRECTION ( 'NONE',  ( 0.000000000000000000, 0.000000000000000000, 1.000000000000000000 ) ) ;
#465 = EDGE_CURVE ( 'NONE', #1425, #423, #1940, .T. ) ;
#466 = LINE ( 'NONE', #234, #2785 ) ;
#467 = STYLED_ITEM ( 'NONE', ( #75 ), #537 ) ;
#468 = CARTESIAN_POINT ( 'NONE',  ( 0.8450000000000004174, 0.5300000000000001377, -0.2550510257216820897 ) ) ;
#469 = AXIS2_PLACEMENT_3D ( 'NONE', #1444, #1219, #53 ) ;
#470 = VECTOR ( 'NONE', #2995, 1000.000000000000000 ) ;
#471 = PRESENTATION_STYLE_ASSIGNMENT (( #1456 ) ) ;
#472 = VERTEX_POINT ( 'NONE', #2117 ) ;
#473 = CARTESIAN_POINT ( 'NONE',  ( 0.5470000000000004858, 0.5300000000000001377, 1.149999999999999911 ) ) ;
#474 =( GEOMETRIC_REPRESENTATION_CONTEXT ( 3 ) GLOBAL_UNCERTAINTY_ASSIGNED_CONTEXT ( ( #2314 ) ) GLOBAL_UNIT_ASSIGNED_CONTEXT ( ( #113, #146, #343 ) ) REPRESENTATION_CONTEXT ( 'NONE', 'WORKASPACE' ) );
#475 = ORIENTED_EDGE ( 'NONE', *, *, #500, .F. ) ;
#476 = ORIENTED_EDGE ( 'NONE', *, *, #1943, .T. ) ;
#477 = VERTEX_POINT ( 'NONE', #2146 ) ;
#478 = VERTEX_POINT ( 'NONE', #2670 ) ;
#479 = DIRECTION ( 'NONE',  ( -0.000000000000000000, -1.000000000000000000, -0.000000000000000000 ) ) ;
#480 =( LENGTH_UNIT ( ) NAMED_UNIT ( * ) SI_UNIT ( .MILLI., .METRE. ) );
#481 = COLOUR_RGB ( '',0.6666666666666666297, 0.6980392156862744724, 0.7686274509803920907 ) ;
#482 = LINE ( 'NONE', #3012, #1837 ) ;
#483 = AXIS2_PLACEMENT_3D ( 'NONE', #901, #2749, #192 ) ;
#484 = LINE ( 'NONE', #238, #2754 ) ;
#485 = CARTESIAN_POINT ( 'NONE',  ( -0.8960000000000000187, 0.3300000000000001266, 0.8454999999999995852 ) ) ;
#486 = ORIENTED_EDGE ( 'NONE', *, *, #884, .F. ) ;
#487 = CARTESIAN_POINT ( 'NONE',  ( 0.6670000000000004814, 0.3300000000000001266, -0.7500000000000000000 ) ) ;
#488 = ORIENTED_EDGE ( 'NONE', *, *, #407, .T. ) ;
#489 = EDGE_CURVE ( 'NONE', #2522, #2053, #41, .T. ) ;
#490 = DIRECTION ( 'NONE',  ( 0.000000000000000000, 0.000000000000000000, -1.000000000000000000 ) ) ;
#491 = EDGE_LOOP ( 'NONE', ( #2307, #2780, #2333, #433 ) ) ;
#492 = DIRECTION ( 'NONE',  ( -0.000000000000000000, -1.000000000000000000, -0.000000000000000000 ) ) ;
#493 = ORIENTED_EDGE ( 'NONE', *, *, #1497, .F. ) ;
#494 = DIRECTION ( 'NONE',  ( -0.000000000000000000, -1.000000000000000000, -0.000000000000000000 ) ) ;
#495 = LINE ( 'NONE', #283, #201 ) ;
#496 = PLANE ( 'NONE',  #1524 ) ;
#497 = PLANE ( 'NONE',  #1483 ) ;
#498 = AXIS2_PLACEMENT_3D ( 'NONE', #1957, #2188, #2926 ) ;
#499 = CARTESIAN_POINT ( 'NONE',  ( 0.2189999999999999725, 0.3300000000000001266, 0.5000000000000000000 ) ) ;
#500 = EDGE_CURVE ( 'NONE', #1360, #1599, #1052, .T. ) ;
#501 = DIRECTION ( 'NONE',  ( -0.000000000000000000, 0.000000000000000000, 1.000000000000000000 ) ) ;
#502 = ADVANCED_FACE ( 'NONE', ( #1463 ), #579, .F. ) ;
#503 = UNCERTAINTY_MEASURE_WITH_UNIT (LENGTH_MEASURE( 1.000000000000000082E-05 ), #2843, 'distance_accuracy_value', 'NONE');
#504 = CIRCLE ( 'NONE', #1894, 0.05000000000000002359 ) ;
#505 = DIRECTION ( 'NONE',  ( -0.000000000000000000, 1.000000000000000000, -0.000000000000000000 ) ) ;
#506 = COLOUR_RGB ( '',0.6666666666666666297, 0.6980392156862744724, 0.7686274509803920907 ) ;
#507 = FACE_OUTER_BOUND ( 'NONE', #1850, .T. ) ;
#508 = PLANE ( 'NONE',  #27 ) ;
#509 = SURFACE_STYLE_USAGE ( .BOTH. , #1454 ) ;
#510 = PRESENTATION_LAYER_ASSIGNMENT (  '', '', ( #116 ) ) ;
#511 = LINE ( 'NONE', #2551, #756 ) ;
#512 = CARTESIAN_POINT ( 'NONE',  ( -0.8459999999999996412, 0.5300000000000001377, 0.8954999999999999627 ) ) ;
#513 = AXIS2_PLACEMENT_3D ( 'NONE', #2627, #817, #106 ) ;
#514 = DIRECTION ( 'NONE',  ( 0.000000000000000000, 0.000000000000000000, 1.000000000000000000 ) ) ;
#515 = EDGE_LOOP ( 'NONE', ( #2766, #448, #2801, #670 ) ) ;
#516 = STYLED_ITEM ( 'NONE', ( #1579 ), #2788 ) ;
#517 = DIRECTION ( 'NONE',  ( 0.000000000000000000, 1.000000000000000000, -0.000000000000000000 ) ) ;
#518 = CIRCLE ( 'NONE', #76, 0.1199999999999999956 ) ;
#519 = PLANE ( 'NONE',  #469 ) ;
#520 = ORIENTED_EDGE ( 'NONE', *, *, #200, .F. ) ;
#521 =( LENGTH_UNIT ( ) NAMED_UNIT ( * ) SI_UNIT ( .MILLI., .METRE. ) );
#522 = FACE_OUTER_BOUND ( 'NONE', #639, .T. ) ;
#523 = EDGE_CURVE ( 'NONE', #1808, #837, #1266, .T. ) ;
#524 = CARTESIAN_POINT ( 'NONE',  ( -0.1599999999999999756, 0.5500000000000001554, 0.8454999999999995852 ) ) ;
#525 = SURFACE_SIDE_STYLE ('',( #744 ) ) ;
#526 = CARTESIAN_POINT ( 'NONE',  ( 0.5470000000000003748, 0.3300000000000001266, -0.8699999999999999956 ) ) ;
#527 = DIRECTION ( 'NONE',  ( 6.151056493397640926E-16, -0.000000000000000000, -1.000000000000000000 ) ) ;
#528 = CARTESIAN_POINT ( 'NONE',  ( 0.9500000000000003997, 0.05000000000000000278, -0.9499999999999998446 ) ) ;
#529 = AXIS2_PLACEMENT_3D ( 'NONE', #259, #399, #151 ) ;
#530 = LINE ( 'NONE', #2878, #656 ) ;
#531 = DIRECTION ( 'NONE',  ( -1.885568995626964287E-16, -0.000000000000000000, -1.000000000000000000 ) ) ;
#532 = DIRECTION ( 'NONE',  ( 0.000000000000000000, 0.000000000000000000, -1.000000000000000000 ) ) ;
#533 = DIRECTION ( 'NONE',  ( 0.000000000000000000, -1.000000000000000000, 0.000000000000000000 ) ) ;
#534 = SURFACE_SIDE_STYLE ('',( #2873 ) ) ;
#535 = DIRECTION ( 'NONE',  ( 1.000000000000000000, 0.000000000000000000, 0.000000000000000000 ) ) ;
#536 = SURFACE_SIDE_STYLE ('',( #1508 ) ) ;
#537 = ADVANCED_FACE ( 'NONE', ( #2129 ), #497, .F. ) ;
#538 = SURFACE_STYLE_FILL_AREA ( #2630 ) ;
#539 = EDGE_CURVE ( 'NONE', #2561, #1381, #2149, .T. ) ;
#540 = CARTESIAN_POINT ( 'NONE',  ( -0.8459999999999996412, 0.3300000000000001266, 0.8954999999999999627 ) ) ;
#541 = CARTESIAN_POINT ( 'NONE',  ( 0.6670000000000004814, 0.5500000000000001554, -0.7500000000000000000 ) ) ;
#542 = SURFACE_SIDE_STYLE ('',( #792 ) ) ;
#543 =( NAMED_UNIT ( * ) PLANE_ANGLE_UNIT ( ) SI_UNIT ( $, .RADIAN. ) );
#544 = VECTOR ( 'NONE', #2548, 1000.000000000000000 ) ;
#545 = DIRECTION ( 'NONE',  ( 0.000000000000000000, 0.000000000000000000, -1.000000000000000000 ) ) ;
#546 = CARTESIAN_POINT ( 'NONE',  ( -1.149999999999999689, 0.5300000000000001377, 1.149999999999999911 ) ) ;
#547 = ORIENTED_EDGE ( 'NONE', *, *, #2665, .F. ) ;
#548 =( GEOMETRIC_REPRESENTATION_CONTEXT ( 3 ) GLOBAL_UNCERTAINTY_ASSIGNED_CONTEXT ( ( #725 ) ) GLOBAL_UNIT_ASSIGNED_CONTEXT ( ( #556, #1459, #1489 ) ) REPRESENTATION_CONTEXT ( 'NONE', 'WORKASPACE' ) );
#549 = FILL_AREA_STYLE ('',( #2914 ) ) ;
#550 = CARTESIAN_POINT ( 'NONE',  ( 0.5470000000000004858, 0.5500000000000001554, -1.149999999999999911 ) ) ;
#551 = DIRECTION ( 'NONE',  ( 0.000000000000000000, 1.000000000000000000, 0.000000000000000000 ) ) ;
#552 = CARTESIAN_POINT ( 'NONE',  ( 0.6770000000000004903, 0.5500000000000001554, 0.8699999999999999956 ) ) ;
#553 = CARTESIAN_POINT ( 'NONE',  ( 0.8950000000000003508, 0.3300000000000001266, -0.2550510257216820897 ) ) ;
#554 =( LENGTH_UNIT ( ) NAMED_UNIT ( * ) SI_UNIT ( .MILLI., .METRE. ) );
#555 = CARTESIAN_POINT ( 'NONE',  ( -0.2099999999999999922, 0.5500000000000001554, 0.8454999999999999183 ) ) ;
#556 =( LENGTH_UNIT ( ) NAMED_UNIT ( * ) SI_UNIT ( .MILLI., .METRE. ) );
#557 = AXIS2_PLACEMENT_3D ( 'NONE', #1879, #990, #2845 ) ;
#558 = PRESENTATION_LAYER_ASSIGNMENT (  '', '', ( #467 ) ) ;
#559 = CARTESIAN_POINT ( 'NONE',  ( 0.1689999999999999836, 0.5500000000000001554, -0.4499999999999996225 ) ) ;
#560 =( LENGTH_UNIT ( ) NAMED_UNIT ( * ) SI_UNIT ( .MILLI., .METRE. ) );
#561 = PRESENTATION_LAYER_ASSIGNMENT (  '', '', ( #1958 ) ) ;
#562 = STYLED_ITEM ( 'NONE', ( #1724 ), #2731 ) ;
#563 = CARTESIAN_POINT ( 'NONE',  ( 0.8950000000000003508, 0.3300000000000001266, -0.2550510257216820897 ) ) ;
#564 = SURFACE_SIDE_STYLE ('',( #799 ) ) ;
#565 = EDGE_LOOP ( 'NONE', ( #1329, #1184, #2789, #1464, #1041, #1871, #379, #1092 ) ) ;
#566 =( NAMED_UNIT ( * ) PLANE_ANGLE_UNIT ( ) SI_UNIT ( $, .RADIAN. ) );
#567 = CARTESIAN_POINT ( 'NONE',  ( -1.149999999999999911, 0.000000000000000000, -1.149999999999999911 ) ) ;
#568 = DIRECTION ( 'NONE',  ( 0.000000000000000000, 1.000000000000000000, -0.000000000000000000 ) ) ;
#569 = DIRECTION ( 'NONE',  ( 0.000000000000000000, 1.000000000000000000, 0.000000000000000000 ) ) ;
#570 = CARTESIAN_POINT ( 'NONE',  ( 1.149999999999999911, 0.000000000000000000, -1.149999999999999911 ) ) ;
#571 = EDGE_CURVE ( 'NONE', #477, #2947, #2156, .T. ) ;
#572 = DIRECTION ( 'NONE',  ( 0.000000000000000000, 0.000000000000000000, -1.000000000000000000 ) ) ;
#573 = CARTESIAN_POINT ( 'NONE',  ( 0.6670000000000004814, 0.3300000000000001266, -0.8699999999999999956 ) ) ;
#574 = CARTESIAN_POINT ( 'NONE',  ( 0.7970000000000004858, 0.3300000000000001266, -1.149999999999999911 ) ) ;
#575 = SURFACE_STYLE_USAGE ( .BOTH. , #2018 ) ;
#576 = DIRECTION ( 'NONE',  ( 0.000000000000000000, 1.000000000000000000, 0.000000000000000000 ) ) ;
#577 = COLOUR_RGB ( '',0.6666666666666666297, 0.6980392156862744724, 0.7686274509803920907 ) ;
#578 = EDGE_CURVE ( 'NONE', #2017, #2335, #2085, .T. ) ;
#579 = PLANE ( 'NONE',  #1620 ) ;
#580 = FILL_AREA_STYLE ('',( #77 ) ) ;
#581 =( LENGTH_UNIT ( ) NAMED_UNIT ( * ) SI_UNIT ( .MILLI., .METRE. ) );
#582 =( NAMED_UNIT ( * ) PLANE_ANGLE_UNIT ( ) SI_UNIT ( $, .RADIAN. ) );
#583 = DIRECTION ( 'NONE',  ( -0.000000000000000000, -0.000000000000000000, -1.000000000000000000 ) ) ;
#584 = ORIENTED_EDGE ( 'NONE', *, *, #167, .T. ) ;
#585 = FILL_AREA_STYLE ('',( #1906 ) ) ;
#586 = DIRECTION ( 'NONE',  ( 0.000000000000000000, 0.000000000000000000, 1.000000000000000000 ) ) ;
#587 = EDGE_CURVE ( 'NONE', #1787, #912, #1907, .T. ) ;
#588 = DIRECTION ( 'NONE',  ( 0.000000000000000000, 1.000000000000000000, 0.000000000000000000 ) ) ;
#589 = DIRECTION ( 'NONE',  ( -0.000000000000000000, -1.000000000000000000, -0.000000000000000000 ) ) ;
#590 = DIRECTION ( 'NONE',  ( 0.000000000000000000, 1.000000000000000000, -0.000000000000000000 ) ) ;
#591 = ORIENTED_EDGE ( 'NONE', *, *, #1518, .T. ) ;
#592 = ADVANCED_FACE ( 'NONE', ( #50 ), #781, .T. ) ;
#593 = ORIENTED_EDGE ( 'NONE', *, *, #1537, .T. ) ;
#594 = CIRCLE ( 'NONE', #748, 0.05000000000000002359 ) ;
#595 = LINE ( 'NONE', #1481, #1819 ) ;
#596 = DIRECTION ( 'NONE',  ( -0.000000000000000000, 1.000000000000000000, -0.000000000000000000 ) ) ;
#597 = LINE ( 'NONE', #339, #2650 ) ;
#598 = FACE_OUTER_BOUND ( 'NONE', #2534, .T. ) ;
#599 = DIRECTION ( 'NONE',  ( 0.000000000000000000, 0.000000000000000000, 1.000000000000000000 ) ) ;
#600 = COLOUR_RGB ( '',0.6666666666666666297, 0.6980392156862744724, 0.7686274509803920907 ) ;
#601 = VECTOR ( 'NONE', #2204, 1000.000000000000000 ) ;
#602 = LINE ( 'NONE', #1528, #2207 ) ;
#603 = FILL_AREA_STYLE ('',( #1095 ) ) ;
#604 = ORIENTED_EDGE ( 'NONE', *, *, #864, .F. ) ;
#605 = ORIENTED_EDGE ( 'NONE', *, *, #299, .T. ) ;
#606 = AXIS2_PLACEMENT_3D ( 'NONE', #1043, #2428, #2658 ) ;
#607 = EDGE_CURVE ( 'NONE', #3037, #2996, #2618, .T. ) ;
#608 = VECTOR ( 'NONE', #2892, 1000.000000000000000 ) ;
#609 = EDGE_LOOP ( 'NONE', ( #593, #443, #1354, #1836 ) ) ;
#610 = ORIENTED_EDGE ( 'NONE', *, *, #1838, .F. ) ;
#611 = DIRECTION ( 'NONE',  ( 0.000000000000000000, 1.000000000000000000, 0.000000000000000000 ) ) ;
#612 = DIRECTION ( 'NONE',  ( 1.000000000000000000, 0.000000000000000000, -0.000000000000000000 ) ) ;
#613 = LINE ( 'NONE', #351, #1938 ) ;
#614 = EDGE_CURVE ( 'NONE', #214, #700, #1284, .T. ) ;
#615 = EDGE_CURVE ( 'NONE', #1141, #2022, #1645, .T. ) ;
#616 = ORIENTED_EDGE ( 'NONE', *, *, #2383, .F. ) ;
#617 = DIRECTION ( 'NONE',  ( -0.000000000000000000, 1.000000000000000000, -0.000000000000000000 ) ) ;
#618 = VERTEX_POINT ( 'NONE', #2384 ) ;
#619 = DIRECTION ( 'NONE',  ( 0.000000000000000000, 0.000000000000000000, 1.000000000000000000 ) ) ;
#620 = PRESENTATION_STYLE_ASSIGNMENT (( #635 ) ) ;
#621 = ORIENTED_EDGE ( 'NONE', *, *, #48, .T. ) ;
#622 = STYLED_ITEM ( 'NONE', ( #620 ), #1167 ) ;
#623 = ORIENTED_EDGE ( 'NONE', *, *, #2883, .F. ) ;
#624 = ORIENTED_EDGE ( 'NONE', *, *, #2907, .T. ) ;
#625 = PRESENTATION_LAYER_ASSIGNMENT (  '', '', ( #1917 ) ) ;
#626 = CARTESIAN_POINT ( 'NONE',  ( -0.8459999999999996412, 0.3300000000000001266, -0.8954999999999999627 ) ) ;
#627 = PLANE ( 'NONE',  #906 ) ;
#628 = EDGE_CURVE ( 'NONE', #1640, #1544, #1010, .T. ) ;
#629 = SURFACE_SIDE_STYLE ('',( #2730 ) ) ;
#630 = EDGE_CURVE ( 'NONE', #210, #445, #1920, .T. ) ;
#631 = SURFACE_STYLE_USAGE ( .BOTH. , #852 ) ;
#632 = SHAPE_DEFINITION_REPRESENTATION ( #2946, #2731 ) ;
#633 = ORIENTED_EDGE ( 'NONE', *, *, #884, .T. ) ;
#634 = CARTESIAN_POINT ( 'NONE',  ( 0.6500510257216826071, 0.5500000000000001554, -0.4500000000000000111 ) ) ;
#635 = SURFACE_STYLE_USAGE ( .BOTH. , #873 ) ;
#636 = VERTEX_POINT ( 'NONE', #965 ) ;
#637 = ORIENTED_EDGE ( 'NONE', *, *, #571, .T. ) ;
#638 = PRESENTATION_LAYER_ASSIGNMENT (  '', '', ( #397 ) ) ;
#639 = EDGE_LOOP ( 'NONE', ( #1765, #2525, #3040, #1635 ) ) ;
#640 = VERTEX_POINT ( 'NONE', #512 ) ;
#641 = SURFACE_STYLE_USAGE ( .BOTH. , #150 ) ;
#642 = CYLINDRICAL_SURFACE ( 'NONE', #2672, 0.05000000000000002359 ) ;
#643 = VECTOR ( 'NONE', #2281, 1000.000000000000000 ) ;
#644 = AXIS2_PLACEMENT_3D ( 'NONE', #1997, #1273, #1717 ) ;
#645 = DIRECTION ( 'NONE',  ( 0.000000000000000000, 0.000000000000000000, 1.000000000000000000 ) ) ;
#646 = DIRECTION ( 'NONE',  ( 1.000000000000000000, 0.000000000000000000, 0.000000000000000000 ) ) ;
#647 = LINE ( 'NONE', #218, #795 ) ;
#648 = CYLINDRICAL_SURFACE ( 'NONE', #2600, 0.1199999999999999956 ) ;
#649 = VERTEX_POINT ( 'NONE', #541 ) ;
#650 = DIRECTION ( 'NONE',  ( 0.000000000000000000, 0.000000000000000000, 1.000000000000000000 ) ) ;
#651 = LINE ( 'NONE', #2510, #1259 ) ;
#652 = COLOUR_RGB ( '',0.6666666666666666297, 0.6980392156862744724, 0.7686274509803920907 ) ;
#653 = ORIENTED_EDGE ( 'NONE', *, *, #3021, .F. ) ;
#654 = ORIENTED_EDGE ( 'NONE', *, *, #222, .T. ) ;
#655 = PRESENTATION_LAYER_ASSIGNMENT (  '', '', ( #1945 ) ) ;
#656 = VECTOR ( 'NONE', #2830, 1000.000000000000000 ) ;
#657 = CYLINDRICAL_SURFACE ( 'NONE', #1805, 0.05000000000000002359 ) ;
#658 = VECTOR ( 'NONE', #1451, 1000.000000000000000 ) ;
#659 = ORIENTED_EDGE ( 'NONE', *, *, #2008, .T. ) ;
#660 = COLOUR_RGB ( '',0.6666666666666666297, 0.6980392156862744724, 0.7686274509803920907 ) ;
#661 = AXIS2_PLACEMENT_3D ( 'NONE', #1447, #321, #1506 ) ;
#662 = ORIENTED_EDGE ( 'NONE', *, *, #2848, .F. ) ;
#663 = CARTESIAN_POINT ( 'NONE',  ( -1.149999999999999911, 0.5300000000000001377, -1.149999999999999911 ) ) ;
#664 = DIRECTION ( 'NONE',  ( 0.000000000000000000, -0.000000000000000000, 1.000000000000000000 ) ) ;
#665 = EDGE_CURVE ( 'NONE', #2528, #690, #530, .T. ) ;
#666 = SURFACE_SIDE_STYLE ('',( #1815 ) ) ;
#667 = ORIENTED_EDGE ( 'NONE', *, *, #1373, .T. ) ;
#668 = DIRECTION ( 'NONE',  ( 0.000000000000000000, -0.000000000000000000, 1.000000000000000000 ) ) ;
#669 = APPLICATION_CONTEXT ( 'automotive_design' ) ;
#670 = ORIENTED_EDGE ( 'NONE', *, *, #1763, .T. ) ;
#671 = EDGE_CURVE ( 'NONE', #2720, #364, #2358, .T. ) ;
#672 = VERTEX_POINT ( 'NONE', #272 ) ;
#673 = EDGE_CURVE ( 'NONE', #2616, #2053, #2846, .T. ) ;
#674 = ORIENTED_EDGE ( 'NONE', *, *, #1680, .F. ) ;
#675 = ORIENTED_EDGE ( 'NONE', *, *, #571, .F. ) ;
#676 = MECHANICAL_DESIGN_GEOMETRIC_PRESENTATION_REPRESENTATION (  '', ( #235 ), #1155 ) ;
#677 = ORIENTED_EDGE ( 'NONE', *, *, #183, .F. ) ;
#678 = CARTESIAN_POINT ( 'NONE',  ( 0.8450000000000004174, 0.3300000000000001266, -0.2550510257216820897 ) ) ;
#679 = CARTESIAN_POINT ( 'NONE',  ( 0.5470000000000004858, 0.3300000000000001266, -1.149999999999999911 ) ) ;
#680 = AXIS2_PLACEMENT_3D ( 'NONE', #928, #2999, #189 ) ;
#681 = PLANE ( 'NONE',  #2951 ) ;
#682 = UNCERTAINTY_MEASURE_WITH_UNIT (LENGTH_MEASURE( 1.000000000000000082E-05 ), #2668, 'distance_accuracy_value', 'NONE');
#683 =( LENGTH_UNIT ( ) NAMED_UNIT ( * ) SI_UNIT ( .MILLI., .METRE. ) );
#684 = EDGE_LOOP ( 'NONE', ( #456, #411, #426, #1387 ) ) ;
#685 = DIRECTION ( 'NONE',  ( -0.000000000000000000, 1.000000000000000000, -0.000000000000000000 ) ) ;
#686 = CARTESIAN_POINT ( 'NONE',  ( -0.2100000000000003253, 0.5300000000000001377, -0.8954999999999999627 ) ) ;
#687 = ORIENTED_EDGE ( 'NONE', *, *, #255, .F. ) ;
#688 = EDGE_CURVE ( 'NONE', #428, #2839, #2123, .T. ) ;
#689 = CARTESIAN_POINT ( 'NONE',  ( 0.2190000000000003333, 0.3300000000000001266, -0.5000000000000000000 ) ) ;
#690 = VERTEX_POINT ( 'NONE', #763 ) ;
#691 = ORIENTED_EDGE ( 'NONE', *, *, #1039, .F. ) ;
#692 = ORIENTED_EDGE ( 'NONE', *, *, #1693, .T. ) ;
#693 = CARTESIAN_POINT ( 'NONE',  ( 0.7970000000000005969, 0.5300000000000001377, 1.149999999999999911 ) ) ;
#694 = COLOUR_RGB ( '',0.2980392156862745057, 0.2980392156862745057, 0.2980392156862745057 ) ;
#695 = PLANE ( 'NONE',  #2442 ) ;
#696 = VECTOR ( 'NONE', #2909, 1000.000000000000000 ) ;
#697 = CARTESIAN_POINT ( 'NONE',  ( 0.1689999999999999836, 0.5500000000000001554, 0.4499999999999996780 ) ) ;
#698 = ORIENTED_EDGE ( 'NONE', *, *, #1735, .F. ) ;
#699 = DIRECTION ( 'NONE',  ( 0.000000000000000000, 1.000000000000000000, 0.000000000000000000 ) ) ;
#700 = VERTEX_POINT ( 'NONE', #1673 ) ;
#701 = DIRECTION ( 'NONE',  ( -1.000000000000000000, 0.000000000000000000, -0.000000000000000000 ) ) ;
#702 = COLOUR_RGB ( '',0.6666666666666666297, 0.6980392156862744724, 0.7686274509803920907 ) ;
#703 = ADVANCED_FACE ( 'NONE', ( #1458 ), #158, .T. ) ;
#704 = DIRECTION ( 'NONE',  ( 0.000000000000000000, 0.000000000000000000, 1.000000000000000000 ) ) ;
#705 = ORIENTED_EDGE ( 'NONE', *, *, #665, .F. ) ;
#706 = AXIS2_PLACEMENT_3D ( 'NONE', #1242, #835, #2937 ) ;
#707 = CIRCLE ( 'NONE', #1383, 0.05000000000000002359 ) ;
#708 = COLOUR_RGB ( '',0.6666666666666666297, 0.6980392156862744724, 0.7686274509803920907 ) ;
#709 = CARTESIAN_POINT ( 'NONE',  ( 0.6500510257216826071, 0.3300000000000001266, -0.4500000000000000111 ) ) ;
#710 = ADVANCED_FACE ( 'NONE', ( #1488 ), #1933, .F. ) ;
#711 = CARTESIAN_POINT ( 'NONE',  ( 0.6990408205773460670, 0.5500000000000001554, -0.4600000000000000755 ) ) ;
#712 = ADVANCED_FACE ( 'NONE', ( #341 ), #1035, .F. ) ;
#713 = UNCERTAINTY_MEASURE_WITH_UNIT (LENGTH_MEASURE( 1.000000000000000082E-05 ), #581, 'distance_accuracy_value', 'NONE');
#714 = COLOUR_RGB ( '',0.6666666666666666297, 0.6980392156862744724, 0.7686274509803920907 ) ;
#715 = VECTOR ( 'NONE', #2063, 1000.000000000000000 ) ;
#716 = FACE_OUTER_BOUND ( 'NONE', #431, .T. ) ;
#717 = ORIENTED_EDGE ( 'NONE', *, *, #2883, .T. ) ;
#718 = FACE_BOUND ( 'NONE', #1631, .T. ) ;
#719 =( GEOMETRIC_REPRESENTATION_CONTEXT ( 3 ) GLOBAL_UNCERTAINTY_ASSIGNED_CONTEXT ( ( #2533 ) ) GLOBAL_UNIT_ASSIGNED_CONTEXT ( ( #1916, #2889, #108 ) ) REPRESENTATION_CONTEXT ( 'NONE', 'WORKASPACE' ) );
#720 = LINE ( 'NONE', #2880, #1001 ) ;
#721 = EDGE_LOOP ( 'NONE', ( #1402, #2653, #2285, #1084 ) ) ;
#722 = SURFACE_STYLE_FILL_AREA ( #935 ) ;
#723 = VERTEX_POINT ( 'NONE', #388 ) ;
#724 = PRODUCT_RELATED_PRODUCT_CATEGORY ( 'part', '', ( #2635 ) ) ;
#725 = UNCERTAINTY_MEASURE_WITH_UNIT (LENGTH_MEASURE( 1.000000000000000082E-05 ), #556, 'distance_accuracy_value', 'NONE');
#726 =( LENGTH_UNIT ( ) NAMED_UNIT ( * ) SI_UNIT ( .MILLI., .METRE. ) );
#727 = VERTEX_POINT ( 'NONE', #1063 ) ;
#728 = VERTEX_POINT ( 'NONE', #2695 ) ;
#729 = FACE_OUTER_BOUND ( 'NONE', #2127, .T. ) ;
#730 = FILL_AREA_STYLE ('',( #2119 ) ) ;
#731 = LINE ( 'NONE', #1918, #2076 ) ;
#732 = ORIENTED_EDGE ( 'NONE', *, *, #1780, .T. ) ;
#733 = EDGE_CURVE ( 'NONE', #2798, #2080, #1510, .T. ) ;
#734 = CARTESIAN_POINT ( 'NONE',  ( 0.1689999999999999836, 0.5300000000000001377, 0.4499999999999996780 ) ) ;
#735 = EDGE_CURVE ( 'NONE', #1832, #1556, #2502, .T. ) ;
#736 = DIRECTION ( 'NONE',  ( 0.000000000000000000, 0.000000000000000000, 1.000000000000000000 ) ) ;
#737 = SURFACE_STYLE_FILL_AREA ( #1410 ) ;
#738 = ORIENTED_EDGE ( 'NONE', *, *, #1300, .F. ) ;
#739 = FILL_AREA_STYLE ('',( #2836 ) ) ;
#740 = ORIENTED_EDGE ( 'NONE', *, *, #447, .T. ) ;
#741 = COLOUR_RGB ( '',0.6666666666666666297, 0.6980392156862744724, 0.7686274509803920907 ) ;
#742 = ORIENTED_EDGE ( 'NONE', *, *, #48, .F. ) ;
#743 = SURFACE_SIDE_STYLE ('',( #1876 ) ) ;
#744 = SURFACE_STYLE_FILL_AREA ( #1003 ) ;
#745 = ORIENTED_EDGE ( 'NONE', *, *, #2008, .F. ) ;
#746 = CARTESIAN_POINT ( 'NONE',  ( -0.2100000000000003253, 0.5300000000000001377, 0.8954999999999999627 ) ) ;
#747 = CARTESIAN_POINT ( 'NONE',  ( 0.7970000000000004858, 0.5300000000000001377, 1.149999999999999911 ) ) ;
#748 = AXIS2_PLACEMENT_3D ( 'NONE', #1119, #1781, #2742 ) ;
#749 = ORIENTED_EDGE ( 'NONE', *, *, #220, .T. ) ;
#750 = ADVANCED_FACE ( 'NONE', ( #598 ), #143, .T. ) ;
#751 = UNCERTAINTY_MEASURE_WITH_UNIT (LENGTH_MEASURE( 1.000000000000000082E-05 ), #2954, 'distance_accuracy_value', 'NONE');
#752 = APPLICATION_PROTOCOL_DEFINITION ( 'draft international standard', 'automotive_design', 1998, #669 ) ;
#753 = DIRECTION ( 'NONE',  ( 1.000000000000000000, 0.000000000000000000, 0.000000000000000000 ) ) ;
#754 = AXIS2_PLACEMENT_3D ( 'NONE', #289, #1218, #1183 ) ;
#755 = FACE_OUTER_BOUND ( 'NONE', #1962, .T. ) ;
#756 = VECTOR ( 'NONE', #1163, 1000.000000000000000 ) ;
#757 = DIRECTION ( 'NONE',  ( -0.000000000000000000, 1.000000000000000000, -0.000000000000000000 ) ) ;
#758 =( NAMED_UNIT ( * ) SI_UNIT ( $, .STERADIAN. ) SOLID_ANGLE_UNIT ( ) );
#759 = MECHANICAL_DESIGN_GEOMETRIC_PRESENTATION_REPRESENTATION (  '', ( #1665 ), #1899 ) ;
#760 = ORIENTED_EDGE ( 'NONE', *, *, #788, .F. ) ;
#761 = CARTESIAN_POINT ( 'NONE',  ( 0.6770000000000004903, 0.3300000000000001266, -0.7500000000000000000 ) ) ;
#762 = VECTOR ( 'NONE', #2861, 1000.000000000000000 ) ;
#763 = CARTESIAN_POINT ( 'NONE',  ( -0.2100000000000003253, 0.3300000000000001266, -0.8954999999999999627 ) ) ;
#764 = FILL_AREA_STYLE ('',( #2419 ) ) ;
#765 = EDGE_CURVE ( 'NONE', #2335, #2261, #466, .T. ) ;
#766 = PRESENTATION_LAYER_ASSIGNMENT (  '', '', ( #1011 ) ) ;
#767 = VECTOR ( 'NONE', #704, 1000.000000000000000 ) ;
#768 = CIRCLE ( 'NONE', #1291, 0.05000000000000002359 ) ;
#769 = PRESENTATION_STYLE_ASSIGNMENT (( #2866 ) ) ;
#770 = STYLED_ITEM ( 'NONE', ( #2455 ), #845 ) ;
#771 = EDGE_CURVE ( 'NONE', #1633, #1363, #1683, .T. ) ;
#772 = SURFACE_SIDE_STYLE ('',( #2871 ) ) ;
#773 = ADVANCED_FACE ( 'NONE', ( #1830 ), #1324, .F. ) ;
#774 = CARTESIAN_POINT ( 'NONE',  ( 0.6770000000000004903, 0.3300000000000001266, 0.8699999999999999956 ) ) ;
#775 =( GEOMETRIC_REPRESENTATION_CONTEXT ( 3 ) GLOBAL_UNCERTAINTY_ASSIGNED_CONTEXT ( ( #250 ) ) GLOBAL_UNIT_ASSIGNED_CONTEXT ( ( #281, #1419, #1193 ) ) REPRESENTATION_CONTEXT ( 'NONE', 'WORKASPACE' ) );
#776 = DIRECTION ( 'NONE',  ( 1.000000000000000000, -0.000000000000000000, 3.872150616019658834E-16 ) ) ;
#777 = FILL_AREA_STYLE_COLOUR ( '', #1215 ) ;
#778 = CARTESIAN_POINT ( 'NONE',  ( 0.6500510257216826071, 0.3300000000000001266, -0.4500000000000000111 ) ) ;
#779 = CARTESIAN_POINT ( 'NONE',  ( -1.149999999999999689, 0.5300000000000001377, 1.149999999999999911 ) ) ;
#780 = VECTOR ( 'NONE', #2669, 1000.000000000000000 ) ;
#781 = CYLINDRICAL_SURFACE ( 'NONE', #1433, 0.1999999999999997613 ) ;
#782 = DIRECTION ( 'NONE',  ( 0.000000000000000000, -0.000000000000000000, 1.000000000000000000 ) ) ;
#783 = AXIS2_PLACEMENT_3D ( 'NONE', #920, #3019, #2782 ) ;
#784 =( LENGTH_UNIT ( ) NAMED_UNIT ( * ) SI_UNIT ( .MILLI., .METRE. ) );
#785 = SURFACE_SIDE_STYLE ('',( #2896 ) ) ;
#786 = UNCERTAINTY_MEASURE_WITH_UNIT (LENGTH_MEASURE( 1.000000000000000082E-05 ), #1792, 'distance_accuracy_value', 'NONE');
#787 = DIRECTION ( 'NONE',  ( 0.000000000000000000, 0.000000000000000000, 1.000000000000000000 ) ) ;
#788 = EDGE_CURVE ( 'NONE', #428, #1531, #1150, .T. ) ;
#789 = SURFACE_STYLE_USAGE ( .BOTH. , #368 ) ;
#790 = FACE_OUTER_BOUND ( 'NONE', #164, .T. ) ;
#791 =( NAMED_UNIT ( * ) SI_UNIT ( $, .STERADIAN. ) SOLID_ANGLE_UNIT ( ) );
#792 = SURFACE_STYLE_FILL_AREA ( #991 ) ;
#793 = PRESENTATION_STYLE_ASSIGNMENT (( #839 ) ) ;
#794 = MANIFOLD_SOLID_BREP ( 'Cut-Extrude2', #811 ) ;
#795 = VECTOR ( 'NONE', #1795, 1000.000000000000000 ) ;
#796 = DIRECTION ( 'NONE',  ( -0.000000000000000000, -1.000000000000000000, -0.000000000000000000 ) ) ;
#797 = DIRECTION ( 'NONE',  ( 1.000000000000000000, 0.000000000000000000, 6.151056493397640926E-16 ) ) ;
#798 = VERTEX_POINT ( 'NONE', #2988 ) ;
#799 = SURFACE_STYLE_FILL_AREA ( #2872 ) ;
#800 = EDGE_CURVE ( 'NONE', #640, #2212, #1371, .T. ) ;
#801 = CARTESIAN_POINT ( 'NONE',  ( 0.8550000000000003153, 0.3300000000000001266, -0.3040408205773457717 ) ) ;
#802 = DIRECTION ( 'NONE',  ( -1.000000000000000000, -0.000000000000000000, -0.000000000000000000 ) ) ;
#803 = DIRECTION ( 'NONE',  ( -0.000000000000000000, 1.000000000000000000, -0.000000000000000000 ) ) ;
#804 = VECTOR ( 'NONE', #2432, 1000.000000000000000 ) ;
#805 = DIRECTION ( 'NONE',  ( -0.000000000000000000, -1.000000000000000000, -0.000000000000000000 ) ) ;
#806 = ADVANCED_FACE ( 'NONE', ( #1564 ), #2518, .F. ) ;
#807 = DIRECTION ( 'NONE',  ( 0.000000000000000000, 0.000000000000000000, -1.000000000000000000 ) ) ;
#808 = STYLED_ITEM ( 'NONE', ( #1770 ), #2175 ) ;
#809 = AXIS2_PLACEMENT_3D ( 'NONE', #2217, #2939, #2461 ) ;
#810 = PRESENTATION_STYLE_ASSIGNMENT (( #1937 ) ) ;
#811 = CLOSED_SHELL ( 'NONE', ( #2214, #2611, #129, #1471, #1047, #1265, #1731, #773, #1553, #2181, #1250, #933, #2767, #986, #1214, #502, #2132, #2436, #2192, #2645, #592, #2079, #1082, #1515, #710, #87, #2686, #1823, #2938, #806, #1607, #818, #241, #1028, #2985, #442, #2274, #2138, #1351, #2739, #126 ) ) ;
#812 = MECHANICAL_DESIGN_GEOMETRIC_PRESENTATION_REPRESENTATION (  '', ( #516 ), #2153 ) ;
#813 = PRESENTATION_LAYER_ASSIGNMENT (  '', '', ( #1718 ) ) ;
#814 = PRODUCT_DEFINITION_FORMATION_WITH_SPECIFIED_SOURCE ( 'ANY', '', #2635, .NOT_KNOWN. ) ;
#815 = SURFACE_STYLE_USAGE ( .BOTH. , #1000 ) ;
#816 = ORIENTED_EDGE ( 'NONE', *, *, #523, .F. ) ;
#817 = DIRECTION ( 'NONE',  ( -0.000000000000000000, -1.000000000000000000, -0.000000000000000000 ) ) ;
#818 = ADVANCED_FACE ( 'NONE', ( #2293 ), #2038, .F. ) ;
#819 = FACE_OUTER_BOUND ( 'NONE', #926, .T. ) ;
#820 = FACE_OUTER_BOUND ( 'NONE', #406, .T. ) ;
#821 = CARTESIAN_POINT ( 'NONE',  ( 0.8550000000000003153, 0.5500000000000001554, -0.3040408205773457717 ) ) ;
#822 = MANIFOLD_SOLID_BREP ( 'Boss-Extrude2[1]', #219 ) ;
#823 = DIRECTION ( 'NONE',  ( 1.000000000000000000, 0.000000000000000000, 0.000000000000000000 ) ) ;
#824 =( NAMED_UNIT ( * ) SI_UNIT ( $, .STERADIAN. ) SOLID_ANGLE_UNIT ( ) );
#825 = LINE ( 'NONE', #2680, #3002 ) ;
#826 =( GEOMETRIC_REPRESENTATION_CONTEXT ( 3 ) GLOBAL_UNCERTAINTY_ASSIGNED_CONTEXT ( ( #2795 ) ) GLOBAL_UNIT_ASSIGNED_CONTEXT ( ( #2379, #2614, #2842 ) ) REPRESENTATION_CONTEXT ( 'NONE', 'WORKASPACE' ) );
#827 = ADVANCED_FACE ( 'NONE', ( #2875 ), #987, .F. ) ;
#828 = FILL_AREA_STYLE ('',( #1285 ) ) ;
#829 = LINE ( 'NONE', #2433, #1641 ) ;
#830 = VECTOR ( 'NONE', #1331, 1000.000000000000000 ) ;
#831 = ORIENTED_EDGE ( 'NONE', *, *, #2423, .T. ) ;
#832 = CARTESIAN_POINT ( 'NONE',  ( 0.6670000000000013696, 0.3300000000000001266, 0.7500000000000000000 ) ) ;
#833 = FILL_AREA_STYLE_COLOUR ( '', #714 ) ;
#834 = CYLINDRICAL_SURFACE ( 'NONE', #842, 0.05000000000000002359 ) ;
#835 = DIRECTION ( 'NONE',  ( 0.000000000000000000, 1.000000000000000000, -0.000000000000000000 ) ) ;
#836 = LINE ( 'NONE', #2696, #1226 ) ;
#837 = VERTEX_POINT ( 'NONE', #1177 ) ;
#838 = ADVANCED_FACE ( 'NONE', ( #507 ), #1452, .F. ) ;
#839 = SURFACE_STYLE_USAGE ( .BOTH. , #355 ) ;
#840 = CARTESIAN_POINT ( 'NONE',  ( -0.2100000000000003253, 0.5500000000000001554, 0.8954999999999999627 ) ) ;
#841 = CARTESIAN_POINT ( 'NONE',  ( -0.8960000000000000187, 0.3300000000000001266, -0.8454999999999995852 ) ) ;
#842 = AXIS2_PLACEMENT_3D ( 'NONE', #370, #803, #1977 ) ;
#843 = ORIENTED_EDGE ( 'NONE', *, *, #446, .F. ) ;
#844 = EDGE_LOOP ( 'NONE', ( #1335, #675, #166, #1057 ) ) ;
#845 = MANIFOLD_SOLID_BREP ( 'Boss-Extrude2[2]', #1486 ) ;
#846 = AXIS2_PLACEMENT_3D ( 'NONE', #1036, #1968, #1744 ) ;
#847 = DIRECTION ( 'NONE',  ( 0.000000000000000000, 0.000000000000000000, -1.000000000000000000 ) ) ;
#848 = CARTESIAN_POINT ( 'NONE',  ( 0.6670000000000004814, 0.3300000000000001266, -0.8699999999999999956 ) ) ;
#849 = DIRECTION ( 'NONE',  ( 0.000000000000000000, 0.000000000000000000, -1.000000000000000000 ) ) ;
#850 = CARTESIAN_POINT ( 'NONE',  ( 0.8550000000000003153, 0.5500000000000001554, -0.3040408205773457717 ) ) ;
#851 =( LENGTH_UNIT ( ) NAMED_UNIT ( * ) SI_UNIT ( .MILLI., .METRE. ) );
#852 = SURFACE_SIDE_STYLE ('',( #2732 ) ) ;
#853 = VECTOR ( 'NONE', #2646, 1000.000000000000000 ) ;
#854 = LINE ( 'NONE', #1922, #853 ) ;
#855 = CARTESIAN_POINT ( 'NONE',  ( 0.7970000000000004858, 0.5300000000000001377, -1.149999999999999911 ) ) ;
#856 = ORIENTED_EDGE ( 'NONE', *, *, #500, .T. ) ;
#857 = VECTOR ( 'NONE', #286, 1000.000000000000000 ) ;
#858 = VECTOR ( 'NONE', #1768, 1000.000000000000000 ) ;
#859 =( GEOMETRIC_REPRESENTATION_CONTEXT ( 3 ) GLOBAL_UNCERTAINTY_ASSIGNED_CONTEXT ( ( #1133 ) ) GLOBAL_UNIT_ASSIGNED_CONTEXT ( ( #1477, #298, #791 ) ) REPRESENTATION_CONTEXT ( 'NONE', 'WORKASPACE' ) );
#860 = ORIENTED_EDGE ( 'NONE', *, *, #2431, .T. ) ;
#861 = ORIENTED_EDGE ( 'NONE', *, *, #1677, .T. ) ;
#862 = EDGE_CURVE ( 'NONE', #971, #2425, #349, .T. ) ;
#863 = AXIS2_PLACEMENT_3D ( 'NONE', #2707, #611, #1991 ) ;
#864 = EDGE_CURVE ( 'NONE', #2322, #1640, #2166, .T. ) ;
#865 =( LENGTH_UNIT ( ) NAMED_UNIT ( * ) SI_UNIT ( .MILLI., .METRE. ) );
#866 = VECTOR ( 'NONE', #1799, 1000.000000000000000 ) ;
#867 = PLANE ( 'NONE',  #1091 ) ;
#868 = VERTEX_POINT ( 'NONE', #137 ) ;
#869 = LINE ( 'NONE', #1582, #2916 ) ;
#870 = FACE_OUTER_BOUND ( 'NONE', #147, .T. ) ;
#871 = FACE_OUTER_BOUND ( 'NONE', #2747, .T. ) ;
#872 = ORIENTED_EDGE ( 'NONE', *, *, #1549, .T. ) ;
#873 = SURFACE_SIDE_STYLE ('',( #2481 ) ) ;
#874 = PRESENTATION_LAYER_ASSIGNMENT (  '', '', ( #1064 ) ) ;
#875 = EDGE_LOOP ( 'NONE', ( #1534, #2316, #904, #1152, #2046, #1380 ) ) ;
#876 = ORIENTED_EDGE ( 'NONE', *, *, #1864, .T. ) ;
#877 = AXIS2_PLACEMENT_3D ( 'NONE', #1514, #2448, #358 ) ;
#878 = PLANE ( 'NONE',  #1627 ) ;
#879 = CARTESIAN_POINT ( 'NONE',  ( 0.5470000000000004858, 0.3300000000000001266, 0.8700000000000008837 ) ) ;
#880 =( LENGTH_UNIT ( ) NAMED_UNIT ( * ) SI_UNIT ( .MILLI., .METRE. ) );
#881 = ORIENTED_EDGE ( 'NONE', *, *, #2237, .T. ) ;
#882 = FACE_OUTER_BOUND ( 'NONE', #1990, .T. ) ;
#883 = CARTESIAN_POINT ( 'NONE',  ( 0.5470000000000004858, 0.3300000000000001266, -1.149999999999999911 ) ) ;
#884 = EDGE_CURVE ( 'NONE', #445, #984, #2900, .T. ) ;
#885 = CYLINDRICAL_SURFACE ( 'NONE', #1002, 0.1199999999999999956 ) ;
#886 = VERTEX_POINT ( 'NONE', #2935 ) ;
#887 = FACE_OUTER_BOUND ( 'NONE', #245, .T. ) ;
#888 = LINE ( 'NONE', #1305, #2778 ) ;
#889 = ORIENTED_EDGE ( 'NONE', *, *, #390, .F. ) ;
#890 = DIRECTION ( 'NONE',  ( -1.000000000000000000, 0.000000000000000000, -0.000000000000000000 ) ) ;
#891 = ORIENTED_EDGE ( 'NONE', *, *, #2887, .T. ) ;
#892 = PRESENTATION_LAYER_ASSIGNMENT (  '', '', ( #1512 ) ) ;
#893 = EDGE_CURVE ( 'NONE', #2212, #1375, #148, .T. ) ;
#894 = ORIENTED_EDGE ( 'NONE', *, *, #2743, .T. ) ;
#895 = SURFACE_STYLE_USAGE ( .BOTH. , #629 ) ;
#896 = LINE ( 'NONE', #2294, #1418 ) ;
#897 = EDGE_CURVE ( 'NONE', #149, #428, #1171, .T. ) ;
#898 = CYLINDRICAL_SURFACE ( 'NONE', #1797, 0.1199999999999999956 ) ;
#899 = EDGE_CURVE ( 'NONE', #2408, #1798, #337, .T. ) ;
#900 = ORIENTED_EDGE ( 'NONE', *, *, #628, .T. ) ;
#901 = CARTESIAN_POINT ( 'NONE',  ( 0.000000000000000000, 0.5300000000000001377, 0.000000000000000000 ) ) ;
#902 = STYLED_ITEM ( 'NONE', ( #2457 ), #1912 ) ;
#903 = VERTEX_POINT ( 'NONE', #1946 ) ;
#904 = ORIENTED_EDGE ( 'NONE', *, *, #2984, .T. ) ;
#905 = VERTEX_POINT ( 'NONE', #1073 ) ;
#906 = AXIS2_PLACEMENT_3D ( 'NONE', #1192, #985, #2328 ) ;
#907 = MECHANICAL_DESIGN_GEOMETRIC_PRESENTATION_REPRESENTATION (  '', ( #2201 ), #414 ) ;
#908 = CARTESIAN_POINT ( 'NONE',  ( 0.7970000000000004858, 0.3300000000000001266, 1.149999999999999911 ) ) ;
#909 = PRESENTATION_LAYER_ASSIGNMENT (  '', '', ( #1803 ) ) ;
#910 = ORIENTED_EDGE ( 'NONE', *, *, #2124, .T. ) ;
#911 = COLOUR_RGB ( '',0.6666666666666666297, 0.6980392156862744724, 0.7686274509803920907 ) ;
#912 = VERTEX_POINT ( 'NONE', #1279 ) ;
#913 = CARTESIAN_POINT ( 'NONE',  ( 0.6770000000000004903, 0.3300000000000001266, -0.7500000000000000000 ) ) ;
#914 = AXIS2_PLACEMENT_3D ( 'NONE', #2045, #757, #2029 ) ;
#915 = CARTESIAN_POINT ( 'NONE',  ( -0.8960000000000000187, 0.3300000000000001266, -0.8454999999999995852 ) ) ;
#916 = CARTESIAN_POINT ( 'NONE',  ( -0.1599999999999999756, 0.3300000000000001266, -0.8454999999999995852 ) ) ;
#917 = FILL_AREA_STYLE ('',( #438 ) ) ;
#918 = ORIENTED_EDGE ( 'NONE', *, *, #1045, .F. ) ;
#919 = CARTESIAN_POINT ( 'NONE',  ( 0.2190000000000003333, 0.5500000000000001554, -0.5000000000000000000 ) ) ;
#920 = CARTESIAN_POINT ( 'NONE',  ( 0.8950000000000000178, 0.5500000000000001554, -0.5000000000000000000 ) ) ;
#921 = EDGE_CURVE ( 'NONE', #2031, #1798, #122, .T. ) ;
#922 = ORIENTED_EDGE ( 'NONE', *, *, #615, .F. ) ;
#923 = MECHANICAL_DESIGN_GEOMETRIC_PRESENTATION_REPRESENTATION (  '', ( #1064 ), #1450 ) ;
#924 = EDGE_LOOP ( 'NONE', ( #621, #178, #2245, #732 ) ) ;
#925 = COLOUR_RGB ( '',0.6666666666666666297, 0.6980392156862744724, 0.7686274509803920907 ) ;
#926 = EDGE_LOOP ( 'NONE', ( #2325, #1738, #698, #605 ) ) ;
#927 = LINE ( 'NONE', #524, #2814 ) ;
#928 = CARTESIAN_POINT ( 'NONE',  ( -0.8459999999999999742, 0.5500000000000001554, 0.8454999999999999183 ) ) ;
#929 = DIRECTION ( 'NONE',  ( 0.000000000000000000, 1.000000000000000000, 0.000000000000000000 ) ) ;
#930 = SURFACE_SIDE_STYLE ('',( #1585 ) ) ;
#931 = EDGE_LOOP ( 'NONE', ( #486, #1345, #2074, #1621, #194, #2790 ) ) ;
#932 = FILL_AREA_STYLE_COLOUR ( '', #925 ) ;
#933 = ADVANCED_FACE ( 'NONE', ( #819 ), #2183, .F. ) ;
#934 = ORIENTED_EDGE ( 'NONE', *, *, #2434, .T. ) ;
#935 = FILL_AREA_STYLE ('',( #2323 ) ) ;
#936 = ORIENTED_EDGE ( 'NONE', *, *, #2979, .F. ) ;
#937 = EDGE_CURVE ( 'NONE', #2573, #2224, #382, .T. ) ;
#938 = DIRECTION ( 'NONE',  ( 0.000000000000000000, 1.000000000000000000, 0.000000000000000000 ) ) ;
#939 = ORIENTED_EDGE ( 'NONE', *, *, #614, .F. ) ;
#940 = ORIENTED_EDGE ( 'NONE', *, *, #2505, .F. ) ;
#941 = CARTESIAN_POINT ( 'NONE',  ( -0.8459999999999999742, 0.5300000000000001377, -0.8954999999999999627 ) ) ;
#942 = STYLED_ITEM ( 'NONE', ( #2107 ), #1796 ) ;
#943 = DIRECTION ( 'NONE',  ( 0.000000000000000000, 0.000000000000000000, 1.000000000000000000 ) ) ;
#944 = AXIS2_PLACEMENT_3D ( 'NONE', #300, #1921, #514 ) ;
#945 = LINE ( 'NONE', #1008, #1569 ) ;
#946 = ORIENTED_EDGE ( 'NONE', *, *, #255, .T. ) ;
#947 = FILL_AREA_STYLE ('',( #932 ) ) ;
#948 = CARTESIAN_POINT ( 'NONE',  ( 0.6770000000000004903, 0.3300000000000001266, -0.8699999999999999956 ) ) ;
#949 = ORIENTED_EDGE ( 'NONE', *, *, #489, .T. ) ;
#950 = CARTESIAN_POINT ( 'NONE',  ( -0.2099999999999999922, 0.5500000000000001554, -0.8454999999999999183 ) ) ;
#951 = ORIENTED_EDGE ( 'NONE', *, *, #278, .T. ) ;
#952 = COLOUR_RGB ( '',0.6666666666666666297, 0.6980392156862744724, 0.7686274509803920907 ) ;
#953 = ORIENTED_EDGE ( 'NONE', *, *, #3036, .T. ) ;
#954 = EDGE_CURVE ( 'NONE', #2786, #277, #2640, .T. ) ;
#955 = EDGE_CURVE ( 'NONE', #2839, #352, #595, .T. ) ;
#956 = CIRCLE ( 'NONE', #2044, 0.05000000000000002359 ) ;
#957 = CARTESIAN_POINT ( 'NONE',  ( 0.7970000000000004858, 0.3300000000000001266, 1.149999999999999911 ) ) ;
#958 = CARTESIAN_POINT ( 'NONE',  ( -0.8960000000000000187, 0.5500000000000001554, -0.8454999999999995852 ) ) ;
#959 = CIRCLE ( 'NONE', #1333, 0.05000000000000002359 ) ;
#960 =( GEOMETRIC_REPRESENTATION_CONTEXT ( 3 ) GLOBAL_UNCERTAINTY_ASSIGNED_CONTEXT ( ( #2096 ) ) GLOBAL_UNIT_ASSIGNED_CONTEXT ( ( #2656, #1223, #2687 ) ) REPRESENTATION_CONTEXT ( 'NONE', 'WORKASPACE' ) );
#961 = DIRECTION ( 'NONE',  ( -0.000000000000000000, -1.000000000000000000, -0.000000000000000000 ) ) ;
#962 = ADVANCED_FACE ( 'NONE', ( #1710 ), #1269, .T. ) ;
#963 = VERTEX_POINT ( 'NONE', #2802 ) ;
#964 = UNCERTAINTY_MEASURE_WITH_UNIT (LENGTH_MEASURE( 1.000000000000000082E-05 ), #1548, 'distance_accuracy_value', 'NONE');
#965 = CARTESIAN_POINT ( 'NONE',  ( 0.8550000000000003153, 0.3300000000000001266, -0.3040408205773457717 ) ) ;
#966 = FACE_BOUND ( 'NONE', #227, .T. ) ;
#967 = STYLED_ITEM ( 'NONE', ( #90 ), #430 ) ;
#968 = ORIENTED_EDGE ( 'NONE', *, *, #1863, .T. ) ;
#969 = DIRECTION ( 'NONE',  ( 0.000000000000000000, 0.000000000000000000, -1.000000000000000000 ) ) ;
#970 = ORIENTED_EDGE ( 'NONE', *, *, #921, .F. ) ;
#971 = VERTEX_POINT ( 'NONE', #1648 ) ;
#972 = UNCERTAINTY_MEASURE_WITH_UNIT (LENGTH_MEASURE( 1.000000000000000082E-05 ), #2144, 'distance_accuracy_value', 'NONE');
#973 = PLANE ( 'NONE',  #1669 ) ;
#974 = ORIENTED_EDGE ( 'NONE', *, *, #429, .F. ) ;
#975 = DIRECTION ( 'NONE',  ( -1.000000000000000000, 0.000000000000000000, 0.000000000000000000 ) ) ;
#976 = PRESENTATION_LAYER_ASSIGNMENT (  '', '', ( #187 ) ) ;
#977 =( NAMED_UNIT ( * ) PLANE_ANGLE_UNIT ( ) SI_UNIT ( $, .RADIAN. ) );
#978 = DIRECTION ( 'NONE',  ( -0.000000000000000000, -1.000000000000000000, -0.000000000000000000 ) ) ;
#979 = CARTESIAN_POINT ( 'NONE',  ( 0.8950000000000000178, 0.5300000000000001377, -0.5000000000000000000 ) ) ;
#980 = CARTESIAN_POINT ( 'NONE',  ( 0.6990408205773459560, 0.5300000000000001377, -0.4600000000000000755 ) ) ;
#981 = LINE ( 'NONE', #2159, #1624 ) ;
#982 =( NAMED_UNIT ( * ) PLANE_ANGLE_UNIT ( ) SI_UNIT ( $, .RADIAN. ) );
#983 = DIRECTION ( 'NONE',  ( 0.000000000000000000, -0.000000000000000000, 1.000000000000000000 ) ) ;
#984 = VERTEX_POINT ( 'NONE', #879 ) ;
#985 = DIRECTION ( 'NONE',  ( 0.000000000000000000, -0.000000000000000000, 1.000000000000000000 ) ) ;
#986 = ADVANCED_FACE ( 'NONE', ( #2339 ), #2577, .F. ) ;
#987 = PLANE ( 'NONE',  #340 ) ;
#988 = CARTESIAN_POINT ( 'NONE',  ( 0.7970000000000005969, 0.3300000000000001266, -0.8699999999999999956 ) ) ;
#989 = CARTESIAN_POINT ( 'NONE',  ( 0.5470000000000003748, 0.5500000000000001554, -0.8699999999999999956 ) ) ;
#990 = DIRECTION ( 'NONE',  ( 0.000000000000000000, 1.000000000000000000, 0.000000000000000000 ) ) ;
#991 = FILL_AREA_STYLE ('',( #51 ) ) ;
#992 = VECTOR ( 'NONE', #527, 1000.000000000000000 ) ;
#993 = EDGE_CURVE ( 'NONE', #1737, #649, #1211, .T. ) ;
#994 = EDGE_CURVE ( 'NONE', #1556, #1670, #2724, .T. ) ;
#995 =( NAMED_UNIT ( * ) SI_UNIT ( $, .STERADIAN. ) SOLID_ANGLE_UNIT ( ) );
#996 = FACE_OUTER_BOUND ( 'NONE', #1164, .T. ) ;
#997 =( NAMED_UNIT ( * ) SI_UNIT ( $, .STERADIAN. ) SOLID_ANGLE_UNIT ( ) );
#998 = UNCERTAINTY_MEASURE_WITH_UNIT (LENGTH_MEASURE( 1.000000000000000082E-05 ), #784, 'distance_accuracy_value', 'NONE');
#999 = CARTESIAN_POINT ( 'NONE',  ( 0.6670000000000004814, 0.3300000000000001266, -0.8699999999999999956 ) ) ;
#1000 = SURFACE_SIDE_STYLE ('',( #2950 ) ) ;
#1001 = VECTOR ( 'NONE', #1849, 1000.000000000000000 ) ;
#1002 = AXIS2_PLACEMENT_3D ( 'NONE', #63, #251, #297 ) ;
#1003 = FILL_AREA_STYLE ('',( #1238 ) ) ;
#1004 = DIRECTION ( 'NONE',  ( -0.000000000000000000, 1.000000000000000000, -0.000000000000000000 ) ) ;
#1005 = DIRECTION ( 'NONE',  ( -0.000000000000000000, -1.000000000000000000, -0.000000000000000000 ) ) ;
#1006 = CIRCLE ( 'NONE', #2250, 0.05000000000000002359 ) ;
#1007 = ORIENTED_EDGE ( 'NONE', *, *, #1114, .F. ) ;
#1008 = CARTESIAN_POINT ( 'NONE',  ( 0.7970000000000005969, 0.5500000000000001554, -0.8699999999999999956 ) ) ;
#1009 = COLOUR_RGB ( '',0.6666666666666666297, 0.6980392156862744724, 0.7686274509803920907 ) ;
#1010 = LINE ( 'NONE', #2369, #1666 ) ;
#1011 = STYLED_ITEM ( 'NONE', ( #769 ), #42 ) ;
#1012 = VECTOR ( 'NONE', #1308, 1000.000000000000000 ) ;
#1013 = CARTESIAN_POINT ( 'NONE',  ( 0.6770000000000004903, 0.3300000000000001266, -0.8699999999999999956 ) ) ;
#1014 =( GEOMETRIC_REPRESENTATION_CONTEXT ( 3 ) GLOBAL_UNCERTAINTY_ASSIGNED_CONTEXT ( ( #3014 ) ) GLOBAL_UNIT_ASSIGNED_CONTEXT ( ( #3005, #1361, #2106 ) ) REPRESENTATION_CONTEXT ( 'NONE', 'WORKASPACE' ) );
#1015 = ADVANCED_FACE ( 'NONE', ( #1103 ), #642, .T. ) ;
#1016 = CYLINDRICAL_SURFACE ( 'NONE', #2097, 0.05000000000000002359 ) ;
#1017 =( LENGTH_UNIT ( ) NAMED_UNIT ( * ) SI_UNIT ( .MILLI., .METRE. ) );
#1018 = LINE ( 'NONE', #1253, #2362 ) ;
#1019 = CARTESIAN_POINT ( 'NONE',  ( 0.8950000000000003508, 0.3300000000000001266, -0.2550510257216820897 ) ) ;
#1020 = ORIENTED_EDGE ( 'NONE', *, *, #2102, .F. ) ;
#1021 = SURFACE_STYLE_USAGE ( .BOTH. , #534 ) ;
#1022 = CARTESIAN_POINT ( 'NONE',  ( 0.6670000000000004814, 0.3300000000000001266, -0.7500000000000000000 ) ) ;
#1023 = DIRECTION ( 'NONE',  ( 0.000000000000000000, 1.000000000000000000, 0.000000000000000000 ) ) ;
#1024 = CARTESIAN_POINT ( 'NONE',  ( 0.8449999999999999734, 0.3300000000000001266, 0.4500000000000000111 ) ) ;
#1025 = MECHANICAL_DESIGN_GEOMETRIC_PRESENTATION_REPRESENTATION (  '', ( #1917 ), #548 ) ;
#1026 = LINE ( 'NONE', #112, #1430 ) ;
#1027 = DIRECTION ( 'NONE',  ( -1.000000000000000000, 0.000000000000000000, -0.000000000000000000 ) ) ;
#1028 = ADVANCED_FACE ( 'NONE', ( #1619 ), #29, .F. ) ;
#1029 = DIRECTION ( 'NONE',  ( -0.000000000000000000, -1.000000000000000000, -0.000000000000000000 ) ) ;
#1030 = ORIENTED_EDGE ( 'NONE', *, *, #2091, .T. ) ;
#1031 = ADVANCED_FACE ( 'NONE', ( #2557 ), #1851, .F. ) ;
#1032 = EDGE_CURVE ( 'NONE', #2522, #1159, #1502, .T. ) ;
#1033 = PLANE ( 'NONE',  #2205 ) ;
#1034 = DIRECTION ( 'NONE',  ( 1.000000000000000000, 0.000000000000000000, 0.000000000000000000 ) ) ;
#1035 = PLANE ( 'NONE',  #2094 ) ;
#1036 = CARTESIAN_POINT ( 'NONE',  ( 0.2189999999999999725, 0.3300000000000001266, -0.4500000000000000111 ) ) ;
#1037 = CIRCLE ( 'NONE', #2030, 0.05000000000000002359 ) ;
#1038 = CARTESIAN_POINT ( 'NONE',  ( 0.5470000000000004858, 0.5500000000000001554, 0.8700000000000008837 ) ) ;
#1039 = EDGE_CURVE ( 'NONE', #2496, #727, #1723, .T. ) ;
#1040 = SURFACE_STYLE_USAGE ( .BOTH. , #564 ) ;
#1041 = ORIENTED_EDGE ( 'NONE', *, *, #2849, .F. ) ;
#1042 = ORIENTED_EDGE ( 'NONE', *, *, #2381, .T. ) ;
#1043 = CARTESIAN_POINT ( 'NONE',  ( 0.2189999999999999725, 0.3300000000000001266, 0.4500000000000000111 ) ) ;
#1044 = CARTESIAN_POINT ( 'NONE',  ( 0.6770000000000004903, 0.3300000000000001266, -0.7500000000000000000 ) ) ;
#1045 = EDGE_CURVE ( 'NONE', #1159, #2031, #1475, .T. ) ;
#1046 = LINE ( 'NONE', #2440, #2193 ) ;
#1047 = ADVANCED_FACE ( 'NONE', ( #2142 ), #1703, .F. ) ;
#1048 = AXIS2_PLACEMENT_3D ( 'NONE', #1134, #1541, #1782 ) ;
#1049 = DIRECTION ( 'NONE',  ( -0.000000000000000000, -1.000000000000000000, -0.000000000000000000 ) ) ;
#1050 =( NAMED_UNIT ( * ) SI_UNIT ( $, .STERADIAN. ) SOLID_ANGLE_UNIT ( ) );
#1051 = CIRCLE ( 'NONE', #2147, 0.1199999999999999956 ) ;
#1052 = CIRCLE ( 'NONE', #2711, 0.1000000000000000472 ) ;
#1053 = DIRECTION ( 'NONE',  ( -1.000000000000000000, -0.000000000000000000, -0.000000000000000000 ) ) ;
#1054 = VECTOR ( 'NONE', #215, 1000.000000000000000 ) ;
#1055 = DIRECTION ( 'NONE',  ( -0.000000000000000000, 1.000000000000000000, -0.000000000000000000 ) ) ;
#1056 = CIRCLE ( 'NONE', #268, 0.1199999999999999956 ) ;
#1057 = ORIENTED_EDGE ( 'NONE', *, *, #1227, .T. ) ;
#1058 = ORIENTED_EDGE ( 'NONE', *, *, #1149, .F. ) ;
#1059 = VECTOR ( 'NONE', #2793, 1000.000000000000000 ) ;
#1060 = DIRECTION ( 'NONE',  ( 0.000000000000000000, 0.000000000000000000, -1.000000000000000000 ) ) ;
#1061 = FILL_AREA_STYLE ('',( #2674 ) ) ;
#1062 = DIRECTION ( 'NONE',  ( -0.000000000000000000, -0.000000000000000000, -1.000000000000000000 ) ) ;
#1063 = CARTESIAN_POINT ( 'NONE',  ( 0.5470000000000003748, 0.3300000000000001266, -0.8699999999999999956 ) ) ;
#1064 = STYLED_ITEM ( 'NONE', ( #1561 ), #1015 ) ;
#1065 = ADVANCED_FACE ( 'NONE', ( #2897 ), #1676, .F. ) ;
#1066 = SURFACE_STYLE_FILL_AREA ( #828 ) ;
#1067 = EDGE_CURVE ( 'NONE', #2772, #2561, #2622, .T. ) ;
#1068 = LINE ( 'NONE', #841, #86 ) ;
#1069 = ORIENTED_EDGE ( 'NONE', *, *, #1735, .T. ) ;
#1070 = ORIENTED_EDGE ( 'NONE', *, *, #2072, .T. ) ;
#1071 = ORIENTED_EDGE ( 'NONE', *, *, #2567, .T. ) ;
#1072 = ORIENTED_EDGE ( 'NONE', *, *, #1039, .T. ) ;
#1073 = CARTESIAN_POINT ( 'NONE',  ( 0.8950000000000000178, 0.5500000000000001554, 0.4499999999999996780 ) ) ;
#1074 = PLANE ( 'NONE',  #2552 ) ;
#1075 = FILL_AREA_STYLE_COLOUR ( '', #2537 ) ;
#1076 = PRESENTATION_LAYER_ASSIGNMENT (  '', '', ( #46 ) ) ;
#1077 = SURFACE_STYLE_USAGE ( .BOTH. , #1281 ) ;
#1078 = CYLINDRICAL_SURFACE ( 'NONE', #498, 0.05000000000000002359 ) ;
#1079 = AXIS2_PLACEMENT_3D ( 'NONE', #2888, #107, #2198 ) ;
#1080 = DIRECTION ( 'NONE',  ( 0.000000000000000000, 1.000000000000000000, 0.000000000000000000 ) ) ;
#1081 = CARTESIAN_POINT ( 'NONE',  ( 0.6770000000000004903, 0.5500000000000001554, -0.7500000000000000000 ) ) ;
#1082 = ADVANCED_FACE ( 'NONE', ( #1687 ), #2637, .F. ) ;
#1083 = VECTOR ( 'NONE', #2206, 1000.000000000000000 ) ;
#1084 = ORIENTED_EDGE ( 'NONE', *, *, #733, .T. ) ;
#1085 = ORIENTED_EDGE ( 'NONE', *, *, #897, .T. ) ;
#1086 = AXIS2_PLACEMENT_3D ( 'NONE', #573, #2716, #354 ) ;
#1087 = DIRECTION ( 'NONE',  ( 0.000000000000000000, 0.000000000000000000, -1.000000000000000000 ) ) ;
#1088 = CARTESIAN_POINT ( 'NONE',  ( -0.8459999999999996412, 0.3300000000000001266, 0.8954999999999999627 ) ) ;
#1089 = CARTESIAN_POINT ( 'NONE',  ( -0.1599999999999999756, 0.5300000000000001377, -0.8454999999999995852 ) ) ;
#1090 = FILL_AREA_STYLE ('',( #1978 ) ) ;
#1091 = AXIS2_PLACEMENT_3D ( 'NONE', #2661, #1482, #2906 ) ;
#1092 = ORIENTED_EDGE ( 'NONE', *, *, #2346, .F. ) ;
#1093 = MECHANICAL_DESIGN_GEOMETRIC_PRESENTATION_REPRESENTATION (  '', ( #413 ), #1755 ) ;
#1094 = DIRECTION ( 'NONE',  ( 0.000000000000000000, 0.000000000000000000, -1.000000000000000000 ) ) ;
#1095 = FILL_AREA_STYLE_COLOUR ( '', #2015 ) ;
#1096 = VECTOR ( 'NONE', #1222, 1000.000000000000000 ) ;
#1097 = CIRCLE ( 'NONE', #416, 0.05000000000000005135 ) ;
#1098 = ORIENTED_EDGE ( 'NONE', *, *, #1465, .F. ) ;
#1099 = VERTEX_POINT ( 'NONE', #180 ) ;
#1100 = VECTOR ( 'NONE', #1653, 1000.000000000000000 ) ;
#1101 = COLOUR_RGB ( '',0.2980392156862745057, 0.2980392156862745057, 0.2980392156862745057 ) ;
#1102 = FILL_AREA_STYLE_COLOUR ( '', #911 ) ;
#1103 = FACE_OUTER_BOUND ( 'NONE', #1146, .T. ) ;
#1104 =( NAMED_UNIT ( * ) PLANE_ANGLE_UNIT ( ) SI_UNIT ( $, .RADIAN. ) );
#1105 = DIRECTION ( 'NONE',  ( -3.872150616019658834E-16, -0.000000000000000000, -1.000000000000000000 ) ) ;
#1106 = CARTESIAN_POINT ( 'NONE',  ( 0.7970000000000004858, 0.3300000000000001266, -1.149999999999999911 ) ) ;
#1107 = CYLINDRICAL_SURFACE ( 'NONE', #1237, 0.1199999999999999956 ) ;
#1108 = ORIENTED_EDGE ( 'NONE', *, *, #673, .F. ) ;
#1109 = SURFACE_STYLE_FILL_AREA ( #1557 ) ;
#1110 = EDGE_CURVE ( 'NONE', #472, #963, #2222, .T. ) ;
#1111 = ORIENTED_EDGE ( 'NONE', *, *, #771, .F. ) ;
#1112 = CARTESIAN_POINT ( 'NONE',  ( 0.2189999999999999725, 0.5300000000000001377, 0.5000000000000000000 ) ) ;
#1113 = ORIENTED_EDGE ( 'NONE', *, *, #348, .F. ) ;
#1114 = EDGE_CURVE ( 'NONE', #2496, #971, #2735, .T. ) ;
#1115 = ORIENTED_EDGE ( 'NONE', *, *, #1821, .T. ) ;
#1116 = EDGE_CURVE ( 'NONE', #1298, #905, #2884, .T. ) ;
#1117 = LINE ( 'NONE', #1129, #2354 ) ;
#1118 = DIRECTION ( 'NONE',  ( -1.000000000000000000, 0.000000000000000000, -3.872150616019658834E-16 ) ) ;
#1119 = CARTESIAN_POINT ( 'NONE',  ( 0.8449999999999999734, 0.3300000000000001266, 0.4500000000000000111 ) ) ;
#1120 = ORIENTED_EDGE ( 'NONE', *, *, #2077, .F. ) ;
#1121 = CARTESIAN_POINT ( 'NONE',  ( 1.149999999999999911, 0.5300000000000001377, -1.149999999999999911 ) ) ;
#1122 = SURFACE_SIDE_STYLE ('',( #9 ) ) ;
#1123 = ORIENTED_EDGE ( 'NONE', *, *, #800, .F. ) ;
#1124 = ORIENTED_EDGE ( 'NONE', *, *, #2806, .T. ) ;
#1125 = EDGE_CURVE ( 'NONE', #868, #1198, #114, .T. ) ;
#1126 =( NAMED_UNIT ( * ) SI_UNIT ( $, .STERADIAN. ) SOLID_ANGLE_UNIT ( ) );
#1127 = ORIENTED_EDGE ( 'NONE', *, *, #212, .T. ) ;
#1128 = ORIENTED_EDGE ( 'NONE', *, *, #671, .F. ) ;
#1129 = CARTESIAN_POINT ( 'NONE',  ( 0.8950000000000000178, 0.3300000000000001266, 0.4499999999999996780 ) ) ;
#1130 = EDGE_CURVE ( 'NONE', #2236, #103, #2983, .T. ) ;
#1131 = PRESENTATION_STYLE_ASSIGNMENT (( #2055 ) ) ;
#1132 = CARTESIAN_POINT ( 'NONE',  ( -0.1599999999999999756, 0.5500000000000001554, 0.8454999999999995852 ) ) ;
#1133 = UNCERTAINTY_MEASURE_WITH_UNIT (LENGTH_MEASURE( 1.000000000000000082E-05 ), #1477, 'distance_accuracy_value', 'NONE');
#1134 = CARTESIAN_POINT ( 'NONE',  ( -0.8459999999999996412, 0.3300000000000001266, 0.8954999999999999627 ) ) ;
#1135 = ORIENTED_EDGE ( 'NONE', *, *, #465, .F. ) ;
#1136 = LINE ( 'NONE', #191, #2101 ) ;
#1137 =( NAMED_UNIT ( * ) SI_UNIT ( $, .STERADIAN. ) SOLID_ANGLE_UNIT ( ) );
#1138 = VECTOR ( 'NONE', #1656, 1000.000000000000000 ) ;
#1139 = ORIENTED_EDGE ( 'NONE', *, *, #2423, .F. ) ;
#1140 = COLOUR_RGB ( '',0.6666666666666666297, 0.6980392156862744724, 0.7686274509803920907 ) ;
#1141 = VERTEX_POINT ( 'NONE', #162 ) ;
#1142 = ORIENTED_EDGE ( 'NONE', *, *, #2237, .F. ) ;
#1143 = EDGE_LOOP ( 'NONE', ( #1580, #2621, #2347, #1350 ) ) ;
#1144 =( GEOMETRIC_REPRESENTATION_CONTEXT ( 3 ) GLOBAL_UNCERTAINTY_ASSIGNED_CONTEXT ( ( #2566 ) ) GLOBAL_UNIT_ASSIGNED_CONTEXT ( ( #560, #2387, #1460 ) ) REPRESENTATION_CONTEXT ( 'NONE', 'WORKASPACE' ) );
#1145 = AXIS2_PLACEMENT_3D ( 'NONE', #2225, #415, #2771 ) ;
#1146 = EDGE_LOOP ( 'NONE', ( #8, #1661, #412, #2302 ) ) ;
#1147 = FACE_OUTER_BOUND ( 'NONE', #181, .T. ) ;
#1148 = STYLED_ITEM ( 'NONE', ( #2765 ), #261 ) ;
#1149 = EDGE_CURVE ( 'NONE', #2485, #1340, #1590, .T. ) ;
#1150 = LINE ( 'NONE', #1769, #1059 ) ;
#1151 = FACE_OUTER_BOUND ( 'NONE', #3039, .T. ) ;
#1152 = ORIENTED_EDGE ( 'NONE', *, *, #1032, .T. ) ;
#1153 = FACE_OUTER_BOUND ( 'NONE', #117, .T. ) ;
#1154 = VERTEX_POINT ( 'NONE', #1081 ) ;
#1155 =( GEOMETRIC_REPRESENTATION_CONTEXT ( 3 ) GLOBAL_UNCERTAINTY_ASSIGNED_CONTEXT ( ( #2282 ) ) GLOBAL_UNIT_ASSIGNED_CONTEXT ( ( #1017, #982, #2852 ) ) REPRESENTATION_CONTEXT ( 'NONE', 'WORKASPACE' ) );
#1156 = LINE ( 'NONE', #2593, #1438 ) ;
#1157 = ORIENTED_EDGE ( 'NONE', *, *, #1572, .T. ) ;
#1158 = ORIENTED_EDGE ( 'NONE', *, *, #2059, .F. ) ;
#1159 = VERTEX_POINT ( 'NONE', #2210 ) ;
#1160 = CARTESIAN_POINT ( 'NONE',  ( -0.8459999999999999742, 0.5500000000000001554, -0.8954999999999999627 ) ) ;
#1161 = CARTESIAN_POINT ( 'NONE',  ( -0.8960000000000000187, 0.3300000000000001266, 0.8454999999999995852 ) ) ;
#1162 = UNCERTAINTY_MEASURE_WITH_UNIT (LENGTH_MEASURE( 1.000000000000000082E-05 ), #2663, 'distance_accuracy_value', 'NONE');
#1163 = DIRECTION ( 'NONE',  ( 6.151056493397640926E-16, 0.000000000000000000, -1.000000000000000000 ) ) ;
#1164 = EDGE_LOOP ( 'NONE', ( #134, #2179, #662, #2495 ) ) ;
#1165 = FACE_OUTER_BOUND ( 'NONE', #2835, .T. ) ;
#1166 = FACE_OUTER_BOUND ( 'NONE', #115, .T. ) ;
#1167 = ADVANCED_FACE ( 'NONE', ( #1505 ), #2993, .F. ) ;
#1168 = ORIENTED_EDGE ( 'NONE', *, *, #1987, .F. ) ;
#1169 = CARTESIAN_POINT ( 'NONE',  ( 0.8449999999999999734, 0.5500000000000001554, 0.4500000000000000111 ) ) ;
#1170 = EDGE_CURVE ( 'NONE', #2211, #1737, #888, .T. ) ;
#1171 = CIRCLE ( 'NONE', #606, 0.05000000000000002359 ) ;
#1172 =( NAMED_UNIT ( * ) PLANE_ANGLE_UNIT ( ) SI_UNIT ( $, .RADIAN. ) );
#1173 = ORIENTED_EDGE ( 'NONE', *, *, #2943, .T. ) ;
#1174 = ORIENTED_EDGE ( 'NONE', *, *, #465, .T. ) ;
#1175 = PLANE ( 'NONE',  #1950 ) ;
#1176 = AXIS2_PLACEMENT_3D ( 'NONE', #2565, #929, #2794 ) ;
#1177 = CARTESIAN_POINT ( 'NONE',  ( 0.8950000000000003508, 0.5300000000000001377, -0.2550510257216820897 ) ) ;
#1178 =( LENGTH_UNIT ( ) NAMED_UNIT ( * ) SI_UNIT ( .MILLI., .METRE. ) );
#1179 = AXIS2_PLACEMENT_3D ( 'NONE', #1202, #2831, #1646 ) ;
#1180 = VERTEX_POINT ( 'NONE', #1749 ) ;
#1181 =( LENGTH_UNIT ( ) NAMED_UNIT ( * ) SI_UNIT ( .MILLI., .METRE. ) );
#1182 = DIRECTION ( 'NONE',  ( -0.000000000000000000, -0.000000000000000000, 1.000000000000000000 ) ) ;
#1183 = DIRECTION ( 'NONE',  ( 0.000000000000000000, 0.000000000000000000, -1.000000000000000000 ) ) ;
#1184 = ORIENTED_EDGE ( 'NONE', *, *, #184, .F. ) ;
#1185 =( LENGTH_UNIT ( ) NAMED_UNIT ( * ) SI_UNIT ( .MILLI., .METRE. ) );
#1186 = PRESENTATION_LAYER_ASSIGNMENT (  '', '', ( #1563 ) ) ;
#1187 = CARTESIAN_POINT ( 'NONE',  ( -0.8960000000000000187, 0.5500000000000001554, -0.8454999999999995852 ) ) ;
#1188 = ORIENTED_EDGE ( 'NONE', *, *, #1373, .F. ) ;
#1189 = VECTOR ( 'NONE', #1698, 1000.000000000000000 ) ;
#1190 = EDGE_CURVE ( 'NONE', #104, #984, #829, .T. ) ;
#1191 = STYLED_ITEM ( 'NONE', ( #2678 ), #2397 ) ;
#1192 = CARTESIAN_POINT ( 'NONE',  ( 0.6500510257216826071, 0.5500000000000001554, -0.5000000000000000000 ) ) ;
#1193 =( NAMED_UNIT ( * ) SI_UNIT ( $, .STERADIAN. ) SOLID_ANGLE_UNIT ( ) );
#1194 = LINE ( 'NONE', #1210, #866 ) ;
#1195 = VECTOR ( 'NONE', #1429, 1000.000000000000000 ) ;
#1196 = MECHANICAL_DESIGN_GEOMETRIC_PRESENTATION_REPRESENTATION (  '', ( #1289 ), #419 ) ;
#1197 = SURFACE_SIDE_STYLE ('',( #1213 ) ) ;
#1198 = VERTEX_POINT ( 'NONE', #855 ) ;
#1199 = COLOUR_RGB ( '',0.6666666666666666297, 0.6980392156862744724, 0.7686274509803920907 ) ;
#1200 = FILL_AREA_STYLE ('',( #2109 ) ) ;
#1201 = DIRECTION ( 'NONE',  ( -0.000000000000000000, -1.000000000000000000, -0.000000000000000000 ) ) ;
#1202 = CARTESIAN_POINT ( 'NONE',  ( 0.6500510257216826071, 0.5300000000000001377, -0.4500000000000000111 ) ) ;
#1203 = PRESENTATION_LAYER_ASSIGNMENT (  '', '', ( #770 ) ) ;
#1204 = DIRECTION ( 'NONE',  ( 0.000000000000000000, 1.000000000000000000, -0.000000000000000000 ) ) ;
#1205 = VECTOR ( 'NONE', #2689, 1000.000000000000000 ) ;
#1206 = PRODUCT_DEFINITION_CONTEXT ( 'detailed design', #2170, 'design' ) ;
#1207 = LINE ( 'NONE', #1592, #767 ) ;
#1208 = PLANE ( 'NONE',  #1900 ) ;
#1209 = DIRECTION ( 'NONE',  ( -0.000000000000000000, -1.000000000000000000, -0.000000000000000000 ) ) ;
#1210 = CARTESIAN_POINT ( 'NONE',  ( 0.6500510257216826071, 0.5500000000000001554, -0.5000000000000000000 ) ) ;
#1211 = CIRCLE ( 'NONE', #529, 0.1199999999999999956 ) ;
#1212 = EDGE_CURVE ( 'NONE', #457, #28, #1317, .T. ) ;
#1213 = SURFACE_STYLE_FILL_AREA ( #2396 ) ;
#1214 = ADVANCED_FACE ( 'NONE', ( #2683 ), #1760, .F. ) ;
#1215 = COLOUR_RGB ( '',0.6666666666666666297, 0.6980392156862744724, 0.7686274509803920907 ) ;
#1216 = CARTESIAN_POINT ( 'NONE',  ( 0.1689999999999999836, 0.3300000000000001266, -0.4499999999999996225 ) ) ;
#1217 = SURFACE_STYLE_USAGE ( .BOTH. , #2385 ) ;
#1218 = DIRECTION ( 'NONE',  ( -0.000000000000000000, -1.000000000000000000, -0.000000000000000000 ) ) ;
#1219 = DIRECTION ( 'NONE',  ( 0.000000000000000000, 0.000000000000000000, 1.000000000000000000 ) ) ;
#1220 = CARTESIAN_POINT ( 'NONE',  ( 0.6770000000000004903, 0.3300000000000001266, 0.8699999999999999956 ) ) ;
#1221 = CARTESIAN_POINT ( 'NONE',  ( -1.149999999999999911, 0.5300000000000001377, -1.149999999999999911 ) ) ;
#1222 = DIRECTION ( 'NONE',  ( -0.000000000000000000, 1.000000000000000000, -0.000000000000000000 ) ) ;
#1223 =( NAMED_UNIT ( * ) PLANE_ANGLE_UNIT ( ) SI_UNIT ( $, .RADIAN. ) );
#1224 = CARTESIAN_POINT ( 'NONE',  ( 0.6670000000000004814, 0.5500000000000001554, -0.7500000000000000000 ) ) ;
#1225 = LINE ( 'NONE', #1420, #105 ) ;
#1226 = VECTOR ( 'NONE', #599, 1000.000000000000000 ) ;
#1227 = EDGE_CURVE ( 'NONE', #1386, #903, #1068, .T. ) ;
#1228 = SURFACE_STYLE_FILL_AREA ( #764 ) ;
#1229 = AXIS2_PLACEMENT_3D ( 'NONE', #374, #1733, #2229 ) ;
#1230 = PLANE ( 'NONE',  #2752 ) ;
#1231 =( NAMED_UNIT ( * ) PLANE_ANGLE_UNIT ( ) SI_UNIT ( $, .RADIAN. ) );
#1232 = UNCERTAINTY_MEASURE_WITH_UNIT (LENGTH_MEASURE( 1.000000000000000082E-05 ), #391, 'distance_accuracy_value', 'NONE');
#1233 =( NAMED_UNIT ( * ) PLANE_ANGLE_UNIT ( ) SI_UNIT ( $, .RADIAN. ) );
#1234 = FILL_AREA_STYLE_COLOUR ( '', #1009 ) ;
#1235 = AXIS2_PLACEMENT_3D ( 'NONE', #1274, #588, #2681 ) ;
#1236 = LINE ( 'NONE', #1691, #2003 ) ;
#1237 = AXIS2_PLACEMENT_3D ( 'NONE', #2974, #404, #2251 ) ;
#1238 = FILL_AREA_STYLE_COLOUR ( '', #1927 ) ;
#1239 = DIRECTION ( 'NONE',  ( -0.000000000000000000, -1.000000000000000000, -0.000000000000000000 ) ) ;
#1240 = VECTOR ( 'NONE', #37, 1000.000000000000000 ) ;
#1241 = VECTOR ( 'NONE', #2410, 1000.000000000000000 ) ;
#1242 = CARTESIAN_POINT ( 'NONE',  ( 0.8450000000000004174, 0.3300000000000001266, -0.2550510257216820897 ) ) ;
#1243 = DIRECTION ( 'NONE',  ( 0.000000000000000000, 1.000000000000000000, 0.000000000000000000 ) ) ;
#1244 = DIRECTION ( 'NONE',  ( -6.151056493397639940E-16, 0.000000000000000000, 1.000000000000000000 ) ) ;
#1245 = PRESENTATION_LAYER_ASSIGNMENT (  '', '', ( #1289 ) ) ;
#1246 = DIRECTION ( 'NONE',  ( -0.000000000000000000, 1.000000000000000000, -0.000000000000000000 ) ) ;
#1247 = VECTOR ( 'NONE', #1887, 1000.000000000000000 ) ;
#1248 = CARTESIAN_POINT ( 'NONE',  ( -0.8960000000000000187, 0.3300000000000001266, -0.8454999999999995852 ) ) ;
#1249 = CARTESIAN_POINT ( 'NONE',  ( 0.6769999999999996021, 0.3300000000000001266, 0.7500000000000000000 ) ) ;
#1250 = ADVANCED_FACE ( 'NONE', ( #1165 ), #2334, .F. ) ;
#1251 = ORIENTED_EDGE ( 'NONE', *, *, #578, .T. ) ;
#1252 = EDGE_CURVE ( 'NONE', #1834, #2898, #2473, .T. ) ;
#1253 = CARTESIAN_POINT ( 'NONE',  ( 0.7970000000000004858, 0.3300000000000001266, 1.149999999999999911 ) ) ;
#1254 = CARTESIAN_POINT ( 'NONE',  ( -0.2100000000000003253, 0.3300000000000001266, -0.8954999999999999627 ) ) ;
#1255 = FACE_OUTER_BOUND ( 'NONE', #2100, .T. ) ;
#1256 = DIRECTION ( 'NONE',  ( 0.000000000000000000, 0.000000000000000000, -1.000000000000000000 ) ) ;
#1257 = FILL_AREA_STYLE ('',( #2691 ) ) ;
#1258 =( NAMED_UNIT ( * ) PLANE_ANGLE_UNIT ( ) SI_UNIT ( $, .RADIAN. ) );
#1259 = VECTOR ( 'NONE', #205, 1000.000000000000000 ) ;
#1260 = LINE ( 'NONE', #559, #2404 ) ;
#1261 = CARTESIAN_POINT ( 'NONE',  ( -0.2099999999999999922, 0.3300000000000001266, -0.8454999999999999183 ) ) ;
#1262 = SURFACE_SIDE_STYLE ('',( #2388 ) ) ;
#1263 = EDGE_CURVE ( 'NONE', #2261, #2839, #2987, .T. ) ;
#1264 =( NAMED_UNIT ( * ) SI_UNIT ( $, .STERADIAN. ) SOLID_ANGLE_UNIT ( ) );
#1265 = ADVANCED_FACE ( 'NONE', ( #966, #718, #1153 ), #2086, .T. ) ;
#1266 = LINE ( 'NONE', #1019, #217 ) ;
#1267 = VERTEX_POINT ( 'NONE', #1800 ) ;
#1268 =( LENGTH_UNIT ( ) NAMED_UNIT ( * ) SI_UNIT ( .MILLI., .METRE. ) );
#1269 = CYLINDRICAL_SURFACE ( 'NONE', #2727, 0.05000000000000002359 ) ;
#1270 = FILL_AREA_STYLE ('',( #833 ) ) ;
#1271 = LINE ( 'NONE', #2398, #1379 ) ;
#1272 = DIRECTION ( 'NONE',  ( -1.000000000000000000, 0.000000000000000000, -0.000000000000000000 ) ) ;
#1273 = DIRECTION ( 'NONE',  ( 0.000000000000000000, 1.000000000000000000, -0.000000000000000000 ) ) ;
#1274 = CARTESIAN_POINT ( 'NONE',  ( 0.6500510257216826071, 0.3300000000000001266, -0.4500000000000000111 ) ) ;
#1275 = CYLINDRICAL_SURFACE ( 'NONE', #1532, 0.1199999999999999956 ) ;
#1276 = DIRECTION ( 'NONE',  ( -1.000000000000000000, -0.000000000000000000, -0.000000000000000000 ) ) ;
#1277 = CARTESIAN_POINT ( 'NONE',  ( 0.6670000000000004814, 0.5300000000000001377, -0.8699999999999999956 ) ) ;
#1278 = VERTEX_POINT ( 'NONE', #2555 ) ;
#1279 = CARTESIAN_POINT ( 'NONE',  ( 0.6670000000000013696, 0.5500000000000001554, 0.7500000000000000000 ) ) ;
#1280 = FACE_OUTER_BOUND ( 'NONE', #1822, .T. ) ;
#1281 = SURFACE_SIDE_STYLE ('',( #1743 ) ) ;
#1282 = CARTESIAN_POINT ( 'NONE',  ( 0.8449999999999996403, 0.5500000000000001554, 0.5000000000000000000 ) ) ;
#1283 = VECTOR ( 'NONE', #1562, 1000.000000000000000 ) ;
#1284 = CIRCLE ( 'NONE', #2145, 0.05000000000000002359 ) ;
#1285 = FILL_AREA_STYLE_COLOUR ( '', #600 ) ;
#1286 = AXIS2_PLACEMENT_3D ( 'NONE', #2150, #2182, #1060 ) ;
#1287 = SURFACE_SIDE_STYLE ('',( #2942 ) ) ;
#1288 = CARTESIAN_POINT ( 'NONE',  ( 0.8449999999999999734, 0.5500000000000001554, 0.4500000000000000111 ) ) ;
#1289 = STYLED_ITEM ( 'NONE', ( #2259 ), #2865 ) ;
#1290 = EDGE_LOOP ( 'NONE', ( #2514, #66, #196, #1071 ) ) ;
#1291 = AXIS2_PLACEMENT_3D ( 'NONE', #1600, #2523, #440 ) ;
#1292 = ORIENTED_EDGE ( 'NONE', *, *, #2944, .T. ) ;
#1293 = VERTEX_POINT ( 'NONE', #1570 ) ;
#1294 = EDGE_CURVE ( 'NONE', #2082, #2570, #2571, .T. ) ;
#1295 =( GEOMETRIC_REPRESENTATION_CONTEXT ( 3 ) GLOBAL_UNCERTAINTY_ASSIGNED_CONTEXT ( ( #2760 ) ) GLOBAL_UNIT_ASSIGNED_CONTEXT ( ( #2024, #402, #1794 ) ) REPRESENTATION_CONTEXT ( 'NONE', 'WORKASPACE' ) );
#1296 = FACE_OUTER_BOUND ( 'NONE', #1857, .T. ) ;
#1297 =( LENGTH_UNIT ( ) NAMED_UNIT ( * ) SI_UNIT ( .MILLI., .METRE. ) );
#1298 = VERTEX_POINT ( 'NONE', #1397 ) ;
#1299 = DIRECTION ( 'NONE',  ( -0.000000000000000000, -1.000000000000000000, -0.000000000000000000 ) ) ;
#1300 = EDGE_CURVE ( 'NONE', #1340, #2657, #651, .T. ) ;
#1301 = LINE ( 'NONE', #2218, #1368 ) ;
#1302 = VECTOR ( 'NONE', #1087, 1000.000000000000000 ) ;
#1303 = CYLINDRICAL_SURFACE ( 'NONE', #2143, 0.05000000000000005135 ) ;
#1304 = CARTESIAN_POINT ( 'NONE',  ( 0.6670000000000004814, 0.5300000000000001377, 0.8699999999999999956 ) ) ;
#1305 = CARTESIAN_POINT ( 'NONE',  ( 0.5470000000000004858, 0.5500000000000001554, -1.149999999999999911 ) ) ;
#1306 = VERTEX_POINT ( 'NONE', #2284 ) ;
#1307 = PRESENTATION_LAYER_ASSIGNMENT (  '', '', ( #1573 ) ) ;
#1308 = DIRECTION ( 'NONE',  ( -0.000000000000000000, 1.000000000000000000, -0.000000000000000000 ) ) ;
#1309 = CARTESIAN_POINT ( 'NONE',  ( 0.2189999999999999725, 0.5500000000000001554, 0.5000000000000000000 ) ) ;
#1310 = FILL_AREA_STYLE ('',( #2418 ) ) ;
#1311 = CARTESIAN_POINT ( 'NONE',  ( -1.149999999999999689, 0.000000000000000000, 1.149999999999999911 ) ) ;
#1312 = AXIS2_PLACEMENT_3D ( 'NONE', #915, #1811, #2775 ) ;
#1313 = EDGE_CURVE ( 'NONE', #1396, #1544, #441, .T. ) ;
#1314 = DIRECTION ( 'NONE',  ( -1.000000000000000000, 0.000000000000000000, 0.000000000000000000 ) ) ;
#1315 = EDGE_LOOP ( 'NONE', ( #2783, #2704, #2532, #359 ) ) ;
#1316 = LINE ( 'NONE', #161, #226 ) ;
#1317 = LINE ( 'NONE', #344, #2374 ) ;
#1318 = STYLED_ITEM ( 'NONE', ( #1500 ), #1854 ) ;
#1319 = ORIENTED_EDGE ( 'NONE', *, *, #2928, .T. ) ;
#1320 = ORIENTED_EDGE ( 'NONE', *, *, #167, .F. ) ;
#1321 =( NAMED_UNIT ( * ) SI_UNIT ( $, .STERADIAN. ) SOLID_ANGLE_UNIT ( ) );
#1322 = SURFACE_SIDE_STYLE ('',( #1963 ) ) ;
#1323 = FILL_AREA_STYLE ('',( #1341 ) ) ;
#1324 = PLANE ( 'NONE',  #2064 ) ;
#1325 = LINE ( 'NONE', #2664, #696 ) ;
#1326 = EDGE_CURVE ( 'NONE', #242, #2022, #425, .T. ) ;
#1327 = CARTESIAN_POINT ( 'NONE',  ( 0.6670000000000004814, 0.5500000000000001554, 0.8699999999999999956 ) ) ;
#1328 = CIRCLE ( 'NONE', #1616, 0.1199999999999999956 ) ;
#1329 = ORIENTED_EDGE ( 'NONE', *, *, #2381, .F. ) ;
#1330 = VECTOR ( 'NONE', #823, 1000.000000000000000 ) ;
#1331 = DIRECTION ( 'NONE',  ( -0.000000000000000000, 1.000000000000000000, -0.000000000000000000 ) ) ;
#1332 = AXIS2_PLACEMENT_3D ( 'NONE', #1651, #2792, #464 ) ;
#1333 = AXIS2_PLACEMENT_3D ( 'NONE', #1261, #1204, #545 ) ;
#1334 = ADVANCED_FACE ( 'NONE', ( #2271 ), #1377, .F. ) ;
#1335 = ORIENTED_EDGE ( 'NONE', *, *, #1517, .T. ) ;
#1336 = VECTOR ( 'NONE', #1807, 1000.000000000000000 ) ;
#1337 = EDGE_LOOP ( 'NONE', ( #1523, #1788, #2734, #264 ) ) ;
#1338 = VECTOR ( 'NONE', #2698, 1000.000000000000000 ) ;
#1339 = LINE ( 'NONE', #908, #1336 ) ;
#1340 = VERTEX_POINT ( 'NONE', #686 ) ;
#1341 = FILL_AREA_STYLE_COLOUR ( '', #2407 ) ;
#1342 = PRESENTATION_STYLE_ASSIGNMENT (( #895 ) ) ;
#1343 = CARTESIAN_POINT ( 'NONE',  ( 0.5470000000000004858, 0.3300000000000001266, 1.149999999999999911 ) ) ;
#1344 =( NAMED_UNIT ( * ) PLANE_ANGLE_UNIT ( ) SI_UNIT ( $, .RADIAN. ) );
#1345 = ORIENTED_EDGE ( 'NONE', *, *, #630, .F. ) ;
#1346 = DIRECTION ( 'NONE',  ( -0.000000000000000000, -1.000000000000000000, -0.000000000000000000 ) ) ;
#1347 = DIRECTION ( 'NONE',  ( -3.872150616019658834E-16, 0.000000000000000000, -1.000000000000000000 ) ) ;
#1348 = VECTOR ( 'NONE', #330, 1000.000000000000000 ) ;
#1349 = ORIENTED_EDGE ( 'NONE', *, *, #2297, .T. ) ;
#1350 = ORIENTED_EDGE ( 'NONE', *, *, #1045, .T. ) ;
#1351 = ADVANCED_FACE ( 'NONE', ( #1601 ), #3034, .T. ) ;
#1352 = CARTESIAN_POINT ( 'NONE',  ( 0.6500510257216826071, 0.5500000000000001554, -0.4999999999999998890 ) ) ;
#1353 = ORIENTED_EDGE ( 'NONE', *, *, #2450, .F. ) ;
#1354 = ORIENTED_EDGE ( 'NONE', *, *, #2943, .F. ) ;
#1355 = CARTESIAN_POINT ( 'NONE',  ( 0.5470000000000004858, 0.3300000000000001266, -1.149999999999999911 ) ) ;
#1356 = DIRECTION ( 'NONE',  ( 0.000000000000000000, -1.000000000000000000, 0.000000000000000000 ) ) ;
#1357 = DIRECTION ( 'NONE',  ( 1.000000000000000000, 0.000000000000000000, -3.872150616019658834E-16 ) ) ;
#1358 = ORIENTED_EDGE ( 'NONE', *, *, #607, .F. ) ;
#1359 = FILL_AREA_STYLE ('',( #177 ) ) ;
#1360 = VERTEX_POINT ( 'NONE', #312 ) ;
#1361 =( NAMED_UNIT ( * ) PLANE_ANGLE_UNIT ( ) SI_UNIT ( $, .RADIAN. ) );
#1362 = DIRECTION ( 'NONE',  ( 1.000000000000000000, 0.000000000000000000, 0.000000000000000000 ) ) ;
#1363 = VERTEX_POINT ( 'NONE', #1892 ) ;
#1364 = CIRCLE ( 'NONE', #1176, 0.05000000000000002359 ) ;
#1365 = ADVANCED_FACE ( 'NONE', ( #2619 ), #2599, .F. ) ;
#1366 = LINE ( 'NONE', #1187, #2098 ) ;
#1367 = ORIENTED_EDGE ( 'NONE', *, *, #1294, .T. ) ;
#1368 = VECTOR ( 'NONE', #144, 1000.000000000000000 ) ;
#1369 = ORIENTED_EDGE ( 'NONE', *, *, #2841, .T. ) ;
#1370 = SURFACE_SIDE_STYLE ('',( #2264 ) ) ;
#1371 = LINE ( 'NONE', #2741, #3023 ) ;
#1372 = CARTESIAN_POINT ( 'NONE',  ( 0.9500000000000003997, 0.000000000000000000, -0.8499999999999998668 ) ) ;
#1373 = EDGE_CURVE ( 'NONE', #477, #472, #2393, .T. ) ;
#1374 = SURFACE_STYLE_USAGE ( .BOTH. , #930 ) ;
#1375 = VERTEX_POINT ( 'NONE', #2862 ) ;
#1376 = FILL_AREA_STYLE ('',( #454 ) ) ;
#1377 = CYLINDRICAL_SURFACE ( 'NONE', #783, 0.1999999999999998723 ) ;
#1378 = VECTOR ( 'NONE', #2955, 1000.000000000000000 ) ;
#1379 = VECTOR ( 'NONE', #125, 1000.000000000000000 ) ;
#1380 = ORIENTED_EDGE ( 'NONE', *, *, #2608, .T. ) ;
#1381 = VERTEX_POINT ( 'NONE', #980 ) ;
#1382 = AXIS2_PLACEMENT_3D ( 'NONE', #173, #2023, #387 ) ;
#1383 = AXIS2_PLACEMENT_3D ( 'NONE', #334, #2854, #1705 ) ;
#1384 = FACE_OUTER_BOUND ( 'NONE', #924, .T. ) ;
#1385 = EDGE_LOOP ( 'NONE', ( #894, #1626, #843, #14 ) ) ;
#1386 = VERTEX_POINT ( 'NONE', #2633 ) ;
#1387 = ORIENTED_EDGE ( 'NONE', *, *, #2239, .T. ) ;
#1388 = CARTESIAN_POINT ( 'NONE',  ( 1.149999999999999911, 0.5300000000000001377, -1.149999999999999911 ) ) ;
#1389 = MECHANICAL_DESIGN_GEOMETRIC_PRESENTATION_REPRESENTATION (  '', ( #1958 ), #474 ) ;
#1390 = DIRECTION ( 'NONE',  ( -3.872150616019658834E-16, 0.000000000000000000, 1.000000000000000000 ) ) ;
#1391 = CARTESIAN_POINT ( 'NONE',  ( -0.8459999999999999742, 0.3300000000000001266, 0.8454999999999999183 ) ) ;
#1392 = ADVANCED_FACE ( 'NONE', ( #2370 ), #1868, .F. ) ;
#1393 = DIRECTION ( 'NONE',  ( -0.000000000000000000, -1.000000000000000000, -0.000000000000000000 ) ) ;
#1394 = EDGE_CURVE ( 'NONE', #1381, #478, #2081, .T. ) ;
#1395 = PRODUCT_CONTEXT ( 'NONE', #669, 'mechanical' ) ;
#1396 = VERTEX_POINT ( 'NONE', #2587 ) ;
#1397 = CARTESIAN_POINT ( 'NONE',  ( 0.8449999999999996403, 0.5500000000000001554, 0.5000000000000000000 ) ) ;
#1398 = EDGE_LOOP ( 'NONE', ( #1124, #133, #1688, #1775 ) ) ;
#1399 = VERTEX_POINT ( 'NONE', #274 ) ;
#1400 = ORIENTED_EDGE ( 'NONE', *, *, #614, .T. ) ;
#1401 =( GEOMETRIC_REPRESENTATION_CONTEXT ( 3 ) GLOBAL_UNCERTAINTY_ASSIGNED_CONTEXT ( ( #292 ) ) GLOBAL_UNIT_ASSIGNED_CONTEXT ( ( #2464, #2494, #1985 ) ) REPRESENTATION_CONTEXT ( 'NONE', 'WORKASPACE' ) );
#1402 = ORIENTED_EDGE ( 'NONE', *, *, #2137, .T. ) ;
#1403 = CYLINDRICAL_SURFACE ( 'NONE', #3009, 0.05000000000000002359 ) ;
#1404 = LINE ( 'NONE', #883, #544 ) ;
#1405 = UNCERTAINTY_MEASURE_WITH_UNIT (LENGTH_MEASURE( 1.000000000000000082E-05 ), #324, 'distance_accuracy_value', 'NONE');
#1406 = FACE_OUTER_BOUND ( 'NONE', #875, .T. ) ;
#1407 = CARTESIAN_POINT ( 'NONE',  ( 0.6769999999999996021, 0.5500000000000001554, 0.7500000000000000000 ) ) ;
#1408 = VERTEX_POINT ( 'NONE', #2111 ) ;
#1409 = DIRECTION ( 'NONE',  ( 0.000000000000000000, 0.000000000000000000, 1.000000000000000000 ) ) ;
#1410 = FILL_AREA_STYLE ('',( #2073 ) ) ;
#1411 = ORIENTED_EDGE ( 'NONE', *, *, #2567, .F. ) ;
#1412 = UNCERTAINTY_MEASURE_WITH_UNIT (LENGTH_MEASURE( 1.000000000000000082E-05 ), #726, 'distance_accuracy_value', 'NONE');
#1413 = DIRECTION ( 'NONE',  ( -1.000000000000000000, 0.000000000000000000, -0.000000000000000000 ) ) ;
#1414 = ORIENTED_EDGE ( 'NONE', *, *, #1838, .T. ) ;
#1415 = EDGE_LOOP ( 'NONE', ( #1516, #1411, #362, #584 ) ) ;
#1416 = EDGE_LOOP ( 'NONE', ( #1400, #1113, #2287, #591 ) ) ;
#1417 = DIRECTION ( 'NONE',  ( 0.000000000000000000, 1.000000000000000000, 0.000000000000000000 ) ) ;
#1418 = VECTOR ( 'NONE', #3031, 1000.000000000000000 ) ;
#1419 =( NAMED_UNIT ( * ) PLANE_ANGLE_UNIT ( ) SI_UNIT ( $, .RADIAN. ) );
#1420 = CARTESIAN_POINT ( 'NONE',  ( 0.8449999999999996403, 0.3300000000000001266, 0.5000000000000000000 ) ) ;
#1421 = ORIENTED_EDGE ( 'NONE', *, *, #2357, .F. ) ;
#1422 = DIRECTION ( 'NONE',  ( -3.872150616019658834E-16, -0.000000000000000000, -1.000000000000000000 ) ) ;
#1423 = DIRECTION ( 'NONE',  ( 0.000000000000000000, 1.000000000000000000, -0.000000000000000000 ) ) ;
#1424 = ORIENTED_EDGE ( 'NONE', *, *, #2959, .T. ) ;
#1425 = VERTEX_POINT ( 'NONE', #2879 ) ;
#1426 = EDGE_CURVE ( 'NONE', #618, #1375, #287, .T. ) ;
#1427 = LINE ( 'NONE', #1473, #1848 ) ;
#1428 = AXIS2_PLACEMENT_3D ( 'NONE', #2243, #2011, #983 ) ;
#1429 = DIRECTION ( 'NONE',  ( -0.000000000000000000, 1.000000000000000000, -0.000000000000000000 ) ) ;
#1430 = VECTOR ( 'NONE', #1053, 1000.000000000000000 ) ;
#1431 = AXIS2_PLACEMENT_3D ( 'NONE', #203, #1612, #2797 ) ;
#1432 = MECHANICAL_DESIGN_GEOMETRIC_PRESENTATION_REPRESENTATION (  '', ( #1191 ), #1714 ) ;
#1433 = AXIS2_PLACEMENT_3D ( 'NONE', #2632, #2110, #2332 ) ;
#1434 = CIRCLE ( 'NONE', #363, 0.1999999999999998723 ) ;
#1435 = CARTESIAN_POINT ( 'NONE',  ( 0.9500000000000003997, 0.05000000000000000278, -0.8499999999999998668 ) ) ;
#1436 = DIRECTION ( 'NONE',  ( 0.000000000000000000, 1.000000000000000000, 0.000000000000000000 ) ) ;
#1437 = CLOSED_SHELL ( 'NONE', ( #2397, #2865, #703, #1031, #1989, #838, #2788, #827, #750, #1365 ) ) ;
#1438 = VECTOR ( 'NONE', #2560, 1000.000000000000000 ) ;
#1439 = PRESENTATION_STYLE_ASSIGNMENT (( #509 ) ) ;
#1440 = ORIENTED_EDGE ( 'NONE', *, *, #1802, .T. ) ;
#1441 = VECTOR ( 'NONE', #1971, 1000.000000000000000 ) ;
#1442 = DIRECTION ( 'NONE',  ( -1.000000000000000000, 0.000000000000000000, 3.872150616019658834E-16 ) ) ;
#1443 = PRESENTATION_LAYER_ASSIGNMENT (  '', '', ( #2769 ) ) ;
#1444 = CARTESIAN_POINT ( 'NONE',  ( -1.149999999999999911, 0.5300000000000001377, -1.149999999999999911 ) ) ;
#1445 = PRESENTATION_STYLE_ASSIGNMENT (( #2114 ) ) ;
#1446 = UNCERTAINTY_MEASURE_WITH_UNIT (LENGTH_MEASURE( 1.000000000000000082E-05 ), #1297, 'distance_accuracy_value', 'NONE');
#1447 = CARTESIAN_POINT ( 'NONE',  ( 0.9500000000000003997, 0.05000000000000000278, -0.9499999999999998446 ) ) ;
#1448 = CARTESIAN_POINT ( 'NONE',  ( 0.6670000000000013696, 0.3300000000000001266, 0.7500000000000000000 ) ) ;
#1449 = ADVANCED_FACE ( 'NONE', ( #870 ), #403, .F. ) ;
#1450 =( GEOMETRIC_REPRESENTATION_CONTEXT ( 3 ) GLOBAL_UNCERTAINTY_ASSIGNED_CONTEXT ( ( #2828 ) ) GLOBAL_UNIT_ASSIGNED_CONTEXT ( ( #1185, #2262, #2820 ) ) REPRESENTATION_CONTEXT ( 'NONE', 'WORKASPACE' ) );
#1451 = DIRECTION ( 'NONE',  ( -1.000000000000000000, 0.000000000000000000, 0.000000000000000000 ) ) ;
#1452 = PLANE ( 'NONE',  #228 ) ;
#1453 = DIRECTION ( 'NONE',  ( -0.000000000000000000, -1.000000000000000000, -0.000000000000000000 ) ) ;
#1454 = SURFACE_SIDE_STYLE ('',( #538 ) ) ;
#1455 = EDGE_CURVE ( 'NONE', #1306, #277, #1747, .T. ) ;
#1456 = SURFACE_STYLE_USAGE ( .BOTH. , #270 ) ;
#1457 = STYLED_ITEM ( 'NONE', ( #2349 ), #827 ) ;
#1458 = FACE_OUTER_BOUND ( 'NONE', #1415, .T. ) ;
#1459 =( NAMED_UNIT ( * ) PLANE_ANGLE_UNIT ( ) SI_UNIT ( $, .RADIAN. ) );
#1460 =( NAMED_UNIT ( * ) SI_UNIT ( $, .STERADIAN. ) SOLID_ANGLE_UNIT ( ) );
#1461 = SURFACE_STYLE_FILL_AREA ( #739 ) ;
#1462 =( NAMED_UNIT ( * ) PLANE_ANGLE_UNIT ( ) SI_UNIT ( $, .RADIAN. ) );
#1463 = FACE_OUTER_BOUND ( 'NONE', #1143, .T. ) ;
#1464 = ORIENTED_EDGE ( 'NONE', *, *, #1660, .F. ) ;
#1465 = EDGE_CURVE ( 'NONE', #460, #2753, #1325, .T. ) ;
#1466 = DIRECTION ( 'NONE',  ( 3.872150616019658834E-16, 0.000000000000000000, -1.000000000000000000 ) ) ;
#1467 = PRESENTATION_STYLE_ASSIGNMENT (( #1711 ) ) ;
#1468 = CYLINDRICAL_SURFACE ( 'NONE', #1745, 0.1199999999999999956 ) ;
#1469 = COLOUR_RGB ( '',0.6666666666666666297, 0.6980392156862744724, 0.7686274509803920907 ) ;
#1470 = CARTESIAN_POINT ( 'NONE',  ( 0.6670000000000004814, 0.5300000000000001377, -0.7500000000000000000 ) ) ;
#1471 = ADVANCED_FACE ( 'NONE', ( #2249 ), #2430, .F. ) ;
#1472 = DIRECTION ( 'NONE',  ( -1.000000000000000000, 0.000000000000000000, -6.151056493397639940E-16 ) ) ;
#1473 = CARTESIAN_POINT ( 'NONE',  ( -1.149999999999999911, 0.5300000000000001377, -1.149999999999999911 ) ) ;
#1474 = FILL_AREA_STYLE_COLOUR ( '', #418 ) ;
#1475 = LINE ( 'NONE', #1249, #780 ) ;
#1476 = DIRECTION ( 'NONE',  ( 0.000000000000000000, 1.000000000000000000, 0.000000000000000000 ) ) ;
#1477 =( LENGTH_UNIT ( ) NAMED_UNIT ( * ) SI_UNIT ( .MILLI., .METRE. ) );
#1478 = MECHANICAL_DESIGN_GEOMETRIC_PRESENTATION_REPRESENTATION (  '', ( #2140 ), #2088 ) ;
#1479 =( NAMED_UNIT ( * ) SI_UNIT ( $, .STERADIAN. ) SOLID_ANGLE_UNIT ( ) );
#1480 = PRESENTATION_LAYER_ASSIGNMENT (  '', '', ( #413 ) ) ;
#1481 = CARTESIAN_POINT ( 'NONE',  ( 0.2190000000000003333, 0.5300000000000001377, 0.5000000000000000000 ) ) ;
#1482 = DIRECTION ( 'NONE',  ( 0.000000000000000000, 1.000000000000000000, 0.000000000000000000 ) ) ;
#1483 = AXIS2_PLACEMENT_3D ( 'NONE', #81, #1442, #252 ) ;
#1484 = VECTOR ( 'NONE', #1105, 1000.000000000000000 ) ;
#1485 = DIRECTION ( 'NONE',  ( 1.000000000000000000, 0.000000000000000000, 0.000000000000000000 ) ) ;
#1486 = CLOSED_SHELL ( 'NONE', ( #430, #2745, #2175, #1065, #165, #537, #1854, #1449 ) ) ;
#1487 = STYLED_ITEM ( 'NONE', ( #2580 ), #2905 ) ;
#1488 = FACE_OUTER_BOUND ( 'NONE', #1545, .T. ) ;
#1489 =( NAMED_UNIT ( * ) SI_UNIT ( $, .STERADIAN. ) SOLID_ANGLE_UNIT ( ) );
#1490 = EDGE_CURVE ( 'NONE', #2279, #1825, #305, .T. ) ;
#1491 = PRESENTATION_LAYER_ASSIGNMENT (  '', '', ( #516 ) ) ;
#1492 = EDGE_CURVE ( 'NONE', #149, #2261, #1540, .T. ) ;
#1493 = DIRECTION ( 'NONE',  ( 1.000000000000000000, 0.000000000000000000, 0.000000000000000000 ) ) ;
#1494 = LINE ( 'NONE', #2113, #1195 ) ;
#1495 = CARTESIAN_POINT ( 'NONE',  ( 0.5470000000000004858, 0.3300000000000001266, -1.149999999999999911 ) ) ;
#1496 = EDGE_LOOP ( 'NONE', ( #2467, #2949, #654, #2342, #1764, #393, #934, #2492, #881, #155 ) ) ;
#1497 = EDGE_CURVE ( 'NONE', #352, #1806, #1983, .T. ) ;
#1498 = ORIENTED_EDGE ( 'NONE', *, *, #1878, .F. ) ;
#1499 = DIRECTION ( 'NONE',  ( 0.000000000000000000, 0.000000000000000000, 1.000000000000000000 ) ) ;
#1500 = PRESENTATION_STYLE_ASSIGNMENT (( #1948 ) ) ;
#1501 = DIRECTION ( 'NONE',  ( 0.000000000000000000, 0.000000000000000000, 1.000000000000000000 ) ) ;
#1502 = CIRCLE ( 'NONE', #1638, 0.1199999999999999956 ) ;
#1503 = CARTESIAN_POINT ( 'NONE',  ( 0.6769999999999996021, 0.5300000000000001377, 0.7500000000000000000 ) ) ;
#1504 = FILL_AREA_STYLE ('',( #2493 ) ) ;
#1505 = FACE_OUTER_BOUND ( 'NONE', #931, .T. ) ;
#1506 = DIRECTION ( 'NONE',  ( 0.000000000000000000, 0.000000000000000000, -1.000000000000000000 ) ) ;
#1507 = ORIENTED_EDGE ( 'NONE', *, *, #1693, .F. ) ;
#1508 = SURFACE_STYLE_FILL_AREA ( #1270 ) ;
#1509 = CARTESIAN_POINT ( 'NONE',  ( -0.8459999999999999742, 0.5500000000000001554, 0.8454999999999999183 ) ) ;
#1510 = LINE ( 'NONE', #2444, #2047 ) ;
#1511 = CARTESIAN_POINT ( 'NONE',  ( 0.1689999999999999836, 0.5500000000000001554, 0.4499999999999996780 ) ) ;
#1512 = STYLED_ITEM ( 'NONE', ( #1439 ), #1767 ) ;
#1513 = LINE ( 'NONE', #840, #1441 ) ;
#1514 = CARTESIAN_POINT ( 'NONE',  ( 0.6670000000000004814, 0.3300000000000001266, 0.8699999999999999956 ) ) ;
#1515 = ADVANCED_FACE ( 'NONE', ( #2972 ), #1078, .F. ) ;
#1516 = ORIENTED_EDGE ( 'NONE', *, *, #735, .T. ) ;
#1517 = EDGE_CURVE ( 'NONE', #903, #2947, #825, .T. ) ;
#1518 = EDGE_CURVE ( 'NONE', #1298, #214, #130, .T. ) ;
#1519 = SURFACE_STYLE_FILL_AREA ( #2454 ) ;
#1520 = DIRECTION ( 'NONE',  ( -0.000000000000000000, 1.000000000000000000, -0.000000000000000000 ) ) ;
#1521 =( GEOMETRIC_REPRESENTATION_CONTEXT ( 3 ) GLOBAL_UNCERTAINTY_ASSIGNED_CONTEXT ( ( #1910 ) ) GLOBAL_UNIT_ASSIGNED_CONTEXT ( ( #2208, #2927, #2446 ) ) REPRESENTATION_CONTEXT ( 'NONE', 'WORKASPACE' ) );
#1522 = SURFACE_STYLE_FILL_AREA ( #1257 ) ;
#1523 = ORIENTED_EDGE ( 'NONE', *, *, #2998, .T. ) ;
#1524 = AXIS2_PLACEMENT_3D ( 'NONE', #7, #2829, #1866 ) ;
#1525 = LINE ( 'NONE', #540, #1330 ) ;
#1526 = FILL_AREA_STYLE_COLOUR ( '', #2902 ) ;
#1527 = CARTESIAN_POINT ( 'NONE',  ( 0.5470000000000004858, 0.5500000000000001554, 0.8700000000000008837 ) ) ;
#1528 = CARTESIAN_POINT ( 'NONE',  ( -0.8960000000000000187, 0.3300000000000001266, -0.8454999999999995852 ) ) ;
#1529 = CARTESIAN_POINT ( 'NONE',  ( -0.8459999999999996412, 0.3300000000000001266, 0.8954999999999999627 ) ) ;
#1530 = AXIS2_PLACEMENT_3D ( 'NONE', #950, #938, #459 ) ;
#1531 = VERTEX_POINT ( 'NONE', #389 ) ;
#1532 = AXIS2_PLACEMENT_3D ( 'NONE', #2209, #589, #1960 ) ;
#1533 = ORIENTED_EDGE ( 'NONE', *, *, #937, .T. ) ;
#1534 = ORIENTED_EDGE ( 'NONE', *, *, #1655, .T. ) ;
#1535 = FACE_OUTER_BOUND ( 'NONE', #2019, .T. ) ;
#1536 = CARTESIAN_POINT ( 'NONE',  ( -0.2099999999999999922, 0.5300000000000001377, 0.8454999999999999183 ) ) ;
#1537 = EDGE_CURVE ( 'NONE', #984, #206, #836, .T. ) ;
#1538 = CARTESIAN_POINT ( 'NONE',  ( 0.5470000000000004858, 0.3300000000000001266, 1.149999999999999911 ) ) ;
#1539 = LINE ( 'NONE', #2530, #1283 ) ;
#1540 = LINE ( 'NONE', #2940, #1934 ) ;
#1541 = DIRECTION ( 'NONE',  ( -0.000000000000000000, 0.000000000000000000, 1.000000000000000000 ) ) ;
#1542 = VERTEX_POINT ( 'NONE', #2462 ) ;
#1543 = SURFACE_STYLE_USAGE ( .BOTH. , #1287 ) ;
#1544 = VERTEX_POINT ( 'NONE', #1311 ) ;
#1545 = EDGE_LOOP ( 'NONE', ( #2544, #2819, #760, #2233 ) ) ;
#1546 = ORIENTED_EDGE ( 'NONE', *, *, #937, .F. ) ;
#1547 = SURFACE_STYLE_FILL_AREA ( #2738 ) ;
#1548 =( LENGTH_UNIT ( ) NAMED_UNIT ( * ) SI_UNIT ( .MILLI., .METRE. ) );
#1549 = EDGE_CURVE ( 'NONE', #728, #886, #1301, .T. ) ;
#1550 = LINE ( 'NONE', #157, #1758 ) ;
#1551 = PRESENTATION_STYLE_ASSIGNMENT (( #631 ) ) ;
#1552 = AXIS2_PLACEMENT_3D ( 'NONE', #435, #1356, #2280 ) ;
#1553 = ADVANCED_FACE ( 'NONE', ( #1979 ), #695, .F. ) ;
#1554 =( NAMED_UNIT ( * ) SI_UNIT ( $, .STERADIAN. ) SOLID_ANGLE_UNIT ( ) );
#1555 = EDGE_CURVE ( 'NONE', #1278, #1806, #896, .T. ) ;
#1556 = VERTEX_POINT ( 'NONE', #1831 ) ;
#1557 = FILL_AREA_STYLE ('',( #2221 ) ) ;
#1558 =( GEOMETRIC_REPRESENTATION_CONTEXT ( 3 ) GLOBAL_UNCERTAINTY_ASSIGNED_CONTEXT ( ( #2389 ) ) GLOBAL_UNIT_ASSIGNED_CONTEXT ( ( #1178, #45, #2858 ) ) REPRESENTATION_CONTEXT ( 'NONE', 'WORKASPACE' ) );
#1559 = EDGE_LOOP ( 'NONE', ( #2977, #2087, #1586, #2263 ) ) ;
#1560 = PRESENTATION_LAYER_ASSIGNMENT (  '', '', ( #2538 ) ) ;
#1561 = PRESENTATION_STYLE_ASSIGNMENT (( #2010 ) ) ;
#1562 = DIRECTION ( 'NONE',  ( 0.000000000000000000, 0.000000000000000000, 1.000000000000000000 ) ) ;
#1563 = STYLED_ITEM ( 'NONE', ( #793 ), #2042 ) ;
#1564 = FACE_OUTER_BOUND ( 'NONE', #2543, .T. ) ;
#1565 = FACE_BOUND ( 'NONE', #385, .T. ) ;
#1566 = STYLED_ITEM ( 'NONE', ( #2336 ), #1956 ) ;
#1567 = SURFACE_STYLE_USAGE ( .BOTH. , #666 ) ;
#1568 = ORIENTED_EDGE ( 'NONE', *, *, #2431, .F. ) ;
#1569 = VECTOR ( 'NONE', #1393, 1000.000000000000000 ) ;
#1570 = CARTESIAN_POINT ( 'NONE',  ( 1.150000000000000355, 0.000000000000000000, 1.149999999999999911 ) ) ;
#1571 = EDGE_CURVE ( 'NONE', #2898, #1840, #422, .T. ) ;
#1572 = EDGE_CURVE ( 'NONE', #837, #2561, #1037, .T. ) ;
#1573 = STYLED_ITEM ( 'NONE', ( #1131 ), #750 ) ;
#1574 = VECTOR ( 'NONE', #1209, 1000.000000000000000 ) ;
#1575 = EDGE_LOOP ( 'NONE', ( #1367, #610, #2308, #1070 ) ) ;
#1576 = COLOUR_RGB ( '',0.6666666666666666297, 0.6980392156862744724, 0.7686274509803920907 ) ;
#1577 = ORIENTED_EDGE ( 'NONE', *, *, #2644, .T. ) ;
#1578 = VECTOR ( 'NONE', #1004, 1000.000000000000000 ) ;
#1579 = PRESENTATION_STYLE_ASSIGNMENT (( #367 ) ) ;
#1580 = ORIENTED_EDGE ( 'NONE', *, *, #921, .T. ) ;
#1581 = ORIENTED_EDGE ( 'NONE', *, *, #2434, .F. ) ;
#1582 = CARTESIAN_POINT ( 'NONE',  ( 0.8950000000000003508, 0.3300000000000001266, -0.2550510257216820897 ) ) ;
#1583 = DIRECTION ( 'NONE',  ( 0.000000000000000000, 0.000000000000000000, 1.000000000000000000 ) ) ;
#1584 = UNCERTAINTY_MEASURE_WITH_UNIT (LENGTH_MEASURE( 1.000000000000000082E-05 ), #1924, 'distance_accuracy_value', 'NONE');
#1585 = SURFACE_STYLE_FILL_AREA ( #1359 ) ;
#1586 = ORIENTED_EDGE ( 'NONE', *, *, #30, .F. ) ;
#1587 = CARTESIAN_POINT ( 'NONE',  ( 0.7970000000000005969, 0.3300000000000001266, -0.8699999999999999956 ) ) ;
#1588 = SURFACE_STYLE_USAGE ( .BOTH. , #1122 ) ;
#1589 = ORIENTED_EDGE ( 'NONE', *, *, #2998, .F. ) ;
#1590 = CIRCLE ( 'NONE', #288, 0.05000000000000002359 ) ;
#1591 = VERTEX_POINT ( 'NONE', #236 ) ;
#1592 = CARTESIAN_POINT ( 'NONE',  ( 0.5470000000000004858, 0.5500000000000001554, 0.8700000000000008837 ) ) ;
#1593 = EDGE_CURVE ( 'NONE', #1613, #3035, #482, .T. ) ;
#1594 = ORIENTED_EDGE ( 'NONE', *, *, #299, .F. ) ;
#1595 = LINE ( 'NONE', #850, #462 ) ;
#1596 = FILL_AREA_STYLE_COLOUR ( '', #2465 ) ;
#1597 = CARTESIAN_POINT ( 'NONE',  ( 0.000000000000000000, 0.000000000000000000, 0.000000000000000000 ) ) ;
#1598 = DIRECTION ( 'NONE',  ( 0.000000000000000000, 0.000000000000000000, -1.000000000000000000 ) ) ;
#1599 = VERTEX_POINT ( 'NONE', #1372 ) ;
#1600 = CARTESIAN_POINT ( 'NONE',  ( -0.8459999999999999742, 0.3300000000000001266, -0.8454999999999999183 ) ) ;
#1601 = FACE_OUTER_BOUND ( 'NONE', #1816, .T. ) ;
#1602 = ORIENTED_EDGE ( 'NONE', *, *, #1780, .F. ) ;
#1603 = MECHANICAL_DESIGN_GEOMETRIC_PRESENTATION_REPRESENTATION (  '', ( #942 ), #2286 ) ;
#1604 = EDGE_LOOP ( 'NONE', ( #160, #936, #2516, #856 ) ) ;
#1605 =( GEOMETRIC_REPRESENTATION_CONTEXT ( 3 ) GLOBAL_UNCERTAINTY_ASSIGNED_CONTEXT ( ( #2607 ) ) GLOBAL_UNIT_ASSIGNED_CONTEXT ( ( #327, #2847, #2136 ) ) REPRESENTATION_CONTEXT ( 'NONE', 'WORKASPACE' ) );
#1606 = VERTEX_POINT ( 'NONE', #2056 ) ;
#1607 = ADVANCED_FACE ( 'NONE', ( #2503 ), #175, .F. ) ;
#1608 = VERTEX_POINT ( 'NONE', #1161 ) ;
#1609 = FILL_AREA_STYLE_COLOUR ( '', #2602 ) ;
#1610 = DIRECTION ( 'NONE',  ( 0.000000000000000000, 0.000000000000000000, -1.000000000000000000 ) ) ;
#1611 = FACE_OUTER_BOUND ( 'NONE', #1398, .T. ) ;
#1612 = DIRECTION ( 'NONE',  ( 0.000000000000000000, 0.000000000000000000, 1.000000000000000000 ) ) ;
#1613 = VERTEX_POINT ( 'NONE', #1132 ) ;
#1614 = CARTESIAN_POINT ( 'NONE',  ( 0.2189999999999999725, 0.5300000000000001377, 0.4500000000000000111 ) ) ;
#1615 = PRESENTATION_LAYER_ASSIGNMENT (  '', '', ( #2140 ) ) ;
#1616 = AXIS2_PLACEMENT_3D ( 'NONE', #1277, #1911, #1897 ) ;
#1617 = CIRCLE ( 'NONE', #706, 0.05000000000000002359 ) ;
#1618 = ORIENTED_EDGE ( 'NONE', *, *, #1750, .F. ) ;
#1619 = FACE_OUTER_BOUND ( 'NONE', #1986, .T. ) ;
#1620 = AXIS2_PLACEMENT_3D ( 'NONE', #1448, #2901, #2376 ) ;
#1621 = ORIENTED_EDGE ( 'NONE', *, *, #2806, .F. ) ;
#1622 = EDGE_LOOP ( 'NONE', ( #1856, #2813, #2562, #1828 ) ) ;
#1623 = VECTOR ( 'NONE', #2501, 1000.000000000000000 ) ;
#1624 = VECTOR ( 'NONE', #69, 1000.000000000000000 ) ;
#1625 = FACE_OUTER_BOUND ( 'NONE', #1496, .T. ) ;
#1626 = ORIENTED_EDGE ( 'NONE', *, *, #1227, .F. ) ;
#1627 = AXIS2_PLACEMENT_3D ( 'NONE', #2469, #1776, #890 ) ;
#1628 = VECTOR ( 'NONE', #1453, 1000.000000000000000 ) ;
#1629 = DIRECTION ( 'NONE',  ( -1.000000000000000000, 0.000000000000000000, 0.000000000000000000 ) ) ;
#1630 =( NAMED_UNIT ( * ) PLANE_ANGLE_UNIT ( ) SI_UNIT ( $, .RADIAN. ) );
#1631 = EDGE_LOOP ( 'NONE', ( #2722, #2498, #2539, #229, #493, #2684, #2807, #2515, #1120, #742 ) ) ;
#1632 = DIRECTION ( 'NONE',  ( 0.000000000000000000, 1.000000000000000000, 0.000000000000000000 ) ) ;
#1633 = VERTEX_POINT ( 'NONE', #190 ) ;
#1634 = FILL_AREA_STYLE ('',( #2834 ) ) ;
#1635 = ORIENTED_EDGE ( 'NONE', *, *, #1426, .T. ) ;
#1636 = CARTESIAN_POINT ( 'NONE',  ( 0.5470000000000004858, 0.3300000000000001266, 1.149999999999999911 ) ) ;
#1637 = EDGE_LOOP ( 'NONE', ( #1174, #1618, #687, #2703 ) ) ;
#1638 = AXIS2_PLACEMENT_3D ( 'NONE', #1220, #318, #2422 ) ;
#1639 = ORIENTED_EDGE ( 'NONE', *, *, #1571, .F. ) ;
#1640 = VERTEX_POINT ( 'NONE', #2013 ) ;
#1641 = VECTOR ( 'NONE', #2957, 1000.000000000000000 ) ;
#1642 = DIRECTION ( 'NONE',  ( -0.000000000000000000, 1.000000000000000000, -0.000000000000000000 ) ) ;
#1643 = EDGE_CURVE ( 'NONE', #3037, #1834, #1932, .T. ) ;
#1644 = CYLINDRICAL_SURFACE ( 'NONE', #2453, 0.05000000000000002359 ) ;
#1645 = LINE ( 'NONE', #2586, #271 ) ;
#1646 = DIRECTION ( 'NONE',  ( 0.000000000000000000, 0.000000000000000000, -1.000000000000000000 ) ) ;
#1647 = FACE_OUTER_BOUND ( 'NONE', #1702, .T. ) ;
#1648 = CARTESIAN_POINT ( 'NONE',  ( 0.5470000000000004858, 0.5300000000000001377, -1.149999999999999911 ) ) ;
#1649 = UNCERTAINTY_MEASURE_WITH_UNIT (LENGTH_MEASURE( 1.000000000000000082E-05 ), #554, 'distance_accuracy_value', 'NONE');
#1650 = ORIENTED_EDGE ( 'NONE', *, *, #3000, .T. ) ;
#1651 = CARTESIAN_POINT ( 'NONE',  ( 0.6670000000000004814, 0.3300000000000001266, 0.8699999999999999956 ) ) ;
#1652 = PRESENTATION_STYLE_ASSIGNMENT (( #1901 ) ) ;
#1653 = DIRECTION ( 'NONE',  ( 1.000000000000000000, 0.000000000000000000, 0.000000000000000000 ) ) ;
#1654 = SURFACE_STYLE_USAGE ( .BOTH. , #1197 ) ;
#1655 = EDGE_CURVE ( 'NONE', #672, #460, #2039, .T. ) ;
#1656 = DIRECTION ( 'NONE',  ( -0.000000000000000000, -1.000000000000000000, -0.000000000000000000 ) ) ;
#1657 = PRESENTATION_STYLE_ASSIGNMENT (( #65 ) ) ;
#1658 = DIRECTION ( 'NONE',  ( 0.000000000000000000, 0.000000000000000000, -1.000000000000000000 ) ) ;
#1659 = COLOUR_RGB ( '',0.6666666666666666297, 0.6980392156862744724, 0.7686274509803920907 ) ;
#1660 = EDGE_CURVE ( 'NONE', #690, #798, #1845, .T. ) ;
#1661 = ORIENTED_EDGE ( 'NONE', *, *, #954, .F. ) ;
#1662 =( GEOMETRIC_REPRESENTATION_CONTEXT ( 3 ) GLOBAL_UNCERTAINTY_ASSIGNED_CONTEXT ( ( #1678 ) ) GLOBAL_UNIT_ASSIGNED_CONTEXT ( ( #1181, #1630, #2860 ) ) REPRESENTATION_CONTEXT ( 'NONE', 'WORKASPACE' ) );
#1663 = VECTOR ( 'NONE', #345, 1000.000000000000000 ) ;
#1664 = CARTESIAN_POINT ( 'NONE',  ( 0.7970000000000004858, 0.3300000000000001266, 0.8700000000000008837 ) ) ;
#1665 = STYLED_ITEM ( 'NONE', ( #2409 ), #2706 ) ;
#1666 = VECTOR ( 'NONE', #1880, 1000.000000000000000 ) ;
#1667 = CARTESIAN_POINT ( 'NONE',  ( 0.1689999999999999836, 0.3300000000000001266, -0.4499999999999996780 ) ) ;
#1668 = SURFACE_STYLE_FILL_AREA ( #1376 ) ;
#1669 = AXIS2_PLACEMENT_3D ( 'NONE', #209, #444, #2078 ) ;
#1670 = VERTEX_POINT ( 'NONE', #916 ) ;
#1671 = STYLED_ITEM ( 'NONE', ( #2395 ), #384 ) ;
#1672 = CYLINDRICAL_SURFACE ( 'NONE', #269, 0.1000000000000000472 ) ;
#1673 = CARTESIAN_POINT ( 'NONE',  ( 0.8950000000000000178, 0.3300000000000001266, 0.4499999999999996780 ) ) ;
#1674 = SURFACE_STYLE_USAGE ( .BOTH. , #2620 ) ;
#1675 = ORIENTED_EDGE ( 'NONE', *, *, #2199, .F. ) ;
#1676 = PLANE ( 'NONE',  #2426 ) ;
#1677 = EDGE_CURVE ( 'NONE', #1267, #2005, #1364, .T. ) ;
#1678 = UNCERTAINTY_MEASURE_WITH_UNIT (LENGTH_MEASURE( 1.000000000000000082E-05 ), #1181, 'distance_accuracy_value', 'NONE');
#1679 =( GEOMETRIC_REPRESENTATION_CONTEXT ( 3 ) GLOBAL_UNCERTAINTY_ASSIGNED_CONTEXT ( ( #1584 ) ) GLOBAL_UNIT_ASSIGNED_CONTEXT ( ( #1924, #1231, #997 ) ) REPRESENTATION_CONTEXT ( 'NONE', 'WORKASPACE' ) );
#1680 = EDGE_CURVE ( 'NONE', #2466, #335, #1404, .T. ) ;
#1681 = FACE_OUTER_BOUND ( 'NONE', #684, .T. ) ;
#1682 = CARTESIAN_POINT ( 'NONE',  ( 0.1689999999999999836, 0.5500000000000001554, -0.4499999999999996225 ) ) ;
#1683 = CIRCLE ( 'NONE', #386, 0.05000000000000002359 ) ;
#1684 = DIRECTION ( 'NONE',  ( -1.000000000000000000, 0.000000000000000000, 0.000000000000000000 ) ) ;
#1685 = CARTESIAN_POINT ( 'NONE',  ( -0.1599999999999999756, 0.3300000000000001266, 0.8454999999999995852 ) ) ;
#1686 = FACE_OUTER_BOUND ( 'NONE', #1783, .T. ) ;
#1687 = FACE_OUTER_BOUND ( 'NONE', #1842, .T. ) ;
#1688 = ORIENTED_EDGE ( 'NONE', *, *, #1549, .F. ) ;
#1689 = CARTESIAN_POINT ( 'NONE',  ( -0.1599999999999999756, 0.5500000000000001554, -0.8454999999999995852 ) ) ;
#1690 = DIRECTION ( 'NONE',  ( 0.000000000000000000, 1.000000000000000000, 0.000000000000000000 ) ) ;
#1691 = CARTESIAN_POINT ( 'NONE',  ( 0.7970000000000004858, 0.3300000000000001266, -1.149999999999999911 ) ) ;
#1692 = DIRECTION ( 'NONE',  ( -0.000000000000000000, 1.000000000000000000, -0.000000000000000000 ) ) ;
#1693 = EDGE_CURVE ( 'NONE', #1154, #1827, #1786, .T. ) ;
#1694 = LINE ( 'NONE', #2642, #992 ) ;
#1695 = EDGE_CURVE ( 'NONE', #1531, #1278, #594, .T. ) ;
#1696 = VECTOR ( 'NONE', #1629, 1000.000000000000000 ) ;
#1697 = SURFACE_SIDE_STYLE ('',( #110 ) ) ;
#1698 = DIRECTION ( 'NONE',  ( -0.000000000000000000, 1.000000000000000000, -0.000000000000000000 ) ) ;
#1699 = PRESENTATION_LAYER_ASSIGNMENT (  '', '', ( #156 ) ) ;
#1700 = CARTESIAN_POINT ( 'NONE',  ( 0.7970000000000004858, 0.5500000000000001554, 0.8700000000000008837 ) ) ;
#1701 = EDGE_LOOP ( 'NONE', ( #3006, #1007, #2508, #2341, #3008, #2978, #2484, #2288 ) ) ;
#1702 = EDGE_LOOP ( 'NONE', ( #2163, #2269, #2482, #2065 ) ) ;
#1703 = PLANE ( 'NONE',  #1732 ) ;
#1704 = CARTESIAN_POINT ( 'NONE',  ( 0.5470000000000004858, 0.5500000000000001554, 1.149999999999999911 ) ) ;
#1705 = DIRECTION ( 'NONE',  ( 0.000000000000000000, 0.000000000000000000, -1.000000000000000000 ) ) ;
#1706 = CIRCLE ( 'NONE', #410, 0.1199999999999999956 ) ;
#1707 =( GEOMETRIC_REPRESENTATION_CONTEXT ( 3 ) GLOBAL_UNCERTAINTY_ASSIGNED_CONTEXT ( ( #972 ) ) GLOBAL_UNIT_ASSIGNED_CONTEXT ( ( #2144, #1233, #1264 ) ) REPRESENTATION_CONTEXT ( 'NONE', 'WORKASPACE' ) );
#1708 = CARTESIAN_POINT ( 'NONE',  ( 0.1689999999999999836, 0.5500000000000001554, -0.4499999999999996780 ) ) ;
#1709 = VECTOR ( 'NONE', #1314, 1000.000000000000000 ) ;
#1710 = FACE_OUTER_BOUND ( 'NONE', #1416, .T. ) ;
#1711 = SURFACE_STYLE_USAGE ( .BOTH. , #536 ) ;
#1712 = LINE ( 'NONE', #1538, #2130 ) ;
#1713 = AXIS2_PLACEMENT_3D ( 'NONE', #979, #1201, #311 ) ;
#1714 =( GEOMETRIC_REPRESENTATION_CONTEXT ( 3 ) GLOBAL_UNCERTAINTY_ASSIGNED_CONTEXT ( ( #1649 ) ) GLOBAL_UNIT_ASSIGNED_CONTEXT ( ( #554, #2416, #2171 ) ) REPRESENTATION_CONTEXT ( 'NONE', 'WORKASPACE' ) );
#1715 =( GEOMETRIC_REPRESENTATION_CONTEXT ( 3 ) GLOBAL_UNCERTAINTY_ASSIGNED_CONTEXT ( ( #1412 ) ) GLOBAL_UNIT_ASSIGNED_CONTEXT ( ( #726, #1172, #2363 ) ) REPRESENTATION_CONTEXT ( 'NONE', 'WORKASPACE' ) );
#1716 = DIRECTION ( 'NONE',  ( 1.000000000000000000, 0.000000000000000000, 0.000000000000000000 ) ) ;
#1717 = DIRECTION ( 'NONE',  ( 0.000000000000000000, 0.000000000000000000, -1.000000000000000000 ) ) ;
#1718 = STYLED_ITEM ( 'NONE', ( #1467 ), #409 ) ;
#1719 = PRESENTATION_LAYER_ASSIGNMENT (  '', '', ( #562 ) ) ;
#1720 = DIRECTION ( 'NONE',  ( 1.000000000000000000, 0.000000000000000000, 0.000000000000000000 ) ) ;
#1721 = EDGE_CURVE ( 'NONE', #649, #1425, #647, .T. ) ;
#1722 =( NAMED_UNIT ( * ) PLANE_ANGLE_UNIT ( ) SI_UNIT ( $, .RADIAN. ) );
#1723 = LINE ( 'NONE', #1495, #1348 ) ;
#1724 = PRESENTATION_STYLE_ASSIGNMENT (( #333 ) ) ;
#1725 = ORIENTED_EDGE ( 'NONE', *, *, #1300, .T. ) ;
#1726 = CYLINDRICAL_SURFACE ( 'NONE', #1286, 0.1000000000000000472 ) ;
#1727 = DIRECTION ( 'NONE',  ( -0.000000000000000000, -1.000000000000000000, -0.000000000000000000 ) ) ;
#1728 = LINE ( 'NONE', #2675, #2004 ) ;
#1729 = SURFACE_SIDE_STYLE ('',( #153 ) ) ;
#1730 = DIRECTION ( 'NONE',  ( 0.000000000000000000, 1.000000000000000000, 0.000000000000000000 ) ) ;
#1731 = ADVANCED_FACE ( 'NONE', ( #1565, #1151 ), #681, .F. ) ;
#1732 = AXIS2_PLACEMENT_3D ( 'NONE', #546, #532, #1027 ) ;
#1733 = DIRECTION ( 'NONE',  ( 1.000000000000000000, 0.000000000000000000, -9.427844978134821433E-17 ) ) ;
#1734 = CARTESIAN_POINT ( 'NONE',  ( 0.6670000000000004814, 0.3300000000000001266, 0.8699999999999999956 ) ) ;
#1735 = EDGE_CURVE ( 'NONE', #727, #2573, #2186, .T. ) ;
#1736 = EDGE_CURVE ( 'NONE', #1737, #335, #451, .T. ) ;
#1737 = VERTEX_POINT ( 'NONE', #989 ) ;
#1738 = ORIENTED_EDGE ( 'NONE', *, *, #2805, .F. ) ;
#1739 = FILL_AREA_STYLE ('',( #1915 ) ) ;
#1740 = FILL_AREA_STYLE_COLOUR ( '', #2511 ) ;
#1741 = PLANE ( 'NONE',  #1428 ) ;
#1742 = LINE ( 'NONE', #779, #601 ) ;
#1743 = SURFACE_STYLE_FILL_AREA ( #372 ) ;
#1744 = DIRECTION ( 'NONE',  ( 0.000000000000000000, 0.000000000000000000, 1.000000000000000000 ) ) ;
#1745 = AXIS2_PLACEMENT_3D ( 'NONE', #61, #1005, #2584 ) ;
#1746 = DIRECTION ( 'NONE',  ( 9.427844978134821433E-17, 0.000000000000000000, 1.000000000000000000 ) ) ;
#1747 = CIRCLE ( 'NONE', #846, 0.05000000000000002359 ) ;
#1748 = CARTESIAN_POINT ( 'NONE',  ( -0.8960000000000000187, 0.5500000000000001554, -0.8454999999999995852 ) ) ;
#1749 = CARTESIAN_POINT ( 'NONE',  ( 0.5470000000000003748, 0.5300000000000001377, -0.8699999999999999956 ) ) ;
#1750 = EDGE_CURVE ( 'NONE', #1154, #423, #731, .T. ) ;
#1751 = ORIENTED_EDGE ( 'NONE', *, *, #671, .T. ) ;
#1752 = ORIENTED_EDGE ( 'NONE', *, *, #1326, .F. ) ;
#1753 = CARTESIAN_POINT ( 'NONE',  ( -0.8960000000000000187, 0.3300000000000001266, -0.8454999999999995852 ) ) ;
#1754 =( NAMED_UNIT ( * ) SI_UNIT ( $, .STERADIAN. ) SOLID_ANGLE_UNIT ( ) );
#1755 =( GEOMETRIC_REPRESENTATION_CONTEXT ( 3 ) GLOBAL_UNCERTAINTY_ASSIGNED_CONTEXT ( ( #1232 ) ) GLOBAL_UNIT_ASSIGNED_CONTEXT ( ( #391, #1344, #2268 ) ) REPRESENTATION_CONTEXT ( 'NONE', 'WORKASPACE' ) );
#1756 =( NAMED_UNIT ( * ) PLANE_ANGLE_UNIT ( ) SI_UNIT ( $, .RADIAN. ) );
#1757 = CARTESIAN_POINT ( 'NONE',  ( 0.5470000000000004858, 0.5500000000000001554, 1.149999999999999911 ) ) ;
#1758 = VECTOR ( 'NONE', #2712, 1000.000000000000000 ) ;
#1759 = CARTESIAN_POINT ( 'NONE',  ( 0.1689999999999999836, 0.3300000000000001266, -0.4499999999999996225 ) ) ;
#1760 = CYLINDRICAL_SURFACE ( 'NONE', #877, 0.1199999999999999956 ) ;
#1761 = ORIENTED_EDGE ( 'NONE', *, *, #1593, .T. ) ;
#1762 = PRESENTATION_LAYER_ASSIGNMENT (  '', '', ( #1148 ) ) ;
#1763 = EDGE_CURVE ( 'NONE', #1531, #352, #1225, .T. ) ;
#1764 = ORIENTED_EDGE ( 'NONE', *, *, #2103, .T. ) ;
#1765 = ORIENTED_EDGE ( 'NONE', *, *, #2311, .T. ) ;
#1766 = DIRECTION ( 'NONE',  ( 0.000000000000000000, 0.000000000000000000, -1.000000000000000000 ) ) ;
#1767 = ADVANCED_FACE ( 'NONE', ( #2329 ), #1468, .T. ) ;
#1768 = DIRECTION ( 'NONE',  ( 1.000000000000000000, 0.000000000000000000, 0.000000000000000000 ) ) ;
#1769 = CARTESIAN_POINT ( 'NONE',  ( 0.2190000000000003333, 0.3300000000000001266, 0.5000000000000000000 ) ) ;
#1770 = PRESENTATION_STYLE_ASSIGNMENT (( #1374 ) ) ;
#1771 = ORIENTED_EDGE ( 'NONE', *, *, #2705, .F. ) ;
#1772 = DIRECTION ( 'NONE',  ( 0.000000000000000000, 0.000000000000000000, 1.000000000000000000 ) ) ;
#1773 = AXIS2_PLACEMENT_3D ( 'NONE', #487, #253, #1362 ) ;
#1774 = ORIENTED_EDGE ( 'NONE', *, *, #2784, .F. ) ;
#1775 = ORIENTED_EDGE ( 'NONE', *, *, #2700, .T. ) ;
#1776 = DIRECTION ( 'NONE',  ( 0.000000000000000000, 0.000000000000000000, -1.000000000000000000 ) ) ;
#1777 = SURFACE_SIDE_STYLE ('',( #722 ) ) ;
#1778 = DIRECTION ( 'NONE',  ( -0.000000000000000000, 1.000000000000000000, -0.000000000000000000 ) ) ;
#1779 = EDGE_CURVE ( 'NONE', #2772, #1099, #2230, .T. ) ;
#1780 = EDGE_CURVE ( 'NONE', #2472, #478, #495, .T. ) ;
#1781 = DIRECTION ( 'NONE',  ( 0.000000000000000000, 1.000000000000000000, -0.000000000000000000 ) ) ;
#1782 = DIRECTION ( 'NONE',  ( 1.000000000000000000, 0.000000000000000000, 0.000000000000000000 ) ) ;
#1783 = EDGE_LOOP ( 'NONE', ( #2326, #2148 ) ) ;
#1784 = LINE ( 'NONE', #919, #3020 ) ;
#1785 = DIRECTION ( 'NONE',  ( 0.000000000000000000, 1.000000000000000000, 0.000000000000000000 ) ) ;
#1786 = CIRCLE ( 'NONE', #55, 0.1199999999999999956 ) ;
#1787 = VERTEX_POINT ( 'NONE', #267 ) ;
#1788 = ORIENTED_EDGE ( 'NONE', *, *, #1721, .F. ) ;
#1789 = LINE ( 'NONE', #262, #715 ) ;
#1790 = ORIENTED_EDGE ( 'NONE', *, *, #1170, .T. ) ;
#1791 = ORIENTED_EDGE ( 'NONE', *, *, #2526, .T. ) ;
#1792 =( LENGTH_UNIT ( ) NAMED_UNIT ( * ) SI_UNIT ( .MILLI., .METRE. ) );
#1793 = VECTOR ( 'NONE', #2185, 1000.000000000000000 ) ;
#1794 =( NAMED_UNIT ( * ) SI_UNIT ( $, .STERADIAN. ) SOLID_ANGLE_UNIT ( ) );
#1795 = DIRECTION ( 'NONE',  ( -0.000000000000000000, -1.000000000000000000, -0.000000000000000000 ) ) ;
#1796 = MANIFOLD_SOLID_BREP ( 'Boss-Extrude2[4]', #1437 ) ;
#1797 = AXIS2_PLACEMENT_3D ( 'NONE', #1327, #2779, #1598 ) ;
#1798 = VERTEX_POINT ( 'NONE', #2890 ) ;
#1799 = DIRECTION ( 'NONE',  ( -1.000000000000000000, 0.000000000000000000, 0.000000000000000000 ) ) ;
#1800 = CARTESIAN_POINT ( 'NONE',  ( 0.1689999999999999836, 0.3300000000000001266, 0.4499999999999996780 ) ) ;
#1801 = PRESENTATION_LAYER_ASSIGNMENT (  '', '', ( #169 ) ) ;
#1802 = EDGE_CURVE ( 'NONE', #1806, #837, #1694, .T. ) ;
#1803 = STYLED_ITEM ( 'NONE', ( #2934 ), #2745 ) ;
#1804 = ORIENTED_EDGE ( 'NONE', *, *, #1750, .T. ) ;
#1805 = AXIS2_PLACEMENT_3D ( 'NONE', #2723, #2499, #847 ) ;
#1806 = VERTEX_POINT ( 'NONE', #296 ) ;
#1807 = DIRECTION ( 'NONE',  ( 0.000000000000000000, 0.000000000000000000, -1.000000000000000000 ) ) ;
#1808 = VERTEX_POINT ( 'NONE', #553 ) ;
#1809 = ORIENTED_EDGE ( 'NONE', *, *, #1067, .F. ) ;
#1810 = LINE ( 'NONE', #2953, #68 ) ;
#1811 = DIRECTION ( 'NONE',  ( -1.000000000000000000, 0.000000000000000000, 0.000000000000000000 ) ) ;
#1812 = CARTESIAN_POINT ( 'NONE',  ( 0.6770000000000004903, 0.5500000000000001554, -0.8699999999999999956 ) ) ;
#1813 = UNCERTAINTY_MEASURE_WITH_UNIT (LENGTH_MEASURE( 1.000000000000000082E-05 ), #2652, 'distance_accuracy_value', 'NONE');
#1814 = EDGE_CURVE ( 'NONE', #618, #1591, #249, .T. ) ;
#1815 = SURFACE_STYLE_FILL_AREA ( #917 ) ;
#1816 = EDGE_LOOP ( 'NONE', ( #667, #3007, #876, #2238, #258, #2513, #2542, #1369 ) ) ;
#1817 = FACE_OUTER_BOUND ( 'NONE', #1385, .T. ) ;
#1818 = PRESENTATION_STYLE_ASSIGNMENT (( #1588 ) ) ;
#1819 = VECTOR ( 'NONE', #1034, 1000.000000000000000 ) ;
#1820 = PRESENTATION_LAYER_ASSIGNMENT (  '', '', ( #332 ) ) ;
#1821 = EDGE_CURVE ( 'NONE', #2001, #2017, #400, .T. ) ;
#1822 = EDGE_LOOP ( 'NONE', ( #1349, #1790, #396, #946, #692, #461 ) ) ;
#1823 = ADVANCED_FACE ( 'NONE', ( #2726 ), #834, .F. ) ;
#1824 = DIRECTION ( 'NONE',  ( 0.000000000000000000, 0.000000000000000000, 1.000000000000000000 ) ) ;
#1825 = VERTEX_POINT ( 'NONE', #2471 ) ;
#1826 = ORIENTED_EDGE ( 'NONE', *, *, #489, .F. ) ;
#1827 = VERTEX_POINT ( 'NONE', #2169 ) ;
#1828 = ORIENTED_EDGE ( 'NONE', *, *, #1890, .T. ) ;
#1829 = PLANE ( 'NONE',  #1998 ) ;
#1830 = FACE_OUTER_BOUND ( 'NONE', #2832, .T. ) ;
#1831 = CARTESIAN_POINT ( 'NONE',  ( -0.1599999999999999756, 0.3300000000000001266, 0.8454999999999995852 ) ) ;
#1832 = VERTEX_POINT ( 'NONE', #383 ) ;
#1833 = CARTESIAN_POINT ( 'NONE',  ( -1.149999999999999689, 0.5300000000000001377, 1.149999999999999911 ) ) ;
#1834 = VERTEX_POINT ( 'NONE', #821 ) ;
#1835 = DIRECTION ( 'NONE',  ( -0.000000000000000000, -1.000000000000000000, -0.000000000000000000 ) ) ;
#1836 = ORIENTED_EDGE ( 'NONE', *, *, #1190, .T. ) ;
#1837 = VECTOR ( 'NONE', #1610, 1000.000000000000000 ) ;
#1838 = EDGE_CURVE ( 'NONE', #460, #2570, #1712, .T. ) ;
#1839 = SURFACE_STYLE_USAGE ( .BOTH. , #1874 ) ;
#1840 = VERTEX_POINT ( 'NONE', #2676 ) ;
#1841 = AXIS2_PLACEMENT_3D ( 'NONE', #82, #2893, #782 ) ;
#1842 = EDGE_LOOP ( 'NONE', ( #1440, #816, #1568, #2497 ) ) ;
#1843 = LINE ( 'NONE', #957, #273 ) ;
#1844 =( NAMED_UNIT ( * ) SI_UNIT ( $, .STERADIAN. ) SOLID_ANGLE_UNIT ( ) );
#1845 = LINE ( 'NONE', #2069, #1696 ) ;
#1846 = DIRECTION ( 'NONE',  ( 0.000000000000000000, 0.000000000000000000, -1.000000000000000000 ) ) ;
#1847 = ORIENTED_EDGE ( 'NONE', *, *, #2784, .T. ) ;
#1848 = VECTOR ( 'NONE', #1746, 1000.000000000000000 ) ;
#1849 = DIRECTION ( 'NONE',  ( -0.000000000000000000, -1.000000000000000000, -0.000000000000000000 ) ) ;
#1850 = EDGE_LOOP ( 'NONE', ( #2591, #2576, #12, #2067 ) ) ;
#1851 = PLANE ( 'NONE',  #378 ) ;
#1852 = AXIS2_PLACEMENT_3D ( 'NONE', #555, #1049, #572 ) ;
#1853 = AXIS2_PLACEMENT_3D ( 'NONE', #2155, #1730, #1501 ) ;
#1854 = ADVANCED_FACE ( 'NONE', ( #1280 ), #867, .T. ) ;
#1855 =( LENGTH_UNIT ( ) NAMED_UNIT ( * ) SI_UNIT ( .MILLI., .METRE. ) );
#1856 = ORIENTED_EDGE ( 'NONE', *, *, #2077, .T. ) ;
#1857 = EDGE_LOOP ( 'NONE', ( #1847, #2895, #2773, #2258 ) ) ;
#1858 = MECHANICAL_DESIGN_GEOMETRIC_PRESENTATION_REPRESENTATION (  '', ( #1671 ), #2305 ) ;
#1859 = MECHANICAL_DESIGN_GEOMETRIC_PRESENTATION_REPRESENTATION (  '', ( #562 ), #1707 ) ;
#1860 = LINE ( 'NONE', #2583, #2359 ) ;
#1861 =( GEOMETRIC_REPRESENTATION_CONTEXT ( 3 ) GLOBAL_UNCERTAINTY_ASSIGNED_CONTEXT ( ( #1813 ) ) GLOBAL_UNIT_ASSIGNED_CONTEXT ( ( #2652, #2612, #57 ) ) REPRESENTATION_CONTEXT ( 'NONE', 'WORKASPACE' ) );
#1862 = PRESENTATION_STYLE_ASSIGNMENT (( #18 ) ) ;
#1863 = EDGE_CURVE ( 'NONE', #206, #723, #613, .T. ) ;
#1864 = EDGE_CURVE ( 'NONE', #963, #618, #504, .T. ) ;
#1865 = ORIENTED_EDGE ( 'NONE', *, *, #1943, .F. ) ;
#1866 = DIRECTION ( 'NONE',  ( 0.000000000000000000, -0.000000000000000000, 1.000000000000000000 ) ) ;
#1867 = CARTESIAN_POINT ( 'NONE',  ( 0.6770000000000004903, 0.5300000000000001377, -0.8699999999999999956 ) ) ;
#1868 = PLANE ( 'NONE',  #11 ) ;
#1869 = ORIENTED_EDGE ( 'NONE', *, *, #1953, .T. ) ;
#1870 =( NAMED_UNIT ( * ) SI_UNIT ( $, .STERADIAN. ) SOLID_ANGLE_UNIT ( ) );
#1871 = ORIENTED_EDGE ( 'NONE', *, *, #994, .F. ) ;
#1872 = ORIENTED_EDGE ( 'NONE', *, *, #429, .T. ) ;
#1873 = VECTOR ( 'NONE', #1727, 1000.000000000000000 ) ;
#1874 = SURFACE_SIDE_STYLE ('',( #2306 ) ) ;
#1875 = ORIENTED_EDGE ( 'NONE', *, *, #1490, .F. ) ;
#1876 = SURFACE_STYLE_FILL_AREA ( #33 ) ;
#1877 = DIRECTION ( 'NONE',  ( -0.000000000000000000, -1.000000000000000000, -0.000000000000000000 ) ) ;
#1878 = EDGE_CURVE ( 'NONE', #472, #640, #2936, .T. ) ;
#1879 = CARTESIAN_POINT ( 'NONE',  ( 0.2189999999999999725, 0.5500000000000001554, -0.4500000000000000111 ) ) ;
#1880 = DIRECTION ( 'NONE',  ( 9.427844978134821433E-17, 0.000000000000000000, 1.000000000000000000 ) ) ;
#1881 = CYLINDRICAL_SURFACE ( 'NONE', #754, 0.05000000000000002359 ) ;
#1882 = LINE ( 'NONE', #2881, #1952 ) ;
#1883 = CARTESIAN_POINT ( 'NONE',  ( 0.6990408205773460670, 0.5500000000000001554, -0.4600000000000000755 ) ) ;
#1884 = CARTESIAN_POINT ( 'NONE',  ( 0.9500000000000003997, 0.000000000000000000, -0.9499999999999998446 ) ) ;
#1885 = CARTESIAN_POINT ( 'NONE',  ( -0.2100000000000003253, 0.5500000000000001554, -0.8954999999999999627 ) ) ;
#1886 = AXIS2_PLACEMENT_3D ( 'NONE', #2313, #3001, #943 ) ;
#1887 = DIRECTION ( 'NONE',  ( -0.000000000000000000, 1.000000000000000000, -0.000000000000000000 ) ) ;
#1888 = ORIENTED_EDGE ( 'NONE', *, *, #2450, .T. ) ;
#1889 = PLANE ( 'NONE',  #356 ) ;
#1890 = EDGE_CURVE ( 'NONE', #2001, #1408, #1046, .T. ) ;
#1891 = CARTESIAN_POINT ( 'NONE',  ( 0.2189999999999999725, 0.3300000000000001266, 0.5000000000000000000 ) ) ;
#1892 = CARTESIAN_POINT ( 'NONE',  ( -0.8459999999999996412, 0.5500000000000001554, 0.8954999999999999627 ) ) ;
#1893 = SURFACE_STYLE_FILL_AREA ( #1634 ) ;
#1894 = AXIS2_PLACEMENT_3D ( 'NONE', #2414, #569, #338 ) ;
#1895 = CARTESIAN_POINT ( 'NONE',  ( 0.2189999999999999725, 0.3300000000000001266, 0.4500000000000000111 ) ) ;
#1896 = VECTOR ( 'NONE', #2122, 1000.000000000000000 ) ;
#1897 = DIRECTION ( 'NONE',  ( 0.000000000000000000, 0.000000000000000000, 1.000000000000000000 ) ) ;
#1898 = CARTESIAN_POINT ( 'NONE',  ( 0.5470000000000004858, 0.3300000000000001266, 1.149999999999999911 ) ) ;
#1899 =( GEOMETRIC_REPRESENTATION_CONTEXT ( 3 ) GLOBAL_UNCERTAINTY_ASSIGNED_CONTEXT ( ( #40 ) ) GLOBAL_UNIT_ASSIGNED_CONTEXT ( ( #1268, #566, #1479 ) ) REPRESENTATION_CONTEXT ( 'NONE', 'WORKASPACE' ) );
#1900 = AXIS2_PLACEMENT_3D ( 'NONE', #2424, #2391, #2625 ) ;
#1901 = SURFACE_STYLE_USAGE ( .BOTH. , #525 ) ;
#1902 = DIRECTION ( 'NONE',  ( 0.000000000000000000, 0.000000000000000000, -1.000000000000000000 ) ) ;
#1903 = FILL_AREA_STYLE_COLOUR ( '', #694 ) ;
#1904 = VERTEX_POINT ( 'NONE', #2200 ) ;
#1905 = MECHANICAL_DESIGN_GEOMETRIC_PRESENTATION_REPRESENTATION (  '', ( #1718 ), #719 ) ;
#1906 = FILL_AREA_STYLE_COLOUR ( '', #708 ) ;
#1907 = LINE ( 'NONE', #1407, #1949 ) ;
#1908 = DIRECTION ( 'NONE',  ( 0.000000000000000000, 0.000000000000000000, 1.000000000000000000 ) ) ;
#1909 = DIRECTION ( 'NONE',  ( -0.000000000000000000, 1.000000000000000000, -0.000000000000000000 ) ) ;
#1910 = UNCERTAINTY_MEASURE_WITH_UNIT (LENGTH_MEASURE( 1.000000000000000082E-05 ), #2208, 'distance_accuracy_value', 'NONE');
#1911 = DIRECTION ( 'NONE',  ( 0.000000000000000000, 1.000000000000000000, 0.000000000000000000 ) ) ;
#1912 = ADVANCED_FACE ( 'NONE', ( #1992 ), #1741, .T. ) ;
#1913 = DIRECTION ( 'NONE',  ( -0.000000000000000000, 1.000000000000000000, -0.000000000000000000 ) ) ;
#1914 = AXIS2_PLACEMENT_3D ( 'NONE', #2976, #576, #1772 ) ;
#1915 = FILL_AREA_STYLE_COLOUR ( '', #2257 ) ;
#1916 =( LENGTH_UNIT ( ) NAMED_UNIT ( * ) SI_UNIT ( .MILLI., .METRE. ) );
#1917 = STYLED_ITEM ( 'NONE', ( #1657 ), #1365 ) ;
#1918 = CARTESIAN_POINT ( 'NONE',  ( 0.6770000000000004903, 0.5500000000000001554, -0.7500000000000000000 ) ) ;
#1919 = CARTESIAN_POINT ( 'NONE',  ( 0.9500000000000003997, 0.05000000000000000278, -0.8499999999999998668 ) ) ;
#1920 = LINE ( 'NONE', #2598, #2303 ) ;
#1921 = DIRECTION ( 'NONE',  ( 0.000000000000000000, 1.000000000000000000, 0.000000000000000000 ) ) ;
#1922 = CARTESIAN_POINT ( 'NONE',  ( 0.5470000000000004858, 0.3300000000000001266, 0.8700000000000008837 ) ) ;
#1923 = FILL_AREA_STYLE ('',( #1474 ) ) ;
#1924 =( LENGTH_UNIT ( ) NAMED_UNIT ( * ) SI_UNIT ( .MILLI., .METRE. ) );
#1925 = ORIENTED_EDGE ( 'NONE', *, *, #184, .T. ) ;
#1926 = DIRECTION ( 'NONE',  ( 0.000000000000000000, -0.000000000000000000, 1.000000000000000000 ) ) ;
#1927 = COLOUR_RGB ( '',0.2980392156862745057, 0.2980392156862745057, 0.2980392156862745057 ) ;
#1928 = DIRECTION ( 'NONE',  ( 0.000000000000000000, -0.000000000000000000, 1.000000000000000000 ) ) ;
#1929 = CARTESIAN_POINT ( 'NONE',  ( 0.1689999999999999836, 0.5500000000000001554, -0.4499999999999996780 ) ) ;
#1930 =( NAMED_UNIT ( * ) SI_UNIT ( $, .STERADIAN. ) SOLID_ANGLE_UNIT ( ) );
#1931 =( NAMED_UNIT ( * ) SI_UNIT ( $, .STERADIAN. ) SOLID_ANGLE_UNIT ( ) );
#1932 = CIRCLE ( 'NONE', #1886, 0.05000000000000005135 ) ;
#1933 = PLANE ( 'NONE',  #1996 ) ;
#1934 = VECTOR ( 'NONE', #617, 1000.000000000000000 ) ;
#1935 = CARTESIAN_POINT ( 'NONE',  ( 0.5470000000000004858, 0.5500000000000001554, 1.149999999999999911 ) ) ;
#1936 = LINE ( 'NONE', #2912, #2713 ) ;
#1937 = SURFACE_STYLE_USAGE ( .BOTH. , #99 ) ;
#1938 = VECTOR ( 'NONE', #139, 1000.000000000000000 ) ;
#1939 = DIRECTION ( 'NONE',  ( -0.000000000000000000, 1.000000000000000000, -0.000000000000000000 ) ) ;
#1940 = LINE ( 'NONE', #306, #2605 ) ;
#1941 = ORIENTED_EDGE ( 'NONE', *, *, #2887, .F. ) ;
#1942 = MECHANICAL_DESIGN_GEOMETRIC_PRESENTATION_REPRESENTATION (  '', ( #1945 ), #1662 ) ;
#1943 = EDGE_CURVE ( 'NONE', #1599, #1360, #2911, .T. ) ;
#1944 = DIRECTION ( 'NONE',  ( 0.000000000000000000, 0.000000000000000000, 1.000000000000000000 ) ) ;
#1945 = STYLED_ITEM ( 'NONE', ( #471 ), #2220 ) ;
#1946 = CARTESIAN_POINT ( 'NONE',  ( -0.8960000000000000187, 0.5300000000000001377, -0.8454999999999995852 ) ) ;
#1947 = PLANE ( 'NONE',  #2256 ) ;
#1948 = SURFACE_STYLE_USAGE ( .BOTH. , #1729 ) ;
#1949 = VECTOR ( 'NONE', #1684, 1000.000000000000000 ) ;
#1950 = AXIS2_PLACEMENT_3D ( 'NONE', #1667, #975, #2613 ) ;
#1951 = DIRECTION ( 'NONE',  ( -0.000000000000000000, -1.000000000000000000, -0.000000000000000000 ) ) ;
#1952 = VECTOR ( 'NONE', #2421, 1000.000000000000000 ) ;
#1953 = EDGE_CURVE ( 'NONE', #1293, #2322, #2864, .T. ) ;
#1954 = PRESENTATION_LAYER_ASSIGNMENT (  '', '', ( #1487 ) ) ;
#1955 = CARTESIAN_POINT ( 'NONE',  ( 0.2190000000000003333, 0.3300000000000001266, 0.5000000000000000000 ) ) ;
#1956 = ADVANCED_FACE ( 'NONE', ( #1166 ), #1230, .F. ) ;
#1957 = CARTESIAN_POINT ( 'NONE',  ( 0.8449999999999999734, 0.3300000000000001266, 0.4500000000000000111 ) ) ;
#1958 = STYLED_ITEM ( 'NONE', ( #1984 ), #165 ) ;
#1959 = LINE ( 'NONE', #1511, #2702 ) ;
#1960 = DIRECTION ( 'NONE',  ( 0.000000000000000000, 0.000000000000000000, -1.000000000000000000 ) ) ;
#1961 = DIRECTION ( 'NONE',  ( 0.000000000000000000, -0.000000000000000000, 1.000000000000000000 ) ) ;
#1962 = EDGE_LOOP ( 'NONE', ( #2026, #398, #2980, #1251 ) ) ;
#1963 = SURFACE_STYLE_FILL_AREA ( #1061 ) ;
#1964 = DIRECTION ( 'NONE',  ( -0.000000000000000000, 1.000000000000000000, -0.000000000000000000 ) ) ;
#1965 = DIRECTION ( 'NONE',  ( 0.000000000000000000, 0.000000000000000000, 1.000000000000000000 ) ) ;
#1966 = STYLED_ITEM ( 'NONE', ( #810 ), #1031 ) ;
#1967 = DIRECTION ( 'NONE',  ( -0.000000000000000000, -1.000000000000000000, -0.000000000000000000 ) ) ;
#1968 = DIRECTION ( 'NONE',  ( 0.000000000000000000, 1.000000000000000000, 0.000000000000000000 ) ) ;
#1969 = EDGE_CURVE ( 'NONE', #2224, #154, #17, .T. ) ;
#1970 = CARTESIAN_POINT ( 'NONE',  ( 0.7970000000000004858, 0.5300000000000001377, 0.8700000000000008837 ) ) ;
#1971 = DIRECTION ( 'NONE',  ( -0.000000000000000000, -1.000000000000000000, -0.000000000000000000 ) ) ;
#1972 = CARTESIAN_POINT ( 'NONE',  ( -0.2099999999999999922, 0.5300000000000001377, -0.8454999999999999183 ) ) ;
#1973 = ORIENTED_EDGE ( 'NONE', *, *, #2569, .T. ) ;
#1974 = ORIENTED_EDGE ( 'NONE', *, *, #369, .F. ) ;
#1975 = CARTESIAN_POINT ( 'NONE',  ( 0.6670000000000013696, 0.5300000000000001377, 0.7500000000000000000 ) ) ;
#1976 = FILL_AREA_STYLE ('',( #2213 ) ) ;
#1977 = DIRECTION ( 'NONE',  ( 0.000000000000000000, 0.000000000000000000, 1.000000000000000000 ) ) ;
#1978 = FILL_AREA_STYLE_COLOUR ( '', #1140 ) ;
#1979 = FACE_OUTER_BOUND ( 'NONE', #346, .T. ) ;
#1980 = MECHANICAL_DESIGN_GEOMETRIC_PRESENTATION_REPRESENTATION (  '', ( #1318 ), #2809 ) ;
#1981 = EDGE_CURVE ( 'NONE', #423, #242, #1706, .T. ) ;
#1982 = PLANE ( 'NONE',  #208 ) ;
#1983 = CIRCLE ( 'NONE', #644, 0.05000000000000002359 ) ;
#1984 = PRESENTATION_STYLE_ASSIGNMENT (( #575 ) ) ;
#1985 =( NAMED_UNIT ( * ) SI_UNIT ( $, .STERADIAN. ) SOLID_ANGLE_UNIT ( ) );
#1986 = EDGE_LOOP ( 'NONE', ( #1725, #2915, #2034, #141 ) ) ;
#1987 = EDGE_CURVE ( 'NONE', #1787, #210, #720, .T. ) ;
#1988 = ORIENTED_EDGE ( 'NONE', *, *, #2725, .F. ) ;
#1989 = ADVANCED_FACE ( 'NONE', ( #2089 ), #1881, .T. ) ;
#1990 = EDGE_LOOP ( 'NONE', ( #2975, #1826, #2272, #2768 ) ) ;
#1991 = DIRECTION ( 'NONE',  ( 0.000000000000000000, 0.000000000000000000, 1.000000000000000000 ) ) ;
#1992 = FACE_OUTER_BOUND ( 'NONE', #204, .T. ) ;
#1993 = VECTOR ( 'NONE', #1062, 1000.000000000000000 ) ;
#1994 = DIRECTION ( 'NONE',  ( -0.000000000000000000, -1.000000000000000000, -0.000000000000000000 ) ) ;
#1995 = SURFACE_STYLE_FILL_AREA ( #1090 ) ;
#1996 = AXIS2_PLACEMENT_3D ( 'NONE', #1955, #128, #1716 ) ;
#1997 = CARTESIAN_POINT ( 'NONE',  ( 0.8449999999999999734, 0.5300000000000001377, 0.4500000000000000111 ) ) ;
#1998 = AXIS2_PLACEMENT_3D ( 'NONE', #1388, #2808, #2825 ) ;
#1999 = ORIENTED_EDGE ( 'NONE', *, *, #1969, .T. ) ;
#2000 = DIRECTION ( 'NONE',  ( 0.000000000000000000, 0.000000000000000000, 1.000000000000000000 ) ) ;
#2001 = VERTEX_POINT ( 'NONE', #2588 ) ;
#2002 = CIRCLE ( 'NONE', #2255, 0.05000000000000002359 ) ;
#2003 = VECTOR ( 'NONE', #2639, 1000.000000000000000 ) ;
#2004 = VECTOR ( 'NONE', #138, 1000.000000000000000 ) ;
#2005 = VERTEX_POINT ( 'NONE', #499 ) ;
#2006 = ORIENTED_EDGE ( 'NONE', *, *, #2743, .F. ) ;
#2007 = EDGE_CURVE ( 'NONE', #2425, #1396, #1427, .T. ) ;
#2008 = EDGE_CURVE ( 'NONE', #2236, #1267, #1959, .T. ) ;
#2009 = ORIENTED_EDGE ( 'NONE', *, *, #2458, .F. ) ;
#2010 = SURFACE_STYLE_USAGE ( .BOTH. , #1777 ) ;
#2011 = DIRECTION ( 'NONE',  ( 0.000000000000000000, 1.000000000000000000, 0.000000000000000000 ) ) ;
#2012 = LINE ( 'NONE', #2247, #1484 ) ;
#2013 = CARTESIAN_POINT ( 'NONE',  ( -1.149999999999999911, 0.000000000000000000, -1.149999999999999911 ) ) ;
#2014 = EDGE_LOOP ( 'NONE', ( #3025, #974, #2327, #2945 ) ) ;
#2015 = COLOUR_RGB ( '',0.6666666666666666297, 0.6980392156862744724, 0.7686274509803920907 ) ;
#2016 =( NAMED_UNIT ( * ) PLANE_ANGLE_UNIT ( ) SI_UNIT ( $, .RADIAN. ) );
#2017 = VERTEX_POINT ( 'NONE', #1759 ) ;
#2018 = SURFACE_SIDE_STYLE ('',( #1109 ) ) ;
#2019 = EDGE_LOOP ( 'NONE', ( #2289, #1320, #1353, #408 ) ) ;
#2020 = ORIENTED_EDGE ( 'NONE', *, *, #1130, .F. ) ;
#2021 = PRESENTATION_STYLE_ASSIGNMENT (( #2226 ) ) ;
#2022 = VERTEX_POINT ( 'NONE', #574 ) ;
#2023 = DIRECTION ( 'NONE',  ( 1.000000000000000000, 0.000000000000000000, 0.000000000000000000 ) ) ;
#2024 =( LENGTH_UNIT ( ) NAMED_UNIT ( * ) SI_UNIT ( .MILLI., .METRE. ) );
#2025 = DIRECTION ( 'NONE',  ( 0.000000000000000000, 1.000000000000000000, -0.000000000000000000 ) ) ;
#2026 = ORIENTED_EDGE ( 'NONE', *, *, #765, .T. ) ;
#2027 = LINE ( 'NONE', #452, #1709 ) ;
#2028 = ORIENTED_EDGE ( 'NONE', *, *, #1969, .F. ) ;
#2029 = DIRECTION ( 'NONE',  ( 0.000000000000000000, 0.000000000000000000, 1.000000000000000000 ) ) ;
#2030 = AXIS2_PLACEMENT_3D ( 'NONE', #468, #2025, #4 ) ;
#2031 = VERTEX_POINT ( 'NONE', #1503 ) ;
#2032 = EDGE_LOOP ( 'NONE', ( #2671, #616, #2721, #2823 ) ) ;
#2033 = CARTESIAN_POINT ( 'NONE',  ( 0.6670000000000004814, 0.3300000000000001266, -0.7500000000000000000 ) ) ;
#2034 = ORIENTED_EDGE ( 'NONE', *, *, #1212, .F. ) ;
#2035 = EDGE_CURVE ( 'NONE', #886, #1606, #2910, .T. ) ;
#2036 = ORIENTED_EDGE ( 'NONE', *, *, #1953, .F. ) ;
#2037 = CARTESIAN_POINT ( 'NONE',  ( -0.1599999999999999756, 0.5500000000000001554, -0.8454999999999995852 ) ) ;
#2038 = PLANE ( 'NONE',  #1312 ) ;
#2039 = LINE ( 'NONE', #1343, #152 ) ;
#2040 = VECTOR ( 'NONE', #1720, 1000.000000000000000 ) ;
#2041 = EDGE_CURVE ( 'NONE', #232, #2322, #342, .T. ) ;
#2042 = ADVANCED_FACE ( 'NONE', ( #2697 ), #1982, .F. ) ;
#2043 = ORIENTED_EDGE ( 'NONE', *, *, #954, .T. ) ;
#2044 = AXIS2_PLACEMENT_3D ( 'NONE', #80, #1023, #2429 ) ;
#2045 = CARTESIAN_POINT ( 'NONE',  ( -0.8459999999999999742, 0.3300000000000001266, -0.8454999999999999183 ) ) ;
#2046 = ORIENTED_EDGE ( 'NONE', *, *, #2626, .T. ) ;
#2047 = VECTOR ( 'NONE', #1967, 1000.000000000000000 ) ;
#2048 = ORIENTED_EDGE ( 'NONE', *, *, #1394, .T. ) ;
#2049 = ORIENTED_EDGE ( 'NONE', *, *, #1779, .T. ) ;
#2050 = VECTOR ( 'NONE', #1964, 1000.000000000000000 ) ;
#2051 = PRESENTATION_STYLE_ASSIGNMENT (( #244 ) ) ;
#2052 = ORIENTED_EDGE ( 'NONE', *, *, #2260, .F. ) ;
#2053 = VERTEX_POINT ( 'NONE', #1970 ) ;
#2054 = FACE_OUTER_BOUND ( 'NONE', #2468, .T. ) ;
#2055 = SURFACE_STYLE_USAGE ( .BOTH. , #174 ) ;
#2056 = CARTESIAN_POINT ( 'NONE',  ( 0.7970000000000004858, 0.3300000000000001266, 0.8700000000000008837 ) ) ;
#2057 = UNCERTAINTY_MEASURE_WITH_UNIT (LENGTH_MEASURE( 1.000000000000000082E-05 ), #450, 'distance_accuracy_value', 'NONE');
#2058 = ORIENTED_EDGE ( 'NONE', *, *, #2549, .T. ) ;
#2059 = EDGE_CURVE ( 'NONE', #1840, #2080, #62, .T. ) ;
#2060 = AXIS2_PLACEMENT_3D ( 'NONE', #2536, #699, #2301 ) ;
#2061 = ORIENTED_EDGE ( 'NONE', *, *, #862, .T. ) ;
#2062 = ORIENTED_EDGE ( 'NONE', *, *, #893, .F. ) ;
#2063 = DIRECTION ( 'NONE',  ( -0.000000000000000000, -1.000000000000000000, -0.000000000000000000 ) ) ;
#2064 = AXIS2_PLACEMENT_3D ( 'NONE', #679, #1118, #1390 ) ;
#2065 = ORIENTED_EDGE ( 'NONE', *, *, #607, .T. ) ;
#2066 = ORIENTED_EDGE ( 'NONE', *, *, #2337, .F. ) ;
#2067 = ORIENTED_EDGE ( 'NONE', *, *, #665, .T. ) ;
#2068 = CARTESIAN_POINT ( 'NONE',  ( 0.2189999999999999725, 0.5500000000000001554, 0.5000000000000000000 ) ) ;
#2069 = CARTESIAN_POINT ( 'NONE',  ( -0.2100000000000003253, 0.3300000000000001266, -0.8954999999999999627 ) ) ;
#2070 = ORIENTED_EDGE ( 'NONE', *, *, #2007, .T. ) ;
#2071 = CARTESIAN_POINT ( 'NONE',  ( 0.8950000000000000178, 0.5500000000000001554, -0.5000000000000000000 ) ) ;
#2072 = EDGE_CURVE ( 'NONE', #672, #2082, #854, .T. ) ;
#2073 = FILL_AREA_STYLE_COLOUR ( '', #1659 ) ;
#2074 = ORIENTED_EDGE ( 'NONE', *, *, #447, .F. ) ;
#2075 = DIRECTION ( 'NONE',  ( -1.000000000000000000, 0.000000000000000000, -0.000000000000000000 ) ) ;
#2076 = VECTOR ( 'NONE', #961, 1000.000000000000000 ) ;
#2077 = EDGE_CURVE ( 'NONE', #1408, #2335, #2546, .T. ) ;
#2078 = DIRECTION ( 'NONE',  ( 0.000000000000000000, -0.000000000000000000, 1.000000000000000000 ) ) ;
#2079 = ADVANCED_FACE ( 'NONE', ( #328 ), #1303, .F. ) ;
#2080 = VERTEX_POINT ( 'NONE', #2157 ) ;
#2081 = CIRCLE ( 'NONE', #1179, 0.05000000000000002359 ) ;
#2082 = VERTEX_POINT ( 'NONE', #2941 ) ;
#2083 = LINE ( 'NONE', #1435, #2504 ) ;
#2084 = DIRECTION ( 'NONE',  ( 0.000000000000000000, 0.000000000000000000, 1.000000000000000000 ) ) ;
#2085 = LINE ( 'NONE', #1216, #1240 ) ;
#2086 = PLANE ( 'NONE',  #483 ) ;
#2087 = ORIENTED_EDGE ( 'NONE', *, *, #373, .F. ) ;
#2088 =( GEOMETRIC_REPRESENTATION_CONTEXT ( 3 ) GLOBAL_UNCERTAINTY_ASSIGNED_CONTEXT ( ( #2579 ) ) GLOBAL_UNIT_ASSIGNED_CONTEXT ( ( #2386, #26, #2634 ) ) REPRESENTATION_CONTEXT ( 'NONE', 'WORKASPACE' ) );
#2089 = FACE_OUTER_BOUND ( 'NONE', #2685, .T. ) ;
#2090 = VECTOR ( 'NONE', #2478, 1000.000000000000000 ) ;
#2091 = EDGE_CURVE ( 'NONE', #2472, #2001, #1026, .T. ) ;
#2092 = ORIENTED_EDGE ( 'NONE', *, *, #2644, .F. ) ;
#2093 = CARTESIAN_POINT ( 'NONE',  ( 0.2189999999999999725, 0.5500000000000001554, -0.4500000000000000111 ) ) ;
#2094 = AXIS2_PLACEMENT_3D ( 'NONE', #1757, #2475, #1272 ) ;
#2095 = PRESENTATION_LAYER_ASSIGNMENT (  '', '', ( #1191 ) ) ;
#2096 = UNCERTAINTY_MEASURE_WITH_UNIT (LENGTH_MEASURE( 1.000000000000000082E-05 ), #2656, 'distance_accuracy_value', 'NONE');
#2097 = AXIS2_PLACEMENT_3D ( 'NONE', #2371, #796, #2648 ) ;
#2098 = VECTOR ( 'NONE', #1824, 1000.000000000000000 ) ;
#2099 = DIRECTION ( 'NONE',  ( -0.000000000000000000, -1.000000000000000000, -0.000000000000000000 ) ) ;
#2100 = EDGE_LOOP ( 'NONE', ( #1072, #1069, #1533, #1999, #831, #2755 ) ) ;
#2101 = VECTOR ( 'NONE', #2509, 1000.000000000000000 ) ;
#2102 = EDGE_CURVE ( 'NONE', #1542, #728, #2894, .T. ) ;
#2103 = EDGE_CURVE ( 'NONE', #2786, #2236, #1260, .T. ) ;
#2104 = CARTESIAN_POINT ( 'NONE',  ( 0.2189999999999999725, 0.3300000000000001266, 0.5000000000000000000 ) ) ;
#2105 = SURFACE_SIDE_STYLE ('',( #2564 ) ) ;
#2106 =( NAMED_UNIT ( * ) SI_UNIT ( $, .STERADIAN. ) SOLID_ANGLE_UNIT ( ) );
#2107 = PRESENTATION_STYLE_ASSIGNMENT (( #1654 ) ) ;
#2108 = VERTEX_POINT ( 'NONE', #2667 ) ;
#2109 = FILL_AREA_STYLE_COLOUR ( '', #506 ) ;
#2110 = DIRECTION ( 'NONE',  ( -0.000000000000000000, 1.000000000000000000, -0.000000000000000000 ) ) ;
#2111 = CARTESIAN_POINT ( 'NONE',  ( 0.2190000000000003333, 0.5300000000000001377, -0.5000000000000000000 ) ) ;
#2112 = DIRECTION ( 'NONE',  ( 0.000000000000000000, -1.000000000000000000, 0.000000000000000000 ) ) ;
#2113 = CARTESIAN_POINT ( 'NONE',  ( 0.6990408205773459560, 0.3300000000000001266, -0.4600000000000000755 ) ) ;
#2114 = SURFACE_STYLE_USAGE ( .BOTH. , #1262 ) ;
#2115 = VECTOR ( 'NONE', #2882, 1000.000000000000000 ) ;
#2116 =( NAMED_UNIT ( * ) SI_UNIT ( $, .STERADIAN. ) SOLID_ANGLE_UNIT ( ) );
#2117 = CARTESIAN_POINT ( 'NONE',  ( -0.8459999999999996412, 0.3300000000000001266, 0.8954999999999999627 ) ) ;
#2118 = DIRECTION ( 'NONE',  ( 0.000000000000000000, 0.000000000000000000, 1.000000000000000000 ) ) ;
#2119 = FILL_AREA_STYLE_COLOUR ( '', #741 ) ;
#2120 = SURFACE_SIDE_STYLE ('',( #1668 ) ) ;
#2121 = DIRECTION ( 'NONE',  ( -0.000000000000000000, 1.000000000000000000, -0.000000000000000000 ) ) ;
#2122 = DIRECTION ( 'NONE',  ( -3.872150616019658834E-16, 0.000000000000000000, -1.000000000000000000 ) ) ;
#2123 = LINE ( 'NONE', #1891, #762 ) ;
#2124 = EDGE_CURVE ( 'NONE', #182, #232, #2296, .T. ) ;
#2125 = PRESENTATION_STYLE_ASSIGNMENT (( #2817 ) ) ;
#2126 = DIRECTION ( 'NONE',  ( 0.000000000000000000, 0.000000000000000000, 1.000000000000000000 ) ) ;
#2127 = EDGE_LOOP ( 'NONE', ( #2048, #1602, #2177, #15 ) ) ;
#2128 = UNCERTAINTY_MEASURE_WITH_UNIT (LENGTH_MEASURE( 1.000000000000000082E-05 ), #2799, 'distance_accuracy_value', 'NONE');
#2129 = FACE_OUTER_BOUND ( 'NONE', #2452, .T. ) ;
#2130 = VECTOR ( 'NONE', #124, 1000.000000000000000 ) ;
#2131 =( GEOMETRIC_REPRESENTATION_CONTEXT ( 3 ) GLOBAL_UNCERTAINTY_ASSIGNED_CONTEXT ( ( #751 ) ) GLOBAL_UNIT_ASSIGNED_CONTEXT ( ( #2954, #2490, #1050 ) ) REPRESENTATION_CONTEXT ( 'NONE', 'WORKASPACE' ) );
#2132 = ADVANCED_FACE ( 'NONE', ( #871 ), #648, .F. ) ;
#2133 = FILL_AREA_STYLE ('',( #777 ) ) ;
#2134 = FILL_AREA_STYLE_COLOUR ( '', #1469 ) ;
#2135 = CARTESIAN_POINT ( 'NONE',  ( 0.8950000000000003508, 0.5500000000000001554, -0.2550510257216820897 ) ) ;
#2136 =( NAMED_UNIT ( * ) SI_UNIT ( $, .STERADIAN. ) SOLID_ANGLE_UNIT ( ) );
#2137 = EDGE_CURVE ( 'NONE', #2080, #1306, #2027, .T. ) ;
#2138 = ADVANCED_FACE ( 'NONE', ( #2744 ), #2231, .F. ) ;
#2139 = CARTESIAN_POINT ( 'NONE',  ( 0.2189999999999999725, 0.5500000000000001554, 0.5000000000000000000 ) ) ;
#2140 = STYLED_ITEM ( 'NONE', ( #2125 ), #1989 ) ;
#2141 = CARTESIAN_POINT ( 'NONE',  ( -0.8459999999999999742, 0.3300000000000001266, -0.8954999999999999627 ) ) ;
#2142 = FACE_OUTER_BOUND ( 'NONE', #2174, .T. ) ;
#2143 = AXIS2_PLACEMENT_3D ( 'NONE', #316, #1246, #2219 ) ;
#2144 =( LENGTH_UNIT ( ) NAMED_UNIT ( * ) SI_UNIT ( .MILLI., .METRE. ) );
#2145 = AXIS2_PLACEMENT_3D ( 'NONE', #1024, #1243, #736 ) ;
#2146 = CARTESIAN_POINT ( 'NONE',  ( -0.8960000000000000187, 0.3300000000000001266, 0.8454999999999995852 ) ) ;
#2147 = AXIS2_PLACEMENT_3D ( 'NONE', #434, #420, #401 ) ;
#2148 = ORIENTED_EDGE ( 'NONE', *, *, #1490, .T. ) ;
#2149 = CIRCLE ( 'NONE', #1713, 0.1999999999999997613 ) ;
#2150 = CARTESIAN_POINT ( 'NONE',  ( 0.9500000000000003997, 0.05000000000000000278, -0.9499999999999998446 ) ) ;
#2151 = SURFACE_STYLE_USAGE ( .BOTH. , #123 ) ;
#2152 = PRESENTATION_LAYER_ASSIGNMENT (  '', '', ( #2761 ) ) ;
#2153 =( GEOMETRIC_REPRESENTATION_CONTEXT ( 3 ) GLOBAL_UNCERTAINTY_ASSIGNED_CONTEXT ( ( #2360 ) ) GLOBAL_UNIT_ASSIGNED_CONTEXT ( ( #136, #185, #1126 ) ) REPRESENTATION_CONTEXT ( 'NONE', 'WORKASPACE' ) );
#2154 =( GEOMETRIC_REPRESENTATION_CONTEXT ( 3 ) GLOBAL_UNCERTAINTY_ASSIGNED_CONTEXT ( ( #682 ) ) GLOBAL_UNIT_ASSIGNED_CONTEXT ( ( #2668, #1722, #2253 ) ) REPRESENTATION_CONTEXT ( 'NONE', 'WORKASPACE' ) );
#2155 = CARTESIAN_POINT ( 'NONE',  ( -0.8459999999999999742, 0.5300000000000001377, 0.8454999999999999183 ) ) ;
#2156 = LINE ( 'NONE', #485, #1189 ) ;
#2157 = CARTESIAN_POINT ( 'NONE',  ( 0.6500510257216826071, 0.3300000000000001266, -0.4999999999999998890 ) ) ;
#2158 = ADVANCED_FACE ( 'NONE', ( #221 ), #898, .T. ) ;
#2159 = CARTESIAN_POINT ( 'NONE',  ( 0.2190000000000003333, 0.5300000000000001377, -0.5000000000000000000 ) ) ;
#2160 = CARTESIAN_POINT ( 'NONE',  ( 0.8950000000000003508, 0.3300000000000001266, -0.2550510257216820897 ) ) ;
#2161 = CARTESIAN_POINT ( 'NONE',  ( -0.8960000000000000187, 0.5300000000000001377, 0.8454999999999995852 ) ) ;
#2162 = DIRECTION ( 'NONE',  ( 0.000000000000000000, 0.000000000000000000, -1.000000000000000000 ) ) ;
#2163 = ORIENTED_EDGE ( 'NONE', *, *, #2505, .T. ) ;
#2164 = PRESENTATION_LAYER_ASSIGNMENT (  '', '', ( #622 ) ) ;
#2165 = PLANE ( 'NONE',  #2655 ) ;
#2166 = LINE ( 'NONE', #567, #2489 ) ;
#2167 = LINE ( 'NONE', #308, #2050 ) ;
#2168 = VECTOR ( 'NONE', #2317, 1000.000000000000000 ) ;
#2169 = CARTESIAN_POINT ( 'NONE',  ( 0.7970000000000005969, 0.5500000000000001554, -0.8699999999999999956 ) ) ;
#2170 = APPLICATION_CONTEXT ( 'automotive_design' ) ;
#2171 =( NAMED_UNIT ( * ) SI_UNIT ( $, .STERADIAN. ) SOLID_ANGLE_UNIT ( ) );
#2172 =( NAMED_UNIT ( * ) SI_UNIT ( $, .STERADIAN. ) SOLID_ANGLE_UNIT ( ) );
#2173 = DIRECTION ( 'NONE',  ( 0.000000000000000000, 0.000000000000000000, 1.000000000000000000 ) ) ;
#2174 = EDGE_LOOP ( 'NONE', ( #1098, #1414, #197, #32, #891, #2606, #2701, #547 ) ) ;
#2175 = ADVANCED_FACE ( 'NONE', ( #202 ), #1107, .T. ) ;
#2176 =( GEOMETRIC_REPRESENTATION_CONTEXT ( 3 ) GLOBAL_UNCERTAINTY_ASSIGNED_CONTEXT ( ( #5 ) ) GLOBAL_UNIT_ASSIGNED_CONTEXT ( ( #480, #34, #1844 ) ) REPRESENTATION_CONTEXT ( 'NONE', 'WORKASPACE' ) );
#2177 = ORIENTED_EDGE ( 'NONE', *, *, #407, .F. ) ;
#2178 = CARTESIAN_POINT ( 'NONE',  ( 0.7970000000000004858, 0.5500000000000001554, -1.149999999999999911 ) ) ;
#2179 = ORIENTED_EDGE ( 'NONE', *, *, #733, .F. ) ;
#2180 = ORIENTED_EDGE ( 'NONE', *, *, #2805, .T. ) ;
#2181 = ADVANCED_FACE ( 'NONE', ( #2990 ), #885, .F. ) ;
#2182 = DIRECTION ( 'NONE',  ( -0.000000000000000000, -1.000000000000000000, -0.000000000000000000 ) ) ;
#2183 = CYLINDRICAL_SURFACE ( 'NONE', #207, 0.1199999999999999956 ) ;
#2184 = CARTESIAN_POINT ( 'NONE',  ( 0.5470000000000004858, 0.5300000000000001377, -1.149999999999999911 ) ) ;
#2185 = DIRECTION ( 'NONE',  ( -0.000000000000000000, 1.000000000000000000, -0.000000000000000000 ) ) ;
#2186 = CIRCLE ( 'NONE', #2343, 0.1199999999999999956 ) ;
#2187 = PRESENTATION_STYLE_ASSIGNMENT (( #1077 ) ) ;
#2188 = DIRECTION ( 'NONE',  ( -0.000000000000000000, 1.000000000000000000, -0.000000000000000000 ) ) ;
#2189 = CARTESIAN_POINT ( 'NONE',  ( 0.2189999999999999725, 0.5300000000000001377, -0.4500000000000000111 ) ) ;
#2190 = CARTESIAN_POINT ( 'NONE',  ( 0.1689999999999999836, 0.3300000000000001266, 0.4499999999999996780 ) ) ;
#2191 = DIRECTION ( 'NONE',  ( 0.000000000000000000, 1.000000000000000000, 0.000000000000000000 ) ) ;
#2192 = ADVANCED_FACE ( 'NONE', ( #1406 ), #496, .T. ) ;
#2193 = VECTOR ( 'NONE', #596, 1000.000000000000000 ) ;
#2194 = CARTESIAN_POINT ( 'NONE',  ( 0.8950000000000003508, 0.5500000000000001554, -0.2550510257216820897 ) ) ;
#2195 = ORIENTED_EDGE ( 'NONE', *, *, #2512, .T. ) ;
#2196 = DIRECTION ( 'NONE',  ( -0.000000000000000000, -1.000000000000000000, -0.000000000000000000 ) ) ;
#2197 = VECTOR ( 'NONE', #1778, 1000.000000000000000 ) ;
#2198 = DIRECTION ( 'NONE',  ( 0.000000000000000000, 0.000000000000000000, 1.000000000000000000 ) ) ;
#2199 = EDGE_CURVE ( 'NONE', #1827, #242, #945, .T. ) ;
#2200 = CARTESIAN_POINT ( 'NONE',  ( 0.2190000000000003333, 0.5500000000000001554, -0.5000000000000000000 ) ) ;
#2201 = STYLED_ITEM ( 'NONE', ( #95 ), #712 ) ;
#2202 = AXIS2_PLACEMENT_3D ( 'NONE', #323, #2378, #2673 ) ;
#2203 = ORIENTED_EDGE ( 'NONE', *, *, #1294, .F. ) ;
#2204 = DIRECTION ( 'NONE',  ( 1.000000000000000000, 0.000000000000000000, 0.000000000000000000 ) ) ;
#2205 = AXIS2_PLACEMENT_3D ( 'NONE', #550, #776, #1466 ) ;
#2206 = DIRECTION ( 'NONE',  ( -0.000000000000000000, -1.000000000000000000, -0.000000000000000000 ) ) ;
#2207 = VECTOR ( 'NONE', #376, 1000.000000000000000 ) ;
#2208 =( LENGTH_UNIT ( ) NAMED_UNIT ( * ) SI_UNIT ( .MILLI., .METRE. ) );
#2209 = CARTESIAN_POINT ( 'NONE',  ( 0.6770000000000004903, 0.5500000000000001554, -0.8699999999999999956 ) ) ;
#2210 = CARTESIAN_POINT ( 'NONE',  ( 0.6769999999999996021, 0.3300000000000001266, 0.7500000000000000000 ) ) ;
#2211 = VERTEX_POINT ( 'NONE', #2585 ) ;
#2212 = VERTEX_POINT ( 'NONE', #746 ) ;
#2213 = FILL_AREA_STYLE_COLOUR ( '', #176 ) ;
#2214 = ADVANCED_FACE ( 'NONE', ( #716 ), #1672, .F. ) ;
#2215 = MECHANICAL_DESIGN_GEOMETRIC_PRESENTATION_REPRESENTATION (  '', ( #1966 ), #1679 ) ;
#2216 = CARTESIAN_POINT ( 'NONE',  ( -0.1599999999999999756, 0.5300000000000001377, -0.8454999999999995852 ) ) ;
#2217 = CARTESIAN_POINT ( 'NONE',  ( -0.2099999999999999922, 0.3300000000000001266, 0.8454999999999999183 ) ) ;
#2218 = CARTESIAN_POINT ( 'NONE',  ( 0.7970000000000004858, 0.5500000000000001554, 1.149999999999999911 ) ) ;
#2219 = DIRECTION ( 'NONE',  ( 0.000000000000000000, 0.000000000000000000, 1.000000000000000000 ) ) ;
#2220 = ADVANCED_FACE ( 'NONE', ( #1611 ), #1889, .F. ) ;
#2221 = FILL_AREA_STYLE_COLOUR ( '', #2717 ) ;
#2222 = LINE ( 'NONE', #1529, #2574 ) ;
#2223 = ORIENTED_EDGE ( 'NONE', *, *, #2928, .F. ) ;
#2224 = VERTEX_POINT ( 'NONE', #761 ) ;
#2225 = CARTESIAN_POINT ( 'NONE',  ( 0.6500510257216826071, 0.5500000000000001554, -0.4500000000000000111 ) ) ;
#2226 = SURFACE_STYLE_USAGE ( .BOTH. , #1322 ) ;
#2227 = FILL_AREA_STYLE ('',( #1075 ) ) ;
#2228 = DIRECTION ( 'NONE',  ( 1.000000000000000000, 0.000000000000000000, 0.000000000000000000 ) ) ;
#2229 = DIRECTION ( 'NONE',  ( -9.427844978134821433E-17, 0.000000000000000000, -1.000000000000000000 ) ) ;
#2230 = CIRCLE ( 'NONE', #347, 0.1999999999999997613 ) ;
#2231 = PLANE ( 'NONE',  #1048 ) ;
#2232 = COLOUR_RGB ( '',0.6666666666666666297, 0.6980392156862744724, 0.7686274509803920907 ) ;
#2233 = ORIENTED_EDGE ( 'NONE', *, *, #688, .T. ) ;
#2234 = CARTESIAN_POINT ( 'NONE',  ( 1.150000000000000355, 0.5300000000000001377, 1.149999999999999911 ) ) ;
#2235 = DIRECTION ( 'NONE',  ( -3.872150616019658834E-16, 0.000000000000000000, 1.000000000000000000 ) ) ;
#2236 = VERTEX_POINT ( 'NONE', #697 ) ;
#2237 = EDGE_CURVE ( 'NONE', #905, #3037, #511, .T. ) ;
#2238 = ORIENTED_EDGE ( 'NONE', *, *, #1814, .T. ) ;
#2239 = EDGE_CURVE ( 'NONE', #2211, #2466, #49, .T. ) ;
#2240 = ORIENTED_EDGE ( 'NONE', *, *, #2035, .T. ) ;
#2241 = LINE ( 'NONE', #1753, #470 ) ;
#2242 = VECTOR ( 'NONE', #531, 1000.000000000000000 ) ;
#2243 = CARTESIAN_POINT ( 'NONE',  ( 0.6670000000000004814, 0.5500000000000001554, 0.8699999999999999956 ) ) ;
#2244 =( GEOMETRIC_REPRESENTATION_CONTEXT ( 3 ) GLOBAL_UNCERTAINTY_ASSIGNED_CONTEXT ( ( #260 ) ) GLOBAL_UNIT_ASSIGNED_CONTEXT ( ( #521, #1462, #2375 ) ) REPRESENTATION_CONTEXT ( 'NONE', 'WORKASPACE' ) );
#2245 = ORIENTED_EDGE ( 'NONE', *, *, #2091, .F. ) ;
#2246 = CIRCLE ( 'NONE', #2295, 0.05000000000000002359 ) ;
#2247 = CARTESIAN_POINT ( 'NONE',  ( 0.7970000000000004858, 0.3300000000000001266, -1.149999999999999911 ) ) ;
#2248 = COLOUR_RGB ( '',0.6666666666666666297, 0.6980392156862744724, 0.7686274509803920907 ) ;
#2249 = FACE_OUTER_BOUND ( 'NONE', #2770, .T. ) ;
#2250 = AXIS2_PLACEMENT_3D ( 'NONE', #43, #1417, #2855 ) ;
#2251 = DIRECTION ( 'NONE',  ( 0.000000000000000000, 0.000000000000000000, -1.000000000000000000 ) ) ;
#2252 = EDGE_LOOP ( 'NONE', ( #968, #47, #1020, #1650 ) ) ;
#2253 =( NAMED_UNIT ( * ) SI_UNIT ( $, .STERADIAN. ) SOLID_ANGLE_UNIT ( ) );
#2254 = CARTESIAN_POINT ( 'NONE',  ( 0.7970000000000004858, 0.3300000000000001266, -1.149999999999999911 ) ) ;
#2255 = AXIS2_PLACEMENT_3D ( 'NONE', #778, #568, #1902 ) ;
#2256 = AXIS2_PLACEMENT_3D ( 'NONE', #1682, #2411, #1256 ) ;
#2257 = COLOUR_RGB ( '',0.2980392156862745057, 0.2980392156862745057, 0.2980392156862745057 ) ;
#2258 = ORIENTED_EDGE ( 'NONE', *, *, #615, .T. ) ;
#2259 = PRESENTATION_STYLE_ASSIGNMENT (( #641 ) ) ;
#2260 = EDGE_CURVE ( 'NONE', #364, #1198, #484, .T. ) ;
#2261 = VERTEX_POINT ( 'NONE', #734 ) ;
#2262 =( NAMED_UNIT ( * ) PLANE_ANGLE_UNIT ( ) SI_UNIT ( $, .RADIAN. ) );
#2263 = ORIENTED_EDGE ( 'NONE', *, *, #89, .T. ) ;
#2264 = SURFACE_STYLE_FILL_AREA ( #1323 ) ;
#2265 = CARTESIAN_POINT ( 'NONE',  ( -0.8459999999999999742, 0.5500000000000001554, 0.8454999999999999183 ) ) ;
#2266 = DIRECTION ( 'NONE',  ( -3.872150616019658834E-16, 0.000000000000000000, -1.000000000000000000 ) ) ;
#2267 = PRESENTATION_LAYER_ASSIGNMENT (  '', '', ( #1966 ) ) ;
#2268 =( NAMED_UNIT ( * ) SI_UNIT ( $, .STERADIAN. ) SOLID_ANGLE_UNIT ( ) );
#2269 = ORIENTED_EDGE ( 'NONE', *, *, #2512, .F. ) ;
#2270 = SURFACE_STYLE_USAGE ( .BOTH. , #2120 ) ;
#2271 = FACE_OUTER_BOUND ( 'NONE', #2764, .T. ) ;
#2272 = ORIENTED_EDGE ( 'NONE', *, *, #2984, .F. ) ;
#2273 = ORIENTED_EDGE ( 'NONE', *, *, #2474, .T. ) ;
#2274 = ADVANCED_FACE ( 'NONE', ( #2330 ), #1644, .F. ) ;
#2275 = ORIENTED_EDGE ( 'NONE', *, *, #2041, .F. ) ;
#2276 = ORIENTED_EDGE ( 'NONE', *, *, #2337, .T. ) ;
#2277 = EDGE_CURVE ( 'NONE', #1904, #2786, #211, .T. ) ;
#2278 = EDGE_CURVE ( 'NONE', #1827, #1141, #2597, .T. ) ;
#2279 = VERTEX_POINT ( 'NONE', #1919 ) ;
#2280 = DIRECTION ( 'NONE',  ( 0.000000000000000000, -0.000000000000000000, -1.000000000000000000 ) ) ;
#2281 = DIRECTION ( 'NONE',  ( -0.000000000000000000, -1.000000000000000000, -0.000000000000000000 ) ) ;
#2282 = UNCERTAINTY_MEASURE_WITH_UNIT (LENGTH_MEASURE( 1.000000000000000082E-05 ), #1017, 'distance_accuracy_value', 'NONE');
#2283 = ORIENTED_EDGE ( 'NONE', *, *, #1864, .F. ) ;
#2284 = CARTESIAN_POINT ( 'NONE',  ( 0.2190000000000003333, 0.3300000000000001266, -0.5000000000000000000 ) ) ;
#2285 = ORIENTED_EDGE ( 'NONE', *, *, #222, .F. ) ;
#2286 =( GEOMETRIC_REPRESENTATION_CONTEXT ( 3 ) GLOBAL_UNCERTAINTY_ASSIGNED_CONTEXT ( ( #503 ) ) GLOBAL_UNIT_ASSIGNED_CONTEXT ( ( #2843, #977, #758 ) ) REPRESENTATION_CONTEXT ( 'NONE', 'WORKASPACE' ) );
#2287 = ORIENTED_EDGE ( 'NONE', *, *, #1116, .F. ) ;
#2288 = ORIENTED_EDGE ( 'NONE', *, *, #3036, .F. ) ;
#2289 = ORIENTED_EDGE ( 'NONE', *, *, #2346, .T. ) ;
#2290 = SURFACE_STYLE_USAGE ( .BOTH. , #1370 ) ;
#2291 =( GEOMETRIC_REPRESENTATION_CONTEXT ( 3 ) GLOBAL_UNCERTAINTY_ASSIGNED_CONTEXT ( ( #2869 ) ) GLOBAL_UNIT_ASSIGNED_CONTEXT ( ( #880, #1104, #171 ) ) REPRESENTATION_CONTEXT ( 'NONE', 'WORKASPACE' ) );
#2292 = EDGE_CURVE ( 'NONE', #2616, #182, #1742, .T. ) ;
#2293 = FACE_OUTER_BOUND ( 'NONE', #844, .T. ) ;
#2294 = CARTESIAN_POINT ( 'NONE',  ( 0.8950000000000000178, 0.3300000000000001266, 0.4499999999999996780 ) ) ;
#2295 = AXIS2_PLACEMENT_3D ( 'NONE', #2694, #310, #1965 ) ;
#2296 = LINE ( 'NONE', #2491, #2090 ) ;
#2297 = EDGE_CURVE ( 'NONE', #1141, #2211, #1271, .T. ) ;
#2298 = ORIENTED_EDGE ( 'NONE', *, *, #2278, .F. ) ;
#2299 = AXIS2_PLACEMENT_3D ( 'NONE', #1509, #805, #2924 ) ;
#2300 = CARTESIAN_POINT ( 'NONE',  ( 0.6770000000000004903, 0.5300000000000001377, 0.8699999999999999956 ) ) ;
#2301 = DIRECTION ( 'NONE',  ( 0.000000000000000000, -0.000000000000000000, 1.000000000000000000 ) ) ;
#2302 = ORIENTED_EDGE ( 'NONE', *, *, #314, .T. ) ;
#2303 = VECTOR ( 'NONE', #24, 1000.000000000000000 ) ;
#2304 = ORIENTED_EDGE ( 'NONE', *, *, #2364, .F. ) ;
#2305 =( GEOMETRIC_REPRESENTATION_CONTEXT ( 3 ) GLOBAL_UNCERTAINTY_ASSIGNED_CONTEXT ( ( #1405 ) ) GLOBAL_UNIT_ASSIGNED_CONTEXT ( ( #324, #582, #1930 ) ) REPRESENTATION_CONTEXT ( 'NONE', 'WORKASPACE' ) );
#2306 = SURFACE_STYLE_FILL_AREA ( #3038 ) ;
#2307 = ORIENTED_EDGE ( 'NONE', *, *, #539, .T. ) ;
#2308 = ORIENTED_EDGE ( 'NONE', *, *, #1655, .F. ) ;
#2309 = ORIENTED_EDGE ( 'NONE', *, *, #1695, .T. ) ;
#2310 = LINE ( 'NONE', #2348, #170 ) ;
#2311 = EDGE_CURVE ( 'NONE', #1375, #2485, #2631, .T. ) ;
#2312 =( NAMED_UNIT ( * ) SI_UNIT ( $, .STERADIAN. ) SOLID_ANGLE_UNIT ( ) );
#2313 = CARTESIAN_POINT ( 'NONE',  ( 0.8450000000000004174, 0.5500000000000001554, -0.2550510257216820897 ) ) ;
#2314 = UNCERTAINTY_MEASURE_WITH_UNIT (LENGTH_MEASURE( 1.000000000000000082E-05 ), #113, 'distance_accuracy_value', 'NONE');
#2315 = CARTESIAN_POINT ( 'NONE',  ( 0.5470000000000004858, 0.5500000000000001554, -1.149999999999999911 ) ) ;
#2316 = ORIENTED_EDGE ( 'NONE', *, *, #1465, .T. ) ;
#2317 = DIRECTION ( 'NONE',  ( -0.000000000000000000, -1.000000000000000000, -0.000000000000000000 ) ) ;
#2318 = COLOUR_RGB ( '',0.6666666666666666297, 0.6980392156862744724, 0.7686274509803920907 ) ;
#2319 = EDGE_CURVE ( 'NONE', #2479, #1613, #2246, .T. ) ;
#2320 = EDGE_CURVE ( 'NONE', #1363, #1399, #2891, .T. ) ;
#2321 = VECTOR ( 'NONE', #1182, 1000.000000000000000 ) ;
#2322 = VERTEX_POINT ( 'NONE', #570 ) ;
#2323 = FILL_AREA_STYLE_COLOUR ( '', #2318 ) ;
#2324 = SURFACE_SIDE_STYLE ('',( #230 ) ) ;
#2325 = ORIENTED_EDGE ( 'NONE', *, *, #3021, .T. ) ;
#2326 = ORIENTED_EDGE ( 'NONE', *, *, #2979, .T. ) ;
#2327 = ORIENTED_EDGE ( 'NONE', *, *, #587, .F. ) ;
#2328 = DIRECTION ( 'NONE',  ( 1.000000000000000000, 0.000000000000000000, -0.000000000000000000 ) ) ;
#2329 = FACE_OUTER_BOUND ( 'NONE', #1, .T. ) ;
#2330 = FACE_OUTER_BOUND ( 'NONE', #256, .T. ) ;
#2331 = MECHANICAL_DESIGN_GEOMETRIC_PRESENTATION_REPRESENTATION (  '', ( #397 ), #826 ) ;
#2332 = DIRECTION ( 'NONE',  ( 0.000000000000000000, 0.000000000000000000, 1.000000000000000000 ) ) ;
#2333 = ORIENTED_EDGE ( 'NONE', *, *, #1779, .F. ) ;
#2334 = PLANE ( 'NONE',  #1773 ) ;
#2335 = VERTEX_POINT ( 'NONE', #2662 ) ;
#2336 = PRESENTATION_STYLE_ASSIGNMENT (( #1674 ) ) ;
#2337 = EDGE_CURVE ( 'NONE', #1808, #2772, #1617, .T. ) ;
#2338 = ORIENTED_EDGE ( 'NONE', *, *, #2849, .T. ) ;
#2339 = FACE_OUTER_BOUND ( 'NONE', #1575, .T. ) ;
#2340 = EDGE_CURVE ( 'NONE', #1825, #1360, #597, .T. ) ;
#2341 = ORIENTED_EDGE ( 'NONE', *, *, #1125, .T. ) ;
#2342 = ORIENTED_EDGE ( 'NONE', *, *, #2277, .T. ) ;
#2343 = AXIS2_PLACEMENT_3D ( 'NONE', #2519, #436, #2531 ) ;
#2344 = CARTESIAN_POINT ( 'NONE',  ( -0.8459999999999999742, 0.5500000000000001554, -0.8954999999999999627 ) ) ;
#2345 = ORIENTED_EDGE ( 'NONE', *, *, #1263, .T. ) ;
#2346 = EDGE_CURVE ( 'NONE', #1399, #1832, #1525, .T. ) ;
#2347 = ORIENTED_EDGE ( 'NONE', *, *, #2626, .F. ) ;
#2348 = CARTESIAN_POINT ( 'NONE',  ( 0.6670000000000013696, 0.3300000000000001266, 0.7500000000000000000 ) ) ;
#2349 = PRESENTATION_STYLE_ASSIGNMENT (( #2366 ) ) ;
#2350 = PRESENTATION_LAYER_ASSIGNMENT (  '', '', ( #902 ) ) ;
#2351 = DIRECTION ( 'NONE',  ( 0.000000000000000000, 0.000000000000000000, 1.000000000000000000 ) ) ;
#2352 = DIRECTION ( 'NONE',  ( 0.000000000000000000, 0.000000000000000000, -1.000000000000000000 ) ) ;
#2353 = CARTESIAN_POINT ( 'NONE',  ( 1.149999999999999911, 0.000000000000000000, -1.149999999999999911 ) ) ;
#2354 = VECTOR ( 'NONE', #3010, 1000.000000000000000 ) ;
#2355 = CYLINDRICAL_SURFACE ( 'NONE', #73, 0.05000000000000002359 ) ;
#2356 = FILL_AREA_STYLE_COLOUR ( '', #331 ) ;
#2357 = EDGE_CURVE ( 'NONE', #2947, #640, #20, .T. ) ;
#2358 = CIRCLE ( 'NONE', #2867, 0.1199999999999999956 ) ;
#2359 = VECTOR ( 'NONE', #494, 1000.000000000000000 ) ;
#2360 = UNCERTAINTY_MEASURE_WITH_UNIT (LENGTH_MEASURE( 1.000000000000000082E-05 ), #136, 'distance_accuracy_value', 'NONE');
#2361 = MECHANICAL_DESIGN_GEOMETRIC_PRESENTATION_REPRESENTATION (  '', ( #2761 ), #2154 ) ;
#2362 = VECTOR ( 'NONE', #2651, 1000.000000000000000 ) ;
#2363 =( NAMED_UNIT ( * ) SI_UNIT ( $, .STERADIAN. ) SOLID_ANGLE_UNIT ( ) );
#2364 = EDGE_CURVE ( 'NONE', #2821, #2720, #2908, .T. ) ;
#2365 = DIRECTION ( 'NONE',  ( -0.000000000000000000, -1.000000000000000000, -0.000000000000000000 ) ) ;
#2366 = SURFACE_STYLE_USAGE ( .BOTH. , #2105 ) ;
#2367 = CARTESIAN_POINT ( 'NONE',  ( 0.5470000000000003748, 0.3300000000000001266, -0.8699999999999999956 ) ) ;
#2368 = CARTESIAN_POINT ( 'NONE',  ( -0.2099999999999999922, 0.3300000000000001266, 0.8454999999999999183 ) ) ;
#2369 = CARTESIAN_POINT ( 'NONE',  ( -1.149999999999999911, 0.000000000000000000, -1.149999999999999911 ) ) ;
#2370 = FACE_OUTER_BOUND ( 'NONE', #2558, .T. ) ;
#2371 = CARTESIAN_POINT ( 'NONE',  ( 0.8450000000000004174, 0.5500000000000001554, -0.2550510257216820897 ) ) ;
#2372 = DIRECTION ( 'NONE',  ( -1.000000000000000000, 0.000000000000000000, -0.000000000000000000 ) ) ;
#2373 = MECHANICAL_DESIGN_GEOMETRIC_PRESENTATION_REPRESENTATION (  '', ( #187 ), #85 ) ;
#2374 = VECTOR ( 'NONE', #1276, 1000.000000000000000 ) ;
#2375 =( NAMED_UNIT ( * ) SI_UNIT ( $, .STERADIAN. ) SOLID_ANGLE_UNIT ( ) );
#2376 = DIRECTION ( 'NONE',  ( -1.000000000000000000, 0.000000000000000000, -0.000000000000000000 ) ) ;
#2377 =( GEOMETRIC_REPRESENTATION_CONTEXT ( 3 ) GLOBAL_UNCERTAINTY_ASSIGNED_CONTEXT ( ( #2057 ) ) GLOBAL_UNIT_ASSIGNED_CONTEXT ( ( #450, #3030, #2312 ) ) REPRESENTATION_CONTEXT ( 'NONE', 'WORKASPACE' ) );
#2378 = DIRECTION ( 'NONE',  ( 0.000000000000000000, 1.000000000000000000, -0.000000000000000000 ) ) ;
#2379 =( LENGTH_UNIT ( ) NAMED_UNIT ( * ) SI_UNIT ( .MILLI., .METRE. ) );
#2380 = CARTESIAN_POINT ( 'NONE',  ( 0.8449999999999996403, 0.5300000000000001377, 0.5000000000000000000 ) ) ;
#2381 = EDGE_CURVE ( 'NONE', #1608, #1399, #956, .T. ) ;
#2382 = DIRECTION ( 'NONE',  ( 0.000000000000000000, 0.000000000000000000, 1.000000000000000000 ) ) ;
#2383 = EDGE_CURVE ( 'NONE', #963, #2212, #2459, .T. ) ;
#2384 = CARTESIAN_POINT ( 'NONE',  ( -0.1599999999999999756, 0.3300000000000001266, 0.8454999999999995852 ) ) ;
#2385 = SURFACE_SIDE_STYLE ('',( #1228 ) ) ;
#2386 =( LENGTH_UNIT ( ) NAMED_UNIT ( * ) SI_UNIT ( .MILLI., .METRE. ) );
#2387 =( NAMED_UNIT ( * ) PLANE_ANGLE_UNIT ( ) SI_UNIT ( $, .RADIAN. ) );
#2388 = SURFACE_STYLE_FILL_AREA ( #290 ) ;
#2389 = UNCERTAINTY_MEASURE_WITH_UNIT (LENGTH_MEASURE( 1.000000000000000082E-05 ), #1178, 'distance_accuracy_value', 'NONE');
#2390 = CYLINDRICAL_SURFACE ( 'NONE', #2762, 0.05000000000000002359 ) ;
#2391 = DIRECTION ( 'NONE',  ( 1.000000000000000000, 0.000000000000000000, -0.000000000000000000 ) ) ;
#2392 = CARTESIAN_POINT ( 'NONE',  ( 0.7970000000000004858, 0.3300000000000001266, 1.149999999999999911 ) ) ;
#2393 = CIRCLE ( 'NONE', #944, 0.05000000000000002359 ) ;
#2394 = SURFACE_STYLE_FILL_AREA ( #730 ) ;
#2395 = PRESENTATION_STYLE_ASSIGNMENT (( #2151 ) ) ;
#2396 = FILL_AREA_STYLE ('',( #1903 ) ) ;
#2397 = ADVANCED_FACE ( 'NONE', ( #790 ), #94, .T. ) ;
#2398 = CARTESIAN_POINT ( 'NONE',  ( 0.7970000000000004858, 0.5500000000000001554, -1.149999999999999911 ) ) ;
#2399 = PRESENTATION_STYLE_ASSIGNMENT (( #1217 ) ) ;
#2400 = DIRECTION ( 'NONE',  ( 0.000000000000000000, 0.000000000000000000, -1.000000000000000000 ) ) ;
#2401 = AXIS2_PLACEMENT_3D ( 'NONE', #2189, #375, #83 ) ;
#2402 = DIRECTION ( 'NONE',  ( 0.000000000000000000, -1.000000000000000000, 0.000000000000000000 ) ) ;
#2403 = CARTESIAN_POINT ( 'NONE',  ( 0.6670000000000004814, 0.5500000000000001554, -0.7500000000000000000 ) ) ;
#2404 = VECTOR ( 'NONE', #2173, 1000.000000000000000 ) ;
#2405 = LINE ( 'NONE', #1221, #360 ) ;
#2406 = CIRCLE ( 'NONE', #70, 0.1199999999999999956 ) ;
#2407 = COLOUR_RGB ( '',0.6666666666666666297, 0.6980392156862744724, 0.7686274509803920907 ) ;
#2408 = VERTEX_POINT ( 'NONE', #2443 ) ;
#2409 = PRESENTATION_STYLE_ASSIGNMENT (( #2438 ) ) ;
#2410 = DIRECTION ( 'NONE',  ( -1.000000000000000000, -0.000000000000000000, -0.000000000000000000 ) ) ;
#2411 = DIRECTION ( 'NONE',  ( 1.000000000000000000, 0.000000000000000000, 0.000000000000000000 ) ) ;
#2412 = CIRCLE ( 'NONE', #2559, 0.1199999999999999956 ) ;
#2413 = MECHANICAL_DESIGN_GEOMETRIC_PRESENTATION_REPRESENTATION (  '', ( #3016 ), #74 ) ;
#2414 = CARTESIAN_POINT ( 'NONE',  ( -0.2099999999999999922, 0.3300000000000001266, 0.8454999999999999183 ) ) ;
#2415 = MECHANICAL_DESIGN_GEOMETRIC_PRESENTATION_REPRESENTATION (  '', ( #967 ), #1861 ) ;
#2416 =( NAMED_UNIT ( * ) PLANE_ANGLE_UNIT ( ) SI_UNIT ( $, .RADIAN. ) );
#2417 = EDGE_CURVE ( 'NONE', #3035, #1670, #353, .T. ) ;
#2418 = FILL_AREA_STYLE_COLOUR ( '', #2248 ) ;
#2419 = FILL_AREA_STYLE_COLOUR ( '', #2232 ) ;
#2420 = CARTESIAN_POINT ( 'NONE',  ( 1.149999999999999911, 0.5300000000000001377, -1.149999999999999911 ) ) ;
#2421 = DIRECTION ( 'NONE',  ( -0.000000000000000000, 1.000000000000000000, -0.000000000000000000 ) ) ;
#2422 = DIRECTION ( 'NONE',  ( 0.000000000000000000, 0.000000000000000000, 1.000000000000000000 ) ) ;
#2423 = EDGE_CURVE ( 'NONE', #154, #868, #2012, .T. ) ;
#2424 = CARTESIAN_POINT ( 'NONE',  ( -0.1599999999999999756, 0.3300000000000001266, -0.8454999999999995852 ) ) ;
#2425 = VERTEX_POINT ( 'NONE', #663 ) ;
#2426 = AXIS2_PLACEMENT_3D ( 'NONE', #2403, #2604, #2372 ) ;
#2427 = DIRECTION ( 'NONE',  ( 0.000000000000000000, 1.000000000000000000, 0.000000000000000000 ) ) ;
#2428 = DIRECTION ( 'NONE',  ( 0.000000000000000000, 1.000000000000000000, 0.000000000000000000 ) ) ;
#2429 = DIRECTION ( 'NONE',  ( 0.000000000000000000, 0.000000000000000000, 1.000000000000000000 ) ) ;
#2430 = PLANE ( 'NONE',  #1229 ) ;
#2431 = EDGE_CURVE ( 'NONE', #1278, #1808, #869, .T. ) ;
#2432 = DIRECTION ( 'NONE',  ( -0.000000000000000000, -1.000000000000000000, -0.000000000000000000 ) ) ;
#2433 = CARTESIAN_POINT ( 'NONE',  ( 0.5470000000000004858, 0.5500000000000001554, 0.8700000000000008837 ) ) ;
#2434 = EDGE_CURVE ( 'NONE', #103, #1298, #188, .T. ) ;
#2435 = LINE ( 'NONE', #1704, #1663 ) ;
#2436 = ADVANCED_FACE ( 'NONE', ( #882 ), #198, .F. ) ;
#2437 = CARTESIAN_POINT ( 'NONE',  ( 0.6670000000000013696, 0.3300000000000001266, 0.7500000000000000000 ) ) ;
#2438 = SURFACE_STYLE_USAGE ( .BOTH. , #743 ) ;
#2439 = EDGE_LOOP ( 'NONE', ( #2345, #2556, #2451, #2824 ) ) ;
#2440 = CARTESIAN_POINT ( 'NONE',  ( 0.2190000000000003333, 0.3300000000000001266, -0.5000000000000000000 ) ) ;
#2441 = ORIENTED_EDGE ( 'NONE', *, *, #1252, .F. ) ;
#2442 = AXIS2_PLACEMENT_3D ( 'NONE', #1106, #1357, #2266 ) ;
#2443 = CARTESIAN_POINT ( 'NONE',  ( 0.6670000000000013696, 0.3300000000000001266, 0.7500000000000000000 ) ) ;
#2444 = CARTESIAN_POINT ( 'NONE',  ( 0.6500510257216826071, 0.5500000000000001554, -0.4999999999999998890 ) ) ;
#2445 = FILL_AREA_STYLE ('',( #1526 ) ) ;
#2446 =( NAMED_UNIT ( * ) SI_UNIT ( $, .STERADIAN. ) SOLID_ANGLE_UNIT ( ) );
#2447 = CARTESIAN_POINT ( 'NONE',  ( 0.7970000000000005969, 0.3300000000000001266, -0.8699999999999999956 ) ) ;
#2448 = DIRECTION ( 'NONE',  ( -0.000000000000000000, 1.000000000000000000, -0.000000000000000000 ) ) ;
#2449 = MECHANICAL_DESIGN_GEOMETRIC_PRESENTATION_REPRESENTATION (  '', ( #1563 ), #1521 ) ;
#2450 = EDGE_CURVE ( 'NONE', #1363, #2479, #1810, .T. ) ;
#2451 = ORIENTED_EDGE ( 'NONE', *, *, #897, .F. ) ;
#2452 = EDGE_LOOP ( 'NONE', ( #2844, #922, #2298, #213 ) ) ;
#2453 = AXIS2_PLACEMENT_3D ( 'NONE', #2368, #22, #2351 ) ;
#2454 = FILL_AREA_STYLE ('',( #1102 ) ) ;
#2455 = PRESENTATION_STYLE_ASSIGNMENT (( #789 ) ) ;
#2456 = FACE_OUTER_BOUND ( 'NONE', #2014, .T. ) ;
#2457 = PRESENTATION_STYLE_ASSIGNMENT (( #93 ) ) ;
#2458 = EDGE_CURVE ( 'NONE', #700, #2996, #1117, .T. ) ;
#2459 = LINE ( 'NONE', #371, #2708 ) ;
#2460 = VECTOR ( 'NONE', #2099, 1000.000000000000000 ) ;
#2461 = DIRECTION ( 'NONE',  ( 0.000000000000000000, 0.000000000000000000, 1.000000000000000000 ) ) ;
#2462 = CARTESIAN_POINT ( 'NONE',  ( 0.5470000000000004858, 0.5500000000000001554, 1.149999999999999911 ) ) ;
#2463 = AXIS2_PLACEMENT_3D ( 'NONE', #552, #60, #1499 ) ;
#2464 =( LENGTH_UNIT ( ) NAMED_UNIT ( * ) SI_UNIT ( .MILLI., .METRE. ) );
#2465 = COLOUR_RGB ( '',0.2980392156862745057, 0.2980392156862745057, 0.2980392156862745057 ) ;
#2466 = VERTEX_POINT ( 'NONE', #2986 ) ;
#2467 = ORIENTED_EDGE ( 'NONE', *, *, #1252, .T. ) ;
#2468 = EDGE_LOOP ( 'NONE', ( #861, #2092, #2020, #659 ) ) ;
#2469 = CARTESIAN_POINT ( 'NONE',  ( -0.8459999999999996412, 0.5500000000000001554, 0.8954999999999999627 ) ) ;
#2470 = DIRECTION ( 'NONE',  ( 0.000000000000000000, 0.000000000000000000, 1.000000000000000000 ) ) ;
#2471 = CARTESIAN_POINT ( 'NONE',  ( 0.9500000000000003997, 0.05000000000000000278, -1.050000000000000044 ) ) ;
#2472 = VERTEX_POINT ( 'NONE', #449 ) ;
#2473 = CIRCLE ( 'NONE', #2575, 0.1999999999999998723 ) ;
#2474 = EDGE_CURVE ( 'NONE', #2224, #2720, #2517, .T. ) ;
#2475 = DIRECTION ( 'NONE',  ( 0.000000000000000000, 0.000000000000000000, -1.000000000000000000 ) ) ;
#2476 = EDGE_CURVE ( 'NONE', #868, #2496, #1550, .T. ) ;
#2477 = DIRECTION ( 'NONE',  ( 0.000000000000000000, -1.000000000000000000, 0.000000000000000000 ) ) ;
#2478 = DIRECTION ( 'NONE',  ( -1.885568995626964287E-16, -0.000000000000000000, -1.000000000000000000 ) ) ;
#2479 = VERTEX_POINT ( 'NONE', #2774 ) ;
#2480 = CARTESIAN_POINT ( 'NONE',  ( 0.5470000000000004858, 0.3300000000000001266, 1.149999999999999911 ) ) ;
#2481 = SURFACE_STYLE_FILL_AREA ( #603 ) ;
#2482 = ORIENTED_EDGE ( 'NONE', *, *, #1643, .F. ) ;
#2483 = ORIENTED_EDGE ( 'NONE', *, *, #587, .T. ) ;
#2484 = ORIENTED_EDGE ( 'NONE', *, *, #864, .T. ) ;
#2485 = VERTEX_POINT ( 'NONE', #1089 ) ;
#2486 =( NAMED_UNIT ( * ) PLANE_ANGLE_UNIT ( ) SI_UNIT ( $, .RADIAN. ) );
#2487 = AXIS2_PLACEMENT_3D ( 'NONE', #1536, #551, #91 ) ;
#2488 = DIRECTION ( 'NONE',  ( 6.151056493397640926E-16, -0.000000000000000000, -1.000000000000000000 ) ) ;
#2489 = VECTOR ( 'NONE', #2919, 1000.000000000000000 ) ;
#2490 =( NAMED_UNIT ( * ) PLANE_ANGLE_UNIT ( ) SI_UNIT ( $, .RADIAN. ) );
#2491 = CARTESIAN_POINT ( 'NONE',  ( 1.149999999999999911, 0.5300000000000001377, -1.149999999999999911 ) ) ;
#2492 = ORIENTED_EDGE ( 'NONE', *, *, #1116, .T. ) ;
#2493 = FILL_AREA_STYLE_COLOUR ( '', #660 ) ;
#2494 =( NAMED_UNIT ( * ) PLANE_ANGLE_UNIT ( ) SI_UNIT ( $, .RADIAN. ) );
#2495 = ORIENTED_EDGE ( 'NONE', *, *, #1571, .T. ) ;
#2496 = VERTEX_POINT ( 'NONE', #1355 ) ;
#2497 = ORIENTED_EDGE ( 'NONE', *, *, #1555, .T. ) ;
#2498 = ORIENTED_EDGE ( 'NONE', *, *, #539, .F. ) ;
#2499 = DIRECTION ( 'NONE',  ( -0.000000000000000000, -1.000000000000000000, -0.000000000000000000 ) ) ;
#2500 = AXIS2_PLACEMENT_3D ( 'NONE', #1013, #517, #490 ) ;
#2501 = DIRECTION ( 'NONE',  ( -0.000000000000000000, -1.000000000000000000, -0.000000000000000000 ) ) ;
#2502 = CIRCLE ( 'NONE', #809, 0.05000000000000002359 ) ;
#2503 = FACE_OUTER_BOUND ( 'NONE', #2719, .T. ) ;
#2504 = VECTOR ( 'NONE', #479, 1000.000000000000000 ) ;
#2505 = EDGE_CURVE ( 'NONE', #2996, #636, #1097, .T. ) ;
#2506 = CIRCLE ( 'NONE', #863, 0.05000000000000002359 ) ;
#2507 = PRESENTATION_STYLE_ASSIGNMENT (( #1567 ) ) ;
#2508 = ORIENTED_EDGE ( 'NONE', *, *, #2476, .F. ) ;
#2509 = DIRECTION ( 'NONE',  ( -1.000000000000000000, -0.000000000000000000, -0.000000000000000000 ) ) ;
#2510 = CARTESIAN_POINT ( 'NONE',  ( -0.8459999999999996412, 0.5300000000000001377, -0.8954999999999999627 ) ) ;
#2511 = COLOUR_RGB ( '',0.6666666666666666297, 0.6980392156862744724, 0.7686274509803920907 ) ;
#2512 = EDGE_CURVE ( 'NONE', #1834, #636, #1595, .T. ) ;
#2513 = ORIENTED_EDGE ( 'NONE', *, *, #1212, .T. ) ;
#2514 = ORIENTED_EDGE ( 'NONE', *, *, #994, .T. ) ;
#2515 = ORIENTED_EDGE ( 'NONE', *, *, #765, .F. ) ;
#2516 = ORIENTED_EDGE ( 'NONE', *, *, #2340, .T. ) ;
#2517 = LINE ( 'NONE', #913, #2197 ) ;
#2518 = PLANE ( 'NONE',  #1552 ) ;
#2519 = CARTESIAN_POINT ( 'NONE',  ( 0.6670000000000004814, 0.3300000000000001266, -0.8699999999999999956 ) ) ;
#2520 = AXIS2_PLACEMENT_3D ( 'NONE', #1288, #2191, #2000 ) ;
#2521 = DIRECTION ( 'NONE',  ( 0.000000000000000000, 0.000000000000000000, 1.000000000000000000 ) ) ;
#2522 = VERTEX_POINT ( 'NONE', #2969 ) ;
#2523 = DIRECTION ( 'NONE',  ( 0.000000000000000000, 1.000000000000000000, 0.000000000000000000 ) ) ;
#2524 = EDGE_CURVE ( 'NONE', #277, #1267, #1539, .T. ) ;
#2525 = ORIENTED_EDGE ( 'NONE', *, *, #89, .F. ) ;
#2526 = EDGE_CURVE ( 'NONE', #912, #104, #1051, .T. ) ;
#2527 = FILL_AREA_STYLE ('',( #3024 ) ) ;
#2528 = VERTEX_POINT ( 'NONE', #2757 ) ;
#2529 = ORIENTED_EDGE ( 'NONE', *, *, #2458, .T. ) ;
#2530 = CARTESIAN_POINT ( 'NONE',  ( 0.1689999999999999836, 0.3300000000000001266, -0.4499999999999996225 ) ) ;
#2531 = DIRECTION ( 'NONE',  ( 0.000000000000000000, 0.000000000000000000, 1.000000000000000000 ) ) ;
#2532 = ORIENTED_EDGE ( 'NONE', *, *, #2608, .F. ) ;
#2533 = UNCERTAINTY_MEASURE_WITH_UNIT (LENGTH_MEASURE( 1.000000000000000082E-05 ), #1916, 'distance_accuracy_value', 'NONE');
#2534 = EDGE_LOOP ( 'NONE', ( #223, #1888, #2737, #1761, #624, #1973, #284, #1319 ) ) ;
#2535 = CARTESIAN_POINT ( 'NONE',  ( 0.1689999999999999836, 0.3300000000000001266, -0.4499999999999996780 ) ) ;
#2536 = CARTESIAN_POINT ( 'NONE',  ( -0.8459999999999999742, 0.3300000000000001266, 0.8454999999999999183 ) ) ;
#2537 = COLOUR_RGB ( '',0.6666666666666666297, 0.6980392156862744724, 0.7686274509803920907 ) ;
#2538 = STYLED_ITEM ( 'NONE', ( #1551 ), #1449 ) ;
#2539 = ORIENTED_EDGE ( 'NONE', *, *, #1572, .F. ) ;
#2540 = ADVANCED_FACE ( 'NONE', ( #2728 ), #627, .F. ) ;
#2541 = LINE ( 'NONE', #2344, #2460 ) ;
#2542 = ORIENTED_EDGE ( 'NONE', *, *, #446, .T. ) ;
#2543 = EDGE_LOOP ( 'NONE', ( #488, #1030, #1115, #2967, #1085, #2751, #2309, #860, #2276, #2049 ) ) ;
#2544 = ORIENTED_EDGE ( 'NONE', *, *, #955, .T. ) ;
#2545 = CARTESIAN_POINT ( 'NONE',  ( 0.6670000000000004814, 0.3300000000000001266, -0.7500000000000000000 ) ) ;
#2546 = CIRCLE ( 'NONE', #2401, 0.05000000000000002359 ) ;
#2547 = DIRECTION ( 'NONE',  ( 0.000000000000000000, 0.000000000000000000, 1.000000000000000000 ) ) ;
#2548 = DIRECTION ( 'NONE',  ( -3.872150616019658834E-16, 0.000000000000000000, 1.000000000000000000 ) ) ;
#2549 = EDGE_CURVE ( 'NONE', #2279, #1599, #2083, .T. ) ;
#2550 = MECHANICAL_DESIGN_GEOMETRIC_PRESENTATION_REPRESENTATION (  '', ( #808 ), #2863 ) ;
#2551 = CARTESIAN_POINT ( 'NONE',  ( 0.8950000000000000178, 0.5500000000000001554, 0.4499999999999996780 ) ) ;
#2552 = AXIS2_PLACEMENT_3D ( 'NONE', #2178, #1926, #102 ) ;
#2553 = ORIENTED_EDGE ( 'NONE', *, *, #369, .T. ) ;
#2554 = MECHANICAL_DESIGN_GEOMETRIC_PRESENTATION_REPRESENTATION (  '', ( #116 ), #2966 ) ;
#2555 = CARTESIAN_POINT ( 'NONE',  ( 0.8950000000000000178, 0.3300000000000001266, 0.4499999999999996780 ) ) ;
#2556 = ORIENTED_EDGE ( 'NONE', *, *, #688, .F. ) ;
#2557 = FACE_OUTER_BOUND ( 'NONE', #1290, .T. ) ;
#2558 = EDGE_LOOP ( 'NONE', ( #2529, #1358, #1142, #317 ) ) ;
#2559 = AXIS2_PLACEMENT_3D ( 'NONE', #2300, #224, #650 ) ;
#2560 = DIRECTION ( 'NONE',  ( 1.000000000000000000, 0.000000000000000000, 0.000000000000000000 ) ) ;
#2561 = VERTEX_POINT ( 'NONE', #2595 ) ;
#2562 = ORIENTED_EDGE ( 'NONE', *, *, #1821, .F. ) ;
#2563 = CARTESIAN_POINT ( 'NONE',  ( 0.5470000000000004858, 0.5300000000000001377, 1.149999999999999911 ) ) ;
#2564 = SURFACE_STYLE_FILL_AREA ( #2133 ) ;
#2565 = CARTESIAN_POINT ( 'NONE',  ( 0.2189999999999999725, 0.3300000000000001266, 0.4500000000000000111 ) ) ;
#2566 = UNCERTAINTY_MEASURE_WITH_UNIT (LENGTH_MEASURE( 1.000000000000000082E-05 ), #560, 'distance_accuracy_value', 'NONE');
#2567 = EDGE_CURVE ( 'NONE', #1613, #1556, #927, .T. ) ;
#2568 = CARTESIAN_POINT ( 'NONE',  ( 0.7970000000000004858, 0.5500000000000001554, 1.149999999999999911 ) ) ;
#2569 = EDGE_CURVE ( 'NONE', #2528, #2594, #247, .T. ) ;
#2570 = VERTEX_POINT ( 'NONE', #2563 ) ;
#2571 = LINE ( 'NONE', #473, #2321 ) ;
#2572 = ORIENTED_EDGE ( 'NONE', *, *, #1455, .F. ) ;
#2573 = VERTEX_POINT ( 'NONE', #2545 ) ;
#2574 = VECTOR ( 'NONE', #395, 1000.000000000000000 ) ;
#2575 = AXIS2_PLACEMENT_3D ( 'NONE', #2071, #25, #2815 ) ;
#2576 = ORIENTED_EDGE ( 'NONE', *, *, #2944, .F. ) ;
#2577 = PLANE ( 'NONE',  #2776 ) ;
#2578 = ORIENTED_EDGE ( 'NONE', *, *, #2102, .T. ) ;
#2579 = UNCERTAINTY_MEASURE_WITH_UNIT (LENGTH_MEASURE( 1.000000000000000082E-05 ), #2386, 'distance_accuracy_value', 'NONE');
#2580 = PRESENTATION_STYLE_ASSIGNMENT (( #1839 ) ) ;
#2581 = ORIENTED_EDGE ( 'NONE', *, *, #2907, .F. ) ;
#2582 = EDGE_LOOP ( 'NONE', ( #749, #677, #3033, #1292 ) ) ;
#2583 = CARTESIAN_POINT ( 'NONE',  ( 0.7970000000000004858, 0.5500000000000001554, 1.149999999999999911 ) ) ;
#2584 = DIRECTION ( 'NONE',  ( 0.000000000000000000, 0.000000000000000000, -1.000000000000000000 ) ) ;
#2585 = CARTESIAN_POINT ( 'NONE',  ( 0.5470000000000004858, 0.5500000000000001554, -1.149999999999999911 ) ) ;
#2586 = CARTESIAN_POINT ( 'NONE',  ( 0.7970000000000004858, 0.5500000000000001554, -1.149999999999999911 ) ) ;
#2587 = CARTESIAN_POINT ( 'NONE',  ( -1.149999999999999689, 0.5300000000000001377, 1.149999999999999911 ) ) ;
#2588 = CARTESIAN_POINT ( 'NONE',  ( 0.2190000000000003333, 0.3300000000000001266, -0.5000000000000000000 ) ) ;
#2589 = PLANE ( 'NONE',  #319 ) ;
#2590 = DIRECTION ( 'NONE',  ( 0.000000000000000000, 0.000000000000000000, -1.000000000000000000 ) ) ;
#2591 = ORIENTED_EDGE ( 'NONE', *, *, #1660, .T. ) ;
#2592 = MECHANICAL_DESIGN_GEOMETRIC_PRESENTATION_REPRESENTATION (  '', ( #1512 ), #1558 ) ;
#2593 = CARTESIAN_POINT ( 'NONE',  ( -1.149999999999999689, 0.000000000000000000, 1.149999999999999911 ) ) ;
#2594 = VERTEX_POINT ( 'NONE', #1160 ) ;
#2595 = CARTESIAN_POINT ( 'NONE',  ( 0.8550000000000003153, 0.5300000000000001377, -0.3040408205773457717 ) ) ;
#2596 = MECHANICAL_DESIGN_GEOMETRIC_PRESENTATION_REPRESENTATION (  '', ( #902 ), #2291 ) ;
#2597 = LINE ( 'NONE', #285, #1896 ) ;
#2598 = CARTESIAN_POINT ( 'NONE',  ( 0.6769999999999996021, 0.3300000000000001266, 0.7500000000000000000 ) ) ;
#2599 = PLANE ( 'NONE',  #1841 ) ;
#2600 = AXIS2_PLACEMENT_3D ( 'NONE', #2763, #3003, #2521 ) ;
#2601 = DIRECTION ( 'NONE',  ( 0.000000000000000000, 1.000000000000000000, 0.000000000000000000 ) ) ;
#2602 = COLOUR_RGB ( '',0.6666666666666666297, 0.6980392156862744724, 0.7686274509803920907 ) ;
#2603 = FACE_OUTER_BOUND ( 'NONE', #1701, .T. ) ;
#2604 = DIRECTION ( 'NONE',  ( 0.000000000000000000, 0.000000000000000000, -1.000000000000000000 ) ) ;
#2605 = VECTOR ( 'NONE', #753, 1000.000000000000000 ) ;
#2606 = ORIENTED_EDGE ( 'NONE', *, *, #2959, .F. ) ;
#2607 = UNCERTAINTY_MEASURE_WITH_UNIT (LENGTH_MEASURE( 1.000000000000000082E-05 ), #327, 'distance_accuracy_value', 'NONE');
#2608 = EDGE_CURVE ( 'NONE', #2408, #672, #2654, .T. ) ;
#2609 = COLOUR_RGB ( '',0.6666666666666666297, 0.6980392156862744724, 0.7686274509803920907 ) ;
#2610 = LINE ( 'NONE', #56, #2917 ) ;
#2611 = ADVANCED_FACE ( 'NONE', ( #1147 ), #1829, .F. ) ;
#2612 =( NAMED_UNIT ( * ) PLANE_ANGLE_UNIT ( ) SI_UNIT ( $, .RADIAN. ) );
#2613 = DIRECTION ( 'NONE',  ( 0.000000000000000000, 0.000000000000000000, 1.000000000000000000 ) ) ;
#2614 =( NAMED_UNIT ( * ) PLANE_ANGLE_UNIT ( ) SI_UNIT ( $, .RADIAN. ) );
#2615 = CARTESIAN_POINT ( 'NONE',  ( 0.8950000000000000178, 0.3300000000000001266, -0.5000000000000000000 ) ) ;
#2616 = VERTEX_POINT ( 'NONE', #693 ) ;
#2617 = SURFACE_STYLE_FILL_AREA ( #1200 ) ;
#2618 = LINE ( 'NONE', #2135, #608 ) ;
#2619 = FACE_OUTER_BOUND ( 'NONE', #565, .T. ) ;
#2620 = SURFACE_SIDE_STYLE ('',( #737 ) ) ;
#2621 = ORIENTED_EDGE ( 'NONE', *, *, #899, .F. ) ;
#2622 = LINE ( 'NONE', #303, #2115 ) ;
#2623 = MECHANICAL_DESIGN_GEOMETRIC_PRESENTATION_REPRESENTATION (  '', ( #622 ), #1401 ) ;
#2624 = DIRECTION ( 'NONE',  ( 0.000000000000000000, 0.000000000000000000, 1.000000000000000000 ) ) ;
#2625 = DIRECTION ( 'NONE',  ( -0.000000000000000000, 0.000000000000000000, -1.000000000000000000 ) ) ;
#2626 = EDGE_CURVE ( 'NONE', #1159, #2408, #2310, .T. ) ;
#2627 = CARTESIAN_POINT ( 'NONE',  ( 0.2189999999999999725, 0.5500000000000001554, 0.4500000000000000111 ) ) ;
#2628 = DIRECTION ( 'NONE',  ( 0.000000000000000000, -0.000000000000000000, 1.000000000000000000 ) ) ;
#2629 = SURFACE_STYLE_FILL_AREA ( #2690 ) ;
#2630 = FILL_AREA_STYLE ('',( #2134 ) ) ;
#2631 = LINE ( 'NONE', #2216, #1993 ) ;
#2632 = CARTESIAN_POINT ( 'NONE',  ( 0.8950000000000000178, 0.3300000000000001266, -0.5000000000000000000 ) ) ;
#2633 = CARTESIAN_POINT ( 'NONE',  ( -0.8960000000000000187, 0.3300000000000001266, -0.8454999999999995852 ) ) ;
#2634 =( NAMED_UNIT ( * ) SI_UNIT ( $, .STERADIAN. ) SOLID_ANGLE_UNIT ( ) );
#2635 = PRODUCT ( 'SKY16602-632LF', 'SKY16602-632LF', '', ( #1395 ) ) ;
#2636 = CARTESIAN_POINT ( 'NONE',  ( 0.9500000000000003997, 0.05000000000000000278, -0.9499999999999998446 ) ) ;
#2637 = PLANE ( 'NONE',  #2833 ) ;
#2638 = UNCERTAINTY_MEASURE_WITH_UNIT (LENGTH_MEASURE( 1.000000000000000082E-05 ), #865, 'distance_accuracy_value', 'NONE');
#2639 = DIRECTION ( 'NONE',  ( -1.000000000000000000, 0.000000000000000000, 0.000000000000000000 ) ) ;
#2640 = LINE ( 'NONE', #1929, #1873 ) ;
#2641 = DIRECTION ( 'NONE',  ( 1.000000000000000000, 0.000000000000000000, -0.000000000000000000 ) ) ;
#2642 = CARTESIAN_POINT ( 'NONE',  ( 0.8950000000000003508, 0.5300000000000001377, -0.2550510257216820897 ) ) ;
#2643 = CARTESIAN_POINT ( 'NONE',  ( -0.8459999999999996412, 0.5500000000000001554, 0.8954999999999999627 ) ) ;
#2644 = EDGE_CURVE ( 'NONE', #103, #2005, #280, .T. ) ;
#2645 = ADVANCED_FACE ( 'NONE', ( #729 ), #1403, .F. ) ;
#2646 = DIRECTION ( 'NONE',  ( -0.000000000000000000, 1.000000000000000000, -0.000000000000000000 ) ) ;
#2647 = MECHANICAL_DESIGN_GEOMETRIC_PRESENTATION_REPRESENTATION (  '', ( #1566 ), #2958 ) ;
#2648 = DIRECTION ( 'NONE',  ( 0.000000000000000000, 0.000000000000000000, -1.000000000000000000 ) ) ;
#2649 = DIRECTION ( 'NONE',  ( 6.151056493397640926E-16, 0.000000000000000000, -1.000000000000000000 ) ) ;
#2650 = VECTOR ( 'NONE', #1299, 1000.000000000000000 ) ;
#2651 = DIRECTION ( 'NONE',  ( 0.000000000000000000, 0.000000000000000000, -1.000000000000000000 ) ) ;
#2652 =( LENGTH_UNIT ( ) NAMED_UNIT ( * ) SI_UNIT ( .MILLI., .METRE. ) );
#2653 = ORIENTED_EDGE ( 'NONE', *, *, #314, .F. ) ;
#2654 = CIRCLE ( 'NONE', #1332, 0.1199999999999999956 ) ;
#2655 = AXIS2_PLACEMENT_3D ( 'NONE', #307, #2427, #1928 ) ;
#2656 =( LENGTH_UNIT ( ) NAMED_UNIT ( * ) SI_UNIT ( .MILLI., .METRE. ) );
#2657 = VERTEX_POINT ( 'NONE', #941 ) ;
#2658 = DIRECTION ( 'NONE',  ( 0.000000000000000000, 0.000000000000000000, 1.000000000000000000 ) ) ;
#2659 = CARTESIAN_POINT ( 'NONE',  ( 0.6769999999999996021, 0.5500000000000001554, 0.7500000000000000000 ) ) ;
#2660 = MECHANICAL_DESIGN_GEOMETRIC_PRESENTATION_REPRESENTATION (  '', ( #1148 ), #1014 ) ;
#2661 = CARTESIAN_POINT ( 'NONE',  ( 0.6670000000000004814, 0.5500000000000001554, -0.8699999999999999956 ) ) ;
#2662 = CARTESIAN_POINT ( 'NONE',  ( 0.1689999999999999836, 0.5300000000000001377, -0.4499999999999996225 ) ) ;
#2663 =( LENGTH_UNIT ( ) NAMED_UNIT ( * ) SI_UNIT ( .MILLI., .METRE. ) );
#2664 = CARTESIAN_POINT ( 'NONE',  ( 0.5470000000000004858, 0.3300000000000001266, 1.149999999999999911 ) ) ;
#2665 = EDGE_CURVE ( 'NONE', #2753, #2616, #1843, .T. ) ;
#2666 = EDGE_CURVE ( 'NONE', #2594, #2108, #1006, .T. ) ;
#2667 = CARTESIAN_POINT ( 'NONE',  ( -0.8960000000000000187, 0.5500000000000001554, -0.8454999999999995852 ) ) ;
#2668 =( LENGTH_UNIT ( ) NAMED_UNIT ( * ) SI_UNIT ( .MILLI., .METRE. ) );
#2669 = DIRECTION ( 'NONE',  ( -0.000000000000000000, 1.000000000000000000, -0.000000000000000000 ) ) ;
#2670 = CARTESIAN_POINT ( 'NONE',  ( 0.6500510257216826071, 0.5300000000000001377, -0.5000000000000000000 ) ) ;
#2671 = ORIENTED_EDGE ( 'NONE', *, *, #800, .T. ) ;
#2672 = AXIS2_PLACEMENT_3D ( 'NONE', #2093, #1835, #1766 ) ;
#2673 = DIRECTION ( 'NONE',  ( 0.000000000000000000, 0.000000000000000000, -1.000000000000000000 ) ) ;
#2674 = FILL_AREA_STYLE_COLOUR ( '', #577 ) ;
#2675 = CARTESIAN_POINT ( 'NONE',  ( 0.6670000000000013696, 0.5500000000000001554, 0.7500000000000000000 ) ) ;
#2676 = CARTESIAN_POINT ( 'NONE',  ( 0.6990408205773460670, 0.3300000000000001266, -0.4600000000000000755 ) ) ;
#2677 = MECHANICAL_DESIGN_GEOMETRIC_PRESENTATION_REPRESENTATION (  '', ( #1457 ), #2176 ) ;
#2678 = PRESENTATION_STYLE_ASSIGNMENT (( #2877 ) ) ;
#2679 = SURFACE_STYLE_USAGE ( .BOTH. , #2715 ) ;
#2680 = CARTESIAN_POINT ( 'NONE',  ( -0.8960000000000000187, 0.5300000000000001377, -0.8454999999999995852 ) ) ;
#2681 = DIRECTION ( 'NONE',  ( 0.000000000000000000, 0.000000000000000000, 1.000000000000000000 ) ) ;
#2682 = CYLINDRICAL_SURFACE ( 'NONE', #276, 0.04999999999999991257 ) ;
#2683 = FACE_OUTER_BOUND ( 'NONE', #1315, .T. ) ;
#2684 = ORIENTED_EDGE ( 'NONE', *, *, #955, .F. ) ;
#2685 = EDGE_LOOP ( 'NONE', ( #2338, #705, #2581, #405 ) ) ;
#2686 = ADVANCED_FACE ( 'NONE', ( #755 ), #1175, .F. ) ;
#2687 =( NAMED_UNIT ( * ) SI_UNIT ( $, .STERADIAN. ) SOLID_ANGLE_UNIT ( ) );
#2688 = ORIENTED_EDGE ( 'NONE', *, *, #2320, .F. ) ;
#2689 = DIRECTION ( 'NONE',  ( 1.000000000000000000, 0.000000000000000000, 0.000000000000000000 ) ) ;
#2690 = FILL_AREA_STYLE ('',( #1740 ) ) ;
#2691 = FILL_AREA_STYLE_COLOUR ( '', #652 ) ;
#2692 = ORIENTED_EDGE ( 'NONE', *, *, #1032, .F. ) ;
#2693 = AXIS2_PLACEMENT_3D ( 'NONE', #325, #2922, #849 ) ;
#2694 = CARTESIAN_POINT ( 'NONE',  ( -0.2099999999999999922, 0.5500000000000001554, 0.8454999999999999183 ) ) ;
#2695 = CARTESIAN_POINT ( 'NONE',  ( 0.7970000000000004858, 0.5500000000000001554, 1.149999999999999911 ) ) ;
#2696 = CARTESIAN_POINT ( 'NONE',  ( 0.5470000000000004858, 0.3300000000000001266, 0.8700000000000008837 ) ) ;
#2697 = FACE_OUTER_BOUND ( 'NONE', #609, .T. ) ;
#2698 = DIRECTION ( 'NONE',  ( -0.000000000000000000, -1.000000000000000000, -0.000000000000000000 ) ) ;
#2699 = DIRECTION ( 'NONE',  ( -0.000000000000000000, 1.000000000000000000, -0.000000000000000000 ) ) ;
#2700 = EDGE_CURVE ( 'NONE', #728, #723, #1860, .T. ) ;
#2701 = ORIENTED_EDGE ( 'NONE', *, *, #2292, .F. ) ;
#2702 = VECTOR ( 'NONE', #97, 1000.000000000000000 ) ;
#2703 = ORIENTED_EDGE ( 'NONE', *, *, #1721, .T. ) ;
#2704 = ORIENTED_EDGE ( 'NONE', *, *, #2072, .F. ) ;
#2705 = EDGE_CURVE ( 'NONE', #2005, #214, #265, .T. ) ;
#2706 = ADVANCED_FACE ( 'NONE', ( #2054 ), #3029, .T. ) ;
#2707 = CARTESIAN_POINT ( 'NONE',  ( -0.2099999999999999922, 0.3300000000000001266, -0.8454999999999999183 ) ) ;
#2708 = VECTOR ( 'NONE', #142, 1000.000000000000000 ) ;
#2709 = CARTESIAN_POINT ( 'NONE',  ( -1.149999999999999911, 0.5300000000000001377, -1.149999999999999911 ) ) ;
#2710 = CARTESIAN_POINT ( 'NONE',  ( -0.1599999999999999756, 0.3300000000000001266, -0.8454999999999995852 ) ) ;
#2711 = AXIS2_PLACEMENT_3D ( 'NONE', #1884, #533, #2162 ) ;
#2712 = DIRECTION ( 'NONE',  ( -1.000000000000000000, -0.000000000000000000, -0.000000000000000000 ) ) ;
#2713 = VECTOR ( 'NONE', #2126, 1000.000000000000000 ) ;
#2714 = CIRCLE ( 'NONE', #1145, 0.04999999999999991257 ) ;
#2715 = SURFACE_SIDE_STYLE ('',( #326 ) ) ;
#2716 = DIRECTION ( 'NONE',  ( 0.000000000000000000, 1.000000000000000000, 0.000000000000000000 ) ) ;
#2717 = COLOUR_RGB ( '',0.6666666666666666297, 0.6980392156862744724, 0.7686274509803920907 ) ;
#2718 = DIRECTION ( 'NONE',  ( 0.000000000000000000, 0.000000000000000000, -1.000000000000000000 ) ) ;
#2719 = EDGE_LOOP ( 'NONE', ( #2750, #1498, #1188, #637 ) ) ;
#2720 = VERTEX_POINT ( 'NONE', #58 ) ;
#2721 = ORIENTED_EDGE ( 'NONE', *, *, #1110, .F. ) ;
#2722 = ORIENTED_EDGE ( 'NONE', *, *, #1394, .F. ) ;
#2723 = CARTESIAN_POINT ( 'NONE',  ( -0.8459999999999999742, 0.5500000000000001554, -0.8454999999999999183 ) ) ;
#2724 = LINE ( 'NONE', #417, #1302 ) ;
#2725 = EDGE_CURVE ( 'NONE', #636, #1840, #1434, .T. ) ;
#2726 = FACE_OUTER_BOUND ( 'NONE', #1622, .T. ) ;
#2727 = AXIS2_PLACEMENT_3D ( 'NONE', #1169, #492, #2590 ) ;
#2728 = FACE_OUTER_BOUND ( 'NONE', #721, .T. ) ;
#2729 = AXIS2_PLACEMENT_3D ( 'NONE', #1734, #1785, #1961 ) ;
#2730 = SURFACE_STYLE_FILL_AREA ( #3 ) ;
#2731 = ADVANCED_BREP_SHAPE_REPRESENTATION ( 'SKY16602-632LF', ( #822, #845, #2899, #1796, #794, #1431 ), #2244 ) ;
#2732 = SURFACE_STYLE_FILL_AREA ( #2445 ) ;
#2733 = APPLICATION_PROTOCOL_DEFINITION ( 'draft international standard', 'automotive_design', 1998, #2170 ) ;
#2734 = ORIENTED_EDGE ( 'NONE', *, *, #993, .F. ) ;
#2735 = LINE ( 'NONE', #2930, #830 ) ;
#2736 = EDGE_LOOP ( 'NONE', ( #1751, #36, #2028, #2273 ) ) ;
#2737 = ORIENTED_EDGE ( 'NONE', *, *, #2319, .T. ) ;
#2738 = FILL_AREA_STYLE ('',( #381 ) ) ;
#2739 = ADVANCED_FACE ( 'NONE', ( #121 ), #1726, .F. ) ;
#2740 = DIRECTION ( 'NONE',  ( 0.000000000000000000, 1.000000000000000000, 0.000000000000000000 ) ) ;
#2741 = CARTESIAN_POINT ( 'NONE',  ( -0.8459999999999996412, 0.5300000000000001377, 0.8954999999999999627 ) ) ;
#2742 = DIRECTION ( 'NONE',  ( 0.000000000000000000, 0.000000000000000000, -1.000000000000000000 ) ) ;
#2743 = EDGE_CURVE ( 'NONE', #2657, #903, #118, .T. ) ;
#2744 = FACE_OUTER_BOUND ( 'NONE', #2032, .T. ) ;
#2745 = ADVANCED_FACE ( 'NONE', ( #1681 ), #1033, .F. ) ;
#2746 = MECHANICAL_DESIGN_GEOMETRIC_PRESENTATION_REPRESENTATION (  '', ( #2538 ), #2131 ) ;
#2747 = EDGE_LOOP ( 'NONE', ( #2803, #918, #2692, #949 ) ) ;
#2748 = CYLINDRICAL_SURFACE ( 'NONE', #914, 0.05000000000000002359 ) ;
#2749 = DIRECTION ( 'NONE',  ( 0.000000000000000000, 1.000000000000000000, 0.000000000000000000 ) ) ;
#2750 = ORIENTED_EDGE ( 'NONE', *, *, #2357, .T. ) ;
#2751 = ORIENTED_EDGE ( 'NONE', *, *, #788, .T. ) ;
#2752 = AXIS2_PLACEMENT_3D ( 'NONE', #2139, #1658, #67 ) ;
#2753 = VERTEX_POINT ( 'NONE', #2392 ) ;
#2754 = VECTOR ( 'NONE', #1422, 1000.000000000000000 ) ;
#2755 = ORIENTED_EDGE ( 'NONE', *, *, #2476, .T. ) ;
#2756 = VECTOR ( 'NONE', #1485, 1000.000000000000000 ) ;
#2757 = CARTESIAN_POINT ( 'NONE',  ( -0.2100000000000003253, 0.5500000000000001554, -0.8954999999999999627 ) ) ;
#2758 = DIRECTION ( 'NONE',  ( 0.000000000000000000, 1.000000000000000000, 0.000000000000000000 ) ) ;
#2759 = COLOUR_RGB ( '',0.6666666666666666297, 0.6980392156862744724, 0.7686274509803920907 ) ;
#2760 = UNCERTAINTY_MEASURE_WITH_UNIT (LENGTH_MEASURE( 1.000000000000000082E-05 ), #2024, 'distance_accuracy_value', 'NONE');
#2761 = STYLED_ITEM ( 'NONE', ( #2956 ), #145 ) ;
#2762 = AXIS2_PLACEMENT_3D ( 'NONE', #88, #1939, #2624 ) ;
#2763 = CARTESIAN_POINT ( 'NONE',  ( 0.6770000000000004903, 0.3300000000000001266, 0.8699999999999999956 ) ) ;
#2764 = EDGE_LOOP ( 'NONE', ( #427, #1639, #2441, #2195 ) ) ;
#2765 = PRESENTATION_STYLE_ASSIGNMENT (( #2270 ) ) ;
#2766 = ORIENTED_EDGE ( 'NONE', *, *, #1497, .T. ) ;
#2767 = ADVANCED_FACE ( 'NONE', ( #1255 ), #2165, .T. ) ;
#2768 = ORIENTED_EDGE ( 'NONE', *, *, #2665, .T. ) ;
#2769 = STYLED_ITEM ( 'NONE', ( #1342 ), #794 ) ;
#2770 = EDGE_LOOP ( 'NONE', ( #900, #2932, #2923, #953 ) ) ;
#2771 = DIRECTION ( 'NONE',  ( 0.000000000000000000, 0.000000000000000000, 1.000000000000000000 ) ) ;
#2772 = VERTEX_POINT ( 'NONE', #801 ) ;
#2773 = ORIENTED_EDGE ( 'NONE', *, *, #2297, .F. ) ;
#2774 = CARTESIAN_POINT ( 'NONE',  ( -0.2100000000000003253, 0.5500000000000001554, 0.8954999999999999627 ) ) ;
#2775 = DIRECTION ( 'NONE',  ( 0.000000000000000000, 0.000000000000000000, 1.000000000000000000 ) ) ;
#2776 = AXIS2_PLACEMENT_3D ( 'NONE', #1636, #2075, #501 ) ;
#2777 = DIRECTION ( 'NONE',  ( 0.000000000000000000, 1.000000000000000000, 0.000000000000000000 ) ) ;
#2778 = VECTOR ( 'NONE', #2235, 1000.000000000000000 ) ;
#2779 = DIRECTION ( 'NONE',  ( -0.000000000000000000, -1.000000000000000000, -0.000000000000000000 ) ) ;
#2780 = ORIENTED_EDGE ( 'NONE', *, *, #71, .F. ) ;
#2781 = CARTESIAN_POINT ( 'NONE',  ( 0.8950000000000000178, 0.5500000000000001554, 0.4499999999999996780 ) ) ;
#2782 = DIRECTION ( 'NONE',  ( 0.000000000000000000, 0.000000000000000000, -1.000000000000000000 ) ) ;
#2783 = ORIENTED_EDGE ( 'NONE', *, *, #200, .T. ) ;
#2784 = EDGE_CURVE ( 'NONE', #2022, #2466, #1236, .T. ) ;
#2785 = VECTOR ( 'NONE', #216, 1000.000000000000000 ) ;
#2786 = VERTEX_POINT ( 'NONE', #1708 ) ;
#2787 = PLANE ( 'NONE',  #2870 ) ;
#2788 = ADVANCED_FACE ( 'NONE', ( #336 ), #657, .T. ) ;
#2789 = ORIENTED_EDGE ( 'NONE', *, *, #220, .F. ) ;
#2790 = ORIENTED_EDGE ( 'NONE', *, *, #1537, .F. ) ;
#2791 = EDGE_LOOP ( 'NONE', ( #1925, #623, #2223, #2962 ) ) ;
#2792 = DIRECTION ( 'NONE',  ( 0.000000000000000000, 1.000000000000000000, 0.000000000000000000 ) ) ;
#2793 = DIRECTION ( 'NONE',  ( 1.000000000000000000, 0.000000000000000000, 0.000000000000000000 ) ) ;
#2794 = DIRECTION ( 'NONE',  ( 0.000000000000000000, 0.000000000000000000, 1.000000000000000000 ) ) ;
#2795 = UNCERTAINTY_MEASURE_WITH_UNIT (LENGTH_MEASURE( 1.000000000000000082E-05 ), #2379, 'distance_accuracy_value', 'NONE');
#2796 = DIRECTION ( 'NONE',  ( -1.000000000000000000, 0.000000000000000000, 0.000000000000000000 ) ) ;
#2797 = DIRECTION ( 'NONE',  ( 1.000000000000000000, 0.000000000000000000, 0.000000000000000000 ) ) ;
#2798 = VERTEX_POINT ( 'NONE', #1352 ) ;
#2799 =( LENGTH_UNIT ( ) NAMED_UNIT ( * ) SI_UNIT ( .MILLI., .METRE. ) );
#2800 = MECHANICAL_DESIGN_GEOMETRIC_PRESENTATION_REPRESENTATION (  '', ( #156 ), #1605 ) ;
#2801 = ORIENTED_EDGE ( 'NONE', *, *, #1695, .F. ) ;
#2802 = CARTESIAN_POINT ( 'NONE',  ( -0.2100000000000003253, 0.3300000000000001266, 0.8954999999999999627 ) ) ;
#2803 = ORIENTED_EDGE ( 'NONE', *, *, #263, .T. ) ;
#2804 = ORIENTED_EDGE ( 'NONE', *, *, #2311, .F. ) ;
#2805 = EDGE_CURVE ( 'NONE', #2573, #2821, #2965, .T. ) ;
#2806 = EDGE_CURVE ( 'NONE', #723, #1606, #1339, .T. ) ;
#2807 = ORIENTED_EDGE ( 'NONE', *, *, #1263, .F. ) ;
#2808 = DIRECTION ( 'NONE',  ( -1.000000000000000000, 0.000000000000000000, 1.885568995626964287E-16 ) ) ;
#2809 =( GEOMETRIC_REPRESENTATION_CONTEXT ( 3 ) GLOBAL_UNCERTAINTY_ASSIGNED_CONTEXT ( ( #1446 ) ) GLOBAL_UNIT_ASSIGNED_CONTEXT ( ( #1297, #109, #1931 ) ) REPRESENTATION_CONTEXT ( 'NONE', 'WORKASPACE' ) );
#2810 = DIRECTION ( 'NONE',  ( -0.000000000000000000, -0.000000000000000000, 1.000000000000000000 ) ) ;
#2811 = PRESENTATION_LAYER_ASSIGNMENT (  '', '', ( #808 ) ) ;
#2812 = MECHANICAL_DESIGN_GEOMETRIC_PRESENTATION_REPRESENTATION (  '', ( #467 ), #859 ) ;
#2813 = ORIENTED_EDGE ( 'NONE', *, *, #578, .F. ) ;
#2814 = VECTOR ( 'NONE', #2365, 1000.000000000000000 ) ;
#2815 = DIRECTION ( 'NONE',  ( 0.000000000000000000, 0.000000000000000000, 1.000000000000000000 ) ) ;
#2816 = PRODUCT_DEFINITION ( 'UNKNOWN', '', #814, #1206 ) ;
#2817 = SURFACE_STYLE_USAGE ( .BOTH. , #39 ) ;
#2818 = VECTOR ( 'NONE', #92, 1000.000000000000000 ) ;
#2819 = ORIENTED_EDGE ( 'NONE', *, *, #1763, .F. ) ;
#2820 =( NAMED_UNIT ( * ) SI_UNIT ( $, .STERADIAN. ) SOLID_ANGLE_UNIT ( ) );
#2821 = VERTEX_POINT ( 'NONE', #2948 ) ;
#2822 = DIRECTION ( 'NONE',  ( 0.000000000000000000, 0.000000000000000000, -1.000000000000000000 ) ) ;
#2823 = ORIENTED_EDGE ( 'NONE', *, *, #1878, .T. ) ;
#2824 = ORIENTED_EDGE ( 'NONE', *, *, #1492, .T. ) ;
#2825 = DIRECTION ( 'NONE',  ( 1.885568995626964287E-16, 0.000000000000000000, 1.000000000000000000 ) ) ;
#2826 = DIRECTION ( 'NONE',  ( -0.000000000000000000, 1.000000000000000000, -0.000000000000000000 ) ) ;
#2827 = ORIENTED_EDGE ( 'NONE', *, *, #2526, .F. ) ;
#2828 = UNCERTAINTY_MEASURE_WITH_UNIT (LENGTH_MEASURE( 1.000000000000000082E-05 ), #1185, 'distance_accuracy_value', 'NONE');
#2829 = DIRECTION ( 'NONE',  ( 0.000000000000000000, 1.000000000000000000, 0.000000000000000000 ) ) ;
#2830 = DIRECTION ( 'NONE',  ( -0.000000000000000000, -1.000000000000000000, -0.000000000000000000 ) ) ;
#2831 = DIRECTION ( 'NONE',  ( 0.000000000000000000, 1.000000000000000000, -0.000000000000000000 ) ) ;
#2832 = EDGE_LOOP ( 'NONE', ( #2553, #1594, #691, #2960 ) ) ;
#2833 = AXIS2_PLACEMENT_3D ( 'NONE', #2160, #797, #2649 ) ;
#2834 = FILL_AREA_STYLE_COLOUR ( '', #702 ) ;
#2835 = EDGE_LOOP ( 'NONE', ( #119, #304, #1546, #2180 ) ) ;
#2836 = FILL_AREA_STYLE_COLOUR ( '', #481 ) ;
#2837 = UNCERTAINTY_MEASURE_WITH_UNIT (LENGTH_MEASURE( 1.000000000000000082E-05 ), #1855, 'distance_accuracy_value', 'NONE');
#2838 =( NAMED_UNIT ( * ) PLANE_ANGLE_UNIT ( ) SI_UNIT ( $, .RADIAN. ) );
#2839 = VERTEX_POINT ( 'NONE', #1112 ) ;
#2840 = DIRECTION ( 'NONE',  ( -1.000000000000000000, -0.000000000000000000, -0.000000000000000000 ) ) ;
#2841 = EDGE_CURVE ( 'NONE', #1386, #477, #2241, .T. ) ;
#2842 =( NAMED_UNIT ( * ) SI_UNIT ( $, .STERADIAN. ) SOLID_ANGLE_UNIT ( ) );
#2843 =( LENGTH_UNIT ( ) NAMED_UNIT ( * ) SI_UNIT ( .MILLI., .METRE. ) );
#2844 = ORIENTED_EDGE ( 'NONE', *, *, #1326, .T. ) ;
#2845 = DIRECTION ( 'NONE',  ( 0.000000000000000000, 0.000000000000000000, 1.000000000000000000 ) ) ;
#2846 = LINE ( 'NONE', #747, #857 ) ;
#2847 =( NAMED_UNIT ( * ) PLANE_ANGLE_UNIT ( ) SI_UNIT ( $, .RADIAN. ) );
#2848 = EDGE_CURVE ( 'NONE', #2898, #2798, #2714, .T. ) ;
#2849 = EDGE_CURVE ( 'NONE', #1670, #690, #2506, .T. ) ;
#2850 = CARTESIAN_POINT ( 'NONE',  ( 0.9500000000000003997, 0.000000000000000000, -0.9499999999999998446 ) ) ;
#2851 = DIRECTION ( 'NONE',  ( 0.000000000000000000, -0.000000000000000000, -1.000000000000000000 ) ) ;
#2852 =( NAMED_UNIT ( * ) SI_UNIT ( $, .STERADIAN. ) SOLID_ANGLE_UNIT ( ) );
#2853 = AXIS2_PLACEMENT_3D ( 'NONE', #1391, #199, #1583 ) ;
#2854 = DIRECTION ( 'NONE',  ( 0.000000000000000000, 1.000000000000000000, -0.000000000000000000 ) ) ;
#2855 = DIRECTION ( 'NONE',  ( 0.000000000000000000, 0.000000000000000000, 1.000000000000000000 ) ) ;
#2856 = SURFACE_SIDE_STYLE ('',( #2394 ) ) ;
#2857 = LINE ( 'NONE', #1587, #1247 ) ;
#2858 =( NAMED_UNIT ( * ) SI_UNIT ( $, .STERADIAN. ) SOLID_ANGLE_UNIT ( ) );
#2859 = ORIENTED_EDGE ( 'NONE', *, *, #2524, .T. ) ;
#2860 =( NAMED_UNIT ( * ) SI_UNIT ( $, .STERADIAN. ) SOLID_ANGLE_UNIT ( ) );
#2861 = DIRECTION ( 'NONE',  ( -0.000000000000000000, 1.000000000000000000, -0.000000000000000000 ) ) ;
#2862 = CARTESIAN_POINT ( 'NONE',  ( -0.1599999999999999756, 0.5300000000000001377, 0.8454999999999995852 ) ) ;
#2863 =( GEOMETRIC_REPRESENTATION_CONTEXT ( 3 ) GLOBAL_UNCERTAINTY_ASSIGNED_CONTEXT ( ( #72 ) ) GLOBAL_UNIT_ASSIGNED_CONTEXT ( ( #683, #2016, #1554 ) ) REPRESENTATION_CONTEXT ( 'NONE', 'WORKASPACE' ) );
#2864 = LINE ( 'NONE', #2353, #2242 ) ;
#2865 = ADVANCED_FACE ( 'NONE', ( #1535 ), #878, .F. ) ;
#2866 = SURFACE_STYLE_USAGE ( .BOTH. , #785 ) ;
#2867 = AXIS2_PLACEMENT_3D ( 'NONE', #1867, #1423, #2352 ) ;
#2868 = ORIENTED_EDGE ( 'NONE', *, *, #263, .F. ) ;
#2869 = UNCERTAINTY_MEASURE_WITH_UNIT (LENGTH_MEASURE( 1.000000000000000082E-05 ), #880, 'distance_accuracy_value', 'NONE');
#2870 = AXIS2_PLACEMENT_3D ( 'NONE', #689, #2822, #1413 ) ;
#2871 = SURFACE_STYLE_FILL_AREA ( #549 ) ;
#2872 = FILL_AREA_STYLE ('',( #1234 ) ) ;
#2873 = SURFACE_STYLE_FILL_AREA ( #580 ) ;
#2874 = MECHANICAL_DESIGN_GEOMETRIC_PRESENTATION_REPRESENTATION (  '', ( #770 ), #6 ) ;
#2875 = FACE_OUTER_BOUND ( 'NONE', #2791, .T. ) ;
#2876 = DIRECTION ( 'NONE',  ( 0.000000000000000000, -0.000000000000000000, 1.000000000000000000 ) ) ;
#2877 = SURFACE_STYLE_USAGE ( .BOTH. , #1697 ) ;
#2878 = CARTESIAN_POINT ( 'NONE',  ( -0.2100000000000003253, 0.5500000000000001554, -0.8954999999999999627 ) ) ;
#2879 = CARTESIAN_POINT ( 'NONE',  ( 0.6670000000000004814, 0.3300000000000001266, -0.7500000000000000000 ) ) ;
#2880 = CARTESIAN_POINT ( 'NONE',  ( 0.6769999999999996021, 0.5500000000000001554, 0.7500000000000000000 ) ) ;
#2881 = CARTESIAN_POINT ( 'NONE',  ( -0.1599999999999999756, 0.3300000000000001266, -0.8454999999999995852 ) ) ;
#2882 = DIRECTION ( 'NONE',  ( -0.000000000000000000, 1.000000000000000000, -0.000000000000000000 ) ) ;
#2883 = EDGE_CURVE ( 'NONE', #1633, #1608, #1789, .T. ) ;
#2884 = CIRCLE ( 'NONE', #2520, 0.05000000000000002359 ) ;
#2885 = AXIS2_PLACEMENT_3D ( 'NONE', #1614, #1632, #1409 ) ;
#2886 = FACE_OUTER_BOUND ( 'NONE', #1559, .T. ) ;
#2887 = EDGE_CURVE ( 'NONE', #1544, #1293, #1156, .T. ) ;
#2888 = CARTESIAN_POINT ( 'NONE',  ( 0.6670000000000004814, 0.3300000000000001266, 0.8699999999999999956 ) ) ;
#2889 =( NAMED_UNIT ( * ) PLANE_ANGLE_UNIT ( ) SI_UNIT ( $, .RADIAN. ) );
#2890 = CARTESIAN_POINT ( 'NONE',  ( 0.6670000000000013696, 0.5300000000000001377, 0.7500000000000000000 ) ) ;
#2891 = LINE ( 'NONE', #2643, #2963 ) ;
#2892 = DIRECTION ( 'NONE',  ( -0.000000000000000000, -1.000000000000000000, -0.000000000000000000 ) ) ;
#2893 = DIRECTION ( 'NONE',  ( 0.000000000000000000, 1.000000000000000000, 0.000000000000000000 ) ) ;
#2894 = LINE ( 'NONE', #1935, #2040 ) ;
#2895 = ORIENTED_EDGE ( 'NONE', *, *, #2239, .F. ) ;
#2896 = SURFACE_STYLE_FILL_AREA ( #1923 ) ;
#2897 = FACE_OUTER_BOUND ( 'NONE', #1637, .T. ) ;
#2898 = VERTEX_POINT ( 'NONE', #1883 ) ;
#2899 = MANIFOLD_SOLID_BREP ( 'Boss-Extrude2[3]', #365 ) ;
#2900 = CIRCLE ( 'NONE', #1079, 0.1199999999999999956 ) ;
#2901 = DIRECTION ( 'NONE',  ( 0.000000000000000000, 0.000000000000000000, -1.000000000000000000 ) ) ;
#2902 = COLOUR_RGB ( '',0.6666666666666666297, 0.6980392156862744724, 0.7686274509803920907 ) ;
#2903 = SURFACE_STYLE_FILL_AREA ( #1739 ) ;
#2904 = CARTESIAN_POINT ( 'NONE',  ( -0.8459999999999999742, 0.3300000000000001266, -0.8954999999999999627 ) ) ;
#2905 = ADVANCED_FACE ( 'NONE', ( #1625 ), #973, .T. ) ;
#2906 = DIRECTION ( 'NONE',  ( 0.000000000000000000, -0.000000000000000000, 1.000000000000000000 ) ) ;
#2907 = EDGE_CURVE ( 'NONE', #3035, #2528, #366, .T. ) ;
#2908 = LINE ( 'NONE', #1470, #2756 ) ;
#2909 = DIRECTION ( 'NONE',  ( 1.000000000000000000, 0.000000000000000000, 0.000000000000000000 ) ) ;
#2910 = LINE ( 'NONE', #1700, #1378 ) ;
#2911 = CIRCLE ( 'NONE', #458, 0.1000000000000000472 ) ;
#2912 = CARTESIAN_POINT ( 'NONE',  ( 0.1689999999999999836, 0.3300000000000001266, -0.4499999999999996780 ) ) ;
#2913 = DIRECTION ( 'NONE',  ( -1.000000000000000000, 0.000000000000000000, 0.000000000000000000 ) ) ;
#2914 = FILL_AREA_STYLE_COLOUR ( '', #2961 ) ;
#2915 = ORIENTED_EDGE ( 'NONE', *, *, #392, .F. ) ;
#2916 = VECTOR ( 'NONE', #2488, 1000.000000000000000 ) ;
#2917 = VECTOR ( 'NONE', #101, 1000.000000000000000 ) ;
#2918 = CARTESIAN_POINT ( 'NONE',  ( 0.8950000000000000178, 0.3300000000000001266, -0.5000000000000000000 ) ) ;
#2919 = DIRECTION ( 'NONE',  ( -1.000000000000000000, -0.000000000000000000, -0.000000000000000000 ) ) ;
#2920 = CARTESIAN_POINT ( 'NONE',  ( 0.2189999999999999725, 0.3300000000000001266, 0.5000000000000000000 ) ) ;
#2921 = AXIS2_PLACEMENT_3D ( 'NONE', #2659, #2876, #2641 ) ;
#2922 = DIRECTION ( 'NONE',  ( 0.000000000000000000, 1.000000000000000000, -0.000000000000000000 ) ) ;
#2923 = ORIENTED_EDGE ( 'NONE', *, *, #2007, .F. ) ;
#2924 = DIRECTION ( 'NONE',  ( 0.000000000000000000, 0.000000000000000000, -1.000000000000000000 ) ) ;
#2925 =( NAMED_UNIT ( * ) PLANE_ANGLE_UNIT ( ) SI_UNIT ( $, .RADIAN. ) );
#2926 = DIRECTION ( 'NONE',  ( 0.000000000000000000, 0.000000000000000000, 1.000000000000000000 ) ) ;
#2927 =( NAMED_UNIT ( * ) PLANE_ANGLE_UNIT ( ) SI_UNIT ( $, .RADIAN. ) );
#2928 = EDGE_CURVE ( 'NONE', #2108, #1633, #1366, .T. ) ;
#2929 = DIRECTION ( 'NONE',  ( -0.000000000000000000, -1.000000000000000000, -0.000000000000000000 ) ) ;
#2930 = CARTESIAN_POINT ( 'NONE',  ( 0.5470000000000004858, 0.3300000000000001266, -1.149999999999999911 ) ) ;
#2931 = ORIENTED_EDGE ( 'NONE', *, *, #628, .F. ) ;
#2932 = ORIENTED_EDGE ( 'NONE', *, *, #1313, .F. ) ;
#2933 = VECTOR ( 'NONE', #1055, 1000.000000000000000 ) ;
#2934 = PRESENTATION_STYLE_ASSIGNMENT (( #1021 ) ) ;
#2935 = CARTESIAN_POINT ( 'NONE',  ( 0.7970000000000004858, 0.5500000000000001554, 0.8700000000000008837 ) ) ;
#2936 = LINE ( 'NONE', #1088, #1793 ) ;
#2937 = DIRECTION ( 'NONE',  ( 0.000000000000000000, 0.000000000000000000, -1.000000000000000000 ) ) ;
#2938 = ADVANCED_FACE ( 'NONE', ( #1384 ), #2787, .F. ) ;
#2939 = DIRECTION ( 'NONE',  ( 0.000000000000000000, 1.000000000000000000, 0.000000000000000000 ) ) ;
#2940 = CARTESIAN_POINT ( 'NONE',  ( 0.1689999999999999836, 0.3300000000000001266, 0.4499999999999996780 ) ) ;
#2941 = CARTESIAN_POINT ( 'NONE',  ( 0.5470000000000004858, 0.5300000000000001377, 0.8700000000000008837 ) ) ;
#2942 = SURFACE_STYLE_FILL_AREA ( #1504 ) ;
#2943 = EDGE_CURVE ( 'NONE', #104, #1542, #1207, .T. ) ;
#2944 = EDGE_CURVE ( 'NONE', #2594, #798, #2541, .T. ) ;
#2945 = ORIENTED_EDGE ( 'NONE', *, *, #1987, .T. ) ;
#2946 = PRODUCT_DEFINITION_SHAPE ( 'NONE', 'NONE',  #2816 ) ;
#2947 = VERTEX_POINT ( 'NONE', #2161 ) ;
#2948 = CARTESIAN_POINT ( 'NONE',  ( 0.6670000000000004814, 0.5300000000000001377, -0.7500000000000000000 ) ) ;
#2949 = ORIENTED_EDGE ( 'NONE', *, *, #2848, .T. ) ;
#2950 = SURFACE_STYLE_FILL_AREA ( #1976 ) ;
#2951 = AXIS2_PLACEMENT_3D ( 'NONE', #1597, #2758, #664 ) ;
#2952 = VECTOR ( 'NONE', #38, 1000.000000000000000 ) ;
#2953 = CARTESIAN_POINT ( 'NONE',  ( -0.8459999999999996412, 0.5500000000000001554, 0.8954999999999999627 ) ) ;
#2954 =( LENGTH_UNIT ( ) NAMED_UNIT ( * ) SI_UNIT ( .MILLI., .METRE. ) );
#2955 = DIRECTION ( 'NONE',  ( -0.000000000000000000, -1.000000000000000000, -0.000000000000000000 ) ) ;
#2956 = PRESENTATION_STYLE_ASSIGNMENT (( #1543 ) ) ;
#2957 = DIRECTION ( 'NONE',  ( -0.000000000000000000, -1.000000000000000000, -0.000000000000000000 ) ) ;
#2958 =( GEOMETRIC_REPRESENTATION_CONTEXT ( 3 ) GLOBAL_UNCERTAINTY_ASSIGNED_CONTEXT ( ( #998 ) ) GLOBAL_UNIT_ASSIGNED_CONTEXT ( ( #784, #543, #995 ) ) REPRESENTATION_CONTEXT ( 'NONE', 'WORKASPACE' ) );
#2959 = EDGE_CURVE ( 'NONE', #182, #1293, #2610, .T. ) ;
#2960 = ORIENTED_EDGE ( 'NONE', *, *, #1114, .T. ) ;
#2961 = COLOUR_RGB ( '',0.2980392156862745057, 0.2980392156862745057, 0.2980392156862745057 ) ;
#2962 = ORIENTED_EDGE ( 'NONE', *, *, #183, .T. ) ;
#2963 = VECTOR ( 'NONE', #1951, 1000.000000000000000 ) ;
#2964 = COLOUR_RGB ( '',0.6666666666666666297, 0.6980392156862744724, 0.7686274509803920907 ) ;
#2965 = LINE ( 'NONE', #2033, #1012 ) ;
#2966 =( GEOMETRIC_REPRESENTATION_CONTEXT ( 3 ) GLOBAL_UNCERTAINTY_ASSIGNED_CONTEXT ( ( #786 ) ) GLOBAL_UNIT_ASSIGNED_CONTEXT ( ( #1792, #1756, #2 ) ) REPRESENTATION_CONTEXT ( 'NONE', 'WORKASPACE' ) );
#2967 = ORIENTED_EDGE ( 'NONE', *, *, #120, .T. ) ;
#2968 = SURFACE_SIDE_STYLE ('',( #1522 ) ) ;
#2969 = CARTESIAN_POINT ( 'NONE',  ( 0.7970000000000004858, 0.3300000000000001266, 0.8700000000000008837 ) ) ;
#2970 = PRESENTATION_LAYER_ASSIGNMENT (  '', '', ( #1671 ) ) ;
#2971 = PRESENTATION_LAYER_ASSIGNMENT (  '', '', ( #3016 ) ) ;
#2972 = FACE_OUTER_BOUND ( 'NONE', #515, .T. ) ;
#2973 = VECTOR ( 'NONE', #685, 1000.000000000000000 ) ;
#2974 = CARTESIAN_POINT ( 'NONE',  ( 0.6670000000000004814, 0.5500000000000001554, -0.8699999999999999956 ) ) ;
#2975 = ORIENTED_EDGE ( 'NONE', *, *, #673, .T. ) ;
#2976 = CARTESIAN_POINT ( 'NONE',  ( 0.2189999999999999725, 0.5500000000000001554, 0.4500000000000000111 ) ) ;
#2977 = ORIENTED_EDGE ( 'NONE', *, *, #1149, .T. ) ;
#2978 = ORIENTED_EDGE ( 'NONE', *, *, #2041, .T. ) ;
#2979 = EDGE_CURVE ( 'NONE', #1825, #2279, #275, .T. ) ;
#2980 = ORIENTED_EDGE ( 'NONE', *, *, #120, .F. ) ;
#2981 = ORIENTED_EDGE ( 'NONE', *, *, #2137, .F. ) ;
#2982 =( NAMED_UNIT ( * ) PLANE_ANGLE_UNIT ( ) SI_UNIT ( $, .RADIAN. ) );
#2983 = CIRCLE ( 'NONE', #1914, 0.05000000000000002359 ) ;
#2984 = EDGE_CURVE ( 'NONE', #2753, #2522, #1018, .T. ) ;
#2985 = ADVANCED_FACE ( 'NONE', ( #2886 ), #2390, .F. ) ;
#2986 = CARTESIAN_POINT ( 'NONE',  ( 0.5470000000000004858, 0.3300000000000001266, -1.149999999999999911 ) ) ;
#2987 = CIRCLE ( 'NONE', #2885, 0.05000000000000002359 ) ;
#2988 = CARTESIAN_POINT ( 'NONE',  ( -0.8459999999999999742, 0.3300000000000001266, -0.8954999999999999627 ) ) ;
#2989 = DIRECTION ( 'NONE',  ( 0.000000000000000000, 0.000000000000000000, 1.000000000000000000 ) ) ;
#2990 = FACE_OUTER_BOUND ( 'NONE', #2736, .T. ) ;
#2991 = ORIENTED_EDGE ( 'NONE', *, *, #294, .T. ) ;
#2992 = LINE ( 'NONE', #526, #2973 ) ;
#2993 = PLANE ( 'NONE',  #2729 ) ;
#2994 = ORIENTED_EDGE ( 'NONE', *, *, #2524, .F. ) ;
#2995 = DIRECTION ( 'NONE',  ( 0.000000000000000000, 0.000000000000000000, 1.000000000000000000 ) ) ;
#2996 = VERTEX_POINT ( 'NONE', #563 ) ;
#2997 = PRESENTATION_STYLE_ASSIGNMENT (( #2290 ) ) ;
#2998 = EDGE_CURVE ( 'NONE', #335, #1425, #1056, .T. ) ;
#2999 = DIRECTION ( 'NONE',  ( 0.000000000000000000, 1.000000000000000000, 0.000000000000000000 ) ) ;
#3000 = EDGE_CURVE ( 'NONE', #1542, #206, #2435, .T. ) ;
#3001 = DIRECTION ( 'NONE',  ( 0.000000000000000000, 1.000000000000000000, 0.000000000000000000 ) ) ;
#3002 = VECTOR ( 'NONE', #586, 1000.000000000000000 ) ;
#3003 = DIRECTION ( 'NONE',  ( -0.000000000000000000, 1.000000000000000000, -0.000000000000000000 ) ) ;
#3004 = EDGE_LOOP ( 'NONE', ( #1157, #1809, #2066, #246 ) ) ;
#3005 =( LENGTH_UNIT ( ) NAMED_UNIT ( * ) SI_UNIT ( .MILLI., .METRE. ) );
#3006 = ORIENTED_EDGE ( 'NONE', *, *, #862, .F. ) ;
#3007 = ORIENTED_EDGE ( 'NONE', *, *, #1110, .T. ) ;
#3008 = ORIENTED_EDGE ( 'NONE', *, *, #294, .F. ) ;
#3009 = AXIS2_PLACEMENT_3D ( 'NONE', #709, #1642, #2118 ) ;
#3010 = DIRECTION ( 'NONE',  ( 6.151056493397640926E-16, 0.000000000000000000, -1.000000000000000000 ) ) ;
#3011 = MECHANICAL_DESIGN_GEOMETRIC_PRESENTATION_REPRESENTATION (  '', ( #169 ), #315 ) ;
#3012 = CARTESIAN_POINT ( 'NONE',  ( -0.1599999999999999756, 0.5500000000000001554, 0.8454999999999995852 ) ) ;
#3013 = MECHANICAL_DESIGN_GEOMETRIC_PRESENTATION_REPRESENTATION (  '', ( #1803 ), #960 ) ;
#3014 = UNCERTAINTY_MEASURE_WITH_UNIT (LENGTH_MEASURE( 1.000000000000000082E-05 ), #3005, 'distance_accuracy_value', 'NONE');
#3015 = MECHANICAL_DESIGN_GEOMETRIC_PRESENTATION_REPRESENTATION (  '', ( #1011 ), #1144 ) ;
#3016 = STYLED_ITEM ( 'NONE', ( #2051 ), #2899 ) ;
#3017 = ORIENTED_EDGE ( 'NONE', *, *, #1517, .F. ) ;
#3018 = LINE ( 'NONE', #1224, #1100 ) ;
#3019 = DIRECTION ( 'NONE',  ( -0.000000000000000000, -1.000000000000000000, -0.000000000000000000 ) ) ;
#3020 = VECTOR ( 'NONE', #1346, 1000.000000000000000 ) ;
#3021 = EDGE_CURVE ( 'NONE', #1180, #2821, #1328, .T. ) ;
#3022 = ORIENTED_EDGE ( 'NONE', *, *, #2103, .F. ) ;
#3023 = VECTOR ( 'NONE', #646, 1000.000000000000000 ) ;
#3024 = FILL_AREA_STYLE_COLOUR ( '', #1101 ) ;
#3025 = ORIENTED_EDGE ( 'NONE', *, *, #630, .T. ) ;
#3026 = EDGE_LOOP ( 'NONE', ( #186, #1675, #1507, #1804 ) ) ;
#3027 = ORIENTED_EDGE ( 'NONE', *, *, #2340, .F. ) ;
#3028 = ORIENTED_EDGE ( 'NONE', *, *, #2383, .T. ) ;
#3029 = CYLINDRICAL_SURFACE ( 'NONE', #513, 0.05000000000000002359 ) ;
#3030 =( NAMED_UNIT ( * ) PLANE_ANGLE_UNIT ( ) SI_UNIT ( $, .RADIAN. ) );
#3031 = DIRECTION ( 'NONE',  ( -0.000000000000000000, 1.000000000000000000, -0.000000000000000000 ) ) ;
#3032 = VECTOR ( 'NONE', #1347, 1000.000000000000000 ) ;
#3033 = ORIENTED_EDGE ( 'NONE', *, *, #2666, .F. ) ;
#3034 = PLANE ( 'NONE',  #2060 ) ;
#3035 = VERTEX_POINT ( 'NONE', #1689 ) ;
#3036 = EDGE_CURVE ( 'NONE', #2425, #1640, #2405, .T. ) ;
#3037 = VERTEX_POINT ( 'NONE', #2194 ) ;
#3038 = FILL_AREA_STYLE ('',( #31 ) ) ;
#3039 = EDGE_LOOP ( 'NONE', ( #2036, #1941, #2931, #604 ) ) ;
#3040 = ORIENTED_EDGE ( 'NONE', *, *, #1814, .F. ) ;
ENDSEC;
END-ISO-10303-21;
